date,pic_corr,roll_corr,gap,pic_cov,roll_cov,gap_cov,cos,real_corr,err,err_cov,pair21,pv63,jm21,crowded,q
1992-05-28,0.78396,0.587699,0.196261,1.47316e-05,7.28497e-06,7.44665e-06,0.629683,0.642622,0.0549232,-6.97182e-07,-0.00293142,0.0370989,0,0,3
1992-05-29,0.112365,0.588423,-0.476058,1.70636e-06,7.3068e-06,-5.60044e-06,0.501852,0.501466,-0.0869571,-2.29713e-06,-0.00330685,0.0368101,0,0,0
1992-06-02,0.108675,0.5821,-0.473425,1.64053e-06,7.11422e-06,-5.47369e-06,0.501852,0.510825,-0.0712744,-2.02227e-06,-0.00236889,0.0372665,0,0,0
1992-06-03,0.109622,0.581489,-0.471868,1.65501e-06,7.10592e-06,-5.45091e-06,0.501852,0.520425,-0.0610644,-1.79564e-06,-0.00741822,0.0372027,0,0,0
1992-06-04,0.107313,0.581528,-0.474215,1.61615e-06,7.10606e-06,-5.4899e-06,0.501852,0.52565,-0.0558776,-1.63376e-06,-0.00817703,0.0371879,0,0,0
1992-06-05,0.107028,0.580684,-0.473656,1.60896e-06,7.103e-06,-5.49403e-06,0.501852,0.53048,-0.0502041,-1.61644e-06,-0.0126002,0.037009,0,0,0
1992-06-09,0.24258,0.585767,-0.343187,3.05317e-06,7.15458e-06,-4.10141e-06,0.501852,0.555072,-0.0306949,-1.20001e-06,-0.00871422,0.0372956,0,0,1
1992-06-10,0.266323,0.585397,-0.319074,3.28987e-06,7.14406e-06,-3.85419e-06,0.501852,0.549046,-0.0363506,-1.33119e-06,-0.0146216,0.0363688,0,0,1
1992-06-11,0.268685,0.586433,-0.317748,3.31093e-06,7.15067e-06,-3.83974e-06,0.501852,0.547827,-0.0386065,-1.35944e-06,-0.0139453,0.0362813,0,0,1
1992-06-12,0.254509,0.577662,-0.323153,3.07499e-06,6.90108e-06,-3.82609e-06,0.501852,0.547898,-0.0297646,-1.11439e-06,-0.014817,0.0362672,0,0,1
1992-06-16,0.25523,0.577253,-0.322024,3.07963e-06,6.90034e-06,-3.8207e-06,0.501852,0.533379,-0.0438742,-1.22684e-06,-0.0158996,0.0370948,0,0,1
1992-06-17,0.250017,0.57327,-0.323253,2.99223e-06,6.80873e-06,-3.8165e-06,0.501852,0.532887,-0.0403833,-1.12988e-06,-0.0171279,0.0371079,0,0,1
1992-06-18,0.250098,0.572745,-0.322647,2.99304e-06,6.79509e-06,-3.80206e-06,0.501852,0.542279,-0.0304659,-7.08303e-07,-0.0143611,0.0392102,0,0,1
1992-06-19,0.250814,0.572888,-0.322074,3.00027e-06,6.79913e-06,-3.79885e-06,0.501852,0.538169,-0.0347193,-7.82651e-07,-0.0180068,0.0388969,0,0,1
1992-06-23,0.249758,0.572121,-0.322364,2.98417e-06,6.78558e-06,-3.80141e-06,0.501852,0.530578,-0.0415433,-7.05386e-07,-0.014526,0.0398477,0,0,1
1992-06-24,0.26803,0.565673,-0.297643,3.15842e-06,6.60711e-06,-3.4487e-06,0.501852,0.55067,-0.0150034,-3.66321e-07,-0.0127282,0.0403313,0,0,1
1992-06-25,0.265473,0.560921,-0.295447,3.14933e-06,6.58193e-06,-3.43259e-06,0.501852,0.548624,-0.0122966,-3.75726e-07,-0.00822211,0.0403508,0,0,1
1992-06-26,0.261754,0.561366,-0.299612,3.07379e-06,6.5868e-06,-3.51301e-06,0.501852,0.549555,-0.0118108,-3.50788e-07,-0.00368571,0.0399005,0,0,1
1992-06-30,0.289937,0.562581,-0.272644,3.49576e-06,6.6186e-06,-3.12284e-06,0.350613,0.372157,-0.190424,-2.6364e-06,-0.00479342,0.0404074,0,0,1
1992-07-01,0.288266,0.555228,-0.266962,3.45471e-06,6.49642e-06,-3.0417e-06,0.350613,0.357006,-0.198222,-2.75513e-06,-0.000149393,0.0400068,0,0,1
1992-07-02,0.290731,0.554782,-0.264051,3.49637e-06,6.48929e-06,-2.99292e-06,0.350613,0.371135,-0.183647,-2.75551e-06,0.0129718,0.039436,0,0,1
1992-07-07,0.296477,0.548585,-0.252108,3.56411e-06,6.40187e-06,-2.83776e-06,0.350613,0.38124,-0.167345,-2.66947e-06,0.00660936,0.0392127,0,0,1
1992-07-08,0.297426,0.546198,-0.248772,3.58652e-06,6.40164e-06,-2.81512e-06,0.350613,0.371357,-0.174841,-2.78075e-06,0.0108065,0.0387745,0,0,1
1992-07-09,0.298471,0.539071,-0.2406,3.60928e-06,6.2936e-06,-2.68432e-06,0.350613,0.37343,-0.165641,-2.58593e-06,0.0123015,0.0389728,0,0,1
1992-07-10,0.285914,0.527446,-0.241532,3.40551e-06,6.03482e-06,-2.62932e-06,0.350613,0.343364,-0.184082,-2.62391e-06,0.0120348,0.0385999,0,0,1
1992-07-14,0.288039,0.522197,-0.234157,3.42134e-06,5.92086e-06,-2.49952e-06,0.350613,0.369067,-0.153129,-2.14788e-06,0.0144405,0.0395382,0,0,1
1992-07-15,0.289348,0.521383,-0.232035,3.43346e-06,5.91498e-06,-2.48151e-06,0.350613,0.392177,-0.129206,-1.85417e-06,0.0145985,0.0397829,0,0,1
1992-07-16,0.247516,0.516492,-0.268976,2.7787e-06,5.86378e-06,-3.08508e-06,0.350613,0.398265,-0.118227,-1.76265e-06,0.0110428,0.0397907,0,0,1
1992-07-17,0.248833,0.514056,-0.265223,2.79489e-06,5.80156e-06,-3.00667e-06,0.350613,0.392159,-0.121898,-1.76987e-06,0.0121519,0.0397857,0,0,1
1992-07-21,0.25065,0.513677,-0.263027,2.8144e-06,5.79062e-06,-2.97622e-06,0.350613,0.404428,-0.109249,-1.65814e-06,0.0113686,0.0397647,0,0,1
1992-07-22,0.245007,0.506479,-0.261472,2.743e-06,5.70775e-06,-2.96475e-06,0.350613,0.418382,-0.0880965,-1.50868e-06,0.0133493,0.0396937,0,0,1
1992-07-23,0.240736,0.504145,-0.263409,2.70095e-06,5.69495e-06,-2.994e-06,0.350613,0.419114,-0.0850307,-1.48392e-06,0.0132432,0.0398765,0,0,1
1992-07-28,0.228171,0.508605,-0.280434,2.5188e-06,5.72398e-06,-3.20518e-06,0.350613,0.419006,-0.0895991,-1.51521e-06,0.0157837,0.0398074,0,0,1
1992-07-29,0.228841,0.507209,-0.278368,2.52759e-06,5.67918e-06,-3.15159e-06,0.350613,0.41355,-0.0936586,-1.52384e-06,0.0161126,0.0398302,0,0,1
1992-07-30,0.22232,0.505549,-0.283229,2.43516e-06,5.64388e-06,-3.20872e-06,0.350613,0.40213,-0.103419,-1.58685e-06,0.0192865,0.0401927,0,0,1
1992-07-31,0.458889,0.501914,-0.0430246,4.38695e-06,5.58461e-06,-1.19766e-06,0.488644,0.683467,0.181554,-6.85559e-07,0.0203234,0.0402703,0,0,2
1992-08-04,0.456092,0.491043,-0.0349508,4.35278e-06,5.37225e-06,-1.01947e-06,0.488644,0.675933,0.18489,-5.06302e-07,0.020134,0.0402627,0,0,2
1992-08-05,0.464485,0.491047,-0.0265621,4.3925e-06,5.37241e-06,-9.79907e-07,0.488644,0.681174,0.190127,-6.39207e-07,0.0134249,0.0396687,0,0,2
1992-08-06,0.464999,0.491285,-0.0262857,4.40187e-06,5.39623e-06,-9.9436e-07,0.488644,0.682775,0.191491,-6.17384e-07,0.0135376,0.0398409,0,0,2
1992-08-07,0.47008,0.493693,-0.0236133,4.42291e-06,5.41931e-06,-9.96398e-07,0.488644,0.715867,0.222174,-3.04102e-07,0.0104535,0.0400663,0,0,2
1992-08-11,0.469595,0.491613,-0.0220177,4.41832e-06,5.40057e-06,-9.82248e-07,0.488644,0.677602,0.185989,-4.55994e-07,0.0107197,0.0401536,0,0,2
1992-08-12,0.46911,0.490498,-0.0213886,4.40544e-06,5.38054e-06,-9.75104e-07,0.488644,0.584498,0.0939996,-1.97966e-06,0.000847166,0.034946,0,0,2
1992-08-13,0.486915,0.509409,-0.022494,4.73619e-06,5.78027e-06,-1.04408e-06,0.488644,0.584187,0.0747788,-2.54355e-06,0.0038816,0.0343798,0,0,2
1992-08-14,0.487834,0.509895,-0.022061,4.77283e-06,5.81138e-06,-1.03855e-06,0.488644,0.567965,0.0580696,-2.51768e-06,0.00159677,0.0342603,0,0,2
1992-08-18,0.487304,0.506415,-0.0191111,4.76098e-06,5.72735e-06,-9.66367e-07,0.488644,0.56886,0.062445,-2.41903e-06,0.00375572,0.0341776,0,0,2
1992-08-19,0.490649,0.507479,-0.0168296,4.77919e-06,5.72828e-06,-9.49098e-07,0.488644,0.561848,0.054369,-2.50668e-06,0.00880036,0.0343016,0,0,2
1992-08-20,0.492297,0.510192,-0.0178958,4.79999e-06,5.76789e-06,-9.67897e-07,0.488644,0.551867,0.041675,-2.6109e-06,0.00697481,0.0338642,0,0,2
1992-08-21,0.492199,0.509938,-0.0177383,4.81142e-06,5.77281e-06,-9.61391e-07,0.488644,0.553063,0.0431254,-2.64918e-06,0.00827322,0.0339067,0,0,2
1992-08-25,0.494933,0.507841,-0.0129083,4.83927e-06,5.74534e-06,-9.0607e-07,0.488644,0.55056,0.0427193,-2.63301e-06,0.0113234,0.0339347,0,0,2
1992-08-26,-0.242138,0.505807,-0.747945,-2.45182e-06,5.70534e-06,-8.15715e-06,-0.222791,-0.202618,-0.708425,-6.77342e-06,0.0116787,0.0339953,0,0,0
1992-09-01,-0.240793,0.505655,-0.746448,-2.43375e-06,5.70444e-06,-8.13818e-06,-0.222791,-0.195066,-0.700721,-6.75129e-06,0.012444,0.0338937,0,0,0
1992-09-02,-0.240197,0.506135,-0.746332,-2.42745e-06,5.70931e-06,-8.13676e-06,-0.222791,-0.194457,-0.700591,-6.75236e-06,0.0134158,0.0347907,0,0,0
1992-09-03,-0.239017,0.503111,-0.742129,-2.40615e-06,5.65046e-06,-8.05661e-06,-0.222791,-0.166351,-0.669463,-6.55584e-06,0.0173126,0.0359098,0,0,0
1992-09-04,-0.237959,0.501316,-0.739275,-2.39237e-06,5.63132e-06,-8.02369e-06,-0.222791,-0.152885,-0.654201,-6.48288e-06,0.0167877,0.0358611,0,0,0
1992-09-09,-0.239217,0.496744,-0.73596,-2.40256e-06,5.52973e-06,-7.93229e-06,-0.222791,-0.159217,-0.655961,-6.40657e-06,0.00852978,0.035627,0,0,0
1992-09-10,-0.242808,0.498928,-0.741736,-2.42956e-06,5.52883e-06,-7.95839e-06,-0.222791,-0.194377,-0.693305,-6.62244e-06,0.00582315,0.0353178,0,0,0
1992-09-11,-0.243191,0.498807,-0.741998,-2.42989e-06,5.53666e-06,-7.96655e-06,-0.222791,-0.233574,-0.732382,-6.81163e-06,-0.00195873,0.0349366,0,0,0
1992-09-15,-0.238826,0.499644,-0.73847,-2.40038e-06,5.5601e-06,-7.96047e-06,-0.222791,-0.23262,-0.732264,-6.82878e-06,0.00264323,0.0355069,0,0,0
1992-09-16,-0.250164,0.505014,-0.755178,-2.49234e-06,5.55662e-06,-8.04896e-06,-0.222791,-0.229834,-0.734848,-6.81117e-06,0.00469034,0.0350072,0,0,0
1992-09-17,-0.250412,0.505655,-0.756067,-2.48827e-06,5.57227e-06,-8.06055e-06,-0.222791,-0.238285,-0.743939,-6.86544e-06,0.002244,0.0350498,0,0,0
1992-09-18,-0.250937,0.504993,-0.75593,-2.49382e-06,5.57495e-06,-8.06878e-06,-0.222791,-0.24033,-0.745323,-6.80759e-06,0.00142871,0.0370249,0,0,0
1992-09-22,-0.245682,0.498978,-0.74466,-2.43982e-06,5.49534e-06,-7.93516e-06,-0.222791,-0.240384,-0.739363,-6.72819e-06,-0.00217108,0.037202,0,0,0
1992-09-24,-0.248498,0.499305,-0.747803,-2.45687e-06,5.5017e-06,-7.95857e-06,-0.222791,-0.214942,-0.714247,-6.61114e-06,-0.00141758,0.0374518,0,0,0
1992-09-25,-0.249786,0.496868,-0.746654,-2.4738e-06,5.46792e-06,-7.94172e-06,-0.222791,-0.173605,-0.670473,-6.39561e-06,0.000880452,0.0375269,0,0,0
1992-09-29,0.662004,0.496889,0.165115,8.94853e-06,5.4684e-06,3.48013e-06,0.597987,0.529712,0.0328229,-1.34306e-06,0.00153174,0.0379728,0,0,3
1992-10-01,0.661977,0.496656,0.165321,8.9503e-06,5.46812e-06,3.48218e-06,0.597987,0.549182,0.0525259,-1.02207e-06,-0.00367396,0.0376937,0,0,3
1992-10-02,0.666202,0.498653,0.167549,8.97548e-06,5.51635e-06,3.45913e-06,0.597987,0.540339,0.0416861,-1.16454e-06,-0.00615484,0.0378686,0,0,3
1992-10-06,0.666537,0.499771,0.166766,8.98859e-06,5.53887e-06,3.44971e-06,0.597987,0.5452,0.0454296,-1.14985e-06,-0.0111284,0.0384136,0,0,3
1992-10-07,0.664024,0.497695,0.166328,8.93642e-06,5.50557e-06,3.43085e-06,0.597987,0.547741,0.0500453,-1.08579e-06,-0.0134556,0.0389564,0,0,3
1992-10-08,0.663523,0.497548,0.165976,8.93099e-06,5.50541e-06,3.42558e-06,0.597987,0.558122,0.060574,-1.117e-06,-0.019121,0.0387769,0,0,3
1992-10-09,0.661834,0.494806,0.167028,8.93238e-06,5.49312e-06,3.43927e-06,0.597987,0.563681,0.0688754,-1.02797e-06,-0.0205545,0.0393289,0,0,3
1992-10-13,0.660241,0.492863,0.167378,8.89528e-06,5.45028e-06,3.445e-06,0.597987,0.564026,0.0711626,-9.84878e-07,-0.0193484,0.039468,0,0,3
1992-10-14,0.663089,0.49288,0.170209,8.91855e-06,5.45149e-06,3.46706e-06,0.597987,0.567892,0.0750124,-9.34162e-07,-0.0218765,0.0399831,0,0,3
1992-10-15,0.661975,0.491579,0.170396,8.88438e-06,5.43255e-06,3.45183e-06,0.597987,0.559555,0.0679764,-1.08544e-06,-0.0241865,0.0390423,0,0,3
1992-10-16,0.666129,0.495055,0.171073,8.95606e-06,5.49275e-06,3.46331e-06,0.597987,0.577575,0.0825199,-9.54961e-07,-0.0241974,0.0391662,0,0,3
1992-10-20,0.66499,0.491049,0.173941,8.93216e-06,5.41563e-06,3.51652e-06,0.597987,0.546697,0.0556485,-1.43563e-06,-0.0161268,0.0372081,0,0,3
1992-10-21,0.668658,0.49509,0.173567,9.0886e-06,5.51855e-06,3.57004e-06,0.597987,0.547595,0.0525042,-1.49072e-06,-0.0184172,0.0372635,0,0,3
1992-10-22,0.66852,0.49281,0.175711,9.08273e-06,5.50072e-06,3.58201e-06,0.597987,0.54568,0.0528703,-1.70687e-06,-0.016524,0.0362496,0,0,3
1992-10-23,0.664506,0.49316,0.171346,9.01649e-06,5.53947e-06,3.47701e-06,0.597987,0.541382,0.0482223,-1.81082e-06,-0.0202634,0.0353342,0,0,3
1992-10-27,0.662747,0.495907,0.166841,8.93927e-06,5.60314e-06,3.33613e-06,0.597987,0.532551,0.0366444,-1.89412e-06,-0.0187137,0.0352749,0,0,3
1992-10-28,0.662737,0.495803,0.166933,8.92524e-06,5.59781e-06,3.32743e-06,0.597987,0.526319,0.0305157,-1.88622e-06,-0.0155205,0.0356253,0,0,3
1992-10-29,0.662234,0.496658,0.165576,8.91665e-06,5.60501e-06,3.31164e-06,0.597987,0.513017,0.0163592,-2.08327e-06,-0.0099519,0.0350049,0,0,3
1992-10-30,0.458822,0.497663,-0.0388404,5.51836e-06,5.62398e-06,-1.05614e-07,0.57582,0.179869,-0.317793,-4.67161e-06,-0.00596114,0.0347026,0,0,2
1992-11-03,0.460212,0.50186,-0.0416474,5.53319e-06,5.66791e-06,-1.3472e-07,0.57582,0.16508,-0.336779,-4.77088e-06,-0.007445,0.035107,0,0,2
1992-11-04,0.455604,0.493608,-0.0380034,5.45638e-06,5.51907e-06,-6.26895e-08,0.57582,0.126529,-0.367079,-4.81572e-06,-0.0107244,0.0350233,0,0,2
1992-11-05,0.453947,0.492206,-0.0382587,5.44044e-06,5.51837e-06,-7.79299e-08,0.57582,0.0951771,-0.397029,-4.97213e-06,-0.0112753,0.0350358,0,0,2
1992-11-06,0.45239,0.492315,-0.0399248,5.40424e-06,5.50091e-06,-9.66629e-08,0.57582,0.0909922,-0.401323,-4.98619e-06,-0.010321,0.0350774,0,0,2
1992-11-10,0.460296,0.483345,-0.0230489,5.4746e-06,5.31689e-06,1.5771e-07,0.57582,0.0418769,-0.441468,-5.06856e-06,-0.00719771,0.0355781,0,0,2
1992-11-11,0.460531,0.485056,-0.0245257,5.45956e-06,5.32909e-06,1.30472e-07,0.57582,-0.011831,-0.496887,-5.39647e-06,-0.00256335,0.0353344,0,0,2
1992-11-12,0.466378,0.487216,-0.0208384,5.5561e-06,5.37504e-06,1.8106e-07,0.57582,0.048251,-0.438965,-5.08875e-06,0.00256456,0.0350236,0,0,2
1992-11-13,0.469421,0.486122,-0.016701,5.6078e-06,5.37885e-06,2.2895e-07,0.57582,0.0218356,-0.464287,-5.25272e-06,0.00474968,0.0345144,0,0,2
1992-11-17,0.469838,0.489798,-0.0199601,5.57493e-06,5.4164e-06,1.58522e-07,0.57582,0.0246626,-0.465136,-5.27344e-06,0.00515067,0.0343821,0,0,2
1992-11-18,0.464601,0.493878,-0.0292773,5.45973e-06,5.44612e-06,1.36118e-08,0.57582,0.13362,-0.360259,-4.57271e-06,0.00402913,0.0361493,0,0,2
1992-11-19,0.466366,0.492619,-0.0262535,5.47125e-06,5.4082e-06,6.30535e-08,0.57582,0.132709,-0.35991,-4.54555e-06,0.00931819,0.0361818,0,0,2
1992-11-20,0.463514,0.491191,-0.0276773,5.41972e-06,5.3917e-06,2.80137e-08,0.57582,0.149469,-0.341722,-4.40093e-06,0.00275962,0.0361352,0,0,2
1992-11-24,0.467258,0.493363,-0.0261048,5.45741e-06,5.41782e-06,3.95893e-08,0.57582,0.13464,-0.358723,-4.4608e-06,0.00293136,0.037464,0,0,2
1992-11-25,0.528603,0.49321,0.0353929,6.87938e-06,5.41764e-06,1.46174e-06,0.548993,0.377746,-0.115465,-2.16309e-06,0.000617181,0.0372849,0,0,2
1992-12-01,0.523642,0.49429,0.0293524,6.73593e-06,5.3787e-06,1.35723e-06,0.548993,0.369598,-0.124692,-2.25483e-06,0.00340437,0.03698,0,0,2
1992-12-02,0.523115,0.493552,0.0295632,6.71639e-06,5.31951e-06,1.39688e-06,0.548993,0.361711,-0.131841,-2.31038e-06,0.00328025,0.0366557,0,0,2
1992-12-03,0.525378,0.495311,0.0300674,6.73944e-06,5.33707e-06,1.40237e-06,0.548993,0.342662,-0.152649,-2.32716e-06,-0.000427506,0.0367289,0,0,2
1992-12-04,0.522053,0.493906,0.0281469,6.66866e-06,5.32033e-06,1.34833e-06,0.548993,0.342982,-0.150924,-2.30767e-06,-0.00105924,0.0374875,0,0,2
1992-12-08,0.526813,0.493777,0.0330361,6.6682e-06,5.31076e-06,1.35744e-06,0.548993,0.351205,-0.142572,-2.17616e-06,-0.00587573,0.0383381,0,0,2
1992-12-09,0.52706,0.492544,0.0345162,6.66309e-06,5.28451e-06,1.37858e-06,0.548993,0.347963,-0.144581,-2.19352e-06,-0.00191174,0.0381281,0,0,2
1992-12-10,0.517198,0.49837,0.018828,6.33805e-06,5.32304e-06,1.01501e-06,0.548993,0.355028,-0.143342,-2.1327e-06,-0.00143692,0.0386239,0,0,2
1992-12-11,0.522323,0.477868,0.0444549,6.30646e-06,4.9032e-06,1.40326e-06,0.548993,0.33982,-0.138049,-1.77059e-06,0.00132467,0.0385844,0,0,2
1992-12-15,0.52096,0.476735,0.0442246,6.27818e-06,4.88776e-06,1.39043e-06,0.548993,0.378141,-0.0985946,-1.11002e-06,0.00143024,0.0419199,0,0,2
1992-12-16,0.519224,0.482363,0.036861,6.20389e-06,4.89726e-06,1.30663e-06,0.548993,0.36688,-0.115483,-1.20793e-06,0.00505259,0.0419415,0,0,2
1992-12-22,0.508707,0.480352,0.0283551,5.94398e-06,4.83926e-06,1.10472e-06,0.548993,0.351802,-0.12855,-1.27017e-06,0.00311597,0.0419,0,0,2
1992-12-23,0.506502,0.476021,0.0304817,5.9138e-06,4.80542e-06,1.10837e-06,0.548993,0.349599,-0.126422,-1.29309e-06,-0.00309421,0.0426915,0,0,2
1992-12-29,0.50831,0.477087,0.0312236,5.94031e-06,4.83134e-06,1.10897e-06,0.548993,0.370405,-0.106682,-1.01407e-06,-0.000469962,0.0436671,0,0,2
1992-12-30,0.505249,0.479746,0.0255031,5.90598e-06,4.84992e-06,1.05606e-06,0.548993,0.370007,-0.109739,-1.03624e-06,0.000557593,0.0436967,0,0,2
1992-12-31,0.607711,0.49022,0.117491,5.51307e-06,4.93036e-06,5.82711e-07,0.754056,0.7466,0.256381,3.18953e-06,0.00333609,0.043676,0,0,3
1993-01-05,0.606875,0.484693,0.122183,5.49925e-06,4.81285e-06,6.86394e-07,0.754056,0.746766,0.262073,3.33797e-06,0.00762178,0.0436539,0,0,3
1993-01-06,0.614071,0.483866,0.130205,5.53474e-06,4.79865e-06,7.36091e-07,0.754056,0.749243,0.265377,3.37926e-06,0.00992752,0.0437266,0,0,3
1993-01-07,0.614631,0.486983,0.127648,5.53767e-06,4.81045e-06,7.27221e-07,0.754056,0.778963,0.29198,3.68963e-06,0.00244739,0.0432241,0,0,3
1993-01-08,0.610533,0.479872,0.130661,5.54469e-06,4.75707e-06,7.87622e-07,0.754056,0.790569,0.310697,4.11431e-06,0.00822592,0.042792,0,0,3
1993-01-13,0.609385,0.478658,0.130727,5.5463e-06,4.71778e-06,8.28521e-07,0.754056,0.794407,0.315749,4.40279e-06,0.00891997,0.0431247,0,0,3
1993-01-19,0.606462,0.476933,0.129529,5.48376e-06,4.671e-06,8.12766e-07,0.754056,0.782469,0.305536,4.64957e-06,0.00933631,0.0458608,0,0,3
1993-01-20,0.614312,0.466366,0.147945,5.47869e-06,4.44873e-06,1.02996e-06,0.754056,0.783763,0.317397,4.94081e-06,0.00813812,0.0458883,0,0,3
1993-01-21,0.613866,0.465819,0.148048,5.46902e-06,4.43953e-06,1.02949e-06,0.754056,0.781948,0.31613,4.84123e-06,0.0103117,0.0456136,0,0,3
1993-01-26,0.614105,0.466653,0.147452,5.4766e-06,4.45713e-06,1.01947e-06,0.754056,0.786698,0.320045,5.1224e-06,0.0141276,0.0459781,0,0,3
1993-01-27,0.613937,0.475392,0.138546,5.47393e-06,4.53715e-06,9.36776e-07,0.754056,0.794044,0.318652,5.33237e-06,0.0146799,0.0466077,0,0,3
1993-01-28,0.616877,0.474905,0.141972,5.48945e-06,4.533e-06,9.56453e-07,0.754056,0.796007,0.321102,5.72249e-06,0.0196179,0.0464745,0,0,3
1993-01-29,0.757716,0.478726,0.27899,7.12898e-06,4.5611e-06,2.56787e-06,0.885449,0.684081,0.205355,3.12641e-06,0.0140949,0.0450314,0,1,3
1993-02-02,0.758036,0.48704,0.270996,7.11225e-06,4.71715e-06,2.3951e-06,0.885449,0.690388,0.203347,2.9627e-06,0.0114943,0.0448367,0,1,3
1993-02-03,0.756005,0.491159,0.264846,7.09156e-06,4.69817e-06,2.39339e-06,0.885449,0.685737,0.194578,2.987e-06,0.00675344,0.0446855,0,1,3
1993-02-04,0.754492,0.492643,0.261849,7.03274e-06,4.71853e-06,2.31421e-06,0.885449,0.687694,0.195051,3.02092e-06,0.00945832,0.0446913,0,1,3
1993-02-05,0.75324,0.486086,0.267155,7.01645e-06,4.60444e-06,2.41201e-06,0.885449,0.662817,0.176732,2.8121e-06,0.00606913,0.0449491,0,1,3
1993-02-09,0.754113,0.487663,0.26645,7.03248e-06,4.63231e-06,2.40017e-06,0.885449,0.659469,0.171806,2.70336e-06,0.00685952,0.0448094,0,1,3
1993-02-10,0.755331,0.487562,0.267769,7.07289e-06,4.63025e-06,2.44264e-06,0.885449,0.67818,0.190618,2.96189e-06,0.00714975,0.0444018,0,1,3
1993-02-11,0.752273,0.488909,0.263364,7.03287e-06,4.66441e-06,2.36846e-06,0.885449,0.678666,0.189757,2.80288e-06,0.000467074,0.0438996,0,1,3
1993-02-12,0.753055,0.489679,0.263376,7.0363e-06,4.68666e-06,2.34964e-06,0.885449,0.70121,0.211531,3.6061e-06,-0.00458744,0.0436228,0,1,3
1993-02-17,0.745544,0.493484,0.25206,6.77215e-06,4.72567e-06,2.04648e-06,0.885449,0.698292,0.204808,3.60458e-06,-0.00690064,0.0434157,0,1,3
1993-02-18,0.751494,0.498586,0.252908,6.8103e-06,4.74734e-06,2.06296e-06,0.885449,0.701794,0.203208,3.5108e-06,-0.00950604,0.0429677,0,1,3
1993-02-19,0.750459,0.507265,0.243195,6.8231e-06,4.8295e-06,1.9936e-06,0.885449,0.701148,0.193883,3.42635e-06,-0.0167687,0.0435234,0,1,3
1993-02-23,0.748957,0.504448,0.244509,6.75703e-06,4.77882e-06,1.97821e-06,0.885449,0.704036,0.199589,3.46282e-06,-0.0147828,0.0430354,0,1,3
1993-02-24,0.74715,0.495747,0.251402,6.72208e-06,4.62111e-06,2.10097e-06,0.885449,0.701129,0.205381,3.56072e-06,-0.0180717,0.0432486,0,1,3
1993-02-25,0.746466,0.495728,0.250739,6.70881e-06,4.62366e-06,2.08515e-06,0.885449,0.708414,0.212686,3.97646e-06,-0.0147748,0.0432107,0,1,3
1993-02-26,0.8651,0.498465,0.366635,7.7412e-06,4.62411e-06,3.11709e-06,0.880799,0.886511,0.388047,6.49557e-06,-0.014372,0.0432734,0,1,4
1993-03-02,0.864675,0.500462,0.364213,7.70736e-06,4.62082e-06,3.08654e-06,0.880799,0.887281,0.386819,6.52933e-06,-0.0118568,0.043259,0,1,4
1993-03-03,0.864006,0.498626,0.36538,7.7127e-06,4.57729e-06,3.13541e-06,0.880799,0.885491,0.386865,6.67734e-06,-0.0106727,0.0433125,0,1,4
1993-03-04,0.864095,0.501458,0.362637,7.71116e-06,4.59294e-06,3.11822e-06,0.880799,0.891004,0.389546,7.30907e-06,-0.00980657,0.0444134,0,1,4
1993-03-05,0.863065,0.501189,0.361875,7.64595e-06,4.58863e-06,3.05732e-06,0.880799,0.91748,0.416291,1.05408e-05,-0.00624196,0.0446876,0,1,4
1993-03-09,0.859925,0.497999,0.361926,7.60018e-06,4.5449e-06,3.05528e-06,0.880799,0.916119,0.41812,1.03758e-05,-0.00402711,0.0443142,0,1,4
1993-03-10,0.859704,0.495553,0.364151,7.59842e-06,4.49441e-06,3.10401e-06,0.880799,0.915885,0.420332,1.03769e-05,-0.00504487,0.0443186,0,1,4
1993-03-11,0.860281,0.495056,0.365226,7.58403e-06,4.48442e-06,3.09961e-06,0.880799,0.918565,0.423509,1.0926e-05,-0.00102712,0.0449625,0,1,4
1993-03-12,0.86081,0.49426,0.36655,7.5559e-06,4.45182e-06,3.10409e-06,0.880799,0.920972,0.426712,1.10914e-05,0.00198626,0.0447207,0,1,4
1993-03-16,0.859908,0.505803,0.354105,7.53518e-06,4.52077e-06,3.0144e-06,0.880799,0.920323,0.41452,1.09274e-05,-0.00758826,0.0446139,0,1,4
1993-03-17,0.859552,0.504283,0.35527,7.50185e-06,4.49234e-06,3.00951e-06,0.880799,0.920048,0.415765,1.09496e-05,-0.00597372,0.0449451,0,1,4
1993-03-18,0.858589,0.497527,0.361062,7.43421e-06,4.37398e-06,3.06023e-06,0.880799,0.92819,0.430663,1.11396e-05,-0.00372991,0.0449261,0,1,4
1993-03-19,0.852689,0.494611,0.358078,7.27826e-06,4.36623e-06,2.91204e-06,0.880799,0.936222,0.441611,1.12283e-05,-0.00568703,0.0446246,0,1,4
1993-03-23,0.848813,0.493553,0.355259,7.18146e-06,4.38203e-06,2.79943e-06,0.880799,0.941177,0.447624,1.18278e-05,0.00244969,0.0443831,0,1,4
1993-03-24,0.848608,0.496185,0.352422,7.23432e-06,4.42695e-06,2.80737e-06,0.880799,0.948941,0.452756,1.23329e-05,0.00220848,0.0442313,0,1,4
1993-03-25,0.84507,0.494464,0.350606,7.23245e-06,4.41658e-06,2.81587e-06,0.880799,0.947938,0.453475,1.23542e-05,0.00212087,0.0447518,0,1,4
1993-03-26,0.845552,0.494613,0.350939,7.2343e-06,4.41288e-06,2.82141e-06,0.880799,0.949373,0.45476,1.23398e-05,0.00249552,0.0447885,0,1,4
1993-03-30,0.84438,0.492655,0.351725,7.21909e-06,4.38985e-06,2.82923e-06,0.880799,0.947827,0.455172,1.20561e-05,0.00954752,0.0433971,0,1,4
1993-03-31,0.693695,0.498703,0.194991,6.42121e-06,4.48938e-06,1.93183e-06,0.863714,0.84853,0.349827,1.05828e-05,0.00901892,0.043358,0,1,3
1993-04-01,0.692704,0.498028,0.194676,6.39165e-06,4.48628e-06,1.90537e-06,0.863714,0.842154,0.344126,1.05123e-05,0.00773408,0.0434509,0,1,3
1993-04-06,0.693525,0.501644,0.191881,6.41128e-06,4.5167e-06,1.89459e-06,0.863714,0.839557,0.337914,1.01128e-05,0.00561926,0.042532,0,1,3
1993-04-07,0.694794,0.504559,0.190236,6.48177e-06,4.58458e-06,1.89719e-06,0.863714,0.849094,0.344535,1.01844e-05,-0.00257114,0.0425358,0,1,3
1993-04-08,0.691466,0.499809,0.191657,6.40451e-06,4.55176e-06,1.85275e-06,0.863714,0.855389,0.35558,1.09382e-05,-0.00483046,0.0425201,0,1,3
1993-04-13,0.697511,0.499008,0.198503,6.4404e-06,4.52764e-06,1.91276e-06,0.863714,0.895049,0.396041,1.78394e-05,-0.00531218,0.0425654,0,1,3
1993-04-14,0.702294,0.494811,0.207483,6.46244e-06,4.45351e-06,2.00893e-06,0.863714,0.897341,0.40253,1.84055e-05,-0.0110671,0.0435167,0,1,3
1993-04-15,0.701834,0.493007,0.208826,6.45171e-06,4.41005e-06,2.04166e-06,0.863714,0.894217,0.401209,1.81619e-05,-0.0188743,0.0429097,0,1,3
1993-04-16,0.704324,0.496327,0.207997,6.50516e-06,4.42385e-06,2.08131e-06,0.863714,0.892202,0.395874,1.77163e-05,-0.0223458,0.041889,0,1,3
1993-04-20,0.707151,0.501387,0.205764,6.58416e-06,4.51531e-06,2.06885e-06,0.863714,0.895731,0.394344,1.89453e-05,-0.0248388,0.0419442,0,1,3
1993-04-21,0.707248,0.498918,0.208329,6.5705e-06,4.47161e-06,2.09889e-06,0.863714,0.892014,0.393096,1.88306e-05,-0.027448,0.0413575,1,1,3
1993-04-22,0.708544,0.501171,0.207373,6.61072e-06,4.50799e-06,2.10273e-06,0.863714,0.892963,0.391792,1.88016e-05,-0.0266372,0.041353,1,1,3
1993-04-23,0.708107,0.500625,0.207482,6.60515e-06,4.50453e-06,2.10063e-06,0.863714,0.889112,0.388487,1.78216e-05,-0.0175054,0.0378897,0,1,3
1993-04-27,0.711606,0.513845,0.197761,6.72402e-06,4.76187e-06,1.96215e-06,0.863714,0.889018,0.375173,1.7535e-05,-0.0149141,0.0378445,0,1,3
1993-04-28,0.711559,0.515465,0.196094,6.69638e-06,4.77293e-06,1.92345e-06,0.863714,0.894981,0.379516,1.78555e-05,-0.0172378,0.0379395,0,1,3
1993-04-29,0.1128,0.521189,-0.408389,1.16797e-06,4.80742e-06,-3.63946e-06,0.269259,0.309572,-0.211617,1.7699e-06,-0.0117285,0.0366024,0,0,0
1993-05-04,0.123855,0.524133,-0.400278,1.29184e-06,4.88452e-06,-3.59268e-06,0.269259,0.301861,-0.222272,1.41751e-06,-0.0170549,0.0354876,0,0,1
1993-05-05,0.12759,0.526917,-0.399327,1.34103e-06,4.96362e-06,-3.62259e-06,0.269259,0.29763,-0.229287,1.2842e-06,-0.0128487,0.0358581,0,0,1
1993-05-06,0.127616,0.522492,-0.394876,1.34674e-06,4.91704e-06,-3.5703e-06,0.269259,0.310886,-0.211606,1.72184e-06,-0.0133643,0.0364122,0,0,1
1993-05-07,0.119764,0.512744,-0.39298,1.2646e-06,4.78802e-06,-3.52342e-06,0.269259,0.312464,-0.200281,2.08399e-06,-0.0161136,0.0370679,0,0,1
1993-05-11,0.131284,0.501819,-0.370535,1.3666e-06,4.56077e-06,-3.19417e-06,0.269259,0.31245,-0.189369,2.32323e-06,-0.0139083,0.037493,0,0,1
1993-05-12,0.131283,0.501835,-0.370552,1.36736e-06,4.56745e-06,-3.2001e-06,0.269259,0.310472,-0.191363,2.24736e-06,-0.0123046,0.0372547,0,0,1
1993-05-13,0.129407,0.50221,-0.372803,1.34624e-06,4.57589e-06,-3.22965e-06,0.269259,0.314158,-0.188052,2.34052e-06,-0.0120036,0.0365572,0,0,1
1993-05-14,0.13282,0.503724,-0.370905,1.3874e-06,4.61016e-06,-3.22276e-06,0.269259,0.319008,-0.184717,2.48878e-06,-0.0134023,0.0364054,0,0,1
1993-05-18,0.134878,0.5146,-0.379723,1.41218e-06,4.69281e-06,-3.28062e-06,0.269259,0.27952,-0.23508,1.3321e-06,-0.00709308,0.032513,0,0,1
1993-05-19,0.154249,0.523777,-0.369528,1.66023e-06,4.91075e-06,-3.25052e-06,0.269259,0.265122,-0.258654,8.71943e-07,-0.00592693,0.0324881,0,0,1
1993-05-20,0.136208,0.518949,-0.382741,1.4483e-06,4.87376e-06,-3.42545e-06,0.269259,0.272145,-0.246805,1.11393e-06,-0.00542684,0.0327985,0,0,1
1993-05-21,0.134805,0.517964,-0.383158,1.42596e-06,4.86746e-06,-3.4415e-06,0.269259,0.224656,-0.293308,1.4275e-07,0.00375081,0.0312338,0,0,1
1993-05-25,0.133706,0.523535,-0.389829,1.41257e-06,4.92524e-06,-3.51267e-06,0.269259,0.238446,-0.28509,5.32869e-07,0.00487121,0.0304058,0,0,1
1993-05-26,0.135627,0.528538,-0.392911,1.43794e-06,4.99196e-06,-3.55402e-06,0.269259,0.258646,-0.269893,1.17356e-06,0.00332608,0.0305555,0,0,1
1993-05-27,0.136029,0.528854,-0.392826,1.4427e-06,4.99835e-06,-3.55565e-06,0.269259,0.24935,-0.279504,9.45774e-07,0.00688376,0.0298903,0,0,1
1993-05-28,0.468169,0.522337,-0.0541679,5.22687e-06,4.89893e-06,3.27943e-07,0.460703,-0.113771,-0.636108,-6.6991e-06,0.00936297,0.0301447,0,0,2
1993-06-02,0.458408,0.526727,-0.068319,5.02159e-06,4.8953e-06,1.26288e-07,0.460703,-0.115827,-0.642554,-6.75102e-06,0.00729065,0.0319095,0,0,2
1993-06-03,0.451238,0.52811,-0.0768727,4.87224e-06,4.90568e-06,-3.34437e-08,0.460703,-0.112983,-0.641094,-6.71398e-06,0.00660457,0.0319099,0,0,2
1993-06-04,0.449804,0.523731,-0.0739267,4.85136e-06,4.83526e-06,1.60987e-08,0.460703,-0.139792,-0.663522,-7.09962e-06,-0.000143,0.0314954,0,0,2
1993-06-08,0.446705,0.528096,-0.0813901,4.79098e-06,4.888e-06,-9.70199e-08,0.460703,-0.150192,-0.678288,-7.32362e-06,0.00319046,0.0310851,0,0,2
1993-06-09,0.447479,0.527791,-0.0803123,4.80744e-06,4.85959e-06,-5.21442e-08,0.460703,-0.149413,-0.677205,-7.27883e-06,0.0033073,0.0320199,0,0,2
1993-06-10,0.444873,0.524131,-0.0792578,4.78343e-06,4.82228e-06,-3.8848e-08,0.460703,-0.150867,-0.674998,-7.29535e-06,0.00621798,0.03217,0,0,2
1993-06-11,0.442004,0.523139,-0.081135,4.71601e-06,4.80946e-06,-9.34472e-08,0.460703,-0.128697,-0.651837,-6.88548e-06,0.00431656,0.0322901,0,0,2
1993-06-15,0.431572,0.5117,-0.0801281,4.63625e-06,4.73425e-06,-9.79965e-08,0.460703,-0.121216,-0.632916,-6.70402e-06,0.00861004,0.0322398,0,0,2
1993-06-16,0.426727,0.509425,-0.0826972,4.5566e-06,4.67441e-06,-1.17811e-07,0.460703,-0.123903,-0.633327,-6.67844e-06,0.00932335,0.03188,0,0,2
1993-06-17,0.423446,0.508816,-0.08537,4.49939e-06,4.67073e-06,-1.7134e-07,0.460703,-0.134348,-0.643164,-6.81828e-06,0.00504382,0.0313433,0,0,1
1993-06-18,0.424076,0.509599,-0.0855232,4.52365e-06,4.71331e-06,-1.89658e-07,0.460703,-0.110842,-0.620441,-6.53236e-06,0.00691045,0.0312758,0,0,1
1993-06-22,0.423785,0.509506,-0.0857208,4.52281e-06,4.71263e-06,-1.89819e-07,0.460703,-0.101629,-0.611135,-6.39601e-06,0.0125397,0.0310263,0,0,1
1993-06-23,0.425648,0.509485,-0.0838367,4.42216e-06,4.67825e-06,-2.56097e-07,0.460703,-0.0827545,-0.592239,-6.02462e-06,0.0131154,0.0310031,0,0,1
1993-06-24,0.408227,0.478355,-0.0701279,4.26274e-06,4.3187e-06,-5.5959e-08,0.460703,-0.0854141,-0.563769,-5.70728e-06,0.0151344,0.0307118,0,0,2
1993-06-25,0.405189,0.477148,-0.0719588,4.19949e-06,4.29217e-06,-9.26835e-08,0.460703,-0.0865036,-0.563652,-5.70086e-06,0.0160846,0.0311062,0,0,2
1993-06-29,0.404744,0.476416,-0.071672,4.19067e-06,4.27525e-06,-8.4586e-08,0.460703,-0.0865361,-0.562952,-5.68357e-06,0.0166044,0.0311245,0,0,2
1993-06-30,-0.422156,0.470654,-0.89281,-5.6395e-06,4.19542e-06,-9.83492e-06,-0.281431,-0.456173,-0.926827,-1.03602e-05,0.0167308,0.0302442,0,0,0
1993-07-01,-0.425166,0.457771,-0.882937,-5.7229e-06,4.1652e-06,-9.88811e-06,-0.281431,-0.472511,-0.930282,-1.04875e-05,0.0205622,0.0295016,0,0,0
1993-07-02,-0.419609,0.457399,-0.877008,-5.64684e-06,4.17955e-06,-9.82639e-06,-0.281431,-0.434996,-0.892396,-9.90473e-06,0.0214407,0.0296009,0,0,0
1993-07-07,-0.421633,0.438945,-0.860578,-5.69335e-06,4.04127e-06,-9.73462e-06,-0.281431,-0.445013,-0.883958,-1.00006e-05,0.0219595,0.0298892,0,0,0
1993-07-08,-0.424459,0.441205,-0.865664,-5.71206e-06,4.05721e-06,-9.76927e-06,-0.281431,-0.453556,-0.894761,-1.00143e-05,0.017866,0.0294587,0,0,0
1993-07-09,-0.427151,0.43058,-0.857731,-5.7921e-06,4.00549e-06,-9.79759e-06,-0.281431,-0.455408,-0.885987,-9.97978e-06,0.018842,0.0293322,0,0,0
1993-07-13,-0.426007,0.425343,-0.85135,-5.77298e-06,3.90625e-06,-9.67923e-06,-0.281431,-0.448394,-0.873737,-1.07068e-05,0.018286,0.0293359,0,0,0
1993-07-14,-0.427238,0.423972,-0.85121,-5.7946e-06,3.89617e-06,-9.69076e-06,-0.281431,-0.445881,-0.869852,-1.06374e-05,0.0218237,0.030039,0,0,0
1993-07-15,-0.428959,0.423847,-0.852805,-5.82279e-06,3.90866e-06,-9.73145e-06,-0.281431,-0.448013,-0.87186,-1.0706e-05,0.0193164,0.030246,0,0,0
1993-07-16,-0.429207,0.423405,-0.852612,-5.82009e-06,3.89689e-06,-9.71698e-06,-0.281431,-0.430072,-0.853477,-1.03121e-05,0.0198149,0.0303089,0,0,0
1993-07-20,-0.435858,0.410621,-0.846479,-5.91756e-06,3.80151e-06,-9.71907e-06,-0.281431,-0.426777,-0.837398,-1.02456e-05,0.0176393,0.0301398,0,0,0
1993-07-21,-0.43413,0.411212,-0.845341,-5.8991e-06,3.81179e-06,-9.71089e-06,-0.281431,-0.419047,-0.830259,-1.03123e-05,0.021183,0.0301662,0,0,0
1993-07-22,-0.43381,0.408422,-0.842231,-5.88264e-06,3.77432e-06,-9.65696e-06,-0.281431,-0.421254,-0.829676,-1.0239e-05,0.0213052,0.0298392,0,0,0
1993-07-23,-0.431272,0.408956,-0.840228,-5.8577e-06,3.80462e-06,-9.66231e-06,-0.281431,-0.413486,-0.822442,-1.02161e-05,0.0191321,0.0297373,0,0,0
1993-07-27,-0.430629,0.408596,-0.839226,-5.85128e-06,3.79015e-06,-9.64143e-06,-0.281431,-0.41214,-0.820736,-1.0177e-05,0.0230408,0.0296552,0,0,0
1993-07-28,-0.43139,0.409371,-0.840761,-5.86038e-06,3.79096e-06,-9.65135e-06,-0.281431,-0.429545,-0.838917,-1.06333e-05,0.0229923,0.0300047,0,0,0
1993-07-29,-0.43161,0.410757,-0.842367,-5.86681e-06,3.79555e-06,-9.66236e-06,-0.281431,-0.43556,-0.846317,-1.06986e-05,0.020349,0.0312615,0,0,0
1993-07-30,-0.458122,0.403309,-0.861431,-6.85412e-06,3.72766e-06,-1.05818e-05,-0.177503,-0.650067,-1.05338,-1.78568e-05,0.016742,0.0311607,0,0,0
1993-08-03,-0.458462,0.393107,-0.85157,-6.84748e-06,3.6608e-06,-1.05083e-05,-0.177503,-0.659168,-1.05228,-1.84159e-05,0.0171629,0.0312235,0,0,0
1993-08-04,-0.456627,0.392231,-0.848858,-6.79385e-06,3.6484e-06,-1.04423e-05,-0.177503,-0.655613,-1.04784,-1.83022e-05,0.015208,0.0321166,0,0,0
1993-08-05,-0.459549,0.384471,-0.84402,-6.86266e-06,3.59348e-06,-1.04561e-05,-0.177503,-0.571042,-0.955513,-1.39307e-05,0.0166367,0.0321671,0,0,0
1993-08-06,-0.493252,0.254496,-0.747748,-7.85635e-06,2.62266e-06,-1.0479e-05,-0.177503,-0.601843,-0.856339,-1.33971e-05,0.0124597,0.030825,0,0,0
1993-08-10,-0.493241,0.259216,-0.752458,-7.86059e-06,2.6983e-06,-1.05589e-05,-0.177503,-0.598331,-0.857548,-1.33619e-05,0.00927566,0.0318046,0,0,0
1993-08-11,-0.494563,0.245652,-0.740216,-7.88038e-06,2.53676e-06,-1.04171e-05,-0.177503,-0.601506,-0.847158,-1.33829e-05,0.0108929,0.0327044,0,0,0
1993-08-12,-0.493099,0.255251,-0.74835,-7.81836e-06,2.61589e-06,-1.04343e-05,-0.177503,-0.512075,-0.767326,-1.01703e-05,0.0117093,0.0329507,0,0,0
1993-08-13,-0.514007,0.159378,-0.673384,-8.49933e-06,1.70419e-06,-1.02035e-05,-0.177503,-0.520423,-0.679801,-9.50961e-06,0.0109839,0.0334003,0,0,0
1993-08-17,-0.51495,0.158904,-0.673854,-8.52534e-06,1.69143e-06,-1.02168e-05,-0.177503,-0.481561,-0.640465,-9.15683e-06,0.0168669,0.0334742,0,0,0
1993-08-18,-0.515789,0.159431,-0.67522,-8.535e-06,1.69457e-06,-1.02296e-05,-0.177503,-0.478271,-0.637702,-9.12642e-06,0.0176656,0.0337944,0,0,0
1993-08-19,-0.517148,0.159574,-0.676722,-8.54149e-06,1.69548e-06,-1.0237e-05,-0.177503,-0.476323,-0.635897,-9.11192e-06,0.0161256,0.0338604,0,0,0
1993-08-20,-0.516825,0.159776,-0.676602,-8.52672e-06,1.69694e-06,-1.02237e-05,-0.177503,-0.47807,-0.637847,-9.12015e-06,0.017077,0.0348412,0,0,0
1993-08-24,-0.513938,0.16155,-0.675487,-8.41961e-06,1.71432e-06,-1.01339e-05,-0.177503,-0.442823,-0.604373,-8.76846e-06,0.0126743,0.035048,0,0,0
1993-08-25,-0.513708,0.177506,-0.691214,-8.37581e-06,1.84834e-06,-1.02241e-05,-0.177503,-0.442378,-0.619884,-8.91048e-06,0.015252,0.0354622,0,0,0
1993-08-31,-0.268699,0.178125,-0.446824,-3.78423e-06,1.8478e-06,-5.63203e-06,-0.269359,-0.193739,-0.371864,-4.59278e-06,0.010223,0.0347753,0,0,0
1993-09-01,-0.259425,0.183841,-0.443266,-3.60327e-06,1.9125e-06,-5.51576e-06,-0.269359,-0.201347,-0.385188,-4.71939e-06,0.0085956,0.0341217,0,0,0
1993-09-02,-0.257243,0.186694,-0.443937,-3.58867e-06,1.94903e-06,-5.5377e-06,-0.269359,-0.223254,-0.409948,-5.08259e-06,0.0119404,0.0348276,0,0,0
1993-09-03,-0.253122,0.190143,-0.443265,-3.54616e-06,1.99308e-06,-5.53924e-06,-0.269359,-0.24153,-0.431673,-5.34481e-06,0.0101279,0.0344851,0,0,0
1993-09-08,-0.249875,0.187909,-0.437784,-3.49237e-06,1.95867e-06,-5.45104e-06,-0.269359,-0.243932,-0.431841,-5.36958e-06,0.00898925,0.0344051,0,0,0
1993-09-09,-0.246414,0.187789,-0.434203,-3.41577e-06,1.95813e-06,-5.3739e-06,-0.269359,-0.252327,-0.440116,-5.68197e-06,0.0065876,0.0345451,0,0,0
1993-09-10,-0.253425,0.187063,-0.440488,-3.48966e-06,1.94687e-06,-5.43652e-06,-0.269359,-0.244052,-0.431116,-5.49711e-06,0.00934909,0.0344709,0,0,0
1993-09-14,-0.256242,0.178287,-0.434529,-3.55319e-06,1.87259e-06,-5.42578e-06,-0.269359,-0.237203,-0.41549,-5.29225e-06,0.00851414,0.0343976,0,0,0
1993-09-15,-0.2564,0.173051,-0.429451,-3.55089e-06,1.81407e-06,-5.36496e-06,-0.269359,-0.236956,-0.410007,-5.26313e-06,0.00741749,0.034671,0,0,0
1993-09-16,-0.256234,0.16328,-0.419514,-3.54013e-06,1.70926e-06,-5.24939e-06,-0.269359,-0.253403,-0.416683,-5.38163e-06,0.0058996,0.0343994,0,0,0
1993-09-17,-0.253148,0.164899,-0.418047,-3.49048e-06,1.73098e-06,-5.22146e-06,-0.269359,-0.238191,-0.40309,-5.09923e-06,0.00410228,0.0343987,0,0,0
1993-09-21,-0.26682,0.140015,-0.406836,-3.70669e-06,1.48613e-06,-5.19282e-06,-0.269359,-0.241955,-0.38197,-4.89736e-06,0.00622918,0.0342622,0,0,0
1993-09-22,-0.262524,0.124923,-0.387446,-3.64113e-06,1.303e-06,-4.94413e-06,-0.269359,-0.22825,-0.353173,-4.49108e-06,0.00309467,0.0341392,0,0,1
1993-09-28,-0.263116,0.122392,-0.385508,-3.66168e-06,1.27999e-06,-4.94167e-06,-0.269359,-0.2325,-0.354892,-4.49998e-06,0.0037222,0.0338129,0,0,1
1993-09-29,-0.245275,0.116396,-0.361672,-3.33428e-06,1.20552e-06,-4.5398e-06,-0.269359,-0.227566,-0.343963,-4.41025e-06,0.00422195,0.0343166,0,0,1
1993-09-30,-0.460465,0.115429,-0.575895,-6.65164e-06,1.19795e-06,-7.84959e-06,-0.481525,-0.506921,-0.62235,-8.15568e-06,-0.000501334,0.0318535,0,0,0
1993-10-05,-0.463088,0.126346,-0.589434,-6.63891e-06,1.32849e-06,-7.9674e-06,-0.481525,-0.509569,-0.635915,-8.45465e-06,3.94568e-05,0.0319067,0,0,0
1993-10-06,-0.464129,0.123948,-0.588077,-6.65567e-06,1.30178e-06,-7.95745e-06,-0.481525,-0.499492,-0.62344,-8.30232e-06,-0.003194,0.0318898,0,0,0
1993-10-07,-0.46696,0.120745,-0.587705,-6.70023e-06,1.26773e-06,-7.96796e-06,-0.481525,-0.495001,-0.615746,-8.16983e-06,-0.000432837,0.0319249,0,0,0
1993-10-08,-0.468829,0.118474,-0.587303,-6.72881e-06,1.24514e-06,-7.97395e-06,-0.481525,-0.505053,-0.623527,-8.11673e-06,0.00436665,0.0314554,0,0,0
1993-10-12,-0.464266,0.117823,-0.582089,-6.67662e-06,1.24351e-06,-7.92014e-06,-0.481525,-0.522183,-0.640006,-8.17426e-06,0.00268177,0.0308584,0,0,0
1993-10-13,-0.465027,0.115437,-0.580464,-6.70518e-06,1.22553e-06,-7.93071e-06,-0.481525,-0.525682,-0.641119,-8.32134e-06,0.00384695,0.0308155,0,0,0
1993-10-14,-0.465329,0.115735,-0.581064,-6.71456e-06,1.22642e-06,-7.94098e-06,-0.481525,-0.532688,-0.648423,-8.42161e-06,0.000787559,0.0304949,0,0,0
1993-10-15,-0.464346,0.116486,-0.580832,-6.70382e-06,1.23557e-06,-7.93938e-06,-0.481525,-0.542342,-0.658829,-8.85377e-06,0.00234218,0.0304828,0,0,0
1993-10-19,-0.458534,0.109143,-0.567677,-6.54887e-06,1.15124e-06,-7.70011e-06,-0.481525,-0.558769,-0.667911,-9.07901e-06,0.00177775,0.0302892,0,0,0
1993-10-20,-0.456886,0.106845,-0.563732,-6.52017e-06,1.12922e-06,-7.64939e-06,-0.481525,-0.558004,-0.664849,-8.9949e-06,-0.000297366,0.0304384,0,0,0
1993-10-21,-0.458519,0.104061,-0.56258,-6.5377e-06,1.10181e-06,-7.6395e-06,-0.481525,-0.545305,-0.649366,-8.87869e-06,-0.00234251,0.0302366,0,0,0
1993-10-22,-0.456796,0.102995,-0.559791,-6.528e-06,1.09432e-06,-7.62232e-06,-0.481525,-0.556687,-0.659682,-9.18153e-06,-0.00417213,0.0300193,0,0,0
1993-10-26,-0.463332,0.0978215,-0.561153,-6.62889e-06,1.04505e-06,-7.67394e-06,-0.481525,-0.539983,-0.637805,-8.70206e-06,-0.0048664,0.0300409,0,0,0
1993-10-27,-0.46848,0.0886516,-0.557132,-6.74774e-06,9.54163e-07,-7.7019e-06,-0.481525,-0.538456,-0.627108,-8.67949e-06,-0.00656848,0.0299496,0,0,0
1993-10-28,-0.468457,0.0840307,-0.552488,-6.76146e-06,9.06364e-07,-7.66783e-06,-0.481525,-0.545421,-0.629451,-8.90157e-06,-0.00885421,0.0298661,0,0,0
1993-10-29,-0.554514,0.0803783,-0.634893,-8.38086e-06,8.697e-07,-9.25056e-06,-0.5016,-0.576483,-0.656861,-1.02395e-05,-0.00765927,0.0298471,0,0,0
1993-11-02,-0.561664,0.0824309,-0.644095,-8.44737e-06,8.87903e-07,-9.33528e-06,-0.5016,-0.570925,-0.653356,-1.0199e-05,-0.0115124,0.0301421,0,0,0
1993-11-03,-0.561041,0.0815672,-0.642608,-8.42655e-06,8.78574e-07,-9.30512e-06,-0.5016,-0.569424,-0.650991,-1.01515e-05,-0.00667632,0.0301397,0,0,0
1993-11-04,-0.558858,0.0782282,-0.637086,-8.33016e-06,8.40373e-07,-9.17053e-06,-0.5016,-0.583027,-0.661256,-1.02668e-05,-0.0115401,0.0295888,0,0,0
1993-11-05,-0.557925,0.0802936,-0.638219,-8.31215e-06,8.63397e-07,-9.17555e-06,-0.5016,-0.567169,-0.647462,-9.86893e-06,-0.0134487,0.0298777,0,0,0
1993-11-09,-0.559942,0.0654959,-0.625438,-8.38377e-06,7.07759e-07,-9.09153e-06,-0.5016,-0.571589,-0.637085,-9.7578e-06,-0.0157156,0.0298873,0,0,0
1993-11-10,-0.571288,0.0622194,-0.633507,-8.5261e-06,6.69489e-07,-9.19559e-06,-0.5016,-0.498409,-0.560628,-7.71865e-06,-0.0143232,0.0297691,0,0,0
1993-11-11,-0.585823,0.00947716,-0.5953,-9.04166e-06,1.06818e-07,-9.14848e-06,-0.5016,-0.526529,-0.536006,-7.46193e-06,-0.0111533,0.0289095,0,0,0
1993-11-12,-0.576055,0.0155568,-0.591612,-8.9056e-06,1.7566e-07,-9.08126e-06,-0.5016,-0.559693,-0.57525,-8.31384e-06,-0.0179004,0.0282109,0,0,0
1993-11-16,-0.575675,0.0170236,-0.592699,-8.92765e-06,1.92633e-07,-9.12028e-06,-0.5016,-0.566832,-0.583855,-8.4177e-06,-0.0217568,0.0280315,0,0,0
1993-11-17,-0.582125,0.0158151,-0.59794,-8.94605e-06,1.78545e-07,-9.1246e-06,-0.5016,-0.56821,-0.584025,-8.37235e-06,-0.0200365,0.0281472,0,0,0
1993-11-18,-0.580872,0.0107785,-0.591651,-8.89965e-06,1.22352e-07,-9.022e-06,-0.5016,-0.560102,-0.57088,-8.08203e-06,-0.0212145,0.0282833,0,0,0
1993-11-19,-0.581979,0.00579435,-0.587773,-8.94299e-06,6.58619e-08,-9.00885e-06,-0.5016,-0.565904,-0.571699,-8.26701e-06,-0.0214998,0.0283466,0,0,0
1993-11-23,-0.582263,0.00326712,-0.585531,-8.96308e-06,3.70445e-08,-9.00013e-06,-0.5016,-0.572367,-0.575634,-8.6846e-06,-0.0279654,0.0285178,1,0,0
1993-11-24,-0.583944,-0.00308979,-0.580854,-9.03725e-06,-3.5233e-08,-9.00202e-06,-0.5016,-0.577715,-0.574626,-8.96897e-06,-0.0265706,0.0286621,1,0,0
1993-11-30,-0.0926058,8.58495e-05,-0.0926917,-1.56757e-06,9.758e-10,-1.56855e-06,-0.23394,-0.1167,-0.116786,-1.59607e-06,-0.0259595,0.0286104,1,0,1
1993-12-01,-0.101281,-0.0138856,-0.0873952,-1.73402e-06,-1.60131e-07,-1.57389e-06,-0.23394,-0.0866976,-0.072812,-9.43601e-07,-0.0233706,0.0276797,0,0,1
1993-12-02,-0.104784,-0.0234713,-0.0813123,-1.81714e-06,-2.77164e-07,-1.53997e-06,-0.23394,-0.0874235,-0.0639522,-8.37567e-07,-0.0236513,0.0277237,0,0,2
1993-12-03,-0.104264,-0.0238459,-0.0804186,-1.80793e-06,-2.81467e-07,-1.52646e-06,-0.23394,-0.0392108,-0.0153649,-1.94393e-07,-0.0229587,0.0277852,0,0,2
1993-12-07,-0.119253,-0.0376147,-0.0816379,-2.07052e-06,-4.49749e-07,-1.62077e-06,-0.23394,-0.0615442,-0.0239295,-2.94837e-07,-0.0219268,0.0277632,0,0,2
1993-12-08,-0.117269,-0.0325098,-0.0847589,-2.03895e-06,-3.89919e-07,-1.64903e-06,-0.23394,-0.0556829,-0.023173,-2.78815e-07,-0.0190368,0.0277497,0,0,1
1993-12-09,-0.116789,-0.0344687,-0.0823206,-2.02025e-06,-4.13287e-07,-1.60697e-06,-0.23394,-0.101442,-0.0669737,-8.6727e-07,-0.0203629,0.0277189,0,0,2
1993-12-10,-0.116528,-0.0348893,-0.0816391,-2.01541e-06,-4.18441e-07,-1.59697e-06,-0.23394,-0.0778639,-0.0429745,-5.57596e-07,-0.0177973,0.0270098,0,0,2
1993-12-14,-0.113218,-0.0356629,-0.0775554,-1.96775e-06,-4.29098e-07,-1.53865e-06,-0.23394,-0.0993686,-0.0637057,-7.77335e-07,-0.0199406,0.0255467,0,0,2
1993-12-15,-0.110953,-0.0330593,-0.077894,-1.93614e-06,-4.00319e-07,-1.53582e-06,-0.23394,-0.140925,-0.107866,-1.38121e-06,-0.01759,0.0255065,0,0,2
1993-12-21,-0.109193,-0.0292861,-0.0799067,-1.90861e-06,-3.54447e-07,-1.55417e-06,-0.23394,-0.156591,-0.127305,-1.63186e-06,-0.0183169,0.0251526,0,0,2
1993-12-22,-0.10308,-0.0269124,-0.0761671,-1.79764e-06,-3.2645e-07,-1.47119e-06,-0.23394,-0.136616,-0.109704,-1.41665e-06,-0.0175799,0.0253366,0,0,2
1993-12-23,-0.0892505,-0.0626805,-0.02657,-1.53157e-06,-7.38837e-07,-7.92728e-07,-0.23394,-0.159751,-0.0970709,-1.30664e-06,-0.0191496,0.0247047,0,0,2
1993-12-28,-0.0884602,-0.0644444,-0.0240159,-1.51912e-06,-7.57121e-07,-7.62004e-07,-0.23394,-0.219666,-0.155221,-2.32272e-06,-0.0185821,0.027702,0,0,2
1993-12-29,-0.0897222,-0.0654848,-0.0242373,-1.54183e-06,-7.6984e-07,-7.71993e-07,-0.23394,-0.239632,-0.174148,-2.57421e-06,-0.0140327,0.0271905,0,0,2
1993-12-30,-0.0465013,-0.0597694,0.0132681,-6.48212e-07,-7.06881e-07,5.86687e-08,0.11558,-0.280719,-0.220949,-3.0826e-06,-0.0118443,0.0270524,0,0,2
1994-01-04,-0.0466049,-0.0607879,0.0141829,-6.51331e-07,-7.1852e-07,6.71889e-08,0.11558,-0.297896,-0.237108,-3.28706e-06,-0.015586,0.0262812,0,0,2
1994-01-05,-0.0448852,-0.0609037,0.0160185,-6.27919e-07,-7.19801e-07,9.18823e-08,0.11558,-0.285667,-0.224763,-3.04304e-06,-0.0150059,0.0265093,0,0,2
1994-01-06,-0.0505433,-0.0659235,0.0153802,-7.08207e-07,-7.82268e-07,7.40618e-08,0.11558,-0.297229,-0.231306,-3.2353e-06,-0.0148971,0.0265527,0,0,2
1994-01-11,-0.0531674,-0.0653042,0.0121368,-7.43298e-07,-7.75567e-07,3.22689e-08,0.11558,-0.314954,-0.24965,-3.42263e-06,-0.0110351,0.0254016,0,0,2
1994-01-12,-0.0443397,-0.0565744,0.0122347,-6.23566e-07,-6.76783e-07,5.32177e-08,0.11558,-0.334956,-0.278381,-3.8734e-06,-0.0151309,0.0248189,0,0,2
1994-01-13,-0.0410268,-0.0556603,0.0146334,-5.76204e-07,-6.66722e-07,9.0518e-08,0.11558,-0.370581,-0.31492,-4.72905e-06,-0.0162123,0.024826,0,0,2
1994-01-18,-0.0568767,-0.0703574,0.0134807,-8.05111e-07,-8.56846e-07,5.17351e-08,0.11558,-0.354159,-0.283802,-4.52218e-06,-0.0149417,0.0248552,0,0,2
1994-01-19,-0.0559504,-0.0682774,0.012327,-7.90808e-07,-8.31578e-07,4.07699e-08,0.11558,-0.357424,-0.289147,-4.82145e-06,-0.0148089,0.0264712,0,0,2
1994-01-20,-0.0637031,-0.0765432,0.0128401,-9.07871e-07,-9.40132e-07,3.22615e-08,0.11558,-0.326787,-0.250243,-4.36408e-06,-0.0146081,0.0278784,0,0,2
1994-01-25,-0.0623468,-0.0786764,0.0163295,-8.86131e-07,-9.65713e-07,7.95821e-08,0.11558,-0.304966,-0.226289,-4.15027e-06,-0.0130172,0.0277138,0,0,2
1994-01-26,-0.0599714,-0.0782371,0.0182657,-8.54164e-07,-9.60619e-07,1.06455e-07,0.11558,-0.297981,-0.219744,-4.06912e-06,-0.0140034,0.0273836,0,0,2
1994-01-27,-0.0573346,-0.0812081,0.0238735,-8.15394e-07,-9.94598e-07,1.79204e-07,0.11558,-0.293922,-0.212714,-3.99906e-06,-0.0133413,0.0275831,0,0,2
1994-01-28,-0.582313,-0.0901661,-0.492146,-9.81346e-06,-1.11641e-06,-8.69705e-06,-0.316551,-0.583363,-0.493197,-1.16928e-05,-0.0148633,0.0277293,0,0,0
1994-02-01,-0.585042,-0.0939768,-0.491065,-9.84141e-06,-1.16154e-06,-8.67987e-06,-0.316551,-0.558894,-0.464917,-1.11277e-05,-0.017419,0.0277404,0,0,0
1994-02-02,-0.58585,-0.0987568,-0.487093,-9.88642e-06,-1.22716e-06,-8.65926e-06,-0.316551,-0.557952,-0.459196,-1.10488e-05,-0.0201089,0.028012,0,0,0
1994-02-03,-0.585931,-0.0980784,-0.487853,-9.88975e-06,-1.21266e-06,-8.67709e-06,-0.316551,-0.552994,-0.454915,-1.0508e-05,-0.0153024,0.0279196,0,0,0
1994-02-04,-0.58631,-0.109029,-0.477281,-1.00203e-05,-1.37341e-06,-8.64694e-06,-0.316551,-0.551091,-0.442062,-1.0318e-05,-0.0137357,0.0279959,0,0,0
1994-02-08,-0.585854,-0.108122,-0.477732,-1.00027e-05,-1.36068e-06,-8.642e-06,-0.316551,-0.551687,-0.443565,-1.03252e-05,-0.014172,0.0280992,0,0,0
1994-02-09,-0.586634,-0.111423,-0.47521,-1.00386e-05,-1.40816e-06,-8.6304e-06,-0.316551,-0.5415,-0.430076,-9.90142e-06,-0.0143446,0.0282751,0,0,0
1994-02-10,-0.589223,-0.116306,-0.472917,-1.01064e-05,-1.47754e-06,-8.62889e-06,-0.316551,-0.546539,-0.430233,-1.00689e-05,-0.0149558,0.0286878,0,0,0
1994-02-11,-0.589169,-0.119843,-0.469326,-1.01042e-05,-1.51596e-06,-8.58823e-06,-0.316551,-0.542234,-0.422391,-1.00038e-05,-0.0139217,0.0287416,0,0,0
1994-02-15,-0.590545,-0.121959,-0.468586,-1.01157e-05,-1.54035e-06,-8.57533e-06,-0.316551,-0.583287,-0.461328,-1.23062e-05,-0.0157511,0.0290322,0,0,0
1994-02-16,-0.591512,-0.124694,-0.466817,-1.01712e-05,-1.58016e-06,-8.59107e-06,-0.316551,-0.58102,-0.456326,-1.2256e-05,-0.0142358,0.0290581,0,0,0
1994-02-17,-0.590805,-0.124451,-0.466354,-1.01423e-05,-1.57674e-06,-8.56557e-06,-0.316551,-0.57841,-0.453959,-1.20671e-05,-0.0125866,0.0298402,0,0,0
1994-02-18,-0.591294,-0.13004,-0.461254,-1.01679e-05,-1.651e-06,-8.51687e-06,-0.316551,-0.604861,-0.474821,-1.35481e-05,-0.00951521,0.0307625,0,0,0
1994-02-23,-0.592428,-0.134446,-0.457982,-1.02237e-05,-1.71644e-06,-8.50727e-06,-0.316551,-0.608397,-0.473951,-1.35786e-05,-0.006283,0.0311334,0,0,0
1994-02-24,-0.591386,-0.133588,-0.457798,-1.02119e-05,-1.70678e-06,-8.50514e-06,-0.316551,-0.612623,-0.479035,-1.37453e-05,-0.00388794,0.0309451,0,0,0
1994-02-25,-0.662323,-0.134127,-0.528196,-9.65177e-06,-1.71927e-06,-7.9325e-06,-0.7107,-0.795249,-0.661122,-1.70208e-05,-0.0029537,0.0311548,0,0,0
1994-03-01,-0.662489,-0.14123,-0.521258,-9.66113e-06,-1.79892e-06,-7.86221e-06,-0.7107,-0.794203,-0.652972,-1.68361e-05,-0.0035734,0.0313684,0,0,0
1994-03-02,-0.662581,-0.14233,-0.520251,-9.67707e-06,-1.81491e-06,-7.86216e-06,-0.7107,-0.787887,-0.645557,-1.66914e-05,-0.00540909,0.0313534,0,0,0
1994-03-03,-0.660558,-0.156578,-0.50398,-9.58513e-06,-1.97536e-06,-7.60977e-06,-0.7107,-0.785319,-0.628741,-1.62301e-05,-0.00797857,0.0313397,0,0,0
1994-03-04,-0.663737,-0.160081,-0.503656,-9.67603e-06,-2.02902e-06,-7.64701e-06,-0.7107,-0.791325,-0.631244,-1.67473e-05,-0.00952975,0.0320515,0,0,0
1994-03-08,-0.664917,-0.16991,-0.495007,-9.73363e-06,-2.14998e-06,-7.58365e-06,-0.7107,-0.79038,-0.62047,-1.66132e-05,-0.00935686,0.0320879,0,0,0
1994-03-09,-0.664156,-0.176045,-0.488111,-9.67873e-06,-2.21609e-06,-7.46264e-06,-0.7107,-0.79544,-0.619395,-1.65716e-05,-0.0080768,0.0317899,0,0,0
1994-03-10,-0.661159,-0.175658,-0.4855,-9.67127e-06,-2.22058e-06,-7.45069e-06,-0.7107,-0.793453,-0.617795,-1.65204e-05,-0.00656948,0.0317853,0,0,0
1994-03-11,-0.66165,-0.178847,-0.482803,-9.70463e-06,-2.26946e-06,-7.43517e-06,-0.7107,-0.796555,-0.617708,-1.66274e-05,-0.00333132,0.0320126,0,0,0
1994-03-15,-0.660268,-0.184269,-0.475999,-9.74289e-06,-2.34609e-06,-7.3968e-06,-0.7107,-0.804816,-0.620548,-1.72874e-05,-0.00497923,0.0320313,0,0,0
1994-03-16,-0.6597,-0.185228,-0.474473,-9.7357e-06,-2.3562e-06,-7.3795e-06,-0.7107,-0.79577,-0.610543,-1.71157e-05,-0.00840716,0.0318638,0,0,0
1994-03-17,-0.658807,-0.18458,-0.474227,-9.71599e-06,-2.34795e-06,-7.36804e-06,-0.7107,-0.791804,-0.607224,-1.68029e-05,-0.00830341,0.0320075,0,0,0
1994-03-18,-0.659743,-0.190374,-0.469369,-9.75805e-06,-2.43266e-06,-7.32539e-06,-0.7107,-0.780585,-0.590211,-1.63796e-05,-0.0145758,0.0320743,0,0,0
1994-03-22,-0.660485,-0.193802,-0.466683,-9.80067e-06,-2.4875e-06,-7.31317e-06,-0.7107,-0.77823,-0.584428,-1.61543e-05,-0.012521,0.0321025,0,0,0
1994-03-23,-0.66109,-0.196237,-0.464853,-9.83042e-06,-2.52063e-06,-7.30978e-06,-0.7107,-0.781552,-0.585315,-1.63262e-05,-0.0131406,0.0319669,0,0,0
1994-03-24,-0.663497,-0.197297,-0.4662,-9.86819e-06,-2.5399e-06,-7.32829e-06,-0.7107,-0.789305,-0.592008,-1.63909e-05,-0.0116472,0.031711,0,0,0
1994-03-25,-0.65849,-0.200778,-0.457712,-9.78881e-06,-2.57977e-06,-7.20904e-06,-0.7107,-0.787152,-0.586374,-1.66207e-05,-0.0149093,0.0321227,0,0,0
1994-03-29,-0.559054,-0.202781,-0.356273,-9.07431e-06,-2.59481e-06,-6.4795e-06,-0.173953,-0.704768,-0.501987,-1.8462e-05,-0.0169692,0.0328958,0,0,1
1994-04-05,-0.555826,-0.207402,-0.348424,-8.97902e-06,-2.65177e-06,-6.32725e-06,-0.173953,-0.705081,-0.497678,-1.81671e-05,-0.0180161,0.0326345,0,0,1
1994-04-06,-0.556949,-0.212866,-0.344083,-9.06278e-06,-2.74448e-06,-6.3183e-06,-0.173953,-0.686755,-0.473889,-1.74835e-05,-0.0212817,0.0324076,0,0,1
1994-04-07,-0.55826,-0.216513,-0.341747,-9.12434e-06,-2.80959e-06,-6.31475e-06,-0.173953,-0.68118,-0.464667,-1.73204e-05,-0.0212821,0.0326167,0,0,1
1994-04-08,-0.55809,-0.216876,-0.341214,-9.11696e-06,-2.81194e-06,-6.30503e-06,-0.173953,-0.680193,-0.463317,-1.72184e-05,-0.0236285,0.0328568,0,0,1
1994-04-12,-0.558914,-0.220367,-0.338547,-9.13933e-06,-2.86011e-06,-6.27922e-06,-0.173953,-0.676229,-0.455862,-1.71546e-05,-0.018241,0.0328889,0,0,1
1994-04-13,-0.560384,-0.223146,-0.337238,-9.16612e-06,-2.90875e-06,-6.25737e-06,-0.173953,-0.669792,-0.446647,-1.72309e-05,-0.012781,0.0345863,0,0,1
1994-04-14,-0.560457,-0.224141,-0.336316,-9.17198e-06,-2.9223e-06,-6.24968e-06,-0.173953,-0.681049,-0.456908,-1.75174e-05,-0.00837773,0.034109,0,0,1
1994-04-15,-0.558154,-0.222347,-0.335807,-9.14071e-06,-2.90319e-06,-6.23751e-06,-0.173953,-0.677738,-0.455392,-1.74393e-05,-0.00883838,0.034393,0,0,1
1994-04-19,-0.559206,-0.225803,-0.333403,-9.1682e-06,-2.94923e-06,-6.21898e-06,-0.173953,-0.673502,-0.447699,-1.74022e-05,-0.0107106,0.0356466,0,0,1
1994-04-21,-0.559953,-0.227018,-0.332935,-9.1865e-06,-2.97005e-06,-6.21645e-06,-0.173953,-0.665923,-0.438905,-1.6971e-05,-0.00797988,0.0356912,0,0,1
1994-04-26,-0.561493,-0.23141,-0.330083,-9.2584e-06,-3.04901e-06,-6.20939e-06,-0.173953,-0.669758,-0.438347,-1.73541e-05,-0.0116045,0.0375893,0,0,1
1994-04-29,-0.452774,-0.234536,-0.218239,-5.08986e-06,-3.08914e-06,-2.00072e-06,-0.0112452,-0.410675,-0.176139,-4.78876e-06,-0.0107802,0.0377681,0,0,1
1994-05-03,-0.451097,-0.240242,-0.210855,-5.0674e-06,-3.17662e-06,-1.89078e-06,-0.0112452,-0.398026,-0.157784,-4.63062e-06,-0.0137115,0.0377805,0,0,1
1994-05-04,-0.451448,-0.242221,-0.209228,-5.07482e-06,-3.20283e-06,-1.87199e-06,-0.0112452,-0.39927,-0.15705,-4.62554e-06,-0.0109793,0.0376029,0,0,1
1994-05-05,-0.448907,-0.240448,-0.208459,-5.04637e-06,-3.18191e-06,-1.86446e-06,-0.0112452,-0.395003,-0.154555,-4.58182e-06,-0.0101845,0.0376192,0,0,1
1994-05-06,-0.450816,-0.242122,-0.208695,-5.07156e-06,-3.20752e-06,-1.86404e-06,-0.0112452,-0.434465,-0.192343,-4.86757e-06,-0.00212842,0.0354624,0,0,1
1994-05-10,-0.434204,-0.232517,-0.201687,-4.99488e-06,-3.14914e-06,-1.84574e-06,-0.0112452,-0.424805,-0.192288,-4.86894e-06,-0.00177684,0.0355485,0,0,1
1994-05-11,-0.435329,-0.230544,-0.204786,-5.00845e-06,-3.12106e-06,-1.88739e-06,-0.0112452,-0.424326,-0.193783,-4.90338e-06,-0.00159505,0.0366315,0,0,1
1994-05-12,-0.442846,-0.23336,-0.209486,-5.07081e-06,-3.14978e-06,-1.92104e-06,-0.0112452,-0.429763,-0.196404,-4.99692e-06,-0.00277633,0.0365603,0,0,1
1994-05-13,-0.440516,-0.232396,-0.20812,-5.03319e-06,-3.13519e-06,-1.898e-06,-0.0112452,-0.440615,-0.208219,-5.22277e-06,-0.00139196,0.0362843,0,0,1
1994-05-17,-0.437436,-0.231884,-0.205552,-5.00576e-06,-3.12849e-06,-1.87727e-06,-0.0112452,-0.442541,-0.210657,-5.11699e-06,-0.00359771,0.0363291,0,0,1
1994-05-19,-0.440205,-0.234533,-0.205672,-5.0638e-06,-3.18182e-06,-1.88198e-06,-0.0112452,-0.444056,-0.209523,-5.10494e-06,-0.00133049,0.0374607,0,0,1
1994-05-20,-0.439531,-0.234284,-0.205247,-5.05686e-06,-3.1782e-06,-1.87866e-06,-0.0112452,-0.447289,-0.213006,-5.18906e-06,-0.00271194,0.0373549,0,0,1
1994-05-24,-0.440101,-0.233363,-0.206739,-5.06196e-06,-3.1679e-06,-1.89406e-06,-0.0112452,-0.458324,-0.224961,-5.79322e-06,-0.00233495,0.0375115,0,0,1
1994-05-25,-0.443819,-0.238309,-0.205509,-5.09189e-06,-3.21217e-06,-1.87972e-06,-0.0112452,-0.461011,-0.222702,-5.78706e-06,-0.00258639,0.0378789,0,0,1
1994-05-26,-0.441855,-0.244148,-0.197706,-5.07159e-06,-3.27476e-06,-1.79683e-06,-0.0112452,-0.423619,-0.17947,-4.35543e-06,-0.00511157,0.0370523,0,0,1
1994-05-27,-0.355693,-0.258758,-0.0969341,-5.50612e-06,-3.57302e-06,-1.9331e-06,-0.21552,-0.165419,0.0933394,8.4536e-07,-0.00987695,0.0362615,0,0,1
1994-06-01,-0.352922,-0.252907,-0.100016,-5.43618e-06,-3.50708e-06,-1.9291e-06,-0.21552,-0.163647,0.0892594,8.19874e-07,-0.0114045,0.0363887,0,0,1
1994-06-02,-0.359648,-0.255268,-0.104381,-5.53486e-06,-3.55291e-06,-1.98195e-06,-0.21552,-0.165501,0.0897664,8.35188e-07,-0.0142406,0.036347,0,0,1
1994-06-03,-0.358597,-0.257509,-0.101089,-5.52019e-06,-3.58063e-06,-1.93957e-06,-0.21552,-0.172278,0.0852302,7.63551e-07,-0.0116091,0.0366207,0,0,1
1994-06-07,-0.359786,-0.259643,-0.100142,-5.53219e-06,-3.60274e-06,-1.92945e-06,-0.21552,-0.122731,0.136912,1.69347e-06,-0.0141907,0.0375389,0,0,1
1994-06-08,-0.369488,-0.271532,-0.0979564,-5.76547e-06,-3.83735e-06,-1.92812e-06,-0.21552,-0.116568,0.154964,2.06859e-06,-0.0116896,0.0372055,0,0,1
1994-06-09,-0.366245,-0.275204,-0.0910405,-5.74841e-06,-3.91223e-06,-1.83619e-06,-0.21552,-0.0866071,0.188597,2.59445e-06,-0.0164939,0.0371031,0,0,1
1994-06-10,-0.365823,-0.29065,-0.075173,-5.75288e-06,-4.09777e-06,-1.65511e-06,-0.21552,-0.118541,0.172109,2.2563e-06,-0.015646,0.0366046,0,0,2
1994-06-14,-0.36397,-0.288794,-0.0751757,-5.72457e-06,-4.07297e-06,-1.6516e-06,-0.21552,-0.16257,0.126224,1.41638e-06,-0.0174185,0.0367813,0,0,2
1994-06-15,-0.364305,-0.290826,-0.0734793,-5.73349e-06,-4.09881e-06,-1.63468e-06,-0.21552,-0.16459,0.126236,1.3952e-06,-0.0174818,0.0379249,0,0,2
1994-06-16,-0.36262,-0.290249,-0.0723709,-5.69525e-06,-4.09014e-06,-1.60511e-06,-0.21552,-0.158595,0.131654,1.50885e-06,-0.0180664,0.0379844,0,0,2
1994-06-17,-0.370286,-0.295593,-0.0746926,-5.813e-06,-4.16961e-06,-1.64339e-06,-0.21552,-0.148034,0.147559,1.75219e-06,-0.0213857,0.0385404,0,0,2
1994-06-21,-0.37224,-0.29746,-0.0747806,-5.83849e-06,-4.20206e-06,-1.63643e-06,-0.21552,-0.104672,0.192788,2.50369e-06,-0.0221721,0.0385392,0,0,2
1994-06-22,-0.378794,-0.307954,-0.0708402,-5.99113e-06,-4.3869e-06,-1.60423e-06,-0.21552,-0.0643077,0.243646,3.3981e-06,-0.0188895,0.0392917,0,0,2
1994-06-23,-0.384187,-0.317582,-0.0666056,-6.13733e-06,-4.57507e-06,-1.56226e-06,-0.21552,-0.0528087,0.264773,3.75078e-06,-0.0211262,0.0391765,0,0,2
1994-06-24,-0.382816,-0.32106,-0.0617559,-6.10804e-06,-4.61361e-06,-1.49443e-06,-0.21552,-0.0661328,0.254927,3.58461e-06,-0.0140442,0.0382184,0,0,2
1994-06-28,-0.378317,-0.317506,-0.0608104,-6.04198e-06,-4.57886e-06,-1.46312e-06,-0.21552,-0.0940905,0.223416,3.09183e-06,-0.0162783,0.0377734,0,0,2
1994-06-29,-0.37223,-0.317367,-0.0548624,-5.94487e-06,-4.57595e-06,-1.36891e-06,-0.21552,-0.108003,0.209364,2.88337e-06,-0.0143132,0.0371853,0,0,2
1994-06-30,-0.824464,-0.315351,-0.509113,-1.58205e-05,-4.55425e-06,-1.12663e-05,-0.643949,-0.781036,-0.465685,-6.78399e-06,-0.0133654,0.0372504,0,0,0
1994-07-01,-0.824231,-0.319086,-0.505144,-1.57966e-05,-4.59081e-06,-1.12058e-05,-0.643949,-0.786522,-0.467435,-6.56724e-06,-0.0139154,0.0369229,0,0,0
1994-07-06,-0.822161,-0.324908,-0.497253,-1.58592e-05,-4.71868e-06,-1.11405e-05,-0.643949,-0.792458,-0.46755,-6.41486e-06,-0.0148622,0.0368763,0,0,0
1994-07-07,-0.819959,-0.325217,-0.494742,-1.56993e-05,-4.72245e-06,-1.09769e-05,-0.643949,-0.791626,-0.466409,-6.79676e-06,-0.0200359,0.0375718,0,0,0
1994-07-08,-0.819914,-0.325708,-0.494206,-1.57169e-05,-4.7355e-06,-1.09813e-05,-0.643949,-0.784119,-0.458411,-6.24415e-06,-0.0200719,0.0375544,0,0,0
1994-07-12,-0.820789,-0.333623,-0.487167,-1.58479e-05,-4.90482e-06,-1.0943e-05,-0.643949,-0.806582,-0.47296,-6.23451e-06,-0.0144083,0.0365334,0,0,0
1994-07-13,-0.81463,-0.328346,-0.486284,-1.57777e-05,-4.84824e-06,-1.09295e-05,-0.643949,-0.804978,-0.476632,-6.34987e-06,-0.0105498,0.0366048,0,0,0
1994-07-14,-0.81366,-0.328384,-0.485276,-1.56646e-05,-4.84862e-06,-1.0816e-05,-0.643949,-0.817635,-0.489251,-7.1255e-06,-0.00820291,0.038087,0,0,0
1994-07-15,-0.813074,-0.327411,-0.485663,-1.56401e-05,-4.83171e-06,-1.08084e-05,-0.643949,-0.793867,-0.466456,-5.51547e-06,-0.00225151,0.0380538,0,0,0
1994-07-19,-0.816021,-0.350588,-0.465434,-1.59931e-05,-5.32668e-06,-1.06664e-05,-0.643949,-0.82067,-0.470082,-5.54462e-06,0.00277581,0.0375059,0,0,0
1994-07-20,-0.811569,-0.34763,-0.463939,-1.59102e-05,-5.29332e-06,-1.06169e-05,-0.643949,-0.83394,-0.48631,-5.85739e-06,0.00431676,0.0370751,0,0,0
1994-07-21,-0.80958,-0.345992,-0.463588,-1.58779e-05,-5.27487e-06,-1.0603e-05,-0.643949,-0.834451,-0.48846,-5.83701e-06,0.00533312,0.0368762,0,0,0
1994-07-22,-0.808688,-0.34953,-0.459158,-1.5783e-05,-5.33681e-06,-1.04462e-05,-0.643949,-0.839574,-0.490044,-5.91877e-06,0.00271443,0.037762,0,0,0
1994-07-26,-0.807903,-0.349743,-0.45816,-1.57389e-05,-5.34063e-06,-1.03982e-05,-0.643949,-0.843303,-0.49356,-6.20045e-06,0.00413349,0.0382477,0,0,0
1994-07-27,-0.808671,-0.349986,-0.458685,-1.57344e-05,-5.34791e-06,-1.03865e-05,-0.643949,-0.846436,-0.49645,-6.37771e-06,0.00276158,0.0383866,0,0,0
1994-07-28,-0.80803,-0.350667,-0.457364,-1.57377e-05,-5.35585e-06,-1.03818e-05,-0.643949,-0.839587,-0.48892,-5.99934e-06,0.00723036,0.038895,0,0,0
1994-07-29,-0.255857,-0.355398,0.0995414,-4.00757e-06,-5.43718e-06,1.42961e-06,-0.0696588,-0.094317,0.261081,4.27654e-06,0.00603265,0.0389016,0,0,2
1994-08-02,-0.254314,-0.36215,0.107836,-3.98804e-06,-5.5509e-06,1.56286e-06,-0.0696588,-0.0991737,0.262977,4.34281e-06,0.00858088,0.0395942,0,0,2
1994-08-03,-0.251236,-0.359632,0.108396,-3.93752e-06,-5.52424e-06,1.58672e-06,-0.0696588,-0.0588932,0.300739,4.80897e-06,0.0071695,0.0395931,0,0,2
1994-08-04,-0.252227,-0.358486,0.106259,-3.97951e-06,-5.53965e-06,1.56014e-06,-0.0696588,-0.0704112,0.288074,4.66733e-06,0.0106962,0.0403166,0,0,2
1994-08-05,-0.252036,-0.35835,0.106314,-3.945e-06,-5.53971e-06,1.59471e-06,-0.0696588,-0.0574055,0.300944,4.78393e-06,0.0108439,0.0406055,0,0,2
1994-08-09,-0.250367,-0.369543,0.119175,-3.90903e-06,-5.68543e-06,1.77639e-06,-0.0696588,-0.0492709,0.320272,5.03602e-06,0.0111265,0.0407053,0,0,3
1994-08-10,-0.251656,-0.369858,0.118203,-3.93116e-06,-5.69797e-06,1.76681e-06,-0.0696588,-0.0878765,0.281982,4.52298e-06,0.0171978,0.0402158,0,0,3
1994-08-11,-0.249338,-0.368769,0.11943,-3.9034e-06,-5.68548e-06,1.78208e-06,-0.0696588,-0.0787665,0.290002,4.64293e-06,0.0171718,0.0405691,0,0,3
1994-08-12,-0.253196,-0.378898,0.125703,-3.93711e-06,-5.81506e-06,1.87795e-06,-0.0696588,-0.149166,0.229732,3.93174e-06,0.0241529,0.0389491,0,0,3
1994-08-16,-0.251329,-0.366853,0.115524,-3.92384e-06,-5.68919e-06,1.76535e-06,-0.0696588,-0.148206,0.218647,3.82055e-06,0.0265496,0.0389594,1,0,3
1994-08-17,-0.252475,-0.367857,0.115382,-3.93936e-06,-5.70301e-06,1.76364e-06,-0.0696588,-0.14195,0.225907,3.92941e-06,0.0241176,0.038953,0,0,3
1994-08-18,-0.254626,-0.36832,0.113694,-3.97876e-06,-5.72403e-06,1.74526e-06,-0.0696588,-0.137251,0.231069,4.02853e-06,0.0231942,0.040482,0,0,2
1994-08-19,-0.251075,-0.363498,0.112424,-3.94232e-06,-5.68795e-06,1.74564e-06,-0.0696588,-0.146303,0.217196,3.85812e-06,0.0266001,0.0408259,1,0,2
1994-08-23,-0.25115,-0.368845,0.117695,-3.93248e-06,-5.75027e-06,1.81779e-06,-0.0696588,-0.174077,0.194769,3.64347e-06,0.022768,0.0400018,0,0,3
1994-08-24,-0.245259,-0.366276,0.121017,-3.85566e-06,-5.73128e-06,1.87562e-06,-0.0696588,-0.17713,0.189146,3.58544e-06,0.0210675,0.0399584,0,0,3
1994-08-30,-0.243542,-0.36492,0.121379,-3.8262e-06,-5.71583e-06,1.88963e-06,-0.0696588,-0.162973,0.201947,3.79277e-06,0.0237013,0.039942,0,0,3
1994-08-31,-0.433468,-0.372491,-0.0609773,-7.53638e-06,-5.83778e-06,-1.6986e-06,-0.256068,-0.157045,0.215446,3.86853e-06,0.0259769,0.0402869,1,0,2
1994-09-01,-0.431883,-0.374792,-0.0570906,-7.48799e-06,-5.89399e-06,-1.594e-06,-0.256068,-0.222917,0.151875,2.91819e-06,0.0323668,0.0400803,1,0,2
1994-09-02,-0.425072,-0.396683,-0.0283892,-7.29812e-06,-6.13909e-06,-1.15903e-06,-0.256068,-0.251979,0.144704,2.64496e-06,0.0320682,0.0405195,1,0,2
1994-09-07,-0.424118,-0.395889,-0.0282295,-7.28018e-06,-6.13218e-06,-1.148e-06,-0.256068,-0.253487,0.142402,2.65659e-06,0.0312164,0.0400016,1,0,2
1994-09-08,-0.429445,-0.397113,-0.0323317,-7.39751e-06,-6.18881e-06,-1.20871e-06,-0.256068,-0.25266,0.144453,2.72392e-06,0.0269949,0.0395889,1,0,2
1994-09-09,-0.421239,-0.398481,-0.0227572,-7.22961e-06,-6.20589e-06,-1.02372e-06,-0.256068,-0.240925,0.157557,2.82807e-06,0.0325488,0.0402861,1,0,2
1994-09-13,-0.42246,-0.406384,-0.0160763,-7.2156e-06,-6.29011e-06,-9.25486e-07,-0.256068,-0.245698,0.160686,2.86479e-06,0.0336789,0.0401807,1,0,2
1994-09-14,-0.423023,-0.407188,-0.0158344,-7.22381e-06,-6.293e-06,-9.30814e-07,-0.256068,-0.241923,0.165265,2.93832e-06,0.0315917,0.0405731,1,0,2
1994-09-15,-0.423128,-0.40478,-0.0183484,-7.22791e-06,-6.24764e-06,-9.80269e-07,-0.256068,-0.294163,0.110617,2.01904e-06,0.0275361,0.0404888,1,0,2
1994-09-16,-0.416265,-0.397092,-0.0191729,-7.13118e-06,-6.16572e-06,-9.65459e-07,-0.256068,-0.29729,0.0998028,1.89963e-06,0.0303905,0.0407601,1,0,2
1994-09-20,-0.417002,-0.398528,-0.0184735,-7.1501e-06,-6.19155e-06,-9.58552e-07,-0.256068,-0.232927,0.165601,2.92716e-06,0.0280781,0.0420049,1,0,2
1994-09-21,-0.422551,-0.404678,-0.0178731,-7.28668e-06,-6.35539e-06,-9.31297e-07,-0.256068,-0.233096,0.171582,3.07681e-06,0.0263612,0.0416744,1,0,2
1994-09-22,-0.419191,-0.403973,-0.0152182,-7.15196e-06,-6.34503e-06,-8.06923e-07,-0.256068,-0.221214,0.182759,3.24355e-06,0.0261262,0.0421593,1,0,2
1994-09-27,-0.4234,-0.407902,-0.0154978,-7.21524e-06,-6.40248e-06,-8.12752e-07,-0.256068,-0.217197,0.190705,3.35631e-06,0.0218169,0.0423825,0,0,2
1994-09-28,-0.421687,-0.428475,0.00678784,-7.1543e-06,-6.6235e-06,-5.30802e-07,-0.256068,-0.213137,0.215338,3.65406e-06,0.0196238,0.0429146,0,0,2
1994-09-29,0.445604,-0.427379,0.872982,7.19232e-06,-6.60688e-06,1.37992e-05,0.607171,0.380728,0.808107,1.08655e-05,0.022177,0.0428588,0,0,4
1994-10-04,0.443491,-0.428439,0.871929,7.14666e-06,-6.63689e-06,1.37836e-05,0.607171,0.373655,0.802094,1.07934e-05,0.0183064,0.0428304,0,0,4
1994-10-05,0.446709,-0.431185,0.877894,7.20562e-06,-6.66316e-06,1.38688e-05,0.607171,0.345309,0.776494,1.04938e-05,0.0201729,0.0421009,0,0,4
1994-10-06,0.449985,-0.429674,0.879659,7.27915e-06,-6.64309e-06,1.39222e-05,0.607171,0.344674,0.774348,1.04665e-05,0.018451,0.0420536,0,0,4
1994-10-07,0.448754,-0.429196,0.87795,7.24086e-06,-6.63837e-06,1.38792e-05,0.607171,0.384823,0.814019,1.07914e-05,0.0168001,0.0424898,0,0,4
1994-10-13,0.435839,-0.434055,0.869895,6.99756e-06,-6.71889e-06,1.37165e-05,0.607171,0.382414,0.816469,1.08646e-05,0.0144977,0.0424003,0,0,4
1994-10-14,0.433967,-0.433738,0.867705,6.95681e-06,-6.72215e-06,1.3679e-05,0.607171,0.387161,0.820898,1.10005e-05,0.0135081,0.0427259,0,0,4
1994-10-18,0.434484,-0.432662,0.867146,6.96957e-06,-6.71066e-06,1.36802e-05,0.607171,0.369535,0.802197,1.07272e-05,0.0133572,0.041688,0,0,4
1994-10-19,0.437472,-0.423607,0.861079,7.05195e-06,-6.60791e-06,1.36599e-05,0.607171,0.375077,0.798684,1.0683e-05,0.0156016,0.0424058,0,0,4
1994-10-20,0.442097,-0.427868,0.869965,7.10514e-06,-6.65656e-06,1.37617e-05,0.607171,0.353064,0.780932,1.04406e-05,0.0172621,0.0422363,0,0,4
1994-10-21,0.444026,-0.425156,0.869183,7.16003e-06,-6.62655e-06,1.37866e-05,0.607171,0.416721,0.841877,1.11026e-05,0.0147913,0.0435646,0,0,4
1994-10-25,0.436769,-0.427867,0.864636,7.07891e-06,-6.69917e-06,1.37781e-05,0.607171,0.417375,0.845242,1.11804e-05,0.010918,0.0435712,0,0,4
1994-10-26,0.438021,-0.418587,0.856607,7.12031e-06,-6.59388e-06,1.37142e-05,0.607171,0.426202,0.844789,1.11518e-05,0.005849,0.0439026,0,0,4
1994-10-27,0.444411,-0.417542,0.861952,7.17711e-06,-6.54662e-06,1.37237e-05,0.607171,0.450283,0.867824,1.17383e-05,0.00467032,0.0450823,0,0,4
1994-10-28,-0.266955,-0.417772,0.150817,-5.45443e-06,-6.5491e-06,1.09467e-06,-0.330825,-0.0278039,0.389968,6.16441e-06,0.000985698,0.0454822,0,0,3
1994-11-02,-0.267729,-0.419089,0.151361,-5.4816e-06,-6.56557e-06,1.08397e-06,-0.330825,-0.0219363,0.397153,6.26142e-06,0.00296163,0.0460064,0,0,3
1994-11-03,-0.272076,-0.422649,0.150573,-5.54714e-06,-6.59979e-06,1.05265e-06,-0.330825,-0.0184293,0.40422,6.34463e-06,0.00591341,0.046186,0,0,3
1994-11-04,-0.2712,-0.42276,0.15156,-5.52407e-06,-6.60422e-06,1.08015e-06,-0.330825,-0.0174703,0.40529,6.36029e-06,0.00347584,0.046238,0,0,3
1994-11-08,-0.269857,-0.424905,0.155048,-5.49097e-06,-6.62556e-06,1.13459e-06,-0.330825,-0.0109776,0.413927,6.47129e-06,0.00130732,0.0471484,0,0,3
1994-11-09,-0.263183,-0.421896,0.158713,-5.3056e-06,-6.52923e-06,1.22363e-06,-0.330825,-0.0186174,0.403279,6.27169e-06,0.00168078,0.04669,0,0,3
1994-11-10,-0.261671,-0.419478,0.157807,-5.29692e-06,-6.52114e-06,1.22422e-06,-0.330825,-0.0127905,0.406688,6.34293e-06,0.00140861,0.0466987,0,0,3
1994-11-11,-0.261803,-0.419431,0.157628,-5.29872e-06,-6.5207e-06,1.22198e-06,-0.330825,-0.0234663,0.395965,6.19277e-06,0.0012091,0.046567,0,0,3
1994-11-15,-0.260323,-0.418031,0.157708,-5.26522e-06,-6.49832e-06,1.2331e-06,-0.330825,-0.0240464,0.393985,6.15977e-06,0.00910254,0.0467021,0,0,3
1994-11-16,-0.262628,-0.423662,0.161034,-5.27214e-06,-6.51213e-06,1.23999e-06,-0.330825,-0.060521,0.363141,5.68884e-06,0.00105926,0.0449998,0,0,3
1994-11-17,-0.238277,-0.412235,0.173958,-4.70603e-06,-6.38345e-06,1.67742e-06,-0.330825,-0.0494506,0.362784,5.7028e-06,0.00436721,0.0450617,0,0,3
1994-11-18,-0.233663,-0.408509,0.174846,-4.57455e-06,-6.28589e-06,1.71134e-06,-0.330825,-0.0742586,0.33425,5.24101e-06,0.00627621,0.045949,0,0,3
1994-11-22,-0.234805,-0.408019,0.173213,-4.59882e-06,-6.28596e-06,1.68715e-06,-0.330825,-0.0676797,0.340339,5.33392e-06,0.0060519,0.046263,0,0,3
1994-11-23,-0.237808,-0.409079,0.171271,-4.62661e-06,-6.25556e-06,1.62895e-06,-0.330825,-0.0996991,0.30938,4.80605e-06,0.00290515,0.046488,0,0,3
1994-11-29,-0.240943,-0.408991,0.168048,-4.64922e-06,-6.25473e-06,1.60551e-06,-0.330825,-0.10286,0.306131,4.83015e-06,-0.00072782,0.0457146,0,0,3
1994-11-30,0.119146,-0.40548,0.524626,1.85282e-06,-6.27928e-06,8.1321e-06,-0.356807,0.284119,0.689599,9.16552e-06,-0.00711537,0.0449362,0,0,4
1994-12-01,0.124453,-0.403578,0.528031,1.94409e-06,-6.25211e-06,8.1962e-06,-0.356807,0.287913,0.69149,9.15339e-06,-0.00387937,0.0449453,0,0,4
1994-12-02,0.124913,-0.402989,0.527902,1.95521e-06,-6.24942e-06,8.20463e-06,-0.356807,0.282955,0.685944,9.07158e-06,-0.00270588,0.0451544,0,0,4
1994-12-06,0.116633,-0.398266,0.514899,1.80366e-06,-6.15962e-06,7.96328e-06,-0.356807,0.282261,0.680528,8.97534e-06,-0.00716051,0.0450564,0,0,4
1994-12-07,0.113824,-0.399703,0.513527,1.75449e-06,-6.17736e-06,7.93185e-06,-0.356807,0.246723,0.646426,8.64182e-06,-0.00171551,0.0448143,0,0,4
1994-12-08,0.119254,-0.391089,0.510343,1.84946e-06,-6.07588e-06,7.92534e-06,-0.356807,0.248076,0.639165,8.54036e-06,-0.00255611,0.0448544,0,0,4
1994-12-09,0.118746,-0.393879,0.512625,1.84139e-06,-6.09868e-06,7.94007e-06,-0.356807,0.227941,0.62182,8.3465e-06,0.00496675,0.0454678,0,0,4
1994-12-13,0.120798,-0.390971,0.511769,1.88162e-06,-6.07088e-06,7.9525e-06,-0.356807,0.244115,0.635086,8.38434e-06,0.00467148,0.0447809,0,0,4
1994-12-14,0.116787,-0.38957,0.506356,1.82683e-06,-6.09707e-06,7.92391e-06,-0.356807,0.237674,0.627244,8.33526e-06,-0.00223237,0.0451153,0,0,4
1994-12-20,0.116763,-0.388243,0.505006,1.82616e-06,-6.08067e-06,7.90682e-06,-0.356807,0.268998,0.657241,8.55754e-06,2.83898e-05,0.0452567,0,0,4
1994-12-21,0.112839,-0.391961,0.5048,1.76932e-06,-6.13762e-06,7.90694e-06,-0.356807,0.264033,0.655994,8.5806e-06,-0.000754684,0.0458831,0,0,4
1994-12-22,0.121927,-0.389999,0.511926,1.89842e-06,-6.07831e-06,7.97673e-06,-0.356807,0.339841,0.72984,9.60465e-06,0.00493693,0.0457125,0,0,4
1994-12-23,0.124122,-0.387013,0.511135,1.9329e-06,-6.04452e-06,7.97742e-06,-0.356807,0.348545,0.735558,9.7084e-06,0.00248357,0.0457767,0,0,4
1994-12-29,0.649041,-0.385192,1.03423,9.66862e-06,-5.99534e-06,1.5664e-05,0.832711,0.542431,0.927622,1.22526e-05,0.001898,0.045918,0,1,4
1995-01-04,0.617062,-0.344052,0.961114,8.42738e-06,-5.02736e-06,1.34547e-05,0.832711,0.520055,0.864107,1.05661e-05,-0.00223587,0.0435126,0,1,4
1995-01-05,0.619385,-0.333125,0.95251,8.60777e-06,-4.91947e-06,1.35272e-05,0.832711,0.519396,0.852521,1.04191e-05,-0.000276332,0.0433819,0,1,4
1995-01-06,0.619498,-0.330996,0.950494,8.61941e-06,-4.87877e-06,1.34982e-05,0.832711,0.525161,0.856157,1.03441e-05,-0.00430866,0.0430814,0,1,4
1995-01-10,0.618869,-0.32716,0.946029,8.63381e-06,-4.84128e-06,1.34751e-05,0.832711,0.547363,0.874524,1.09646e-05,-0.00123046,0.043884,0,1,4
1995-01-11,0.615228,-0.292601,0.907829,8.37074e-06,-4.11725e-06,1.2488e-05,0.832711,0.559753,0.852354,1.04385e-05,0.000203032,0.0439022,0,1,4
1995-01-12,0.614026,-0.29124,0.905266,8.3628e-06,-4.0916e-06,1.24544e-05,0.832711,0.539253,0.830492,1.02552e-05,-0.000563161,0.0440092,0,1,4
1995-01-13,0.614753,-0.289691,0.904444,8.38295e-06,-4.07394e-06,1.24569e-05,0.832711,0.568775,0.858466,1.0484e-05,-0.00251966,0.044059,0,1,4
1995-01-17,0.60679,-0.292525,0.899316,8.3047e-06,-4.134e-06,1.24387e-05,0.832711,0.58993,0.882455,1.07169e-05,0.0043374,0.0437945,0,1,4
1995-01-18,0.602017,-0.293106,0.895123,8.28077e-06,-4.16198e-06,1.24428e-05,0.832711,0.590442,0.883548,1.07816e-05,-3.68225e-05,0.0438173,0,1,4
1995-01-19,0.602941,-0.292778,0.895719,8.2878e-06,-4.15805e-06,1.24459e-05,0.832711,0.600101,0.892879,1.08902e-05,0.0069181,0.044246,0,1,4
1995-01-20,0.601468,-0.293076,0.894544,8.27148e-06,-4.16412e-06,1.24356e-05,0.832711,0.604422,0.897498,1.10591e-05,0.00562224,0.0440727,0,1,4
1995-01-24,0.603501,-0.289397,0.892898,8.32206e-06,-4.12303e-06,1.24451e-05,0.832711,0.604977,0.894374,1.10636e-05,0.00784798,0.0442383,0,1,4
1995-01-26,0.606611,-0.293743,0.900354,8.34685e-06,-4.16765e-06,1.25145e-05,0.832711,0.599552,0.893295,1.09946e-05,0.00529597,0.0451032,0,1,4
1995-01-27,0.606273,-0.295201,0.901474,8.33364e-06,-4.17482e-06,1.25085e-05,0.832711,0.598715,0.893916,1.08548e-05,0.00411058,0.0442598,0,1,4
1995-01-31,0.599773,-0.292138,0.891911,8.12799e-06,-4.14263e-06,1.22706e-05,0.624158,0.573348,0.865486,1.00763e-05,-0.00304993,0.0440185,0,0,4
1995-02-01,0.598982,-0.292331,0.891313,8.09461e-06,-4.14795e-06,1.22426e-05,0.624158,0.560304,0.852636,9.73815e-06,-0.000520317,0.0431158,0,0,4
1995-02-02,0.600535,-0.285967,0.886502,8.16939e-06,-4.07801e-06,1.22474e-05,0.624158,0.558502,0.844469,9.64643e-06,-0.0037394,0.0436892,0,0,4
1995-02-03,0.601014,-0.285157,0.886171,8.10029e-06,-4.06922e-06,1.21695e-05,0.624158,0.550209,0.835366,9.50467e-06,-0.00566023,0.0444153,0,0,4
1995-02-07,0.589677,-0.278913,0.86859,7.7328e-06,-3.95831e-06,1.16911e-05,0.624158,0.539333,0.818246,9.28773e-06,-0.00904601,0.0441227,0,0,4
1995-02-08,0.590125,-0.274914,0.865039,7.74492e-06,-3.90108e-06,1.1646e-05,0.624158,0.533917,0.808831,9.06343e-06,-0.00651207,0.0448356,0,0,4
1995-02-09,0.589908,-0.26989,0.859798,7.75478e-06,-3.82965e-06,1.15844e-05,0.624158,0.538332,0.808221,9.02124e-06,-0.00723627,0.0448883,0,0,4
1995-02-10,0.584536,-0.272994,0.85753,7.61589e-06,-3.86855e-06,1.14844e-05,0.624158,0.527965,0.800958,8.90231e-06,-0.0084944,0.0444629,0,0,4
1995-02-14,0.583362,-0.260867,0.844228,7.57792e-06,-3.66229e-06,1.12402e-05,0.624158,0.541523,0.802389,8.81881e-06,-0.00899371,0.0444616,0,0,4
1995-02-15,0.581793,-0.263238,0.845032,7.5652e-06,-3.69557e-06,1.12608e-05,0.624158,0.54102,0.804258,8.84126e-06,-0.00721961,0.0445452,0,0,4
1995-02-16,0.582502,-0.263366,0.845868,7.5721e-06,-3.68507e-06,1.12572e-05,0.624158,0.534983,0.798349,8.74492e-06,-0.015459,0.0446763,0,0,4
1995-02-17,0.583472,-0.260683,0.844155,7.60686e-06,-3.65518e-06,1.1262e-05,0.624158,0.527354,0.788037,8.7154e-06,-0.0190179,0.0455359,0,0,4
1995-02-22,0.580163,-0.260083,0.840246,7.49518e-06,-3.64033e-06,1.11355e-05,0.624158,0.520793,0.780876,8.62814e-06,-0.0190018,0.0453817,0,0,4
1995-02-23,0.582368,-0.270556,0.852924,7.53104e-06,-3.75453e-06,1.12856e-05,0.624158,0.52206,0.792617,8.88379e-06,-0.0215442,0.0455385,0,0,4
1995-02-24,0.581972,-0.270307,0.85228,7.53095e-06,-3.75041e-06,1.12814e-05,0.624158,0.51902,0.789328,8.68285e-06,-0.0255107,0.0446859,1,0,4
1995-02-28,0.87398,-0.262818,1.1368,1.34692e-05,-3.66566e-06,1.71348e-05,0.970794,0.878115,1.14093,1.17988e-05,-0.0215008,0.0445182,0,1,4
1995-03-01,0.873317,-0.260962,1.13428,1.34064e-05,-3.65602e-06,1.70624e-05,0.970794,0.876525,1.13749,1.14432e-05,-0.0244026,0.0430531,0,1,4
1995-03-02,0.874011,-0.251144,1.12515,1.35128e-05,-3.53305e-06,1.70459e-05,0.970794,0.86264,1.11378,1.09496e-05,-0.0202404,0.0436148,0,1,4
1995-03-03,0.875105,-0.244932,1.12004,1.35878e-05,-3.44869e-06,1.70365e-05,0.970794,0.854475,1.09941,1.07211e-05,-0.0272538,0.0432208,1,1,4
1995-03-07,0.874919,-0.2422,1.11712,1.3576e-05,-3.41563e-06,1.69916e-05,0.970794,0.826308,1.06851,1.05153e-05,-0.0209567,0.0427158,0,1,4
1995-03-08,0.876228,-0.234497,1.11073,1.36959e-05,-3.32348e-06,1.70194e-05,0.970794,0.824541,1.05904,1.03064e-05,-0.0196147,0.0422294,0,1,4
1995-03-09,0.876392,-0.230215,1.10661,1.37247e-05,-3.2708e-06,1.69955e-05,0.970794,0.812938,1.04315,1.00465e-05,-0.016099,0.0416962,0,1,4
1995-03-10,0.877219,-0.225723,1.10294,1.37882e-05,-3.21094e-06,1.69992e-05,0.970794,0.814996,1.04072,9.93429e-06,-0.0180179,0.0415687,0,1,4
1995-03-14,0.877079,-0.223429,1.10051,1.38085e-05,-3.17681e-06,1.69853e-05,0.970794,0.816124,1.03955,9.97235e-06,-0.0145966,0.0414844,0,1,4
1995-03-15,0.877521,-0.222778,1.1003,1.38167e-05,-3.16121e-06,1.69779e-05,0.970794,0.815206,1.03798,9.96157e-06,-0.00603338,0.0404675,0,1,4
1995-03-16,0.877388,-0.213139,1.09053,1.38407e-05,-3.02914e-06,1.68699e-05,0.970794,0.818969,1.03211,1.00113e-05,-0.003377,0.040477,0,1,4
1995-03-17,0.876158,-0.208443,1.0846,1.38352e-05,-2.94568e-06,1.67809e-05,0.970794,0.815833,1.02428,1.00264e-05,-0.00144092,0.0404764,0,1,4
1995-03-21,0.876454,-0.207589,1.08404,1.38409e-05,-2.92597e-06,1.67668e-05,0.970794,0.820193,1.02778,1.03044e-05,0.000677123,0.0404845,0,1,4
1995-03-22,0.876565,-0.205733,1.0823,1.38417e-05,-2.89046e-06,1.67321e-05,0.970794,0.818316,1.02405,1.03052e-05,-0.000726631,0.0403381,0,1,4
1995-03-23,0.876561,-0.204396,1.08096,1.38267e-05,-2.87306e-06,1.66998e-05,0.970794,0.818086,1.02248,1.03058e-05,-0.000267381,0.0403274,0,1,4
1995-03-24,0.875835,-0.204496,1.08033,1.37565e-05,-2.87494e-06,1.66314e-05,0.970794,0.818117,1.02261,1.03527e-05,0.000882911,0.0403192,0,1,4
1995-03-28,0.875746,-0.203765,1.07951,1.37565e-05,-2.86395e-06,1.66204e-05,0.970794,0.808912,1.01268,9.90146e-06,0.00133936,0.0391041,0,1,4
1995-03-29,0.877637,-0.198063,1.0757,1.38588e-05,-2.79057e-06,1.66494e-05,0.970794,0.807184,1.00525,9.74892e-06,0.00483723,0.0386658,0,1,4
1995-03-30,0.876607,-0.190204,1.06681,1.36865e-05,-2.66725e-06,1.63537e-05,0.970794,0.810935,1.00114,9.72184e-06,0.00995432,0.0382804,0,1,4
1995-03-31,0.893021,-0.186239,1.07926,1.61913e-05,-2.60924e-06,1.88005e-05,0.919759,0.87169,1.05793,1.12957e-05,0.0148115,0.0376831,0,1,4
1995-04-04,0.88605,-0.150595,1.03665,1.49953e-05,-2.03e-06,1.70253e-05,0.919759,0.872917,1.02351,1.07739e-05,0.0143214,0.0376825,0,1,4
1995-04-05,0.886536,-0.156012,1.04255,1.49901e-05,-2.09321e-06,1.70833e-05,0.919759,0.879609,1.03562,1.09697e-05,0.0114438,0.0383665,0,1,4
1995-04-06,0.88614,-0.156614,1.04275,1.49855e-05,-2.09528e-06,1.70808e-05,0.919759,0.881018,1.03763,1.09067e-05,0.00527593,0.0380634,0,1,4
1995-04-07,0.886066,-0.154779,1.04085,1.50032e-05,-2.07397e-06,1.70772e-05,0.919759,0.881087,1.03587,1.08904e-05,0.00310151,0.0387234,0,1,4
1995-04-11,0.885362,-0.15134,1.0367,1.48808e-05,-2.01711e-06,1.68979e-05,0.919759,0.878291,1.02963,1.05114e-05,0.00915558,0.0376599,0,1,4
1995-04-12,0.886638,-0.142591,1.02923,1.49709e-05,-1.902e-06,1.68729e-05,0.919759,0.881686,1.02428,1.05542e-05,0.0127382,0.0386985,0,1,4
1995-04-13,0.886155,-0.141072,1.02723,1.49616e-05,-1.8801e-06,1.68417e-05,0.919759,0.882566,1.02364,1.03082e-05,0.00904132,0.0378688,0,1,4
1995-04-18,0.887477,-0.130098,1.01757,1.50325e-05,-1.73636e-06,1.67689e-05,0.919759,0.88666,1.01676,1.02392e-05,0.00633258,0.0378968,0,1,4
1995-04-19,0.887651,-0.130665,1.01832,1.50346e-05,-1.74342e-06,1.6778e-05,0.919759,0.88652,1.01719,9.96409e-06,0.0107615,0.0373928,0,1,4
1995-04-20,0.887461,-0.113397,1.00086,1.50299e-05,-1.49456e-06,1.65245e-05,0.919759,0.888165,1.00156,9.80865e-06,0.00517936,0.0374989,0,1,4
1995-04-21,0.887107,-0.105008,0.992115,1.49818e-05,-1.35957e-06,1.63413e-05,0.919759,0.885081,0.990089,9.48968e-06,0.00588904,0.0369387,0,1,4
1995-04-26,0.889864,-0.099461,0.989325,1.50311e-05,-1.2943e-06,1.63254e-05,0.919759,0.885775,0.985236,9.53954e-06,0.0049339,0.0369932,0,1,4
1995-04-27,0.889791,-0.0868529,0.976644,1.50357e-05,-1.11803e-06,1.61538e-05,0.919759,0.888773,0.975626,9.37963e-06,0.00868594,0.0369609,0,1,4
1995-04-28,0.105615,-0.089935,0.19555,1.3927e-06,-1.15431e-06,2.54701e-06,-0.326869,0.149796,0.239731,2.8922e-06,0.00491472,0.0377745,0,0,3
1995-05-02,0.115049,-0.0861168,0.201166,1.50733e-06,-1.10477e-06,2.6121e-06,-0.326869,0.180085,0.266201,3.14317e-06,0.00378228,0.0379774,0,0,3
1995-05-03,0.11018,-0.0908931,0.201073,1.45002e-06,-1.1726e-06,2.62263e-06,-0.326869,0.178199,0.269093,3.19936e-06,0.00358128,0.0387113,0,0,3
1995-05-04,0.111689,-0.0928722,0.204561,1.46798e-06,-1.18985e-06,2.65784e-06,-0.326869,0.179097,0.27197,3.21453e-06,-0.000227465,0.0389259,0,0,3
1995-05-09,0.105535,-0.0953458,0.20088,1.38056e-06,-1.21516e-06,2.59572e-06,-0.326869,0.193326,0.288672,3.29814e-06,9.68715e-05,0.0377841,0,0,3
1995-05-10,0.107457,-0.0945915,0.202048,1.42555e-06,-1.21711e-06,2.64266e-06,-0.326869,0.189484,0.284075,3.26572e-06,0.00378892,0.0381626,0,0,3
1995-05-11,0.107695,-0.096624,0.204319,1.42796e-06,-1.24072e-06,2.66868e-06,-0.326869,0.179244,0.275868,3.20708e-06,0.00339706,0.0379993,0,0,3
1995-05-12,0.108091,-0.0923168,0.200407,1.43516e-06,-1.1836e-06,2.61875e-06,-0.326869,0.208904,0.301221,3.55666e-06,0.00377963,0.03838,0,0,3
1995-05-16,0.10743,-0.0935271,0.200957,1.42548e-06,-1.19765e-06,2.62313e-06,-0.326869,0.208487,0.302014,3.57014e-06,0.00417383,0.0384693,0,0,3
1995-05-17,0.107215,-0.0936929,0.200908,1.42218e-06,-1.1991e-06,2.62127e-06,-0.326869,0.208702,0.302395,3.57357e-06,0.00379484,0.0387852,0,0,3
1995-05-18,0.108181,-0.0983015,0.206482,1.43545e-06,-1.25217e-06,2.68761e-06,-0.326869,0.197184,0.295485,3.45558e-06,0.00607409,0.0379792,0,0,3
1995-05-19,0.112135,-0.0968531,0.208988,1.48775e-06,-1.23682e-06,2.72457e-06,-0.326869,0.23306,0.329913,3.76045e-06,0.0142219,0.0375704,0,0,3
1995-05-23,0.108739,-0.10145,0.210189,1.45379e-06,-1.3016e-06,2.75539e-06,-0.326869,0.275892,0.377342,4.17992e-06,0.0120061,0.0374778,0,0,3
1995-05-24,0.108891,-0.101545,0.210436,1.45476e-06,-1.30543e-06,2.76019e-06,-0.326869,0.263891,0.365436,3.89255e-06,0.00339322,0.0365534,0,0,3
1995-05-25,0.109681,-0.0945222,0.204203,1.47453e-06,-1.22529e-06,2.69982e-06,-0.326869,0.265789,0.360311,3.8273e-06,0.00307764,0.0377733,0,0,3
1995-05-26,0.110789,-0.102045,0.212834,1.48679e-06,-1.31408e-06,2.80087e-06,-0.326869,0.281572,0.383617,4.0217e-06,0.00451188,0.0372452,0,0,3
1995-05-31,0.767674,-0.105241,0.872915,1.13929e-05,-1.3616e-06,1.27545e-05,0.519271,0.730565,0.835807,1.02109e-05,0.00282267,0.0372457,0,0,4
1995-06-01,0.7665,-0.0921597,0.858659,1.12471e-05,-1.17452e-06,1.24216e-05,0.519271,0.718257,0.810417,9.72151e-06,0.00801715,0.0363737,0,0,4
1995-06-02,0.768686,-0.0879265,0.856612,1.13342e-05,-1.12471e-06,1.24589e-05,0.519271,0.717196,0.805122,9.6028e-06,0.0044742,0.035422,0,0,4
1995-06-06,0.767955,-0.0732644,0.841219,1.12675e-05,-9.35713e-07,1.22032e-05,0.519271,0.716279,0.789543,9.43898e-06,0.00266029,0.035444,0,0,4
1995-06-07,0.767971,-0.0722716,0.840243,1.12567e-05,-9.2268e-07,1.21794e-05,0.519271,0.703124,0.775396,9.0405e-06,-0.00154436,0.0342471,0,0,4
1995-06-08,0.769042,-0.0656651,0.834707,1.13288e-05,-8.43159e-07,1.2172e-05,0.519271,0.707642,0.773307,9.03372e-06,0.000413533,0.0340942,0,0,4
1995-06-09,0.768009,-0.0660505,0.834059,1.13075e-05,-8.47561e-07,1.21551e-05,0.519271,0.707466,0.773517,9.04447e-06,0.00152635,0.0344371,0,0,4
1995-06-13,0.767349,-0.057383,0.824732,1.12468e-05,-7.28771e-07,1.19756e-05,0.519271,0.724831,0.782214,9.04248e-06,0.00162746,0.0344608,0,0,4
1995-06-14,0.765973,-0.0588329,0.824805,1.12301e-05,-7.47403e-07,1.19775e-05,0.519271,0.738921,0.797754,9.15325e-06,0.00419821,0.0342412,0,0,4
1995-06-15,0.764243,-0.0549422,0.819186,1.12251e-05,-6.94758e-07,1.19199e-05,0.519271,0.735198,0.79014,8.82973e-06,0.00757846,0.033074,0,0,4
1995-06-16,0.765007,-0.0499977,0.815005,1.13046e-05,-6.35568e-07,1.19402e-05,0.519271,0.723802,0.773799,8.50349e-06,0.00253372,0.0321751,0,0,4
1995-06-20,0.765716,-0.0333927,0.799109,1.13543e-05,-4.19482e-07,1.17738e-05,0.519271,0.729355,0.762748,8.70444e-06,-0.000505799,0.0320974,0,0,4
1995-06-23,0.765485,-0.032591,0.798076,1.13441e-05,-4.09998e-07,1.17541e-05,0.519271,0.7311,0.763691,8.7242e-06,-0.00325489,0.031944,0,0,4
1995-06-27,0.763896,-0.0281242,0.79202,1.12557e-05,-3.52842e-07,1.16085e-05,0.519271,0.73615,0.764275,8.74298e-06,-0.00330925,0.0319661,0,0,4
1995-06-28,0.760983,-0.0240946,0.785078,1.11448e-05,-3.0102e-07,1.14458e-05,0.519271,0.756813,0.780908,8.88159e-06,0.00285583,0.0316504,0,0,4
1995-06-29,0.757606,-0.0250914,0.782698,1.11395e-05,-3.14669e-07,1.14542e-05,0.519271,0.743725,0.768816,8.78095e-06,0.0046585,0.0316263,0,0,4
1995-06-30,0.324228,-0.0255396,0.349767,3.88655e-06,-3.2074e-07,4.20729e-06,0.342657,0.21586,0.2414,1.95825e-06,0.0030373,0.0298691,0,0,4
1995-07-06,0.326553,-0.0128663,0.339419,3.92436e-06,-1.62655e-07,4.08701e-06,0.342657,0.251362,0.264228,2.01444e-06,0.00391559,0.0298531,0,0,3
1995-07-07,0.319033,-0.0173074,0.336341,3.8383e-06,-2.19702e-07,4.058e-06,0.342657,0.230745,0.248052,1.83667e-06,0.0126146,0.0287167,0,0,3
1995-07-13,0.32136,-0.00863299,0.329993,3.86767e-06,-1.0946e-07,3.97713e-06,0.342657,0.213309,0.221942,1.65253e-06,0.0134304,0.0287834,0,0,3
1995-07-14,0.317312,-0.00362923,0.320941,3.79946e-06,-4.57702e-08,3.84523e-06,0.342657,0.206111,0.20974,1.52716e-06,0.0162816,0.0285843,0,0,3
1995-07-18,0.316611,-0.00424831,0.320859,3.79055e-06,-5.35799e-08,3.84413e-06,0.342657,0.17921,0.183458,1.3801e-06,0.0213606,0.028666,0,0,3
1995-07-19,0.316023,-0.0029979,0.319021,3.77664e-06,-3.76586e-08,3.8143e-06,0.342657,0.256678,0.259676,1.95414e-06,0.0189612,0.0287849,0,0,3
1995-07-20,0.304347,-0.00827307,0.31262,3.6359e-06,-1.04528e-07,3.74043e-06,0.342657,0.259153,0.267426,2.07754e-06,0.0194847,0.0288316,0,0,3
1995-07-21,0.305747,-0.00538365,0.311131,3.64362e-06,-6.78361e-08,3.71146e-06,0.342657,0.254743,0.260127,2.00283e-06,0.0189828,0.0287327,0,0,3
1995-07-26,0.308404,-0.00382199,0.312226,3.67094e-06,-4.8104e-08,3.71905e-06,0.342657,0.253845,0.257667,1.98156e-06,0.0189401,0.0287813,0,0,3
1995-07-27,0.31293,0.00193952,0.310991,3.71042e-06,2.42619e-08,3.68616e-06,0.342657,0.26405,0.26211,2.00968e-06,0.0231943,0.0290472,0,0,3
1995-07-28,0.459191,0.0067904,0.452401,5.60122e-06,8.44998e-08,5.51672e-06,0.527963,0.366824,0.360033,2.35448e-06,0.02126,0.0290658,0,0,4
1995-08-01,0.457894,0.00686331,0.451031,5.57673e-06,8.53837e-08,5.49134e-06,0.527963,0.368417,0.361554,2.37418e-06,0.0255334,0.0290608,1,0,4
1995-08-02,0.457966,0.00645487,0.451511,5.57458e-06,7.99356e-08,5.49465e-06,0.527963,0.396347,0.389892,2.51556e-06,0.0277197,0.0290457,1,0,4
1995-08-03,0.448169,0.00821421,0.439954,5.399e-06,1.01565e-07,5.29743e-06,0.527963,0.39352,0.385306,2.47914e-06,0.0273661,0.0291847,1,0,4
1995-08-04,0.448414,0.0112147,0.437199,5.40329e-06,1.37647e-07,5.26564e-06,0.527963,0.398801,0.387586,2.45114e-06,0.0259724,0.0290847,1,0,4
1995-08-08,0.44842,0.00970612,0.438714,5.39983e-06,1.19238e-07,5.28059e-06,0.527963,0.401746,0.39204,2.50906e-06,0.0275085,0.028953,1,0,4
1995-08-09,0.447793,0.0105011,0.437292,5.38522e-06,1.28893e-07,5.25633e-06,0.527963,0.401349,0.390848,2.65032e-06,0.0258522,0.0301394,1,0,4
1995-08-10,0.448554,0.0181164,0.430437,5.39211e-06,2.208e-07,5.17131e-06,0.527963,0.439953,0.421836,3.01036e-06,0.0246414,0.0301908,0,0,4
1995-08-11,0.444718,0.0206968,0.424021,5.33887e-06,2.51555e-07,5.08732e-06,0.527963,0.416727,0.39603,2.78139e-06,0.0245,0.0293914,0,0,4
1995-08-15,0.441497,0.0284454,0.413052,5.26417e-06,3.46562e-07,4.91761e-06,0.527963,0.484084,0.455639,3.57464e-06,0.0251347,0.0294135,0,0,4
1995-08-16,0.440681,0.0299965,0.410684,5.23958e-06,3.64753e-07,4.87482e-06,0.527963,0.517049,0.487052,4.13596e-06,0.0202333,0.0288907,0,0,4
1995-08-17,0.441514,0.0312059,0.410309,5.28114e-06,3.80451e-07,4.90069e-06,0.527963,0.556468,0.525262,4.97999e-06,0.0201912,0.0288944,0,0,4
1995-08-22,0.441419,0.0314697,0.409949,5.27977e-06,3.83549e-07,4.89622e-06,0.527963,0.570391,0.538922,5.0347e-06,0.014411,0.0274499,0,0,4
1995-08-23,0.445526,0.0399232,0.405603,5.36861e-06,4.89762e-07,4.87885e-06,0.527963,0.585615,0.545692,5.28405e-06,0.00876042,0.0273833,0,0,4
1995-08-29,0.445113,0.0477485,0.397364,5.36208e-06,5.80793e-07,4.78129e-06,0.527963,0.557198,0.50945,5.0214e-06,0.0067171,0.0278984,0,0,4
1995-08-30,0.444999,0.0538586,0.391141,5.35418e-06,6.51033e-07,4.70315e-06,0.527963,0.544001,0.490143,4.72949e-06,0.00326237,0.0270032,0,0,4
1995-08-31,-0.178543,0.056539,-0.235082,-2.73545e-06,6.87838e-07,-3.42329e-06,-0.40675,0.029283,-0.027256,-3.7841e-07,0.00295695,0.0289519,0,0,1
1995-09-01,-0.186806,0.0540249,-0.240831,-2.88828e-06,6.59357e-07,-3.54764e-06,-0.40675,0.0333939,-0.0206309,-2.98521e-07,0.00234026,0.0295921,0,0,1
1995-09-06,-0.186894,0.0587696,-0.245664,-2.88942e-06,7.14201e-07,-3.60363e-06,-0.40675,0.168011,0.109242,1.39989e-06,0.0049366,0.0369741,0,0,1
1995-09-07,-0.187702,0.0592362,-0.246939,-2.89923e-06,7.19285e-07,-3.61851e-06,-0.40675,0.204952,0.145716,1.79624e-06,0.00531872,0.037883,0,0,1
1995-09-12,-0.192263,0.0469959,-0.239259,-2.98686e-06,5.72804e-07,-3.55967e-06,-0.40675,0.210243,0.163247,2.04382e-06,9.8743e-05,0.0390025,0,0,1
1995-09-13,-0.190127,0.0549121,-0.245039,-2.95435e-06,6.73029e-07,-3.62738e-06,-0.40675,0.244769,0.189857,2.33541e-06,-0.000662185,0.0390653,0,0,1
1995-09-14,-0.186765,0.0524442,-0.239209,-2.88951e-06,6.45353e-07,-3.53486e-06,-0.40675,0.23336,0.180916,2.18519e-06,-0.0037108,0.0401996,0,0,1
1995-09-15,-0.185557,0.0635422,-0.249099,-2.87325e-06,7.80624e-07,-3.65387e-06,-0.40675,0.22088,0.157338,1.87734e-06,-0.00685873,0.0400545,0,0,1
1995-09-19,-0.185517,0.0674307,-0.252947,-2.8734e-06,8.2989e-07,-3.70329e-06,-0.40675,0.220708,0.153277,1.82398e-06,-0.00623368,0.0409389,0,0,1
1995-09-20,-0.186969,0.073546,-0.260515,-2.88701e-06,9.00621e-07,-3.78764e-06,-0.40675,0.227159,0.153613,1.80495e-06,-0.00423056,0.0420354,0,0,1
1995-09-21,-0.189642,0.0745104,-0.264153,-2.91612e-06,9.14563e-07,-3.83068e-06,-0.40675,0.275746,0.201236,2.24746e-06,-0.00322967,0.0421359,0,0,1
1995-09-22,-0.195879,0.0623402,-0.258219,-3.03263e-06,7.71399e-07,-3.80403e-06,-0.40675,0.350235,0.287895,3.23458e-06,-0.000579337,0.0420002,0,0,1
1995-09-26,-0.202292,0.0564567,-0.258749,-3.14073e-06,7.05578e-07,-3.84631e-06,-0.40675,0.284563,0.228106,2.71137e-06,0.00138746,0.0435361,0,0,1
1995-09-27,-0.169969,0.0523083,-0.222277,-2.53249e-06,6.36956e-07,-3.16945e-06,-0.40675,0.265573,0.213265,2.50286e-06,-0.00333703,0.0428621,0,0,1
1995-09-28,-0.163031,0.0556214,-0.218653,-2.42966e-06,6.79735e-07,-3.1094e-06,-0.40675,0.275757,0.220136,2.61163e-06,-0.00564821,0.0428123,0,0,1
1995-09-29,-0.240898,0.0552855,-0.296183,-2.80427e-06,6.76323e-07,-3.48059e-06,0.427024,0.0960454,0.0407599,2.24935e-07,-0.00451172,0.0431791,0,0,1
1995-10-03,-0.244944,0.0555312,-0.300475,-2.86182e-06,6.78658e-07,-3.54048e-06,0.427024,0.0958066,0.0402754,2.18999e-07,-0.00435189,0.043227,0,0,1
1995-10-04,-0.248945,0.0528212,-0.301766,-2.89993e-06,6.44216e-07,-3.54415e-06,0.427024,0.0951694,0.0423481,2.49161e-07,-0.00329564,0.0434531,0,0,1
1995-10-05,-0.248484,0.0572292,-0.305713,-2.89343e-06,6.93744e-07,-3.58717e-06,0.427024,0.0505029,-0.00672628,-2.25659e-07,0.000417408,0.0425326,0,0,1
1995-10-06,-0.236976,0.0632133,-0.30019,-2.75662e-06,7.71363e-07,-3.52798e-06,0.427024,0.0542391,-0.00897424,-2.70675e-07,0.000715115,0.0435664,0,0,1
1995-10-10,-0.230455,0.0605408,-0.290996,-2.65757e-06,7.39111e-07,-3.39668e-06,0.427024,0.0527942,-0.00774657,-2.50346e-07,-0.00123068,0.0438481,0,0,1
1995-10-11,-0.209604,0.0604475,-0.270051,-2.34958e-06,7.38036e-07,-3.08762e-06,0.427024,0.0500496,-0.0103979,-2.76847e-07,0.00220365,0.0437978,0,0,1
1995-10-12,-0.206424,0.0606569,-0.267081,-2.30725e-06,7.39592e-07,-3.04684e-06,0.427024,0.132159,0.0715016,5.73936e-07,0.000515678,0.0438706,0,0,1
1995-10-13,-0.207097,0.0875598,-0.294657,-2.31745e-06,1.03244e-06,-3.34988e-06,0.427024,0.12185,0.03429,1.93124e-07,-0.000526457,0.0438104,0,0,1
1995-10-19,-0.206578,0.0837918,-0.29037,-2.31262e-06,9.83746e-07,-3.29637e-06,0.427024,0.111588,0.027796,2.05362e-07,-0.000362019,0.04457,0,0,1
1995-10-20,-0.208112,0.0885553,-0.296667,-2.3271e-06,1.03538e-06,-3.36248e-06,0.427024,0.125226,0.036671,3.19001e-07,0.00244841,0.0446112,0,0,1
1995-10-24,-0.208912,0.0880439,-0.296956,-2.33746e-06,1.02886e-06,-3.36632e-06,0.427024,0.126125,0.0380814,3.46642e-07,0.00566476,0.0444469,0,0,1
1995-10-25,-0.201155,0.0867728,-0.287927,-2.21961e-06,1.01487e-06,-3.23448e-06,0.427024,0.145212,0.0584395,6.18364e-07,0.00529342,0.0444458,0,0,1
1995-10-26,-0.202711,0.1074,-0.310111,-2.24385e-06,1.23286e-06,-3.4767e-06,0.427024,0.157668,0.0502686,5.85092e-07,0.00539782,0.0444868,0,0,1
1995-10-27,-0.202973,0.112924,-0.315897,-2.24417e-06,1.28199e-06,-3.52617e-06,0.427024,0.136772,0.0238483,3.36841e-07,0.00810372,0.0444782,0,0,1
1995-10-31,-0.564544,0.115879,-0.680423,-6.8028e-06,1.31076e-06,-8.11356e-06,-0.784581,-0.12241,-0.238289,-2.83528e-06,0.00895637,0.0446013,0,0,0
1995-11-01,-0.57107,0.112342,-0.683413,-6.8406e-06,1.26523e-06,-8.10584e-06,-0.784581,-0.144302,-0.256644,-3.09617e-06,0.00903706,0.0445347,0,0,0
1995-11-02,-0.571974,0.10827,-0.680243,-6.88018e-06,1.22497e-06,-8.10515e-06,-0.784581,-0.134737,-0.243006,-2.91446e-06,0.00496814,0.0445487,0,0,0
1995-11-03,-0.567325,0.105375,-0.6727,-6.74482e-06,1.19445e-06,-7.93928e-06,-0.784581,-0.125885,-0.23126,-2.76922e-06,0.00542573,0.0445611,0,0,0
1995-11-08,-0.570687,0.105966,-0.676653,-6.79628e-06,1.20036e-06,-7.99664e-06,-0.784581,-0.123737,-0.229704,-2.74276e-06,0.00725296,0.0460261,0,0,0
1995-11-09,-0.566487,0.107158,-0.673645,-6.66274e-06,1.21084e-06,-7.87357e-06,-0.784581,-0.123245,-0.230403,-2.77449e-06,0.00816291,0.0460615,0,0,0
1995-11-10,-0.566273,0.121788,-0.688061,-6.66201e-06,1.35939e-06,-8.0214e-06,-0.784581,-0.120484,-0.242273,-2.8842e-06,0.0105745,0.0460895,0,0,0
1995-11-14,-0.560391,0.13024,-0.690631,-6.48529e-06,1.43618e-06,-7.92147e-06,-0.784581,-0.115269,-0.245509,-2.89686e-06,0.0100283,0.046213,0,0,0
1995-11-15,-0.560447,0.129927,-0.690374,-6.48352e-06,1.43164e-06,-7.91516e-06,-0.784581,-0.201522,-0.331448,-4.29012e-06,0.010979,0.0516702,0,0,0
1995-11-16,-0.561229,0.124769,-0.685998,-6.48636e-06,1.36556e-06,-7.85192e-06,-0.784581,-0.210444,-0.335213,-4.38153e-06,0.0117479,0.0517811,0,0,0
1995-11-17,-0.55527,0.120919,-0.676189,-6.33622e-06,1.3203e-06,-7.65652e-06,-0.784581,-0.207417,-0.328336,-4.28042e-06,0.0095432,0.0517905,0,0,0
1995-11-21,-0.538404,0.114523,-0.652927,-5.88956e-06,1.24851e-06,-7.13807e-06,-0.784581,-0.187363,-0.301885,-3.94978e-06,0.0107699,0.0516983,0,0,0
1995-11-22,-0.536638,0.114508,-0.651145,-5.87934e-06,1.25093e-06,-7.13027e-06,-0.784581,-0.201308,-0.315816,-4.19556e-06,0.0036271,0.0520416,0,0,0
1995-11-28,-0.528945,0.127791,-0.656737,-5.72167e-06,1.37651e-06,-7.09819e-06,-0.784581,-0.2305,-0.358291,-4.87975e-06,0.0010326,0.0520282,0,0,0
1995-11-29,-0.528917,0.127407,-0.656324,-5.72501e-06,1.37225e-06,-7.09726e-06,-0.784581,-0.244664,-0.372071,-5.18211e-06,-0.0103589,0.0520627,0,0,0
1995-11-30,-0.417087,0.126271,-0.543358,-4.66767e-06,1.36035e-06,-6.02802e-06,-0.402125,-0.136815,-0.263086,-4.14461e-06,-0.00753797,0.0521866,0,0,0
1995-12-01,-0.417039,0.141571,-0.55861,-4.65475e-06,1.50499e-06,-6.15974e-06,-0.402125,-0.15343,-0.295001,-4.66305e-06,-0.00325153,0.0520041,0,0,0
1995-12-05,-0.407651,0.13732,-0.544971,-4.48335e-06,1.45205e-06,-5.9354e-06,-0.402125,-0.101922,-0.239242,-3.71386e-06,-0.00606953,0.0525525,0,0,0
1995-12-06,-0.40904,0.136805,-0.545844,-4.49457e-06,1.4477e-06,-5.94226e-06,-0.402125,-0.0627965,-0.199601,-2.87041e-06,-0.000524852,0.05255,0,0,0
1995-12-07,-0.413125,0.130831,-0.543955,-4.54763e-06,1.38943e-06,-5.93706e-06,-0.402125,-0.0508546,-0.181685,-2.54969e-06,0.00201709,0.0525675,0,0,0
1995-12-08,-0.429531,0.181942,-0.611473,-4.67474e-06,1.84786e-06,-6.5226e-06,-0.402125,-0.0730036,-0.254946,-3.55364e-06,-0.00462794,0.0528804,0,0,0
1995-12-12,-0.426774,0.175733,-0.602507,-4.64087e-06,1.78359e-06,-6.42446e-06,-0.402125,-0.0691829,-0.244916,-3.40272e-06,-8.50247e-05,0.0529299,0,0,0
1995-12-13,-0.426499,0.17232,-0.598819,-4.63585e-06,1.74576e-06,-6.38161e-06,-0.402125,-0.0797872,-0.252107,-3.6372e-06,2.8324e-05,0.052871,0,0,0
1995-12-19,-0.425527,0.17692,-0.602447,-4.62537e-06,1.78438e-06,-6.40975e-06,-0.402125,-0.0923115,-0.269231,-3.95099e-06,0.00208309,0.0523149,0,0,0
1995-12-20,-0.413269,0.182144,-0.595413,-4.48191e-06,1.84905e-06,-6.33097e-06,-0.402125,-0.0452751,-0.227419,-2.97721e-06,-0.00509831,0.0529549,0,0,0
1995-12-21,-0.41375,0.182538,-0.596288,-4.48576e-06,1.85405e-06,-6.33982e-06,-0.402125,-0.0195739,-0.202112,-2.33127e-06,-0.0060833,0.0529469,0,0,0
1995-12-22,-0.423352,0.167771,-0.591123,-4.64939e-06,1.72337e-06,-6.37276e-06,-0.402125,0.032958,-0.134813,-9.55513e-07,-0.00520012,0.0530043,0,0,0
1995-12-27,-0.44078,0.136902,-0.577682,-4.97852e-06,1.44457e-06,-6.42309e-06,-0.402125,0.0865959,-0.0503059,4.75866e-07,-0.00480737,0.0528421,0,0,0
1995-12-28,-0.45379,0.118441,-0.572232,-5.25954e-06,1.27507e-06,-6.53461e-06,-0.402125,0.0508169,-0.0676243,-1.10587e-07,-0.00378755,0.053268,0,0,0
1995-12-29,0.650071,0.0981331,0.551938,6.57286e-06,1.06628e-06,5.50658e-06,0.708311,0.550845,0.452711,1.01147e-05,-0.0025428,0.054359,0,0,4
1996-01-03,0.64964,0.10166,0.54798,6.58513e-06,1.09589e-06,5.48925e-06,0.708311,0.556555,0.454895,1.0388e-05,-0.00238104,0.0543762,0,0,4
1996-01-04,0.64648,0.102487,0.543993,6.4883e-06,1.10356e-06,5.38474e-06,0.708311,0.575064,0.472577,1.08755e-05,-0.00446517,0.054657,0,0,4
1996-01-05,0.642315,0.103019,0.539296,6.48821e-06,1.11303e-06,5.37518e-06,0.708311,0.56952,0.466501,1.07991e-05,-0.00148505,0.0556416,0,0,4
1996-01-10,0.640468,0.104932,0.535536,6.40566e-06,1.13126e-06,5.2744e-06,0.708311,0.564764,0.459832,1.04462e-05,0.00259932,0.0546031,0,0,4
1996-01-11,0.643298,0.110803,0.532495,6.51731e-06,1.20444e-06,5.31288e-06,0.708311,0.577903,0.4671,1.04602e-05,0.00448967,0.0541241,0,0,4
1996-01-16,0.634045,0.112969,0.521075,6.43316e-06,1.23548e-06,5.19768e-06,0.708311,0.563605,0.450636,8.86744e-06,0.0159587,0.0489904,0,0,4
1996-01-17,0.638188,0.135233,0.502955,6.85546e-06,1.53394e-06,5.32152e-06,0.708311,0.558164,0.422931,8.34843e-06,0.016152,0.0484483,0,0,4
1996-01-18,0.638449,0.139903,0.498546,6.85143e-06,1.59449e-06,5.25694e-06,0.708311,0.546071,0.406168,8.10673e-06,0.0107811,0.0471182,0,0,4
1996-01-19,0.648954,0.154435,0.49452,6.98657e-06,1.77876e-06,5.20781e-06,0.708311,0.555736,0.401302,8.2402e-06,0.0113016,0.0475286,0,0,4
1996-01-23,0.645262,0.152994,0.492267,6.93467e-06,1.75465e-06,5.18001e-06,0.708311,0.536103,0.383109,7.65855e-06,0.00409643,0.0474566,0,0,4
1996-01-24,0.651336,0.163848,0.487488,7.06942e-06,1.90248e-06,5.16694e-06,0.708311,0.534667,0.370819,7.55136e-06,0.000604155,0.0472506,0,0,4
1996-01-25,0.650666,0.158435,0.492231,7.05661e-06,1.8248e-06,5.2318e-06,0.708311,0.540474,0.382039,7.59639e-06,0.00548297,0.0464322,0,0,4
1996-01-26,0.649848,0.161706,0.488142,7.06494e-06,1.8779e-06,5.18703e-06,0.708311,0.517108,0.355402,7.38127e-06,-0.00131533,0.046237,0,0,4
1996-01-30,0.646212,0.173831,0.472381,7.00323e-06,2.02665e-06,4.97658e-06,0.708311,0.518799,0.344968,7.2738e-06,-0.00311109,0.046137,0,0,4
1996-01-31,0.300896,0.176975,0.123921,2.86275e-06,2.05909e-06,8.03659e-07,-0.0442015,0.187464,0.0104895,7.53161e-07,-0.000618429,0.0459915,0,0,3
1996-02-01,0.298165,0.175545,0.12262,2.84231e-06,2.04651e-06,7.95803e-07,-0.0442015,0.153777,-0.0217682,2.01418e-07,0.006254,0.0453074,0,0,3
1996-02-02,0.305484,0.181938,0.123546,2.95963e-06,2.15184e-06,8.07798e-07,-0.0442015,0.171166,-0.0107722,5.03714e-07,0.0123422,0.0475572,0,0,3
1996-02-06,0.304895,0.188727,0.116168,2.95369e-06,2.20798e-06,7.45713e-07,-0.0442015,0.167295,-0.0214322,3.93459e-07,0.0134283,0.0476311,0,0,3
1996-02-07,0.304974,0.185398,0.119576,2.95481e-06,2.15579e-06,7.99016e-07,-0.0442015,0.1723,-0.0130984,5.44384e-07,0.0115467,0.0483368,0,0,3
1996-02-08,0.303671,0.186408,0.117262,2.95268e-06,2.17454e-06,7.78142e-07,-0.0442015,0.166457,-0.019951,4.93283e-07,0.0124092,0.0503386,0,0,3
1996-02-09,0.302367,0.186541,0.115826,2.93781e-06,2.17523e-06,7.62581e-07,-0.0442015,0.178107,-0.00843367,6.87579e-07,-0.00137795,0.0503505,0,0,3
1996-02-13,0.302481,0.187757,0.114724,2.943e-06,2.19074e-06,7.52259e-07,-0.0442015,0.178153,-0.00960429,6.89015e-07,0.000298567,0.0503803,0,0,3
1996-02-14,0.304055,0.180722,0.123332,2.91088e-06,2.09881e-06,8.1207e-07,-0.0442015,0.183921,0.00319853,8.53426e-07,0.00439119,0.0506623,0,0,3
1996-02-15,0.308361,0.18486,0.1235,2.96875e-06,2.16788e-06,8.00874e-07,-0.0442015,0.175857,-0.00900302,7.052e-07,0.00109814,0.0503866,0,0,3
1996-02-16,0.303385,0.203159,0.100226,2.90175e-06,2.35182e-06,5.4993e-07,-0.0442015,0.170089,-0.0330702,4.38696e-07,-0.00111093,0.0503629,0,0,2
1996-02-21,0.314005,0.200671,0.113334,2.98236e-06,2.31807e-06,6.64296e-07,-0.0442015,0.166409,-0.0342623,4.17269e-07,-0.000144084,0.0503706,0,0,2
1996-02-22,0.317368,0.204114,0.113255,3.01146e-06,2.35459e-06,6.5687e-07,-0.0442015,0.1982,-0.0059138,9.74261e-07,0.000613053,0.0515638,0,0,2
1996-02-23,0.305904,0.202054,0.10385,2.87802e-06,2.33425e-06,5.43772e-07,-0.0442015,0.201584,-0.00046973,9.91743e-07,-0.00144687,0.0511862,0,0,2
1996-02-27,0.30618,0.204223,0.101957,2.91297e-06,2.37366e-06,5.39314e-07,-0.0442015,0.297009,0.0927861,3.17182e-06,-0.00325267,0.0520273,0,0,2
1996-02-28,0.305274,0.207664,0.0976096,2.90513e-06,2.4066e-06,4.98532e-07,-0.0442015,0.302805,0.0951411,3.21115e-06,0.0020825,0.0521812,0,0,2
1996-02-29,-0.316661,0.20293,-0.519591,-3.74256e-06,2.35283e-06,-6.09539e-06,-0.267716,0.0770214,-0.125909,-9.27673e-07,0.00369348,0.0523691,0,0,0
1996-03-01,-0.318344,0.198189,-0.516532,-3.76003e-06,2.28571e-06,-6.04574e-06,-0.267716,0.0832417,-0.114947,-7.3009e-07,0.00395276,0.0525991,0,0,0
1996-03-05,-0.319118,0.196363,-0.515481,-3.76824e-06,2.2661e-06,-6.03435e-06,-0.267716,0.0936536,-0.102709,-4.98567e-07,-0.00011632,0.0526532,0,0,0
1996-03-06,-0.319097,0.202481,-0.521578,-3.76881e-06,2.32502e-06,-6.09383e-06,-0.267716,0.101746,-0.100735,-4.153e-07,0.00278447,0.0529271,0,0,0
1996-03-07,-0.314987,0.201604,-0.516592,-3.71088e-06,2.31737e-06,-6.02825e-06,-0.267716,0.0571656,-0.144439,-1.19868e-06,0.00228836,0.0530524,0,0,0
1996-03-08,-0.315672,0.198926,-0.514599,-3.72385e-06,2.28728e-06,-6.01112e-06,-0.267716,0.0446059,-0.15432,-1.39974e-06,0.00245267,0.0530554,0,0,0
1996-03-12,-0.32302,0.192518,-0.515538,-3.7881e-06,2.19562e-06,-5.98372e-06,-0.267716,0.0539696,-0.138548,-1.10923e-06,0.00574591,0.0530168,0,0,0
1996-03-13,-0.318391,0.192647,-0.511038,-3.70747e-06,2.19549e-06,-5.90297e-06,-0.267716,0.0594548,-0.133192,-9.89249e-07,-0.000850618,0.0530154,0,0,0
1996-03-14,-0.301378,0.196073,-0.497451,-3.53107e-06,2.25404e-06,-5.78511e-06,-0.267716,0.0547623,-0.141311,-1.14031e-06,-0.00131303,0.0529656,0,0,0
1996-03-15,-0.30032,0.205726,-0.506046,-3.52207e-06,2.34977e-06,-5.87184e-06,-0.267716,0.0528312,-0.152895,-1.2724e-06,-0.00368875,0.0556998,0,0,0
1996-03-19,-0.30069,0.199417,-0.500107,-3.52393e-06,2.25969e-06,-5.78362e-06,-0.267716,0.0654176,-0.134,-9.19369e-07,-0.00227231,0.0555515,0,0,0
1996-03-21,-0.300561,0.199543,-0.500104,-3.53409e-06,2.2658e-06,-5.79989e-06,-0.267716,-0.0404002,-0.239943,-2.99706e-06,0.00359015,0.0508259,0,0,0
1996-03-22,-0.241147,0.235279,-0.476426,-2.95413e-06,2.79561e-06,-5.74974e-06,-0.267716,-0.0243931,-0.259672,-3.22939e-06,0.000890495,0.0507624,0,0,0
1996-03-26,-0.242201,0.229666,-0.471867,-2.97578e-06,2.74552e-06,-5.7213e-06,-0.267716,-0.0080811,-0.237747,-2.89331e-06,0.00529115,0.0507513,0,0,0
1996-03-27,-0.242052,0.229617,-0.47167,-2.96729e-06,2.74198e-06,-5.70927e-06,-0.267716,-0.00799928,-0.237617,-2.88804e-06,0.0113462,0.0507393,0,0,0
1996-03-28,-0.242046,0.230492,-0.472538,-2.966e-06,2.75063e-06,-5.71664e-06,-0.267716,-0.00680139,-0.237294,-2.87286e-06,0.0160041,0.0502865,0,0,0
1996-03-29,-0.445171,0.225877,-0.671049,-5.35173e-06,2.71909e-06,-8.07082e-06,-0.565082,-0.283675,-0.509552,-7.85021e-06,0.0169485,0.050402,0,0,0
1996-04-03,-0.450378,0.219531,-0.669909,-5.44704e-06,2.65712e-06,-8.10416e-06,-0.565082,-0.277833,-0.497364,-7.6448e-06,0.0148505,0.0504733,0,0,0
1996-04-04,-0.452298,0.213976,-0.666274,-5.49181e-06,2.58606e-06,-8.07787e-06,-0.565082,-0.262659,-0.476635,-7.32377e-06,0.0135471,0.0509222,0,0,0
1996-04-09,-0.449261,0.213734,-0.662995,-5.4503e-06,2.5892e-06,-8.03949e-06,-0.565082,-0.259087,-0.472821,-7.24671e-06,0.017139,0.0510701,0,0,0
1996-04-10,-0.450821,0.208639,-0.65946,-5.48175e-06,2.53517e-06,-8.01692e-06,-0.565082,-0.260807,-0.469447,-7.11944e-06,0.00969556,0.0505074,0,0,0
1996-04-11,-0.448101,0.209499,-0.657599,-5.46172e-06,2.56157e-06,-8.02329e-06,-0.565082,-0.257814,-0.467312,-7.10454e-06,0.00326984,0.0506729,0,0,0
1996-04-12,-0.436855,0.200294,-0.63715,-5.21717e-06,2.41925e-06,-7.63642e-06,-0.565082,-0.258404,-0.458699,-6.96866e-06,0.00517334,0.0507212,0,0,0
1996-04-16,-0.435907,0.199935,-0.635842,-5.19938e-06,2.41616e-06,-7.61555e-06,-0.565082,-0.253481,-0.453416,-6.84159e-06,0.00765658,0.0505034,0,0,0
1996-04-17,-0.432961,0.196898,-0.629859,-5.21364e-06,2.39798e-06,-7.61162e-06,-0.565082,-0.263056,-0.459953,-7.04229e-06,0.00177155,0.0504468,0,0,0
1996-04-18,-0.436434,0.198877,-0.635312,-5.24292e-06,2.41927e-06,-7.66219e-06,-0.565082,-0.263894,-0.462772,-7.06575e-06,0.00266377,0.0510293,0,0,0
1996-04-19,-0.434769,0.196715,-0.631484,-5.21348e-06,2.39737e-06,-7.61086e-06,-0.565082,-0.259927,-0.456641,-6.96926e-06,0.00228894,0.0510091,0,0,0
1996-04-23,-0.433955,0.200864,-0.634819,-5.1991e-06,2.40703e-06,-7.60613e-06,-0.565082,-0.268004,-0.468868,-7.04181e-06,-0.0063381,0.0502462,0,0,0
1996-04-24,-0.418583,0.20072,-0.619303,-4.9764e-06,2.40897e-06,-7.38537e-06,-0.565082,-0.288683,-0.489402,-7.54957e-06,-0.0129543,0.0503247,0,0,0
1996-04-25,-0.423467,0.19765,-0.621117,-5.03733e-06,2.3741e-06,-7.41143e-06,-0.565082,-0.235685,-0.433335,-6.5909e-06,-0.012804,0.0506891,0,0,0
1996-04-30,-0.414939,0.189137,-0.604076,-5.77987e-06,2.281e-06,-8.06087e-06,-0.636907,-0.247015,-0.436152,-6.44436e-06,-0.00643533,0.0509527,0,0,0
1996-05-01,-0.413797,0.188475,-0.602272,-5.76749e-06,2.27611e-06,-8.0436e-06,-0.636907,-0.22149,-0.409965,-5.77978e-06,-0.0170443,0.0505103,0,0,0
1996-05-02,-0.414717,0.16749,-0.582208,-5.82766e-06,2.04044e-06,-7.8681e-06,-0.636907,-0.258869,-0.426359,-6.00797e-06,-0.00906119,0.0494847,0,0,0
1996-05-03,-0.402035,0.175335,-0.57737,-5.70168e-06,2.15677e-06,-7.85845e-06,-0.636907,-0.296682,-0.472017,-6.94237e-06,-0.00943407,0.0498104,0,0,0
1996-05-07,-0.403995,0.170885,-0.57488,-5.73584e-06,2.09849e-06,-7.83433e-06,-0.636907,-0.314528,-0.485413,-7.10402e-06,-0.0186562,0.0492288,0,0,0
1996-05-08,-0.401761,0.17746,-0.579221,-5.72944e-06,2.16658e-06,-7.89602e-06,-0.636907,-0.349044,-0.526504,-7.5526e-06,-0.0233717,0.0486331,0,0,0
1996-05-09,-0.392118,0.181372,-0.573489,-5.59742e-06,2.23671e-06,-7.83413e-06,-0.636907,-0.355631,-0.537003,-7.84549e-06,-0.0254394,0.0485976,1,0,0
1996-05-10,-0.389708,0.186948,-0.576656,-5.5434e-06,2.29443e-06,-7.83783e-06,-0.636907,-0.326182,-0.51313,-7.42456e-06,-0.0274265,0.0485945,1,0,0
1996-05-14,-0.390832,0.178705,-0.569537,-5.56127e-06,2.20328e-06,-7.76455e-06,-0.636907,-0.32213,-0.500834,-7.28292e-06,-0.0209738,0.0487128,0,0,0
1996-05-15,-0.39751,0.176348,-0.573858,-5.62759e-06,2.16791e-06,-7.7955e-06,-0.636907,-0.324051,-0.500399,-7.27812e-06,-0.0253196,0.0487746,0,0,0
1996-05-16,-0.397904,0.176313,-0.574217,-5.61605e-06,2.16738e-06,-7.78343e-06,-0.636907,-0.333656,-0.509968,-7.39283e-06,-0.0236811,0.0484226,0,0,0
1996-05-21,-0.394671,0.179793,-0.574464,-5.57309e-06,2.21139e-06,-7.78448e-06,-0.636907,-0.343594,-0.523387,-7.55419e-06,-0.0179809,0.0480045,0,0,0
1996-05-22,-0.391256,0.17277,-0.564026,-5.53835e-06,2.09732e-06,-7.63568e-06,-0.636907,-0.396381,-0.569151,-8.14506e-06,-0.0100371,0.0467634,0,0,0
1996-05-23,-0.377241,0.179372,-0.556612,-5.4027e-06,2.20272e-06,-7.60542e-06,-0.636907,-0.395161,-0.574533,-8.18412e-06,-0.0140081,0.0467324,0,0,0
1996-05-24,-0.375054,0.177625,-0.55268,-5.32211e-06,2.17461e-06,-7.49673e-06,-0.636907,-0.384203,-0.561828,-8.04305e-06,-0.0116727,0.047078,0,0,0
1996-05-29,-0.374297,0.178028,-0.552325,-5.30431e-06,2.18057e-06,-7.48488e-06,-0.636907,-0.405744,-0.583772,-8.1904e-06,-0.00408307,0.0464128,0,0,0
1996-05-30,-0.361974,0.178718,-0.540692,-5.12449e-06,2.21075e-06,-7.33524e-06,-0.636907,-0.379912,-0.558631,-8.01133e-06,-0.0023848,0.0464261,0,0,0
1996-05-31,-0.315696,0.177067,-0.492764,-4.78037e-06,2.18732e-06,-6.96769e-06,0.577711,0.0154739,-0.161593,-1.96142e-06,-0.00211344,0.0465199,0,0,0
1996-06-04,-0.324234,0.179903,-0.504137,-4.84625e-06,2.21494e-06,-7.06119e-06,0.577711,0.0584919,-0.121411,-1.39005e-06,0.00177797,0.0459481,0,0,0
1996-06-05,-0.33272,0.168042,-0.500762,-5.02812e-06,2.09746e-06,-7.12559e-06,0.577711,-0.00569937,-0.173741,-2.17371e-06,0.00280139,0.0439709,0,0,0
1996-06-06,-0.310128,0.181432,-0.49156,-4.64795e-06,2.30188e-06,-6.94983e-06,0.577711,-0.00508584,-0.186518,-2.36959e-06,-0.000574254,0.0443962,0,0,0
1996-06-07,-0.311158,0.181145,-0.492303,-4.66625e-06,2.29779e-06,-6.96404e-06,0.577711,0.00493366,-0.176211,-2.23154e-06,0.00288948,0.0433119,0,0,0
1996-06-11,-0.297591,0.184859,-0.48245,-4.45323e-06,2.35389e-06,-6.80712e-06,0.577711,-0.0743024,-0.259162,-3.303e-06,0.00919488,0.0413157,0,0,0
1996-06-12,-0.278149,0.196383,-0.474532,-4.23611e-06,2.54824e-06,-6.78434e-06,0.577711,-0.0599249,-0.256308,-3.32462e-06,0.00799385,0.0410767,0,0,0
1996-06-13,-0.277112,0.196137,-0.473249,-4.22298e-06,2.5448e-06,-6.76779e-06,0.577711,-0.030898,-0.227035,-2.93819e-06,0.00758163,0.041444,0,0,0
1996-06-14,-0.291093,0.185214,-0.476306,-4.42825e-06,2.40408e-06,-6.83233e-06,0.577711,-0.0661123,-0.251326,-3.21545e-06,0.0131303,0.0400104,0,0,0
1996-06-18,-0.284205,0.190146,-0.474351,-4.351e-06,2.48136e-06,-6.83236e-06,0.577711,-0.0648078,-0.254954,-3.27536e-06,0.0120646,0.0404414,0,0,0
1996-06-19,-0.283972,0.184956,-0.468928,-4.342e-06,2.39586e-06,-6.73786e-06,0.577711,-0.0609917,-0.245947,-3.15998e-06,0.0127776,0.0405732,0,0,0
1996-06-20,-0.286089,0.184889,-0.470978,-4.36701e-06,2.39406e-06,-6.76108e-06,0.577711,-0.0738803,-0.258769,-3.32699e-06,0.0161224,0.0404685,0,0,0
1996-06-21,-0.286658,0.182567,-0.469225,-4.34845e-06,2.36278e-06,-6.71123e-06,0.577711,-0.119116,-0.301683,-3.83555e-06,0.0124601,0.0390266,0,0,0
1996-06-25,-0.279319,0.182873,-0.462192,-4.25476e-06,2.38956e-06,-6.64432e-06,0.577711,-0.0910632,-0.273936,-3.54665e-06,0.0199549,0.0387251,0,0,0
1996-06-26,-0.275517,0.183054,-0.458571,-4.21283e-06,2.39312e-06,-6.60594e-06,0.577711,-0.104477,-0.287531,-3.64035e-06,0.0174673,0.0376854,0,0,0
1996-06-27,-0.272121,0.182807,-0.454927,-4.21047e-06,2.41896e-06,-6.62943e-06,0.577711,-0.0427635,-0.22557,-2.95917e-06,0.0159556,0.0378848,0,0,0
1996-06-28,0.144603,0.180057,-0.0354535,2.11918e-06,2.38213e-06,-2.62958e-07,-0.605458,0.700155,0.520098,6.63896e-06,0.0116296,0.0376083,0,0,2
1996-07-02,0.150604,0.18205,-0.0314453,2.2211e-06,2.40976e-06,-1.88657e-07,-0.605458,0.715685,0.533635,6.71419e-06,0.0156478,0.0373051,0,0,2
1996-07-03,0.150343,0.18131,-0.0309664,2.22667e-06,2.40853e-06,-1.81861e-07,-0.605458,0.714711,0.533401,7.18724e-06,0.0116751,0.0383231,0,0,2
1996-07-10,0.15049,0.179361,-0.0288714,2.22936e-06,2.37442e-06,-1.45061e-07,-0.605458,0.708316,0.528955,7.19069e-06,0.00906063,0.03815,0,0,2
1996-07-11,0.151802,0.1807,-0.0288981,2.24129e-06,2.40065e-06,-1.59354e-07,-0.605458,0.710636,0.529935,7.19846e-06,0.00335091,0.0379875,0,0,2
1996-07-12,0.15423,0.178945,-0.0247155,2.27486e-06,2.3741e-06,-9.92448e-08,-0.605458,0.708939,0.529994,7.26493e-06,0.00237098,0.0379983,0,0,2
1996-07-17,0.153285,0.179301,-0.0260163,2.25718e-06,2.37786e-06,-1.20679e-07,-0.605458,0.709406,0.530105,7.26724e-06,0.00270722,0.0380055,0,0,2
1996-07-18,0.162525,0.176182,-0.0136562,2.36927e-06,2.32291e-06,4.6359e-08,-0.605458,0.674571,0.49839,6.58964e-06,0.01038,0.0374416,0,0,2
1996-07-19,0.172383,0.186829,-0.0144458,2.53706e-06,2.48071e-06,5.63545e-08,-0.605458,0.679098,0.492268,6.61172e-06,0.00887837,0.0372935,0,0,2
1996-07-23,0.179815,0.180165,-0.000349704,2.63497e-06,2.37343e-06,2.61532e-07,-0.605458,0.667489,0.487324,6.6032e-06,0.00318336,0.0341649,0,0,2
1996-07-24,0.194602,0.192494,0.00210831,2.89667e-06,2.57458e-06,3.22091e-07,-0.605458,0.678829,0.486336,6.74027e-06,0.00489962,0.034337,0,0,2
1996-07-30,0.193522,0.19046,0.00306172,2.87926e-06,2.54264e-06,3.36617e-07,-0.605458,0.655503,0.465042,6.57475e-06,0.00577805,0.0343145,0,0,2
1996-07-31,0.7216,0.184375,0.537225,8.30671e-06,2.44355e-06,5.86316e-06,0.967683,0.556348,0.371973,1.17796e-06,0.00438823,0.0341834,0,1,4
1996-08-01,0.721846,0.182635,0.539211,8.30912e-06,2.41585e-06,5.89328e-06,0.967683,0.570556,0.387921,1.27888e-06,0.00468381,0.0342528,0,1,4
1996-08-02,0.72033,0.177829,0.542501,8.2882e-06,2.34406e-06,5.94414e-06,0.967683,0.558323,0.380494,1.30054e-06,0.00112316,0.0343257,0,1,4
1996-08-06,0.7203,0.176803,0.543498,8.28713e-06,2.32675e-06,5.96038e-06,0.967683,0.569618,0.392815,1.47516e-06,0.00214652,0.0346577,0,1,4
1996-08-07,0.71972,0.17568,0.544041,8.26983e-06,2.30956e-06,5.96027e-06,0.967683,0.566861,0.391181,1.45476e-06,0.000728639,0.034729,0,1,4
1996-08-08,0.720271,0.170833,0.549438,8.26642e-06,2.23228e-06,6.03413e-06,0.967683,0.5362,0.365367,1.37257e-06,0.000766303,0.034658,0,1,4
1996-08-09,0.721269,0.172295,0.548975,8.28221e-06,2.25077e-06,6.03143e-06,0.967683,0.522699,0.350405,1.28121e-06,-0.00515879,0.0338046,0,1,4
1996-08-13,0.722554,0.176008,0.546547,8.3384e-06,2.30956e-06,6.02884e-06,0.967683,0.527148,0.35114,1.30558e-06,-0.00902408,0.0335192,0,1,4
1996-08-14,0.721006,0.176192,0.544814,8.31496e-06,2.31703e-06,5.99792e-06,0.967683,0.523661,0.347469,1.31098e-06,-0.00919579,0.0335431,0,1,4
1996-08-15,0.721623,0.175674,0.545948,8.32003e-06,2.30821e-06,6.01182e-06,0.967683,0.520036,0.344362,1.27224e-06,-0.00834885,0.0335671,0,1,4
1996-08-16,0.721582,0.177056,0.544526,8.32418e-06,2.32911e-06,5.99507e-06,0.967683,0.543521,0.366465,1.72697e-06,-0.0110486,0.0339472,0,1,4
1996-08-20,0.721093,0.176965,0.544127,8.31813e-06,2.32878e-06,5.98935e-06,0.967683,0.521496,0.344531,1.54696e-06,-0.011485,0.0346573,0,1,4
1996-08-21,0.719027,0.171036,0.547991,8.32271e-06,2.24134e-06,6.08137e-06,0.967683,0.51997,0.348934,1.62656e-06,-0.0139727,0.0346602,0,1,4
1996-08-27,0.718659,0.168472,0.550187,8.31738e-06,2.20172e-06,6.11566e-06,0.967683,0.462231,0.29376,1.32901e-06,-0.00963285,0.0340391,0,1,4
1996-08-28,0.707206,0.170283,0.536923,7.87193e-06,2.23007e-06,5.64186e-06,0.967683,0.469385,0.299101,1.3819e-06,-0.00792051,0.0340746,0,1,4
1996-08-29,0.702406,0.167019,0.535387,7.70875e-06,2.17936e-06,5.52939e-06,0.967683,0.458516,0.291497,1.37946e-06,-0.00598366,0.0341398,0,1,4
1996-08-30,0.0495323,0.167029,-0.117496,4.60416e-07,2.17949e-06,-1.71907e-06,-0.658966,0.0236342,-0.143394,-2.00623e-06,-0.010209,0.0343298,0,0,1
1996-09-04,0.0329929,0.167537,-0.134544,3.07288e-07,2.18631e-06,-1.87902e-06,-0.658966,0.00822559,-0.159311,-2.12691e-06,-0.0102421,0.0337603,0,0,1
1996-09-05,0.0385814,0.169245,-0.130663,3.61343e-07,2.21217e-06,-1.85082e-06,-0.658966,0.0563504,-0.112894,-1.82297e-06,-0.0115471,0.0342659,0,0,1
1996-09-06,0.0327334,0.163804,-0.131071,3.10264e-07,2.15681e-06,-1.84654e-06,-0.658966,0.0580864,-0.105718,-1.75641e-06,-0.0153563,0.0352571,0,0,1
1996-09-10,0.0289328,0.158942,-0.13001,2.70824e-07,2.08196e-06,-1.81114e-06,-0.658966,0.0481888,-0.110754,-1.75366e-06,-0.0188211,0.0351564,0,0,1
1996-09-11,0.0263954,0.159833,-0.133437,2.4637e-07,2.09527e-06,-1.8489e-06,-0.658966,0.0317566,-0.128076,-1.88247e-06,-0.0130396,0.0347399,0,0,1
1996-09-12,0.00444339,0.157978,-0.153534,4.05444e-08,2.06502e-06,-2.02448e-06,-0.658966,0.0279597,-0.130018,-1.87718e-06,-0.0130676,0.0347311,0,0,1
1996-09-13,0.00159194,0.158303,-0.156711,1.44759e-08,2.06868e-06,-2.0542e-06,-0.658966,0.00556868,-0.152735,-2.03117e-06,-0.0120477,0.0360538,0,0,1
1996-09-17,0.0133736,0.158381,-0.145007,1.22119e-07,2.06929e-06,-1.94717e-06,-0.658966,-0.0219459,-0.180327,-2.223e-06,-0.0111579,0.0366455,0,0,1
1996-09-18,0.0149615,0.157073,-0.142112,1.3617e-07,2.05324e-06,-1.91707e-06,-0.658966,-0.00666068,-0.163734,-2.1006e-06,-0.0120808,0.0368227,0,0,1
1996-09-19,0.0224667,0.152669,-0.130203,2.02981e-07,1.98841e-06,-1.78543e-06,-0.658966,-0.0183899,-0.171059,-2.11897e-06,-0.0134516,0.0366771,0,0,1
1996-09-20,0.0230124,0.152555,-0.129543,2.03503e-07,1.98673e-06,-1.78322e-06,-0.658966,-0.0595247,-0.21208,-2.42302e-06,-0.00919332,0.0365723,0,0,1
1996-09-24,0.0122877,0.152932,-0.140645,1.07642e-07,1.99406e-06,-1.88642e-06,-0.658966,-0.0482858,-0.201218,-2.35319e-06,-0.00619857,0.0374077,0,0,1
1996-09-25,0.0125128,0.152096,-0.139583,1.09664e-07,1.98282e-06,-1.87315e-06,-0.658966,-0.0509397,-0.203036,-2.36517e-06,-0.00970612,0.0376865,0,0,1
1996-09-26,0.0112598,0.158484,-0.147224,9.85451e-08,2.05492e-06,-1.95637e-06,-0.658966,-0.058586,-0.21707,-2.49746e-06,-0.00910411,0.0376217,0,0,1
1996-09-27,0.447822,0.157889,0.289933,4.85289e-06,2.04988e-06,2.803e-06,0.82554,0.298046,0.140157,1.07048e-06,-0.00688325,0.0377842,0,1,3
1996-10-01,0.447278,0.157812,0.289466,4.83471e-06,2.04691e-06,2.7878e-06,0.82554,0.337967,0.180155,1.70262e-06,0.000828759,0.0378561,0,1,3
1996-10-02,0.419335,0.159826,0.259509,4.32051e-06,2.06046e-06,2.26005e-06,0.82554,0.389815,0.229989,2.58864e-06,0.000350287,0.0377037,0,1,3
1996-10-03,0.418556,0.159862,0.258693,4.32608e-06,2.0653e-06,2.26079e-06,0.82554,0.400456,0.240594,2.81306e-06,0.000606203,0.0377331,0,1,3
1996-10-04,0.418641,0.158917,0.259723,4.29992e-06,2.0501e-06,2.24982e-06,0.82554,0.40929,0.250373,3.0091e-06,-0.00190051,0.0376501,0,1,3
1996-10-08,0.418584,0.159067,0.259516,4.30078e-06,2.05138e-06,2.2494e-06,0.82554,0.430412,0.271345,3.46177e-06,-0.00352006,0.0389803,0,1,3
1996-10-09,0.418487,0.160522,0.257965,4.27444e-06,2.07108e-06,2.20336e-06,0.82554,0.445308,0.284786,3.72256e-06,0.00440421,0.0387058,0,1,3
1996-10-10,0.415073,0.161123,0.253951,4.22083e-06,2.08292e-06,2.13791e-06,0.82554,0.440567,0.279444,3.57783e-06,0.00895153,0.0383883,0,1,3
1996-10-11,0.418278,0.160855,0.257423,4.26713e-06,2.0775e-06,2.18962e-06,0.82554,0.435251,0.274396,3.53344e-06,0.0114403,0.0386006,0,1,3
1996-10-15,0.408023,0.159089,0.248934,4.18607e-06,2.05409e-06,2.13198e-06,0.82554,0.447021,0.287932,3.65304e-06,0.0124992,0.0387917,0,1,3
1996-10-16,0.405989,0.165551,0.240437,4.18039e-06,2.13488e-06,2.04551e-06,0.82554,0.463389,0.297837,3.97946e-06,0.014922,0.0386812,0,1,3
1996-10-17,0.404252,0.161485,0.242766,4.1376e-06,2.06775e-06,2.06985e-06,0.82554,0.465636,0.30415,4.07368e-06,0.0124438,0.0385246,0,1,3
1996-10-18,0.404283,0.163389,0.240894,4.13722e-06,2.09729e-06,2.03993e-06,0.82554,0.492716,0.329327,4.7101e-06,0.0131778,0.0399469,0,1,3
1996-10-22,0.399946,0.164015,0.235931,4.07367e-06,2.09267e-06,1.98101e-06,0.82554,0.497478,0.333463,4.7133e-06,0.017454,0.0393782,0,1,3
1996-10-23,0.396113,0.165282,0.230831,4.02473e-06,2.11786e-06,1.90688e-06,0.82554,0.491666,0.326384,4.60713e-06,0.0181168,0.0392894,0,1,3
1996-10-24,0.396904,0.161559,0.235345,4.03594e-06,2.06105e-06,1.97489e-06,0.82554,0.517906,0.356347,5.02355e-06,0.0166535,0.0393099,0,1,3
1996-10-25,0.390512,0.151947,0.238565,3.96954e-06,1.93385e-06,2.03569e-06,0.82554,0.516261,0.364315,5.17423e-06,0.0175607,0.0398166,0,1,3
1996-10-29,0.390105,0.152166,0.237939,3.96283e-06,1.93545e-06,2.02739e-06,0.82554,0.485517,0.333351,4.87726e-06,0.0136914,0.0400991,0,1,3
1996-10-30,0.37288,0.145973,0.226907,3.69626e-06,1.8467e-06,1.84956e-06,0.82554,0.490656,0.344683,5.27675e-06,0.0118437,0.0416098,0,1,3
1996-10-31,0.0934276,0.145657,-0.0522297,9.3553e-07,1.84233e-06,-9.06801e-07,0.593015,0.515619,0.369962,5.52143e-06,0.0137326,0.0415199,0,0,2
1996-11-01,0.0880139,0.143848,-0.0558345,8.86175e-07,1.82994e-06,-9.43761e-07,0.593015,0.498797,0.354948,5.36769e-06,0.016383,0.0416201,0,0,2
1996-11-05,0.0838258,0.146721,-0.062895,8.3687e-07,1.8621e-06,-1.02522e-06,0.593015,0.467704,0.320983,5.05522e-06,0.0183628,0.0416098,0,0,2
1996-11-06,0.0848385,0.148227,-0.0633885,8.45597e-07,1.87577e-06,-1.03017e-06,0.593015,0.424006,0.275779,4.40145e-06,0.00938017,0.0412517,0,0,2
1996-11-07,0.0847392,0.14732,-0.0625809,8.4457e-07,1.86532e-06,-1.02075e-06,0.593015,0.41719,0.26987,4.29291e-06,0.0113524,0.0413037,0,0,2
1996-11-08,0.0886309,0.14471,-0.0560793,8.85412e-07,1.82566e-06,-9.40248e-07,0.593015,0.45255,0.30784,5.19453e-06,0.00859116,0.0423561,0,0,2
1996-11-12,0.0873262,0.142812,-0.055486,8.73481e-07,1.8016e-06,-9.28123e-07,0.593015,0.477396,0.334584,5.49609e-06,0.0104601,0.0432589,0,0,2
1996-11-13,0.0804415,0.137456,-0.0570148,8.07443e-07,1.73946e-06,-9.32013e-07,0.593015,0.479258,0.341802,5.61375e-06,0.0112156,0.0432629,0,0,2
1996-11-14,0.0804018,0.138568,-0.0581659,8.06791e-07,1.75177e-06,-9.44977e-07,0.593015,0.413162,0.274595,4.6382e-06,0.00837428,0.0430205,0,0,2
1996-11-15,0.0900289,0.145146,-0.0551173,9.07169e-07,1.84213e-06,-9.34963e-07,0.593015,0.417062,0.271916,4.58535e-06,0.00585526,0.0430282,0,0,2
1996-11-19,0.0894543,0.144929,-0.0554742,9.00036e-07,1.83965e-06,-9.39613e-07,0.593015,0.401739,0.25681,4.27258e-06,-0.00222028,0.0427154,0,0,2
1996-11-20,0.0923964,0.141344,-0.0489472,9.30617e-07,1.78633e-06,-8.55709e-07,0.593015,0.414538,0.273195,4.66046e-06,-0.00465016,0.0438281,0,0,2
1996-11-21,0.0942398,0.14789,-0.0536506,9.51141e-07,1.8621e-06,-9.10957e-07,0.593015,0.400863,0.252972,4.46074e-06,-0.00783586,0.0438006,0,0,2
1996-11-22,0.0993609,0.145089,-0.0457285,9.93367e-07,1.81811e-06,-8.24739e-07,0.593015,0.38782,0.242731,4.40109e-06,-0.00801312,0.0438103,0,0,2
1996-11-26,0.0987619,0.144558,-0.0457961,9.87917e-07,1.81213e-06,-8.24217e-07,0.593015,0.39684,0.252282,4.57881e-06,-0.00886728,0.0441375,0,0,2
1996-11-27,0.647306,0.14293,0.504377,6.02132e-06,1.79259e-06,4.22873e-06,0.750379,0.851486,0.708556,8.94194e-06,-0.0165076,0.0440921,0,0,4
1996-12-03,0.649488,0.142706,0.506783,6.04569e-06,1.78938e-06,4.25631e-06,0.750379,0.851003,0.708297,8.8614e-06,-0.0157205,0.0439268,0,0,4
1996-12-04,0.651791,0.149911,0.501879,6.06642e-06,1.87162e-06,4.1948e-06,0.750379,0.852764,0.702853,8.74095e-06,-0.0120085,0.0439712,0,0,4
1996-12-05,0.653803,0.15059,0.503213,6.05688e-06,1.88308e-06,4.1738e-06,0.750379,0.852173,0.701583,8.70914e-06,-0.0144666,0.0447067,0,0,4
1996-12-06,0.654162,0.150674,0.503488,6.04192e-06,1.88437e-06,4.15754e-06,0.750379,0.852898,0.702225,8.68492e-06,-0.0122791,0.0445753,0,0,4
1996-12-10,0.653728,0.15106,0.502668,6.0255e-06,1.89046e-06,4.13504e-06,0.750379,0.85036,0.699299,9.07076e-06,-0.00761356,0.045204,0,0,4
1996-12-11,0.652836,0.151362,0.501474,6.00771e-06,1.8939e-06,4.11382e-06,0.750379,0.863895,0.712533,9.70889e-06,-0.00420032,0.0455372,0,0,4
1996-12-12,0.64983,0.15028,0.49955,5.99083e-06,1.88325e-06,4.10758e-06,0.750379,0.863141,0.712861,9.93993e-06,-0.00673215,0.0454204,0,0,4
1996-12-13,0.644481,0.15043,0.494051,5.89286e-06,1.8891e-06,4.00376e-06,0.750379,0.837986,0.687556,9.87993e-06,-0.011805,0.0451295,0,0,4
1996-12-17,0.647951,0.154528,0.493423,5.92208e-06,1.9402e-06,3.98187e-06,0.750379,0.839583,0.685055,9.5212e-06,-0.00392031,0.0443389,0,0,4
1996-12-18,0.648017,0.158692,0.489325,5.96915e-06,2.00887e-06,3.96028e-06,0.750379,0.839462,0.68077,9.46095e-06,-0.00188768,0.0443424,0,0,4
1996-12-27,0.649861,0.159561,0.4903,5.98109e-06,2.01834e-06,3.96275e-06,0.750379,0.839495,0.679934,9.39819e-06,0.00109963,0.0445856,0,0,4
1996-12-31,0.48763,0.160286,0.327345,5.67734e-06,2.02969e-06,3.64764e-06,0.676648,0.65383,0.493544,8.59559e-06,0.000796485,0.0446291,0,0,3
1997-01-07,0.48742,0.160269,0.327151,5.67219e-06,2.02907e-06,3.64311e-06,0.676648,0.671695,0.511426,9.14215e-06,0.00524628,0.0446091,0,0,3
1997-01-08,0.483316,0.159336,0.32398,5.64253e-06,2.02024e-06,3.62229e-06,0.676648,0.670739,0.511404,9.0984e-06,0.0012847,0.0446738,0,0,3
1997-01-09,0.483945,0.156906,0.327039,5.65923e-06,1.98378e-06,3.67544e-06,0.676648,0.672348,0.515442,9.14423e-06,0.000227861,0.0446857,0,0,3
1997-01-10,0.483698,0.157462,0.326236,5.66472e-06,1.99232e-06,3.6724e-06,0.676648,0.671815,0.514353,8.94637e-06,0.0020714,0.0438027,0,0,3
1997-01-16,0.484151,0.158507,0.325644,5.69345e-06,2.00429e-06,3.68916e-06,0.676648,0.668828,0.510321,8.88484e-06,0.010365,0.0435058,0,0,3
1997-01-17,0.484793,0.163683,0.32111,5.70563e-06,2.08229e-06,3.62333e-06,0.676648,0.666962,0.503279,8.71514e-06,0.0120945,0.0431859,0,0,3
1997-01-21,0.485342,0.159703,0.32564,5.72371e-06,2.01593e-06,3.70778e-06,0.676648,0.673827,0.514124,9.12289e-06,0.0140815,0.0432263,0,0,3
1997-01-23,0.481774,0.158365,0.323409,5.65929e-06,1.99988e-06,3.65941e-06,0.676648,0.67619,0.517825,9.25118e-06,0.0193921,0.0433149,0,0,3
1997-01-24,0.481801,0.157906,0.323895,5.65112e-06,1.99293e-06,3.65819e-06,0.676648,0.656848,0.498941,8.46528e-06,0.0260008,0.0417029,1,0,3
1997-01-28,0.489037,0.166372,0.322665,5.81737e-06,2.11538e-06,3.70199e-06,0.676648,0.652681,0.486309,8.22213e-06,0.022507,0.0417977,0,0,3
1997-01-29,0.49008,0.175193,0.314887,5.84569e-06,2.22112e-06,3.62457e-06,0.676648,0.656289,0.481096,8.1757e-06,0.0200539,0.0418251,0,0,3
1997-01-30,0.489656,0.17461,0.315046,5.84459e-06,2.21607e-06,3.62852e-06,0.676648,0.657628,0.483019,8.17749e-06,0.0183984,0.0418572,0,0,3
1997-01-31,-0.273543,0.173374,-0.446916,-4.72153e-06,2.20255e-06,-6.92408e-06,-0.284904,-0.203009,-0.376382,-5.63874e-06,0.0211494,0.0419973,0,0,0
1997-02-04,-0.273925,0.180966,-0.454892,-4.73414e-06,2.28447e-06,-7.0186e-06,-0.284904,-0.255135,-0.436102,-6.78163e-06,0.0116458,0.0414336,0,0,0
1997-02-05,-0.280626,0.179813,-0.460439,-4.8095e-06,2.26589e-06,-7.07539e-06,-0.284904,-0.23978,-0.419593,-6.64396e-06,0.0125743,0.0423541,0,0,0
1997-02-06,-0.280555,0.185273,-0.465828,-4.79089e-06,2.32942e-06,-7.12031e-06,-0.284904,-0.229206,-0.41448,-6.45076e-06,0.0151705,0.0423092,0,0,0
1997-02-07,-0.282109,0.175375,-0.457484,-4.82541e-06,2.20427e-06,-7.02968e-06,-0.284904,-0.182596,-0.357971,-5.61709e-06,0.0175237,0.0423017,0,0,0
1997-02-11,-0.283394,0.172218,-0.455612,-4.85406e-06,2.16424e-06,-7.0183e-06,-0.284904,-0.168667,-0.340885,-5.35921e-06,0.0111502,0.0422374,0,0,0
1997-02-12,-0.281229,0.175138,-0.456367,-4.8199e-06,2.2082e-06,-7.0281e-06,-0.284904,-0.148342,-0.32348,-4.95267e-06,0.012993,0.0423252,0,0,0
1997-02-13,-0.286567,0.162799,-0.449366,-4.94405e-06,2.07373e-06,-7.01779e-06,-0.284904,-0.125471,-0.28827,-4.4402e-06,0.0171133,0.0423363,0,0,0
1997-02-14,-0.286405,0.174374,-0.460779,-4.92889e-06,2.20017e-06,-7.12906e-06,-0.284904,-0.12132,-0.295694,-4.49989e-06,0.0123681,0.0423473,0,0,0
1997-02-19,-0.28162,0.181052,-0.462672,-4.81356e-06,2.2662e-06,-7.07976e-06,-0.284904,-0.158961,-0.340013,-5.26911e-06,0.00691987,0.0411379,0,0,0
1997-02-20,-0.276257,0.185004,-0.461261,-4.75729e-06,2.34085e-06,-7.09815e-06,-0.284904,-0.145231,-0.330235,-5.02795e-06,0.00448284,0.0412591,0,0,0
1997-02-21,-0.278623,0.174697,-0.45332,-4.8257e-06,2.21444e-06,-7.04013e-06,-0.284904,-0.14786,-0.322557,-4.94167e-06,0.00610478,0.0409264,0,0,0
1997-02-25,-0.276838,0.175319,-0.452157,-4.80627e-06,2.22616e-06,-7.03243e-06,-0.284904,-0.114984,-0.290303,-4.3601e-06,0.0113318,0.0408767,0,0,0
1997-02-26,-0.278062,0.171926,-0.449988,-4.83522e-06,2.1928e-06,-7.02802e-06,-0.284904,-0.134396,-0.306322,-4.66279e-06,0.0129583,0.0402883,0,0,0
1997-02-27,-0.275771,0.174098,-0.449869,-4.81394e-06,2.23236e-06,-7.0463e-06,-0.284904,-0.116806,-0.290904,-4.38673e-06,0.0138881,0.0408509,0,0,0
1997-02-28,0.420941,0.16973,0.251211,5.50453e-06,2.18362e-06,3.32091e-06,0.329463,0.521325,0.351595,3.56956e-06,0.012433,0.0416498,0,0,3
1997-03-04,0.418911,0.157354,0.261558,5.45312e-06,2.03231e-06,3.4208e-06,0.329463,0.475571,0.318217,3.13726e-06,0.00993834,0.0414145,0,0,3
1997-03-05,0.423438,0.167378,0.256059,5.5557e-06,2.17754e-06,3.37816e-06,0.329463,0.481989,0.314611,3.08131e-06,0.00999748,0.0415768,0,0,3
1997-03-06,0.416431,0.163683,0.252748,5.48976e-06,2.13648e-06,3.35327e-06,0.329463,0.484251,0.320567,3.30962e-06,0.00928664,0.0454077,0,0,3
1997-03-07,0.414112,0.162853,0.251259,5.43958e-06,2.12401e-06,3.31557e-06,0.329463,0.493266,0.330413,3.59776e-06,0.00781661,0.0457674,0,0,3
1997-03-11,0.413634,0.162932,0.250702,5.43893e-06,2.12471e-06,3.31422e-06,0.329463,0.488433,0.325501,3.45777e-06,0.0150624,0.0452951,0,0,3
1997-03-12,0.417035,0.164565,0.252471,5.49003e-06,2.15056e-06,3.33947e-06,0.329463,0.486846,0.322282,3.38198e-06,0.0121206,0.0452127,0,0,3
1997-03-13,0.421492,0.167116,0.254375,5.52407e-06,2.19081e-06,3.33326e-06,0.329463,0.472986,0.30587,3.01949e-06,0.0139312,0.0438333,0,0,3
1997-03-14,0.426655,0.175327,0.251328,5.64179e-06,2.31662e-06,3.32517e-06,0.329463,0.446487,0.27116,2.73728e-06,0.0140683,0.0450478,0,0,3
1997-03-18,0.423137,0.176577,0.24656,5.5684e-06,2.33594e-06,3.23246e-06,0.329463,0.470572,0.293994,3.33518e-06,0.0127938,0.0449148,0,0,3
1997-03-19,0.417894,0.180007,0.237888,5.44489e-06,2.37851e-06,3.06638e-06,0.329463,0.475267,0.29526,3.36917e-06,0.012889,0.0455856,0,0,3
1997-03-20,0.417589,0.179829,0.23776,5.43744e-06,2.37652e-06,3.06093e-06,0.329463,0.497231,0.317403,3.55173e-06,0.0184267,0.0451658,0,0,3
1997-03-21,0.413027,0.176727,0.236301,5.42631e-06,2.35445e-06,3.07186e-06,0.329463,0.487351,0.310624,3.39978e-06,0.0145117,0.0451239,0,0,3
1997-03-25,0.412027,0.17505,0.236977,5.42881e-06,2.34589e-06,3.08293e-06,0.329463,0.479083,0.304033,3.18069e-06,0.00646534,0.0441482,0,0,3
1997-03-26,0.420083,0.183729,0.236354,5.5395e-06,2.47388e-06,3.06563e-06,0.329463,0.415539,0.231811,2.33183e-06,0.00999455,0.0433217,0,0,3
1997-03-27,0.228765,0.189841,0.0389244,3.04672e-06,2.566e-06,4.80714e-07,0.342854,0.215064,0.025223,-1.57394e-07,0.0100248,0.0444452,0,0,2
1997-04-01,0.228727,0.193026,0.035701,3.04184e-06,2.60057e-06,4.41271e-07,0.342854,0.236327,0.0433013,1.04911e-07,0.0167559,0.0464242,0,0,2
1997-04-02,0.230792,0.196957,0.0338351,3.07946e-06,2.66544e-06,4.14022e-07,0.342854,0.235215,0.038258,4.71614e-08,0.0161159,0.0466692,0,0,2
1997-04-08,0.230674,0.199022,0.0316519,3.0555e-06,2.68853e-06,3.66972e-07,0.342854,0.254525,0.055503,2.46271e-07,0.0130593,0.0463528,0,0,2
1997-04-09,0.229352,0.203948,0.0254032,3.05081e-06,2.75703e-06,2.93777e-07,0.342854,0.225709,0.021761,-1.01577e-07,0.0120559,0.045857,0,0,2
1997-04-10,0.231163,0.208942,0.0222206,3.09823e-06,2.85636e-06,2.41862e-07,0.342854,0.222104,0.0131618,-2.1031e-07,0.0122422,0.0466281,0,0,2
1997-04-11,0.228804,0.209111,0.019693,3.05706e-06,2.85853e-06,1.98539e-07,0.342854,0.247948,0.0388363,5.18973e-08,0.0130997,0.0476532,0,0,2
1997-04-15,0.22571,0.206419,0.0192901,3.02378e-06,2.82801e-06,1.95774e-07,0.342854,0.284702,0.0782828,6.00093e-07,0.0120436,0.0474092,0,0,2
1997-04-16,0.22728,0.209398,0.0178818,3.05299e-06,2.87213e-06,1.80852e-07,0.342854,0.324259,0.114861,1.06064e-06,0.00853329,0.0494422,0,0,2
1997-04-17,0.22156,0.204134,0.0174255,2.98403e-06,2.80851e-06,1.75524e-07,0.342854,0.303489,0.0993553,9.26686e-07,0.0130939,0.0495174,0,0,2
1997-04-22,0.222343,0.203092,0.0192509,2.9939e-06,2.79336e-06,2.00544e-07,0.342854,0.299441,0.0963483,8.79222e-07,0.0172617,0.0496166,0,0,2
1997-04-23,0.223651,0.204986,0.0186652,3.01597e-06,2.82058e-06,1.95384e-07,0.342854,0.282602,0.0776162,5.71615e-07,0.0156251,0.0491534,0,0,2
1997-04-24,0.22716,0.211625,0.015535,3.06558e-06,2.92217e-06,1.43408e-07,0.342854,0.292604,0.0809785,5.58628e-07,0.0140949,0.0491603,0,0,2
1997-04-25,0.225688,0.211884,0.0138039,3.04681e-06,2.92388e-06,1.22922e-07,0.342854,0.255995,0.0441108,1.32337e-07,0.0185057,0.0495,0,0,2
1997-04-29,0.229263,0.213776,0.0154864,3.10252e-06,2.95745e-06,1.45066e-07,0.342854,0.232002,0.0182251,-1.45559e-07,0.0110462,0.0491167,0,0,2
1997-04-30,0.686694,0.216107,0.470587,9.23927e-06,2.99764e-06,6.24163e-06,0.74709,0.717491,0.501384,6.8901e-06,0.0113127,0.0490831,0,0,4
1997-05-01,0.686572,0.219904,0.466668,9.23677e-06,3.04107e-06,6.1957e-06,0.74709,0.717095,0.497191,6.84638e-06,0.0088925,0.0490895,0,0,4
1997-05-02,0.686287,0.220833,0.465454,9.19361e-06,3.0516e-06,6.14201e-06,0.74709,0.715193,0.49436,6.77056e-06,0.00422128,0.0491965,0,0,4
1997-05-06,0.686426,0.224156,0.46227,9.20018e-06,3.09284e-06,6.10734e-06,0.74709,0.723769,0.499613,6.93749e-06,0.00700888,0.050635,0,0,4
1997-05-07,0.682687,0.223191,0.459495,9.12054e-06,3.08238e-06,6.03815e-06,0.74709,0.717686,0.494495,6.84052e-06,0.00984595,0.0503782,0,0,4
1997-05-08,0.684955,0.224883,0.460071,9.17548e-06,3.1127e-06,6.06277e-06,0.74709,0.715475,0.490592,6.85702e-06,0.0115611,0.0504744,0,0,4
1997-05-09,0.685745,0.2209,0.464845,9.18401e-06,3.04627e-06,6.13775e-06,0.74709,0.712593,0.491693,6.90297e-06,0.0119982,0.0505907,0,0,4
1997-05-13,0.683359,0.221103,0.462256,9.08934e-06,3.04576e-06,6.04358e-06,0.74709,0.710919,0.489816,6.79216e-06,0.00716701,0.0502996,0,0,4
1997-05-14,0.682519,0.234584,0.447934,9.06684e-06,3.2045e-06,5.86234e-06,0.74709,0.710643,0.476059,6.60969e-06,0.010394,0.050835,0,0,4
1997-05-15,0.678574,0.267854,0.41072,8.90018e-06,3.56589e-06,5.33428e-06,0.74709,0.703761,0.435907,6.46383e-06,0.00841683,0.0512769,0,0,4
1997-05-16,0.671558,0.291942,0.379617,8.62554e-06,3.79728e-06,4.82826e-06,0.74709,0.693415,0.401473,6.11349e-06,0.00397884,0.0504868,0,0,4
1997-05-20,0.670611,0.313949,0.356662,8.60877e-06,4.05439e-06,4.55438e-06,0.74709,0.697203,0.383254,6.08524e-06,0.000164977,0.0506124,0,0,4
1997-05-21,0.674666,0.313851,0.360815,8.63061e-06,4.05187e-06,4.57874e-06,0.74709,0.727966,0.414115,7.09228e-06,0.0034112,0.0505785,0,0,4
1997-05-22,0.673176,0.311512,0.361664,8.59974e-06,4.03203e-06,4.56771e-06,0.74709,0.725272,0.41376,7.03194e-06,-0.00302434,0.0503966,0,0,4
1997-05-23,0.673138,0.314823,0.358315,8.5706e-06,4.05984e-06,4.51075e-06,0.74709,0.738659,0.423836,7.82654e-06,0.00229188,0.0509717,0,0,4
1997-05-28,0.675388,0.317067,0.358322,8.62991e-06,4.10241e-06,4.52749e-06,0.74709,0.767884,0.450818,9.16251e-06,0.00817967,0.051835,0,0,4
1997-05-29,0.672681,0.311605,0.361076,8.64308e-06,4.02216e-06,4.62092e-06,0.74709,0.76804,0.456435,9.49369e-06,0.00355347,0.0517495,0,0,4
1997-05-30,-0.110413,0.314491,-0.424904,-1.51897e-06,4.03649e-06,-5.55546e-06,0.451759,0.0743605,-0.24013,-2.92346e-06,0.00115749,0.0513922,0,0,0
1997-06-03,-0.0875968,0.29624,-0.383836,-1.18035e-06,3.64294e-06,-4.82329e-06,0.451759,0.0966403,-0.199599,-2.2e-06,-0.000176927,0.0518834,0,0,1
1997-06-04,-0.088574,0.288391,-0.376965,-1.19332e-06,3.54212e-06,-4.73544e-06,0.451759,0.0837597,-0.204631,-2.27492e-06,0.00119747,0.0521429,0,0,1
1997-06-05,-0.0897472,0.278077,-0.367824,-1.20861e-06,3.37279e-06,-4.5814e-06,0.451759,0.065465,-0.212612,-2.39833e-06,-0.000184383,0.05165,0,0,1
1997-06-06,-0.0767978,0.283309,-0.360106,-1.02023e-06,3.44534e-06,-4.46558e-06,0.451759,0.0854913,-0.197817,-2.15172e-06,-0.000832935,0.0518061,0,0,1
1997-06-10,-0.0723562,0.27314,-0.345496,-9.53809e-07,3.28569e-06,-4.2395e-06,0.451759,0.090774,-0.182366,-1.91808e-06,-0.00223092,0.0516828,0,0,1
1997-06-11,-0.0708981,0.271481,-0.34238,-9.32317e-07,3.26897e-06,-4.20129e-06,0.451759,0.088176,-0.183305,-1.94952e-06,-0.00085452,0.0515571,0,0,1
1997-06-12,-0.0697912,0.269015,-0.338806,-9.11874e-07,3.22137e-06,-4.13324e-06,0.451759,0.0865567,-0.182458,-1.93262e-06,-0.00561943,0.0513645,0,0,1
1997-06-13,-0.0694757,0.263739,-0.333215,-9.08987e-07,3.13438e-06,-4.04337e-06,0.451759,0.0808164,-0.182923,-1.89671e-06,-0.00678124,0.0518691,0,0,1
1997-06-17,-0.0659652,0.266153,-0.332118,-8.60039e-07,3.15452e-06,-4.01456e-06,0.451759,0.0935191,-0.172634,-1.70688e-06,-0.00637599,0.0519505,0,0,1
1997-06-18,-0.0699835,0.266713,-0.336696,-9.07186e-07,3.15492e-06,-4.06211e-06,0.451759,0.0925174,-0.174195,-1.72076e-06,-0.00166677,0.0519374,0,0,1
1997-06-19,-0.0838463,0.261805,-0.345651,-1.07143e-06,3.04779e-06,-4.11922e-06,0.451759,0.0828681,-0.178937,-1.76374e-06,-0.00721675,0.0518535,0,0,1
1997-06-20,-0.0857079,0.264511,-0.350219,-1.09296e-06,3.08184e-06,-4.1748e-06,0.451759,0.0860809,-0.17843,-1.74561e-06,-0.0060673,0.0523815,0,0,1
1997-06-24,-0.0738179,0.264881,-0.338699,-9.29947e-07,3.08875e-06,-4.0187e-06,0.451759,0.184429,-0.0804517,9.81633e-08,-0.00363408,0.0549317,0,0,1
1997-06-25,-0.0715785,0.264055,-0.335634,-9.0144e-07,3.07418e-06,-3.97562e-06,0.451759,0.193779,-0.0702765,4.25801e-07,0.000593596,0.0555014,0,0,1
1997-06-26,-0.0721134,0.263525,-0.335639,-9.08654e-07,3.06748e-06,-3.97614e-06,0.451759,0.183505,-0.0800209,2.17683e-07,-0.000393167,0.0552193,0,0,1
1997-06-27,0.221738,0.265664,-0.0439266,2.86748e-06,3.09494e-06,-2.27459e-07,0.369463,0.40897,0.143305,4.15499e-06,-9.54305e-05,0.0545262,0,0,2
1997-07-01,0.217582,0.264451,-0.0468698,2.80162e-06,3.1167e-06,-3.1508e-07,0.369463,0.404894,0.140442,4.00383e-06,0.00288412,0.0544865,0,0,2
1997-07-02,0.220451,0.267216,-0.046765,2.82506e-06,3.13606e-06,-3.11008e-07,0.369463,0.432257,0.165041,4.27466e-06,-0.00615495,0.0544077,0,0,2
1997-07-03,0.214145,0.259135,-0.0449893,2.76124e-06,3.05894e-06,-2.977e-07,0.369463,0.384805,0.125671,2.9997e-06,-0.0173104,0.0518365,0,0,2
1997-07-08,0.230754,0.279527,-0.048773,3.04514e-06,3.39302e-06,-3.47878e-07,0.369463,0.380537,0.101009,2.58156e-06,-0.0118338,0.0516752,0,0,2
1997-07-09,0.232823,0.280428,-0.0476049,3.07264e-06,3.41033e-06,-3.37694e-07,0.369463,0.371723,0.0912955,2.46498e-06,-0.0149128,0.0516728,0,0,2
1997-07-10,0.22711,0.282989,-0.0558791,2.97182e-06,3.43457e-06,-4.6275e-07,0.369463,0.377022,0.0940325,2.46429e-06,-0.0119105,0.0516387,0,0,2
1997-07-11,0.23017,0.282347,-0.0521779,3.01547e-06,3.414e-06,-3.98533e-07,0.369463,0.379173,0.0968253,2.53916e-06,-0.0187241,0.0516205,0,0,2
1997-07-15,0.230915,0.283846,-0.052931,3.02685e-06,3.43306e-06,-4.06206e-07,0.369463,0.365699,0.081853,2.15667e-06,-0.0148261,0.0504657,0,0,2
1997-07-16,0.237151,0.292055,-0.0549037,3.145e-06,3.55821e-06,-4.13209e-07,0.369463,0.402513,0.110458,2.47228e-06,-0.0154191,0.0505874,0,0,2
1997-07-17,0.246017,0.280825,-0.0348088,3.23429e-06,3.44994e-06,-2.15652e-07,0.369463,0.396487,0.115662,2.43671e-06,-0.0114179,0.0502318,0,0,2
1997-07-18,0.250532,0.285019,-0.0344872,3.30462e-06,3.51245e-06,-2.07833e-07,0.369463,0.395984,0.110964,2.36657e-06,-0.014054,0.0505053,0,0,2
1997-07-22,0.251051,0.287132,-0.0360816,3.31127e-06,3.5333e-06,-2.22037e-07,0.369463,0.389344,0.102211,2.30162e-06,-0.00559518,0.0502174,0,0,2
1997-07-23,0.253129,0.290181,-0.0370516,3.33775e-06,3.5698e-06,-2.32055e-07,0.369463,0.421972,0.131791,2.96541e-06,-0.00575283,0.0501891,0,0,2
1997-07-24,0.255411,0.288577,-0.0331655,3.36487e-06,3.55873e-06,-1.93858e-07,0.369463,0.435609,0.147032,3.11504e-06,-0.00550048,0.0502042,0,0,2
1997-07-29,0.251159,0.284238,-0.0330791,3.31651e-06,3.51854e-06,-2.02027e-07,0.369463,0.46853,0.184291,3.93743e-06,-0.0124908,0.0496137,0,0,2
1997-07-30,0.253367,0.286999,-0.0336321,3.37728e-06,3.59319e-06,-2.15903e-07,0.369463,0.440743,0.153743,2.96138e-06,-0.00442037,0.0472834,0,0,2
1997-07-31,0.599174,0.294551,0.304624,1.05496e-05,3.71447e-06,6.83513e-06,0.460498,0.827501,0.53295,8.47125e-06,-0.00343013,0.0470167,0,0,3
1997-08-01,0.597576,0.295187,0.302389,1.04858e-05,3.72893e-06,6.75687e-06,0.460498,0.82993,0.534742,8.66426e-06,-0.00721908,0.0473142,0,0,3
1997-08-05,0.594963,0.294384,0.300579,1.03829e-05,3.71964e-06,6.66323e-06,0.460498,0.832607,0.538224,8.61124e-06,-0.0104209,0.0466932,0,0,3
1997-08-06,0.594069,0.29884,0.295229,1.03738e-05,3.79027e-06,6.58354e-06,0.460498,0.842856,0.544016,9.43934e-06,-0.00450926,0.0475038,0,0,3
1997-08-07,0.56465,0.273174,0.291476,9.18762e-06,3.33517e-06,5.85246e-06,0.460498,0.856574,0.5834,1.13279e-05,-0.0112393,0.0483737,0,0,3
1997-08-08,0.566215,0.285346,0.280869,9.26286e-06,3.49286e-06,5.77e-06,0.460498,0.857434,0.572088,1.12401e-05,-0.0105589,0.0483276,0,0,3
1997-08-12,0.562776,0.285786,0.27699,9.13834e-06,3.50029e-06,5.63805e-06,0.460498,0.849023,0.563237,1.04999e-05,-0.00869894,0.0463793,0,0,3
1997-08-13,0.568573,0.296999,0.271574,9.31955e-06,3.69482e-06,5.62472e-06,0.460498,0.843146,0.546148,1.02302e-05,-0.00119682,0.0469408,0,0,3
1997-08-14,0.568657,0.301091,0.267566,9.29492e-06,3.72085e-06,5.57406e-06,0.460498,0.827148,0.526057,1.04559e-05,-0.00586892,0.0476196,0,0,3
1997-08-15,0.569365,0.309829,0.259536,9.31941e-06,3.81594e-06,5.50347e-06,0.460498,0.829558,0.519728,1.11115e-05,-0.00385545,0.047483,0,0,3
1997-08-19,0.569531,0.315911,0.25362,9.32391e-06,3.88812e-06,5.43579e-06,0.460498,0.816426,0.500515,1.09946e-05,-0.00849703,0.0475801,0,0,3
1997-08-20,0.569601,0.316691,0.25291,9.32372e-06,3.88815e-06,5.43557e-06,0.460498,0.813136,0.496445,1.06697e-05,-0.00716922,0.0466741,0,0,3
1997-08-21,0.57929,0.326116,0.253174,9.49509e-06,4.01798e-06,5.47711e-06,0.460498,0.82247,0.496355,1.0726e-05,-0.00503364,0.0466001,0,0,3
1997-08-22,0.57771,0.327013,0.250697,9.43931e-06,4.00607e-06,5.43324e-06,0.460498,0.823726,0.496714,1.08737e-05,-0.00274954,0.0466571,0,0,3
1997-08-26,0.574888,0.326936,0.247953,9.3267e-06,4.00453e-06,5.32217e-06,0.460498,0.83313,0.506194,1.0966e-05,-0.00288759,0.0468211,0,0,3
1997-08-27,0.261368,0.324802,-0.0634345,4.19897e-06,3.98421e-06,2.1476e-07,0.41925,0.471734,0.146932,3.50926e-06,0.000156099,0.0474165,0,0,2
1997-09-03,0.25414,0.328926,-0.0747854,4.02568e-06,4.01993e-06,5.75477e-09,0.41925,0.476306,0.14738,3.60295e-06,-0.00497247,0.0462581,0,0,2
1997-09-04,0.259238,0.335884,-0.0766459,4.1342e-06,4.1485e-06,-1.42977e-08,0.41925,0.463835,0.127951,3.51603e-06,-0.000158556,0.0500595,0,0,2
1997-09-05,0.257936,0.337474,-0.0795374,4.11047e-06,4.16664e-06,-5.61713e-08,0.41925,0.46136,0.123887,3.4737e-06,-0.00397045,0.0500255,0,0,2
1997-09-09,0.258213,0.340917,-0.0827042,4.11668e-06,4.20195e-06,-8.52682e-08,0.41925,0.458622,0.117705,3.37153e-06,-0.00304845,0.0499923,0,0,2
1997-09-10,0.256098,0.340425,-0.0843274,4.06622e-06,4.16884e-06,-1.02618e-07,0.41925,0.470524,0.130099,3.9559e-06,-0.00249592,0.0508911,0,0,1
1997-09-11,0.247797,0.343108,-0.0953114,3.8923e-06,4.19285e-06,-3.00544e-07,0.41925,0.463409,0.120301,3.76799e-06,-0.00241251,0.0505625,0,0,1
1997-09-12,0.245944,0.35422,-0.108276,3.7991e-06,4.32214e-06,-5.2304e-07,0.41925,0.456684,0.102463,3.43073e-06,0.00934064,0.050136,0,0,1
1997-09-16,0.233818,0.357589,-0.12377,3.56073e-06,4.37198e-06,-8.11249e-07,0.41925,0.410441,0.0528529,2.82793e-06,0.00413874,0.0510851,0,0,1
1997-09-17,0.228595,0.376681,-0.148086,3.43283e-06,4.52363e-06,-1.0908e-06,0.41925,0.398269,0.0215884,2.52513e-06,0.00317541,0.0532045,0,0,1
1997-09-18,0.230204,0.370642,-0.140438,3.44475e-06,4.40934e-06,-9.64583e-07,0.41925,0.414986,0.0443441,2.81812e-06,0.00228824,0.0530804,0,0,1
1997-09-19,0.227923,0.365542,-0.137619,3.41759e-06,4.36855e-06,-9.50956e-07,0.41925,0.365624,8.16727e-05,2.26127e-06,0.00708418,0.0530321,0,0,1
1997-09-25,0.229072,0.36415,-0.135078,3.43202e-06,4.32625e-06,-8.94232e-07,0.41925,0.380229,0.0160793,2.27907e-06,0.0136925,0.051885,0,0,1
1997-09-26,0.22606,0.355066,-0.129006,3.44206e-06,4.23449e-06,-7.92426e-07,0.41925,0.391619,0.0365529,2.47888e-06,0.0126408,0.0507973,0,0,1
1997-09-30,-0.155881,0.358478,-0.514359,-2.16478e-06,4.32842e-06,-6.4932e-06,0.316509,0.408061,0.049583,2.27263e-06,0.0128704,0.0527191,0,0,0
1997-10-02,-0.161978,0.363886,-0.525864,-2.24003e-06,4.38134e-06,-6.62137e-06,0.316509,0.41915,0.0552644,2.42478e-06,0.0130092,0.0526727,0,0,0
1997-10-03,-0.164031,0.360238,-0.52427,-2.27531e-06,4.34679e-06,-6.6221e-06,0.316509,0.411769,0.0515309,2.2558e-06,0.0188923,0.0519296,0,0,0
1997-10-07,-0.156305,0.363322,-0.519628,-2.17583e-06,4.40514e-06,-6.58097e-06,0.316509,0.403978,0.0406551,2.02637e-06,0.0242722,0.0517807,0,0,0
1997-10-08,-0.143769,0.358929,-0.502699,-1.98821e-06,4.3713e-06,-6.35952e-06,0.316509,0.41009,0.0511608,2.28876e-06,0.0231975,0.0518084,0,0,0
1997-10-09,-0.145175,0.356089,-0.501264,-2.00425e-06,4.3208e-06,-6.32504e-06,0.316509,0.381932,0.0258431,1.97912e-06,0.0192809,0.0517413,0,0,0
1997-10-10,-0.137486,0.352202,-0.489688,-1.86908e-06,4.22303e-06,-6.09212e-06,0.316509,0.404356,0.0521544,2.59427e-06,0.0210795,0.0525405,0,0,0
1997-10-14,-0.134637,0.351025,-0.485662,-1.82312e-06,4.20997e-06,-6.03309e-06,0.316509,0.354761,0.00373548,1.99387e-06,0.0242278,0.0528065,0,0,0
1997-10-15,-0.134491,0.350934,-0.485425,-1.82164e-06,4.2065e-06,-6.02814e-06,0.316509,0.364408,0.0134745,2.19279e-06,0.0230956,0.0537756,0,0,0
1997-10-16,-0.145575,0.350302,-0.495877,-1.956e-06,4.16233e-06,-6.11833e-06,0.316509,0.408373,0.0580705,3.50345e-06,0.018704,0.0545992,0,0,0
1997-10-17,-0.143397,0.351182,-0.494579,-1.93162e-06,4.19441e-06,-6.12603e-06,0.316509,0.407969,0.0567876,3.42465e-06,0.0224102,0.0549746,0,0,0
1997-10-21,-0.137818,0.35417,-0.491988,-1.85167e-06,4.23216e-06,-6.08383e-06,0.316509,0.411203,0.0570333,3.42753e-06,0.0267152,0.0549192,1,0,0
1997-10-22,-0.132436,0.371577,-0.504013,-1.74625e-06,4.35201e-06,-6.09826e-06,0.316509,0.408377,0.0368006,3.26899e-06,0.0286429,0.0550669,1,0,0
1997-10-23,-0.134158,0.360145,-0.494303,-1.76051e-06,4.14222e-06,-5.90274e-06,0.316509,0.388535,0.0283898,3.12249e-06,0.0256455,0.0546789,1,0,0
1997-10-24,-0.127342,0.363341,-0.490683,-1.67114e-06,4.19937e-06,-5.87051e-06,0.316509,0.363917,0.000576123,2.32771e-06,0.020248,0.0524868,0,0,0
1997-10-28,-0.0952569,0.370782,-0.466039,-1.25453e-06,4.35899e-06,-5.61352e-06,0.316509,0.354383,-0.0163985,1.89914e-06,0.023203,0.0520226,0,0,0
1997-10-29,-0.102579,0.365358,-0.467937,-1.34032e-06,4.23185e-06,-5.57218e-06,0.316509,0.36186,-0.00349806,2.20922e-06,0.028794,0.0530755,1,0,0
1997-10-30,-0.0967057,0.363583,-0.460289,-1.25485e-06,4.20652e-06,-5.46137e-06,0.316509,0.356723,-0.0068598,2.10855e-06,0.0249412,0.0529131,0,0,0
1997-10-31,0.183312,0.375448,-0.192136,2.70913e-06,4.31604e-06,-1.60691e-06,0.0821401,-0.0520885,-0.427536,-5.13916e-06,0.0224197,0.0525501,0,0,1
1997-11-04,0.167242,0.367504,-0.200262,2.42186e-06,4.21132e-06,-1.78946e-06,0.0821401,-0.0522501,-0.419754,-5.03527e-06,0.0238014,0.0543178,0,0,1
1997-11-05,0.168529,0.368173,-0.199644,2.43887e-06,4.22128e-06,-1.78241e-06,0.0821401,-0.0706891,-0.438862,-5.31527e-06,0.0152371,0.0538233,0,0,1
1997-11-06,0.171196,0.372038,-0.200842,2.48814e-06,4.2967e-06,-1.80856e-06,0.0821401,-0.0628791,-0.434917,-5.27359e-06,0.0124723,0.0537258,0,0,1
1997-11-07,0.164044,0.371364,-0.20732,2.36198e-06,4.29197e-06,-1.92999e-06,0.0821401,-0.0515942,-0.422958,-5.10768e-06,0.0109271,0.0542384,0,0,1
1997-11-11,0.16344,0.371926,-0.208486,2.3529e-06,4.2444e-06,-1.89149e-06,0.0821401,-0.0565579,-0.428484,-5.14104e-06,0.00769384,0.0544307,0,0,1
1997-11-12,0.155567,0.368816,-0.213248,2.2238e-06,4.19541e-06,-1.97161e-06,0.0821401,-0.0540631,-0.422879,-5.04808e-06,0.00752728,0.0543244,0,0,1
1997-11-13,0.15218,0.371287,-0.219107,2.17078e-06,4.17674e-06,-2.00596e-06,0.0821401,-0.0493926,-0.420679,-4.9595e-06,0.00987527,0.0549763,0,0,1
1997-11-14,0.142177,0.371347,-0.229169,2.00655e-06,4.17085e-06,-2.1643e-06,0.0821401,0.0916254,-0.279721,-2.48891e-06,0.0107947,0.0559517,0,0,1
1997-11-18,0.15803,0.372558,-0.214528,2.2003e-06,4.18018e-06,-1.97988e-06,0.0821401,0.100456,-0.272101,-2.35052e-06,0.00715299,0.0566958,0,0,1
1997-11-19,0.155229,0.370189,-0.214961,2.15709e-06,4.15466e-06,-1.99757e-06,0.0821401,0.0415427,-0.328646,-3.36323e-06,0.0100694,0.0566949,0,0,1
1997-11-20,0.157099,0.37167,-0.214572,2.18522e-06,4.17994e-06,-1.99472e-06,0.0821401,0.0423239,-0.329346,-3.37318e-06,0.0122899,0.0568389,0,0,1
1997-11-21,0.153481,0.370554,-0.217073,2.12739e-06,4.15279e-06,-2.0254e-06,0.0821401,0.0690894,-0.301464,-2.84643e-06,0.00397498,0.0568151,0,0,1
1997-11-25,0.144564,0.358138,-0.213573,2.00991e-06,4.04849e-06,-2.03858e-06,0.0821401,0.0768615,-0.281276,-2.59783e-06,0.00178216,0.0567884,0,0,1
1997-11-26,0.101742,0.35628,-0.254537,1.5028e-06,4.03711e-06,-2.53431e-06,0.0747113,0.43768,0.0813999,3.40661e-06,0.000529157,0.0566249,0,0,1
1997-12-02,0.108935,0.358589,-0.249654,1.61077e-06,4.07912e-06,-2.46835e-06,0.0747113,0.462961,0.104373,4.14743e-06,-0.00674736,0.0575401,0,0,1
1997-12-03,0.114362,0.351129,-0.236768,1.67803e-06,3.94538e-06,-2.26735e-06,0.0747113,0.465701,0.114572,4.39947e-06,-0.00973045,0.0575244,0,0,1
1997-12-04,0.114059,0.350557,-0.236498,1.67291e-06,3.93313e-06,-2.26022e-06,0.0747113,0.468575,0.118017,4.50008e-06,-0.0109067,0.0574798,0,0,1
1997-12-05,0.113258,0.333732,-0.220474,1.66429e-06,3.67026e-06,-2.00597e-06,0.0747113,0.453057,0.119325,4.57217e-06,-0.00453119,0.0580867,0,0,1
1997-12-09,0.110433,0.329678,-0.219245,1.62424e-06,3.63878e-06,-2.01454e-06,0.0747113,0.42095,0.0912725,3.80632e-06,-0.00306708,0.0573927,0,0,1
1997-12-10,0.121243,0.337526,-0.216283,1.79821e-06,3.78311e-06,-1.9849e-06,0.0747113,0.423817,0.0862903,3.51644e-06,0.00279878,0.0561894,0,0,1
1997-12-11,0.127465,0.337704,-0.210238,1.91175e-06,3.86881e-06,-1.95706e-06,0.0747113,0.413754,0.0760497,3.27585e-06,0.00134463,0.0561569,0,0,1
1997-12-12,0.132519,0.339099,-0.20658,1.98044e-06,3.88409e-06,-1.90365e-06,0.0747113,0.421959,0.08286,3.40212e-06,-0.00196582,0.0558533,0,0,1
1997-12-16,0.131199,0.33678,-0.205581,1.96824e-06,3.87946e-06,-1.91122e-06,0.0747113,0.431946,0.0951658,3.45861e-06,0.00324539,0.0553658,0,0,1
1997-12-17,0.131569,0.337868,-0.206299,1.98598e-06,3.91872e-06,-1.93274e-06,0.0747113,0.433127,0.0952589,3.4297e-06,0.0156134,0.0553694,0,0,1
1997-12-23,0.135114,0.338631,-0.203517,2.05138e-06,3.96351e-06,-1.91213e-06,0.0747113,0.429732,0.0911009,3.36193e-06,0.0190562,0.0551961,0,0,1
1997-12-24,0.143155,0.339129,-0.195974,2.16343e-06,3.97346e-06,-1.81003e-06,0.0747113,0.443634,0.104504,3.6878e-06,0.0225519,0.0552059,0,0,1
1997-12-30,0.140039,0.328448,-0.18841,2.12299e-06,3.85371e-06,-1.73071e-06,0.0747113,0.454022,0.125574,4.10298e-06,0.0178512,0.0558225,0,0,1
1997-12-31,0.409309,0.328694,0.0806149,6.10514e-06,3.85354e-06,2.2516e-06,0.246071,0.532963,0.204269,6.81108e-06,0.0176484,0.0557505,0,0,2
1998-01-06,0.408966,0.32804,0.0809258,6.10186e-06,3.85324e-06,2.24862e-06,0.246071,0.532597,0.204557,6.79273e-06,0.0189671,0.0560174,0,0,2
1998-01-07,0.409103,0.327202,0.0819012,6.10669e-06,3.83827e-06,2.26842e-06,0.246071,0.53522,0.208018,6.91283e-06,0.0259192,0.0559564,1,0,2
1998-01-08,0.40641,0.327006,0.0794038,6.04318e-06,3.83974e-06,2.20345e-06,0.246071,0.525209,0.198203,6.46358e-06,0.0180951,0.0548908,0,0,2
1998-01-09,0.418608,0.333589,0.0850195,6.21947e-06,3.94519e-06,2.27428e-06,0.246071,0.531196,0.197607,6.41093e-06,0.0119531,0.054834,0,0,2
1998-01-13,0.41558,0.331165,0.0844146,6.18684e-06,3.92936e-06,2.25748e-06,0.246071,0.501182,0.170016,5.35699e-06,0.0165268,0.0515662,0,0,2
1998-01-14,0.427167,0.34359,0.083577,6.48189e-06,4.19226e-06,2.28963e-06,0.246071,0.501538,0.157948,5.13044e-06,0.0220984,0.0518233,0,0,2
1998-01-21,0.426747,0.343631,0.0831158,6.4715e-06,4.19361e-06,2.2779e-06,0.246071,0.510027,0.166396,5.40564e-06,0.0215921,0.0520873,0,0,2
1998-01-27,0.425354,0.344171,0.0811832,6.43573e-06,4.20716e-06,2.22856e-06,0.246071,0.511764,0.167593,5.28111e-06,0.0247421,0.0512149,0,0,2
1998-01-28,0.425654,0.345085,0.0805694,6.45462e-06,4.2552e-06,2.19942e-06,0.246071,0.524481,0.179396,5.38432e-06,0.0270186,0.0512276,1,0,2
1998-01-29,0.418804,0.340298,0.0785058,6.33911e-06,4.19511e-06,2.144e-06,0.246071,0.515169,0.174871,5.34348e-06,0.0245212,0.0512905,0,0,2
1998-01-30,0.47781,0.348393,0.129417,7.88921e-06,4.26016e-06,3.62905e-06,0.45294,0.620256,0.271863,8.04614e-06,0.016797,0.0509905,0,0,3
1998-02-03,0.477062,0.352648,0.124414,7.86651e-06,4.35248e-06,3.51403e-06,0.45294,0.620699,0.268051,7.19884e-06,0.00404696,0.0488598,0,0,3
1998-02-04,0.476995,0.357972,0.119023,8.0272e-06,4.51978e-06,3.50742e-06,0.45294,0.621438,0.263466,7.04787e-06,0.00289648,0.0489472,0,0,3
1998-02-05,0.476551,0.355397,0.121154,8.01279e-06,4.47671e-06,3.53608e-06,0.45294,0.623386,0.267989,7.18803e-06,0.00129755,0.0489717,0,0,3
1998-02-06,0.477081,0.355377,0.121704,8.0177e-06,4.47642e-06,3.54128e-06,0.45294,0.623308,0.267931,7.18082e-06,-0.00500647,0.0494833,0,0,3
1998-02-10,0.475818,0.351064,0.124754,8.00346e-06,4.40054e-06,3.60292e-06,0.45294,0.631891,0.280826,7.46047e-06,-0.00346476,0.0497767,0,0,3
1998-02-11,0.473779,0.349124,0.124654,7.98428e-06,4.38451e-06,3.59977e-06,0.45294,0.611237,0.262113,6.49858e-06,-0.0120942,0.0475212,0,0,3
1998-02-12,0.470079,0.362601,0.107477,7.86431e-06,4.63705e-06,3.22726e-06,0.45294,0.630496,0.267894,7.52201e-06,-0.00938304,0.0475525,0,0,2
1998-02-13,0.470018,0.362208,0.10781,7.86201e-06,4.63111e-06,3.2309e-06,0.45294,0.654549,0.292341,7.85962e-06,-0.00846524,0.0475457,0,0,2
1998-02-18,0.468182,0.356802,0.111381,7.85128e-06,4.57879e-06,3.27249e-06,0.45294,0.672117,0.315316,8.16184e-06,-0.00606085,0.0472232,0,0,2
1998-02-19,0.459638,0.353648,0.10599,7.69757e-06,4.55936e-06,3.13821e-06,0.45294,0.680991,0.327344,8.72194e-06,-0.0117365,0.0522877,0,0,2
1998-02-20,0.458175,0.354012,0.104163,7.64813e-06,4.56679e-06,3.08134e-06,0.45294,0.731165,0.377153,9.46782e-06,-0.00629331,0.0532804,0,0,2
1998-02-24,0.446051,0.340968,0.105082,7.5067e-06,4.43719e-06,3.0695e-06,0.45294,0.746517,0.405549,1.0881e-05,-0.00642327,0.0535441,0,0,2
1998-02-25,0.448901,0.345583,0.103318,7.6e-06,4.53007e-06,3.06994e-06,0.45294,0.749475,0.403892,1.07746e-05,-0.00650835,0.0534007,0,0,2
1998-02-26,0.449327,0.343762,0.105565,7.62156e-06,4.49891e-06,3.12265e-06,0.45294,0.75113,0.407369,1.06352e-05,-0.00402594,0.0527559,0,0,2
1998-02-27,-0.0618112,0.34365,-0.405461,-1.15291e-06,4.53049e-06,-5.6834e-06,0.388035,0.302226,-0.0414237,1.08661e-06,4.6823e-08,0.0519419,0,0,0
1998-03-03,-0.0597334,0.344962,-0.404695,-1.12069e-06,4.59558e-06,-5.71627e-06,0.388035,0.289732,-0.0552294,7.42078e-07,-0.00555011,0.0510432,0,0,1
1998-03-04,-0.0548048,0.348202,-0.403007,-1.03141e-06,4.66955e-06,-5.70097e-06,0.388035,0.211062,-0.13714,-4.87885e-07,-0.00462226,0.0511195,0,0,1
1998-03-05,-0.0543169,0.346722,-0.401039,-1.02241e-06,4.65348e-06,-5.67589e-06,0.388035,0.218208,-0.128515,-2.78955e-07,-0.00890327,0.0519136,0,0,1
1998-03-06,-0.0560767,0.346065,-0.402141,-1.05302e-06,4.63319e-06,-5.68622e-06,0.388035,0.218461,-0.127604,-2.53098e-07,-0.00961678,0.0519151,0,0,1
1998-03-10,-0.0549609,0.344451,-0.399411,-1.03066e-06,4.58912e-06,-5.61978e-06,0.388035,0.198724,-0.145726,-5.42725e-07,-0.00617638,0.0521655,0,0,1
1998-03-11,-0.0503584,0.349957,-0.400315,-9.34614e-07,4.64238e-06,-5.57699e-06,0.388035,0.198551,-0.151406,-6.17355e-07,-0.00800844,0.0519777,0,0,1
1998-03-12,-0.0458239,0.351684,-0.397508,-8.47368e-07,4.6525e-06,-5.49986e-06,0.388035,0.188442,-0.163243,-8.54271e-07,0.00148066,0.0517104,0,0,1
1998-03-13,-0.0480344,0.355006,-0.403041,-8.86508e-07,4.73316e-06,-5.61967e-06,0.388035,0.199828,-0.155178,-6.67825e-07,0.000605527,0.0521414,0,0,1
1998-03-17,-0.0506362,0.353274,-0.403911,-9.34283e-07,4.70909e-06,-5.64337e-06,0.388035,0.198568,-0.154706,-6.11917e-07,0.00103314,0.0521459,0,0,1
1998-03-18,-0.0485541,0.356954,-0.405508,-8.94743e-07,4.75163e-06,-5.64638e-06,0.388035,0.145386,-0.211568,-1.76489e-06,0.00743508,0.0502091,0,0,0
1998-03-19,-0.0380905,0.364378,-0.402468,-7.0813e-07,4.90379e-06,-5.61192e-06,0.388035,0.143305,-0.221073,-1.97219e-06,0.00519575,0.0500682,0,0,1
1998-03-20,-0.0383353,0.364917,-0.403252,-7.1321e-07,4.92008e-06,-5.63329e-06,0.388035,0.161482,-0.203434,-1.48372e-06,0.0104708,0.0512173,0,0,1
1998-03-24,-0.0377225,0.370062,-0.407785,-6.98979e-07,4.97119e-06,-5.67017e-06,0.388035,0.15142,-0.218642,-1.66877e-06,0.00734146,0.0528568,0,0,0
1998-03-25,-0.0370929,0.371681,-0.408774,-6.87208e-07,5.01876e-06,-5.70596e-06,0.388035,0.079571,-0.29211,-3.18277e-06,0.00614961,0.0535275,0,0,0
1998-03-26,-0.0399492,0.374035,-0.413985,-7.3733e-07,5.04942e-06,-5.78675e-06,0.388035,0.0627337,-0.311302,-3.55376e-06,0.0112598,0.053555,0,0,0
1998-03-27,-0.0404583,0.374536,-0.414995,-7.44313e-07,5.05261e-06,-5.79693e-06,0.388035,0.0413633,-0.333173,-4.07978e-06,0.0150704,0.0530914,0,0,0
1998-03-31,0.163392,0.380996,-0.217604,3.48322e-06,5.13292e-06,-1.6497e-06,0.235965,0.1052,-0.275796,-2.90222e-06,0.0125132,0.0520523,0,0,1
1998-04-01,0.1581,0.386464,-0.228364,3.38151e-06,5.25496e-06,-1.87345e-06,0.235965,0.0952658,-0.291198,-3.25002e-06,0.00619666,0.0512001,0,0,1
1998-04-02,0.160361,0.390729,-0.230367,3.43979e-06,5.35142e-06,-1.91163e-06,0.235965,0.121323,-0.269405,-2.71127e-06,0.00857922,0.0523671,0,0,1
1998-04-07,0.160781,0.389553,-0.228772,3.44997e-06,5.31178e-06,-1.86181e-06,0.235965,0.134085,-0.255468,-2.30782e-06,0.0115987,0.0531275,0,0,1
1998-04-08,0.162175,0.388843,-0.226668,3.47742e-06,5.2971e-06,-1.81968e-06,0.235965,0.127782,-0.261061,-2.31734e-06,0.0155331,0.053097,0,0,1
1998-04-09,0.158367,0.387229,-0.228862,3.3905e-06,5.28288e-06,-1.89238e-06,0.235965,0.135002,-0.252227,-2.05816e-06,0.0138214,0.0530647,0,0,1
1998-04-14,0.158911,0.392577,-0.233666,3.39827e-06,5.33284e-06,-1.93457e-06,0.235965,0.125881,-0.266696,-2.24856e-06,0.00843398,0.0537712,0,0,1
1998-04-15,0.157722,0.393583,-0.235862,3.36656e-06,5.35531e-06,-1.98875e-06,0.235965,0.129029,-0.264554,-2.1474e-06,0.0134219,0.054221,0,0,1
1998-04-16,0.157435,0.390382,-0.232947,3.37695e-06,5.34247e-06,-1.96553e-06,0.235965,0.143788,-0.246594,-1.69751e-06,0.0168939,0.0553994,0,0,1
1998-04-17,0.155968,0.390209,-0.234241,3.34198e-06,5.33996e-06,-1.99798e-06,0.235965,0.145439,-0.244771,-1.62578e-06,0.0128533,0.0552787,0,0,1
1998-04-21,0.152559,0.389908,-0.237349,3.23487e-06,5.31857e-06,-2.0837e-06,0.235965,0.14992,-0.239988,-1.47592e-06,0.0135171,0.0543514,0,0,1
1998-04-22,0.152967,0.391029,-0.238061,3.23712e-06,5.36346e-06,-2.12634e-06,0.235965,0.157804,-0.233224,-1.3451e-06,0.0065302,0.0537846,0,0,1
1998-04-23,0.149736,0.387286,-0.23755,3.1783e-06,5.36732e-06,-2.18903e-06,0.235965,0.144261,-0.243025,-1.67392e-06,0.010795,0.0534579,0,0,1
1998-04-24,0.149787,0.388061,-0.238274,3.18189e-06,5.39042e-06,-2.20853e-06,0.235965,0.147328,-0.240733,-1.59713e-06,0.012873,0.0535914,0,0,1
1998-04-28,0.146494,0.388884,-0.242391,3.10078e-06,5.3998e-06,-2.29902e-06,0.235965,0.168137,-0.220748,-9.53876e-07,0.0170008,0.0549651,0,0,1
1998-04-29,0.146564,0.388713,-0.24215,3.10236e-06,5.39579e-06,-2.29342e-06,0.235965,0.198332,-0.190382,-1.07295e-10,0.0194673,0.0551986,0,0,1
1998-04-30,0.350463,0.385556,-0.0350931,5.69264e-06,5.353e-06,3.39643e-07,0.770096,0.380206,-0.00535055,1.16642e-06,0.0172896,0.0552795,0,0,2
1998-05-05,0.350547,0.388122,-0.0375757,5.6844e-06,5.41185e-06,2.72553e-07,0.770096,0.380245,-0.00787742,1.27275e-06,0.0179991,0.0582815,0,0,2
1998-05-06,0.345418,0.382993,-0.0375751,5.57941e-06,5.35839e-06,2.21015e-07,0.770096,0.353736,-0.0292567,1.00513e-06,0.0182315,0.0584612,0,0,2
1998-05-07,0.34666,0.378533,-0.0318732,5.59545e-06,5.31246e-06,2.82991e-07,0.770096,0.366666,-0.011867,1.67652e-06,0.0125666,0.0597666,0,0,2
1998-05-08,0.34983,0.382242,-0.0324123,5.66867e-06,5.39433e-06,2.7434e-07,0.770096,0.365914,-0.0163287,1.60279e-06,0.00162281,0.0599575,0,0,2
1998-05-12,0.349749,0.383457,-0.0337075,5.66191e-06,5.40282e-06,2.59089e-07,0.770096,0.360939,-0.0225182,1.46796e-06,0.00351428,0.0599121,0,0,2
1998-05-13,0.350886,0.385338,-0.0344521,5.68799e-06,5.43633e-06,2.51665e-07,0.770096,0.322404,-0.0629339,1.0111e-06,-0.00135709,0.0624256,0,0,2
1998-05-14,0.350049,0.384605,-0.0345568,5.66765e-06,5.41701e-06,2.50646e-07,0.770096,0.328542,-0.0560636,1.13713e-06,-0.00113761,0.0626669,0,0,2
1998-05-15,0.351353,0.379965,-0.0286124,5.68192e-06,5.32256e-06,3.5936e-07,0.770096,0.357196,-0.0227692,2.10978e-06,-0.00358618,0.0656439,0,0,2
1998-05-19,0.351539,0.37867,-0.0271312,5.68049e-06,5.31018e-06,3.7031e-07,0.770096,0.360079,-0.018591,2.11664e-06,-0.0051421,0.0657953,0,0,2
1998-05-20,0.363609,0.3768,-0.0131916,5.83558e-06,5.29713e-06,5.38455e-07,0.770096,0.365125,-0.0116752,2.38858e-06,-0.00304999,0.0657136,0,0,2
1998-05-21,0.364852,0.377983,-0.0131306,5.86651e-06,5.32346e-06,5.43052e-07,0.770096,0.337534,-0.0404494,1.86105e-06,-0.00244886,0.0658836,0,0,2
1998-05-22,0.37175,0.382415,-0.0106645,5.96628e-06,5.38772e-06,5.7856e-07,0.770096,0.335318,-0.0470967,1.85441e-06,0.00289428,0.0662196,0,0,2
1998-05-27,0.373553,0.381796,-0.0082431,5.98668e-06,5.37343e-06,6.13257e-07,0.770096,0.332958,-0.0488372,1.74546e-06,0.000225759,0.0660254,0,0,2
1998-05-28,0.373694,0.382126,-0.00843167,6.00171e-06,5.38884e-06,6.12871e-07,0.770096,0.329842,-0.0522835,1.69656e-06,-0.00105375,0.0659568,0,0,2
1998-05-29,0.511393,0.380677,0.130715,7.45039e-06,5.33698e-06,2.11341e-06,0.722902,0.615398,0.234721,7.26409e-06,0.00390874,0.0657306,0,0,3
1998-06-02,0.513338,0.378903,0.134434,7.48583e-06,5.30417e-06,2.18166e-06,0.722902,0.614741,0.235837,7.27213e-06,0.0106158,0.0656712,0,0,3
1998-06-03,0.513817,0.379236,0.134581,7.49696e-06,5.30991e-06,2.18705e-06,0.722902,0.620999,0.241763,8.2018e-06,0.013011,0.070044,0,0,3
1998-06-04,0.511678,0.380634,0.131044,7.43423e-06,5.32919e-06,2.10504e-06,0.722902,0.620789,0.240154,8.82299e-06,0.0104737,0.0710446,0,0,3
1998-06-05,0.509815,0.380781,0.129034,7.3779e-06,5.33186e-06,2.04604e-06,0.722902,0.611027,0.230246,8.59186e-06,0.00799114,0.07141,0,0,3
1998-06-09,0.511488,0.375289,0.136199,7.41102e-06,5.20683e-06,2.20419e-06,0.722902,0.615333,0.240044,8.7594e-06,0.00347286,0.0718378,0,0,3
1998-06-10,0.510032,0.373872,0.13616,7.39352e-06,5.19123e-06,2.2023e-06,0.722902,0.615183,0.241311,8.79055e-06,-0.00409154,0.0716774,0,0,3
1998-06-11,0.507129,0.375017,0.132112,7.30516e-06,5.20883e-06,2.09632e-06,0.722902,0.618306,0.243289,8.79142e-06,0.00213996,0.0718162,0,0,3
1998-06-12,0.505876,0.375149,0.130728,7.28436e-06,5.20918e-06,2.07518e-06,0.722902,0.61309,0.237942,8.72208e-06,0.00541868,0.072225,0,0,3
1998-06-16,0.5057,0.377835,0.127866,7.27706e-06,5.24298e-06,2.03408e-06,0.722902,0.615452,0.237618,8.7152e-06,0.00559713,0.0722433,0,0,3
1998-06-17,0.504907,0.374995,0.129912,7.27274e-06,5.18471e-06,2.08803e-06,0.722902,0.578379,0.203384,6.76133e-06,0.0201295,0.0687775,0,0,3
1998-06-18,0.519815,0.396046,0.123769,7.75101e-06,5.67612e-06,2.07489e-06,0.722902,0.570489,0.174443,5.86476e-06,0.01663,0.0682334,0,0,3
1998-06-19,0.523124,0.406005,0.11712,7.84239e-06,5.8323e-06,2.01009e-06,0.722902,0.561111,0.155107,5.25433e-06,0.0240182,0.06727,0,0,3
1998-06-23,0.521234,0.413626,0.107608,7.78198e-06,5.98203e-06,1.79995e-06,0.722902,0.569534,0.155908,5.43837e-06,0.030151,0.068242,1,0,2
1998-06-24,0.524028,0.411213,0.112815,7.80772e-06,5.93394e-06,1.87378e-06,0.722902,0.563739,0.152526,5.44159e-06,0.0268904,0.0681864,1,0,2
1998-06-25,0.524459,0.425336,0.0991237,7.77553e-06,6.08064e-06,1.69489e-06,0.722902,0.557087,0.131752,5.18839e-06,0.0248815,0.0682297,0,0,2
1998-06-26,0.524535,0.425677,0.0988581,7.77796e-06,6.08752e-06,1.69044e-06,0.722902,0.555684,0.130007,5.16156e-06,0.026409,0.0683014,1,0,2
1998-06-30,0.226548,0.427467,-0.200919,4.39325e-06,6.10596e-06,-1.7127e-06,0.297184,0.280932,-0.146536,7.63169e-07,0.0242392,0.0681581,0,0,1
1998-07-01,0.228122,0.416549,-0.188427,4.43751e-06,5.93697e-06,-1.49946e-06,0.297184,0.271413,-0.145135,5.98048e-07,0.0270901,0.0676931,1,0,1
1998-07-02,0.23343,0.428381,-0.19495,4.55498e-06,6.09205e-06,-1.53707e-06,0.297184,0.261577,-0.166804,2.99746e-07,0.0332493,0.0679419,1,0,1
1998-07-07,0.228708,0.429855,-0.201147,4.42603e-06,6.08705e-06,-1.66102e-06,0.297184,0.253086,-0.176769,1.03443e-07,0.0358505,0.0677513,1,0,1
1998-07-08,0.229785,0.434536,-0.204751,4.44015e-06,6.13649e-06,-1.69634e-06,0.297184,0.25107,-0.183466,4.92375e-08,0.0350088,0.0678189,1,0,1
1998-07-09,0.230829,0.435624,-0.204795,4.44462e-06,6.11391e-06,-1.66928e-06,0.297184,0.250962,-0.184662,-1.83701e-09,0.0309775,0.0675529,1,0,1
1998-07-10,0.228205,0.432683,-0.204478,4.42482e-06,6.13217e-06,-1.70735e-06,0.297184,0.275287,-0.157396,4.08745e-07,0.0289427,0.0677702,1,0,1
1998-07-14,0.2218,0.428179,-0.206379,4.34124e-06,6.12447e-06,-1.78323e-06,0.297184,0.27377,-0.15441,4.51989e-07,0.028619,0.0704312,1,0,1
1998-07-15,0.22046,0.424151,-0.203692,4.30321e-06,6.02467e-06,-1.72146e-06,0.297184,0.262534,-0.161617,3.42143e-07,0.0343172,0.0704514,1,0,1
1998-07-16,0.210607,0.429497,-0.21889,4.06855e-06,6.08136e-06,-2.0128e-06,0.297184,0.268903,-0.160594,3.9991e-07,0.0390743,0.0704186,1,0,1
1998-07-17,0.206401,0.427435,-0.221034,3.9776e-06,6.06687e-06,-2.08926e-06,0.297184,0.288718,-0.138718,6.77973e-07,0.049109,0.0702735,1,0,1
1998-07-21,0.204603,0.419447,-0.214844,3.97849e-06,6.05888e-06,-2.08039e-06,0.297184,0.251935,-0.167512,-3.51498e-07,0.0328851,0.0685584,1,0,1
1998-07-22,0.208179,0.422981,-0.214802,4.07536e-06,6.21442e-06,-2.13906e-06,0.297184,0.229266,-0.193715,-1.06805e-06,0.0256812,0.0677412,1,0,1
1998-07-23,0.212082,0.423864,-0.211782,4.12167e-06,6.26338e-06,-2.1417e-06,0.297184,0.226677,-0.197187,-1.14005e-06,0.0196246,0.0679055,0,0,1
1998-07-28,0.215142,0.416925,-0.201782,4.15754e-06,6.11726e-06,-1.95971e-06,0.297184,0.219832,-0.197093,-1.19348e-06,0.014305,0.067558,0,0,1
1998-07-29,0.215552,0.416549,-0.200997,4.13098e-06,6.11371e-06,-1.98272e-06,0.297184,0.216065,-0.200484,-1.22897e-06,0.0156569,0.0678021,0,0,1
1998-07-30,0.214987,0.415102,-0.200115,4.12387e-06,6.09564e-06,-1.97177e-06,0.297184,0.203935,-0.211167,-1.42142e-06,0.00578133,0.069353,0,0,1
1998-07-31,0.345898,0.411153,-0.0652545,6.43711e-06,6.05694e-06,3.8017e-07,0.589785,0.44665,0.0354974,3.53633e-06,0.00238672,0.0683947,0,0,2
1998-08-04,0.348935,0.420179,-0.0712444,6.4365e-06,6.22134e-06,2.15151e-07,0.589785,0.426325,0.0061458,3.33423e-06,-0.00250609,0.069756,0,0,2
1998-08-05,0.351381,0.425971,-0.0745904,6.5136e-06,6.31328e-06,2.00321e-07,0.589785,0.437992,0.0120212,3.68181e-06,0.00182299,0.0702042,0,0,2
1998-08-06,0.360055,0.423736,-0.0636813,6.61069e-06,6.23869e-06,3.72001e-07,0.589785,0.432671,0.00893525,3.68599e-06,0.00303953,0.0712736,0,0,2
1998-08-07,0.359774,0.421091,-0.0613172,6.60154e-06,6.16333e-06,4.38206e-07,0.589785,0.438669,0.0175783,3.81489e-06,0.00381793,0.072386,0,0,2
1998-08-11,0.359905,0.419337,-0.0594317,6.64461e-06,6.19815e-06,4.46466e-07,0.589785,0.416708,-0.00262908,2.89481e-06,-0.00689414,0.070871,0,0,2
1998-08-12,0.368308,0.423565,-0.0552565,6.8651e-06,6.32431e-06,5.40786e-07,0.589785,0.421214,-0.00235104,3.11096e-06,-0.0121497,0.073747,0,0,2
1998-08-13,0.36897,0.428745,-0.0597753,6.87518e-06,6.46698e-06,4.08195e-07,0.589785,0.41519,-0.0135549,2.9868e-06,-0.0124785,0.0744505,0,0,2
1998-08-14,0.368811,0.430837,-0.0620262,6.85509e-06,6.47362e-06,3.81469e-07,0.589785,0.397653,-0.0331837,2.68854e-06,-0.00967618,0.0744373,0,0,2
1998-08-18,0.371429,0.428164,-0.0567355,6.87456e-06,6.38193e-06,4.92638e-07,0.589785,0.413332,-0.0148319,3.11656e-06,-0.0119663,0.0748838,0,0,2
1998-08-19,0.361556,0.424369,-0.0628126,6.61248e-06,6.34206e-06,2.70421e-07,0.589785,0.415293,-0.0090761,3.15579e-06,-0.0260371,0.0754253,1,0,2
1998-08-20,0.36159,0.429868,-0.068278,6.61701e-06,6.40684e-06,2.10164e-07,0.589785,0.420642,-0.00922534,3.16408e-06,-0.0179158,0.0757361,0,0,2
1998-08-21,0.357769,0.426568,-0.0687991,6.56343e-06,6.36398e-06,1.99456e-07,0.589785,0.421072,-0.00549584,2.76455e-06,-0.0298458,0.074276,1,0,2
1998-08-25,0.355091,0.429004,-0.0739131,6.52869e-06,6.50141e-06,2.72718e-08,0.589785,0.419284,-0.00971927,2.43478e-06,-0.0382293,0.0743083,1,0,2
1998-08-26,0.7294,0.427176,0.302224,1.48785e-05,6.50033e-06,8.37816e-06,0.854174,0.886371,0.459194,1.60888e-05,-0.0427277,0.0763903,1,1,3
1998-09-01,0.730274,0.429609,0.300665,1.4948e-05,6.56007e-06,8.38796e-06,0.854174,0.880642,0.451033,1.49789e-05,-0.0372001,0.0748787,1,1,3
1998-09-02,0.733895,0.438194,0.295701,1.52276e-05,6.79487e-06,8.43274e-06,0.854174,0.879755,0.441561,1.47549e-05,-0.0400018,0.076664,1,1,3
1998-09-03,0.734871,0.440916,0.293955,1.52451e-05,6.83477e-06,8.41034e-06,0.854174,0.886217,0.445301,1.59837e-05,-0.0322738,0.0777464,1,1,3
1998-09-04,0.736223,0.445371,0.290852,1.5399e-05,6.96824e-06,8.43074e-06,0.854174,0.886121,0.44075,1.5808e-05,-0.0290668,0.0776793,1,1,3
1998-09-09,0.736399,0.445246,0.291153,1.54146e-05,6.95576e-06,8.45881e-06,0.854174,0.889208,0.443962,1.58132e-05,-0.0350931,0.0775928,1,1,3
1998-09-10,0.739258,0.446141,0.293117,1.5429e-05,6.98411e-06,8.4449e-06,0.854174,0.888191,0.44205,1.50576e-05,-0.0251324,0.075971,0,1,3
1998-09-11,0.742089,0.455724,0.286365,1.56994e-05,7.27445e-06,8.42496e-06,0.854174,0.89133,0.435606,1.50639e-05,-0.0224948,0.0759373,0,1,3
1998-09-15,0.741861,0.455827,0.286034,1.5708e-05,7.28415e-06,8.4239e-06,0.854174,0.88593,0.430103,1.36129e-05,-0.0132163,0.0740998,0,1,3
1998-09-16,0.746143,0.468701,0.277443,1.60891e-05,7.66193e-06,8.42718e-06,0.854174,0.890003,0.421302,1.43e-05,-0.0189723,0.074697,0,1,3
1998-09-17,0.746017,0.469035,0.276982,1.60827e-05,7.67403e-06,8.40871e-06,0.854174,0.893821,0.424786,1.42548e-05,-0.022981,0.0744971,0,1,3
1998-09-18,0.745005,0.469104,0.275901,1.60555e-05,7.68536e-06,8.37017e-06,0.854174,0.893087,0.423983,1.40564e-05,-0.0188983,0.0749057,0,1,3
1998-09-22,0.743415,0.471256,0.272158,1.59194e-05,7.74651e-06,8.17287e-06,0.854174,0.890195,0.418938,1.39732e-05,-0.0182372,0.0749356,0,1,3
1998-09-23,0.744915,0.472293,0.272622,1.59337e-05,7.77212e-06,8.16163e-06,0.854174,0.889781,0.417488,1.40233e-05,-0.0224508,0.0756366,0,1,3
1998-09-29,0.744455,0.471528,0.272928,1.59266e-05,7.75879e-06,8.16776e-06,0.854174,0.891515,0.419988,1.41756e-05,-0.021775,0.0757244,0,1,3
1998-09-30,0.804601,0.470869,0.333732,2.36079e-05,7.75187e-06,1.5856e-05,0.709541,0.667418,0.19655,1.06417e-05,-0.0271538,0.0783283,1,0,3
1998-10-06,0.805568,0.470162,0.335406,2.37363e-05,7.72121e-06,1.60151e-05,0.709541,0.669972,0.19981,1.07001e-05,-0.0287868,0.078266,1,0,3
1998-10-07,0.804526,0.469348,0.335178,2.36482e-05,7.72264e-06,1.59255e-05,0.709541,0.645479,0.176131,8.87854e-06,-0.0223101,0.0750782,0,0,3
1998-10-08,0.808577,0.485914,0.322662,2.42418e-05,8.28772e-06,1.59541e-05,0.709541,0.645096,0.159182,7.84471e-06,-0.0191341,0.0742834,0,0,3
1998-10-09,0.807171,0.487119,0.320051,2.42919e-05,8.38733e-06,1.59046e-05,0.709541,0.640083,0.152964,7.3903e-06,-0.0162259,0.0736709,0,0,3
1998-10-13,0.807377,0.488125,0.319252,2.43823e-05,8.43632e-06,1.5946e-05,0.709541,0.63794,0.149816,7.21279e-06,-0.0115516,0.0732365,0,0,3
1998-10-14,0.807493,0.492026,0.315467,2.43194e-05,8.51877e-06,1.58006e-05,0.709541,0.635587,0.143562,7.10845e-06,-0.00766083,0.073673,0,0,3
1998-10-15,0.808761,0.491628,0.317133,2.42993e-05,8.50557e-06,1.57937e-05,0.709541,0.647125,0.155497,7.38385e-06,-0.00292207,0.0741935,0,0,3
1998-10-16,0.809698,0.488256,0.321442,2.43087e-05,8.47147e-06,1.58373e-05,0.709541,0.655704,0.167448,8.63423e-06,0.00336734,0.0770873,0,0,3
1998-10-20,0.810871,0.49535,0.315521,2.4403e-05,8.60856e-06,1.57945e-05,0.709541,0.659274,0.163924,8.55522e-06,-0.00021166,0.0771091,0,0,3
1998-10-21,0.807599,0.494826,0.312773,2.39472e-05,8.60291e-06,1.53443e-05,0.709541,0.678901,0.184076,1.00968e-05,-0.00292645,0.0783008,0,0,3
1998-10-22,0.809955,0.492465,0.31749,2.39629e-05,8.53199e-06,1.54309e-05,0.709541,0.676618,0.184154,1.00013e-05,0.0032422,0.0785217,0,0,3
1998-10-23,0.81068,0.494133,0.316547,2.40013e-05,8.57428e-06,1.54271e-05,0.709541,0.672279,0.178146,9.87122e-06,0.0089499,0.0784817,0,0,3
1998-10-27,0.820632,0.494965,0.325667,2.41697e-05,8.57524e-06,1.55945e-05,0.709541,0.666696,0.171731,9.4265e-06,0.00655783,0.0784484,0,0,3
1998-10-28,0.820987,0.497395,0.323593,2.41957e-05,8.67628e-06,1.55195e-05,0.709541,0.66866,0.171265,9.4273e-06,0.0146912,0.0788072,0,0,3
1998-10-29,0.820679,0.497626,0.323053,2.41788e-05,8.66856e-06,1.55102e-05,0.709541,0.620915,0.123289,8.66e-06,0.0204696,0.0791615,0,0,3
1998-10-30,0.861007,0.498448,0.362559,2.41742e-05,8.68811e-06,1.54861e-05,0.937013,0.94053,0.442082,2.12522e-05,0.0283185,0.0798005,1,1,4
1998-11-03,0.861914,0.498914,0.363,2.41219e-05,8.69893e-06,1.5423e-05,0.937013,0.954778,0.455864,2.17907e-05,0.035764,0.0800334,1,1,4
1998-11-04,0.860776,0.493646,0.36713,2.38108e-05,8.63745e-06,1.51734e-05,0.937013,0.957122,0.463476,2.20159e-05,0.0383112,0.0807055,1,1,4
1998-11-05,0.860341,0.493134,0.367207,2.37719e-05,8.63495e-06,1.51369e-05,0.937013,0.956439,0.463305,2.22017e-05,0.0292141,0.0820108,1,1,4
1998-11-06,0.859669,0.49403,0.365638,2.36395e-05,8.66354e-06,1.4976e-05,0.937013,0.956145,0.462115,2.23548e-05,0.0235993,0.0825544,0,1,4
1998-11-10,0.858966,0.495428,0.363539,2.3514e-05,8.66754e-06,1.48465e-05,0.937013,0.952645,0.457217,2.23224e-05,0.0254032,0.0832972,0,1,4
1998-11-11,0.858638,0.496295,0.362343,2.33963e-05,8.69039e-06,1.47059e-05,0.937013,0.953112,0.456817,2.2476e-05,0.0245549,0.0834836,0,1,4
1998-11-12,0.863067,0.496722,0.366344,2.34797e-05,8.70404e-06,1.47756e-05,0.937013,0.952838,0.456116,2.20018e-05,0.0245155,0.0828033,0,1,4
1998-11-13,0.863333,0.504731,0.358602,2.34936e-05,8.81842e-06,1.46752e-05,0.937013,0.951495,0.446764,2.10176e-05,0.0184673,0.0810548,0,1,4
1998-11-17,0.864047,0.512989,0.351057,2.35948e-05,9.09424e-06,1.45005e-05,0.937013,0.951842,0.438853,2.1778e-05,0.0191337,0.0829899,0,1,4
1998-11-18,0.863091,0.519907,0.343184,2.33769e-05,9.17627e-06,1.42006e-05,0.937013,0.948219,0.428312,2.18641e-05,0.0147034,0.083237,0,1,3
1998-11-19,0.862417,0.511091,0.351325,2.32184e-05,8.83309e-06,1.43853e-05,0.937013,0.947611,0.436519,2.19336e-05,-0.000829395,0.0827927,0,1,4
1998-11-20,0.863068,0.512941,0.350127,2.3167e-05,8.88196e-06,1.42851e-05,0.937013,0.947279,0.434338,2.24881e-05,-0.00369796,0.0841593,0,1,4
1998-11-24,0.863296,0.513332,0.349965,2.3068e-05,8.89511e-06,1.41729e-05,0.937013,0.948065,0.434733,2.26726e-05,0.0022378,0.0842778,0,1,4
1998-11-25,0.768049,0.514944,0.253105,2.22201e-05,8.90476e-06,1.33153e-05,0.774365,0.788968,0.274023,2.07548e-05,0.0134618,0.084137,0,0,3
1998-12-01,0.768302,0.515059,0.253243,2.22006e-05,8.91463e-06,1.32859e-05,0.774365,0.787966,0.272907,2.08428e-05,0.0149131,0.0840869,0,0,3
1998-12-02,0.76828,0.513983,0.254298,2.217e-05,8.82376e-06,1.33462e-05,0.774365,0.79144,0.277457,2.22563e-05,0.00846112,0.0849504,0,0,3
1998-12-03,0.766744,0.523033,0.243711,2.19591e-05,8.95185e-06,1.30073e-05,0.774365,0.796346,0.273313,2.22321e-05,-0.000837641,0.0838555,0,0,3
1998-12-04,0.765269,0.522439,0.24283,2.20841e-05,9.04144e-06,1.30426e-05,0.774365,0.797156,0.274717,2.2289e-05,-0.00127094,0.0842984,0,0,3
1998-12-08,0.76487,0.523682,0.241188,2.20205e-05,9.08247e-06,1.2938e-05,0.774365,0.802527,0.278846,2.15166e-05,-0.00544495,0.0826969,0,0,3
1998-12-09,0.765353,0.525483,0.239871,2.21816e-05,9.24994e-06,1.29316e-05,0.774365,0.805748,0.280265,2.16767e-05,-0.0158451,0.0830026,0,0,3
1998-12-10,0.770222,0.528825,0.241397,2.22865e-05,9.32063e-06,1.29658e-05,0.774365,0.801524,0.272699,2.09186e-05,-0.0229539,0.0818509,0,0,3
1998-12-11,0.769702,0.535157,0.234545,2.22798e-05,9.49095e-06,1.27888e-05,0.774365,0.793997,0.25884,1.96203e-05,-0.0363221,0.0802112,1,0,3
1998-12-15,0.771065,0.541213,0.229852,2.24529e-05,9.6587e-06,1.27942e-05,0.774365,0.794394,0.253181,1.94815e-05,-0.0337108,0.0802151,1,0,3
1998-12-16,0.770363,0.535885,0.234478,2.23721e-05,9.41655e-06,1.29555e-05,0.774365,0.788773,0.252888,1.88368e-05,-0.0273297,0.0774786,1,0,3
1998-12-22,0.773839,0.551054,0.222785,2.27919e-05,9.99957e-06,1.27924e-05,0.774365,0.786511,0.235457,1.78532e-05,-0.0242587,0.0768769,0,0,3
1998-12-23,0.774718,0.554538,0.220179,2.29103e-05,1.01269e-05,1.27833e-05,0.774365,0.793061,0.238523,1.83719e-05,-0.013664,0.0777109,0,0,3
1998-12-24,0.77127,0.551606,0.219664,2.25345e-05,1.00458e-05,1.24886e-05,0.774365,0.797288,0.245682,1.91296e-05,-0.0100293,0.0787961,0,0,3
1998-12-29,0.772093,0.55193,0.220163,2.26196e-05,1.00575e-05,1.25621e-05,0.774365,0.802997,0.251067,2.02125e-05,-0.000521878,0.078217,0,0,3
1998-12-30,0.775834,0.553273,0.22256,2.27645e-05,1.00964e-05,1.26682e-05,0.774365,0.809166,0.255892,2.01207e-05,-0.000808291,0.0778662,0,0,3
1998-12-31,0.81148,0.550434,0.261046,2.33467e-05,1.00834e-05,1.32633e-05,0.759855,0.793961,0.243527,1.54681e-05,-0.000442358,0.0779188,0,0,3
1999-01-05,0.811257,0.544969,0.266288,2.32763e-05,9.88227e-06,1.33941e-05,0.759855,0.798263,0.253294,1.54994e-05,0.00135041,0.0777803,0,0,3
1999-01-06,0.80794,0.542536,0.265403,2.31707e-05,9.91267e-06,1.3258e-05,0.759855,0.787592,0.245056,1.38204e-05,0.00854573,0.0752882,0,0,3
1999-01-07,0.810135,0.553308,0.256827,2.35476e-05,1.03891e-05,1.31585e-05,0.759855,0.790562,0.237255,1.33931e-05,0.00425806,0.0752773,0,0,3
1999-01-12,0.810441,0.552154,0.258288,2.35528e-05,1.03557e-05,1.31972e-05,0.759855,0.787599,0.235445,1.29182e-05,0.00811133,0.0738749,0,0,3
1999-01-13,0.811634,0.557368,0.254266,2.37085e-05,1.05772e-05,1.31312e-05,0.759855,0.779472,0.222104,1.16767e-05,0.000897788,0.071814,0,0,3
1999-01-14,0.811343,0.561526,0.249817,2.36315e-05,1.07634e-05,1.28681e-05,0.759855,0.77777,0.216244,1.22943e-05,0.00803365,0.0736284,0,0,3
1999-01-20,0.8023,0.562896,0.239405,2.22265e-05,1.07712e-05,1.14553e-05,0.759855,0.777864,0.214968,1.22106e-05,0.00717865,0.073516,0,0,3
1999-01-21,0.802448,0.563859,0.238589,2.22358e-05,1.08171e-05,1.14187e-05,0.759855,0.778558,0.214699,1.23183e-05,0.00973499,0.0736949,0,0,3
1999-01-26,0.802974,0.565968,0.237006,2.2264e-05,1.08577e-05,1.14063e-05,0.759855,0.782248,0.216279,1.25274e-05,0.00133035,0.0739685,0,0,3
1999-01-27,0.801329,0.566482,0.234848,2.20383e-05,1.08494e-05,1.11889e-05,0.759855,0.782508,0.216026,1.29349e-05,-0.00620125,0.0754187,0,0,3
1999-01-28,0.801154,0.564874,0.23628,2.2011e-05,1.07757e-05,1.12352e-05,0.759855,0.781119,0.216245,1.23946e-05,-0.00392334,0.0743409,0,0,3
1999-01-29,0.960238,0.566984,0.393254,2.78734e-05,1.09218e-05,1.69516e-05,0.96133,0.915745,0.34876,1.65691e-05,-0.00844383,0.0746066,0,1,4
1999-02-02,0.959754,0.566934,0.39282,2.78625e-05,1.09181e-05,1.69444e-05,0.96133,0.915812,0.348878,1.63549e-05,-4.17897e-06,0.0743215,0,1,4
1999-02-03,0.959664,0.568992,0.390672,2.79438e-05,1.10226e-05,1.69212e-05,0.96133,0.912973,0.343981,1.63598e-05,0.00306321,0.0743337,0,1,4
1999-02-04,0.959613,0.569635,0.389978,2.79568e-05,1.10488e-05,1.6908e-05,0.96133,0.908829,0.339195,1.57681e-05,0.000903361,0.073589,0,1,4
1999-02-05,0.959703,0.57191,0.387794,2.80957e-05,1.11364e-05,1.69593e-05,0.96133,0.916549,0.344639,1.98339e-05,-0.00167301,0.0750376,0,1,4
1999-02-09,0.959627,0.572321,0.387306,2.80342e-05,1.11207e-05,1.69136e-05,0.96133,0.912169,0.339848,1.8186e-05,-0.00607544,0.0721454,0,1,4
1999-02-10,0.960126,0.581283,0.378843,2.83955e-05,1.15291e-05,1.68664e-05,0.96133,0.912186,0.330903,1.77757e-05,-0.00981846,0.0721453,0,1,4
1999-02-11,0.960024,0.581399,0.378625,2.8342e-05,1.1525e-05,1.68171e-05,0.96133,0.91238,0.330982,1.7723e-05,-0.0121071,0.0718661,0,1,4
1999-02-12,0.959639,0.588182,0.371457,2.83661e-05,1.16428e-05,1.67233e-05,0.96133,0.912624,0.324443,1.75808e-05,-0.0112038,0.0717054,0,1,4
1999-02-17,0.959433,0.589456,0.369978,2.82651e-05,1.16801e-05,1.6585e-05,0.96133,0.911853,0.322397,1.76599e-05,-0.0193862,0.0716863,0,1,4
1999-02-18,0.959464,0.59637,0.363094,2.82099e-05,1.16852e-05,1.65247e-05,0.96133,0.913571,0.317202,1.83023e-05,-0.0197877,0.0722355,0,1,4
1999-02-19,0.95968,0.597297,0.362383,2.81183e-05,1.16294e-05,1.6489e-05,0.96133,0.913001,0.315704,1.81072e-05,-0.0170743,0.0718174,0,1,4
1999-02-23,0.959807,0.601466,0.358341,2.8188e-05,1.17206e-05,1.64674e-05,0.96133,0.90914,0.307674,1.77502e-05,-0.00414392,0.0711707,0,1,4
1999-02-24,0.960071,0.607222,0.352849,2.83126e-05,1.18767e-05,1.64359e-05,0.96133,0.905979,0.298757,1.77732e-05,-0.0128617,0.0708744,0,1,4
1999-02-25,0.960001,0.616057,0.343944,2.82675e-05,1.23177e-05,1.59498e-05,0.96133,0.906111,0.290054,1.76238e-05,-0.0133977,0.0708106,0,1,4
1999-02-26,0.898033,0.617482,0.280551,1.81102e-05,1.23021e-05,5.8081e-06,0.885833,0.825379,0.207897,1.14944e-05,-0.0206946,0.0698112,0,1,3
1999-03-02,0.896134,0.617841,0.278294,1.83081e-05,1.24501e-05,5.85798e-06,0.885833,0.829649,0.211808,1.25398e-05,-0.00973934,0.0699832,0,1,3
1999-03-03,0.896533,0.618996,0.277536,1.83955e-05,1.25126e-05,5.88289e-06,0.885833,0.830064,0.211068,1.25319e-05,-0.0128058,0.0699885,0,1,3
1999-03-04,0.895669,0.620716,0.274953,1.82368e-05,1.25343e-05,5.70251e-06,0.885833,0.829057,0.208341,1.20744e-05,-0.0132047,0.0694444,0,1,3
1999-03-05,0.894289,0.622467,0.271822,1.8188e-05,1.26523e-05,5.53577e-06,0.885833,0.832887,0.21042,1.25264e-05,-0.00844681,0.0690437,0,1,3
1999-03-09,0.893775,0.62395,0.269826,1.8198e-05,1.27182e-05,5.47975e-06,0.885833,0.854562,0.230612,1.30315e-05,-0.010373,0.0698707,0,1,3
1999-03-10,0.886103,0.620277,0.265826,1.8195e-05,1.26996e-05,5.49545e-06,0.885833,0.894367,0.27409,1.46334e-05,-0.00542013,0.0709038,0,1,3
1999-03-11,0.873066,0.610325,0.262741,1.80439e-05,1.2649e-05,5.39493e-06,0.885833,0.888673,0.278348,1.46012e-05,-0.00627042,0.0707468,0,1,3
1999-03-12,0.873264,0.612716,0.260548,1.80675e-05,1.2701e-05,5.36649e-06,0.885833,0.886336,0.273621,1.40922e-05,-0.0118581,0.0700815,0,1,3
1999-03-16,0.872812,0.61452,0.258292,1.80679e-05,1.28169e-05,5.25097e-06,0.885833,0.877473,0.262952,1.28499e-05,0.000279244,0.0688818,0,1,3
1999-03-17,0.874409,0.619767,0.254642,1.83299e-05,1.30378e-05,5.29212e-06,0.885833,0.875118,0.255352,1.23042e-05,0.00530927,0.0680479,0,1,3
1999-03-18,0.874387,0.618147,0.256241,1.8295e-05,1.28855e-05,5.40951e-06,0.885833,0.87615,0.258003,1.27288e-05,-0.00669322,0.0673045,0,1,3
1999-03-19,0.874723,0.619292,0.255431,1.83587e-05,1.29481e-05,5.41059e-06,0.885833,0.877184,0.257892,1.27964e-05,-0.0102777,0.0682607,0,1,3
1999-03-23,0.874417,0.621172,0.253246,1.84111e-05,1.30365e-05,5.37465e-06,0.885833,0.879324,0.258152,1.33227e-05,-0.0140395,0.0696683,0,1,3
1999-03-24,0.874795,0.621042,0.253753,1.84063e-05,1.30213e-05,5.38501e-06,0.885833,0.881669,0.260627,1.35575e-05,-0.0174362,0.0715859,0,1,3
1999-03-25,0.874383,0.623486,0.250896,1.84309e-05,1.30514e-05,5.37946e-06,0.885833,0.878662,0.255176,1.24933e-05,-0.0104661,0.0705056,0,1,3
1999-03-26,0.876188,0.629399,0.246789,1.87827e-05,1.33841e-05,5.39857e-06,0.885833,0.887802,0.258404,1.47217e-05,-0.0111491,0.0710603,0,1,3
1999-03-30,0.875981,0.628966,0.247015,1.87493e-05,1.33451e-05,5.40426e-06,0.885833,0.892687,0.263721,1.62148e-05,-0.00551699,0.0758076,0,1,3
1999-03-31,0.870065,0.629958,0.240107,2.13205e-05,1.3355e-05,7.96558e-06,0.927854,0.852817,0.22286,9.43776e-06,-0.013169,0.0772432,0,1,3
1999-04-01,0.870425,0.633974,0.236451,2.13716e-05,1.35841e-05,7.78749e-06,0.927854,0.856934,0.222961,9.41348e-06,-0.0129881,0.0770847,0,1,3
1999-04-06,0.868971,0.63391,0.235061,2.1359e-05,1.35951e-05,7.7639e-06,0.927854,0.859849,0.225939,1.00582e-05,-0.0166455,0.0789255,0,1,3
1999-04-07,0.868845,0.635265,0.23358,2.13396e-05,1.3602e-05,7.73756e-06,0.927854,0.867636,0.232371,1.05133e-05,-0.00876662,0.079859,0,1,3
1999-04-08,0.86594,0.633561,0.232379,2.12755e-05,1.35788e-05,7.69678e-06,0.927854,0.865589,0.232029,9.94817e-06,-0.0138773,0.0787085,0,1,3
1999-04-09,0.865743,0.636357,0.229386,2.1194e-05,1.37439e-05,7.45018e-06,0.927854,0.872562,0.236205,1.07417e-05,-0.00843061,0.0790402,0,1,3
1999-04-13,0.864929,0.638362,0.226567,2.12062e-05,1.3781e-05,7.4252e-06,0.927854,0.870373,0.232012,1.02356e-05,0.00167887,0.0782063,0,1,3
1999-04-14,0.865648,0.640163,0.225485,2.13374e-05,1.389e-05,7.44746e-06,0.927854,0.871238,0.231075,1.01236e-05,0.00884208,0.0781834,0,1,3
1999-04-15,0.865398,0.640291,0.225107,2.11287e-05,1.38936e-05,7.23508e-06,0.927854,0.868663,0.228371,9.55805e-06,0.0145344,0.0772638,0,1,3
1999-04-16,0.866251,0.649138,0.217113,2.12721e-05,1.41251e-05,7.14704e-06,0.927854,0.870425,0.221287,9.35497e-06,0.0181266,0.0772843,0,1,3
1999-04-20,0.86545,0.649795,0.215654,2.12614e-05,1.41274e-05,7.13404e-06,0.927854,0.876479,0.226683,1.11117e-05,0.0204858,0.0777392,0,1,3
1999-04-21,0.865582,0.649446,0.216135,2.1229e-05,1.41009e-05,7.12811e-06,0.927854,0.876756,0.227309,1.12878e-05,0.0178009,0.0782852,0,1,3
1999-04-22,0.86554,0.648957,0.216583,2.12202e-05,1.40706e-05,7.1496e-06,0.927854,0.878745,0.229788,1.10864e-05,0.01114,0.0778591,0,1,3
1999-04-27,0.865139,0.649651,0.215489,2.12311e-05,1.41331e-05,7.09793e-06,0.927854,0.88308,0.233429,1.1991e-05,0.00330984,0.0778568,0,1,3
1999-04-28,0.863435,0.651008,0.212427,2.09279e-05,1.41244e-05,6.80343e-06,0.927854,0.881398,0.23039,1.15815e-05,0.0097315,0.076906,0,1,3
1999-04-29,0.863468,0.655565,0.207902,2.0934e-05,1.42982e-05,6.63579e-06,0.927854,0.881444,0.225879,1.0443e-05,0.0184159,0.0754173,0,1,3
1999-04-30,0.959723,0.655853,0.30387,2.22788e-05,1.43721e-05,7.90669e-06,0.978729,0.945417,0.289564,9.70856e-06,0.0229535,0.0754224,0,1,3
1999-05-04,0.956666,0.654711,0.301954,2.19595e-05,1.4239e-05,7.72048e-06,0.978729,0.945952,0.291241,9.88387e-06,0.0243512,0.0754207,0,1,3
1999-05-05,0.956261,0.654743,0.301518,2.18407e-05,1.42335e-05,7.60716e-06,0.978729,0.951141,0.296398,1.16706e-05,0.0262917,0.0760498,1,1,3
1999-05-06,0.955633,0.657141,0.298492,2.18524e-05,1.42497e-05,7.60271e-06,0.978729,0.951201,0.29406,1.21284e-05,0.0355081,0.0760304,1,1,3
1999-05-07,0.955481,0.659333,0.296148,2.17501e-05,1.42853e-05,7.46474e-06,0.978729,0.950886,0.291553,1.18354e-05,0.0299718,0.075772,1,1,3
1999-05-11,0.95559,0.661097,0.294493,2.17773e-05,1.4305e-05,7.47234e-06,0.978729,0.951662,0.290565,1.21742e-05,0.0325058,0.0760215,1,1,3
1999-05-12,0.95514,0.660835,0.294304,2.15694e-05,1.42874e-05,7.282e-06,0.978729,0.951986,0.291151,1.24184e-05,0.0185709,0.0758566,0,1,3
1999-05-13,0.955198,0.665958,0.28924,2.15921e-05,1.43747e-05,7.21737e-06,0.978729,0.951703,0.285745,1.21721e-05,0.0208936,0.0756668,0,1,3
1999-05-14,0.955129,0.666398,0.288731,2.15867e-05,1.4395e-05,7.19176e-06,0.978729,0.949141,0.282744,1.14968e-05,0.0172857,0.074647,0,1,3
1999-05-18,0.95486,0.670445,0.284415,2.16295e-05,1.4626e-05,7.00346e-06,0.978729,0.949149,0.278704,1.14127e-05,0.0200215,0.074582,0,1,3
1999-05-19,0.954771,0.67059,0.28418,2.1583e-05,1.46345e-05,6.94857e-06,0.978729,0.95101,0.28042,1.23683e-05,0.0163022,0.076016,0,1,3
1999-05-20,0.954615,0.671189,0.283427,2.15657e-05,1.46593e-05,6.90643e-06,0.978729,0.951216,0.280028,1.21176e-05,0.0150532,0.0755748,0,1,3
1999-05-21,0.953203,0.670506,0.282698,2.10109e-05,1.46037e-05,6.40725e-06,0.978729,0.949157,0.278651,1.11818e-05,0.00634618,0.0740874,0,1,3
1999-05-25,0.953518,0.676742,0.276777,2.11777e-05,1.48872e-05,6.2905e-06,0.978729,0.949201,0.272459,1.12208e-05,0.0137879,0.0743079,0,1,3
1999-05-26,0.951608,0.674055,0.277553,2.03123e-05,1.45599e-05,5.75237e-06,0.978729,0.9504,0.276346,1.24098e-05,0.0191787,0.0750414,0,1,3
1999-05-27,0.951681,0.674714,0.276967,2.03447e-05,1.45976e-05,5.74713e-06,0.978729,0.950014,0.2753,1.21313e-05,0.0161439,0.0747235,0,1,3
1999-05-28,0.262363,0.676231,-0.413868,4.44912e-06,1.46655e-05,-1.02164e-05,-0.0184208,0.261782,-0.414449,-7.0246e-06,0.0213511,0.0908702,0,0,0
1999-06-02,0.265818,0.67694,-0.411122,4.51445e-06,1.46253e-05,-1.01109e-05,-0.0184208,0.234484,-0.442456,-7.65526e-06,0.0294984,0.0915122,1,0,0
1999-06-03,0.266819,0.678653,-0.411835,4.54062e-06,1.4653e-05,-1.01124e-05,-0.0184208,0.229245,-0.449408,-7.89118e-06,0.0367799,0.0934571,1,0,0
1999-06-04,0.277535,0.679495,-0.40196,4.78424e-06,1.48521e-05,-1.00679e-05,-0.0184208,0.227798,-0.451696,-7.95944e-06,0.0354115,0.0935317,1,0,1
1999-06-08,0.276266,0.679248,-0.402982,4.75566e-06,1.47608e-05,-1.00051e-05,-0.0184208,0.230687,-0.448561,-7.79642e-06,0.0277516,0.0936341,1,0,1
1999-06-09,0.275197,0.678175,-0.402978,4.73982e-06,1.4554e-05,-9.8142e-06,-0.0184208,0.22977,-0.448406,-7.61888e-06,0.0328996,0.0935041,1,0,1
1999-06-10,0.285928,0.678246,-0.392318,4.89039e-06,1.45734e-05,-9.68298e-06,-0.0184208,0.201061,-0.477185,-8.33507e-06,0.0225142,0.0942306,0,0,1
1999-06-11,0.286497,0.677993,-0.391496,4.9031e-06,1.45814e-05,-9.67826e-06,-0.0184208,0.217565,-0.460428,-7.68292e-06,0.015881,0.0943223,0,0,1
1999-06-15,0.288157,0.678545,-0.390389,4.923e-06,1.45882e-05,-9.6652e-06,-0.0184208,0.246896,-0.431649,-6.52675e-06,0.00528635,0.0954715,0,0,1
1999-06-16,0.2903,0.677859,-0.387559,4.98581e-06,1.46629e-05,-9.67714e-06,-0.0184208,0.244854,-0.433004,-6.39777e-06,-0.00646111,0.0963167,0,0,1
1999-06-17,0.285687,0.672922,-0.387234,4.87548e-06,1.4404e-05,-9.52856e-06,-0.0184208,0.244382,-0.42854,-6.20363e-06,0.00172613,0.0961719,0,0,1
1999-06-18,0.285462,0.672489,-0.387027,4.88217e-06,1.44128e-05,-9.53058e-06,-0.0184208,0.207974,-0.464515,-7.72245e-06,0.0125836,0.093829,0,0,1
1999-06-22,0.303751,0.683469,-0.379718,5.3162e-06,1.49312e-05,-9.61498e-06,-0.0184208,0.207632,-0.475836,-8.24921e-06,0.00476336,0.0941491,0,0,1
1999-06-23,0.304493,0.68675,-0.382257,5.31798e-06,1.4951e-05,-9.63301e-06,-0.0184208,0.232289,-0.454461,-7.75303e-06,-0.00535628,0.0949333,0,0,1
1999-06-24,0.297656,0.675922,-0.378266,5.23357e-06,1.48506e-05,-9.61704e-06,-0.0184208,0.226223,-0.449699,-7.89462e-06,-0.00852997,0.0948018,0,0,1
1999-06-25,0.305272,0.68684,-0.381569,5.36463e-06,1.50573e-05,-9.69263e-06,-0.0184208,0.234039,-0.452801,-7.63935e-06,-0.0121625,0.0956657,0,0,1
1999-06-29,0.302971,0.684961,-0.38199,5.29551e-06,1.49432e-05,-9.64766e-06,-0.0184208,0.230668,-0.454293,-7.66423e-06,-0.015636,0.0958209,0,0,1
1999-06-30,0.690315,0.686052,0.00426276,1.66909e-05,1.49732e-05,1.71766e-06,0.747257,0.817318,0.131266,1.79679e-05,-0.0146728,0.0962745,0,0,2
1999-07-01,0.691205,0.686089,0.0051162,1.6855e-05,1.49103e-05,1.94466e-06,0.747257,0.813728,0.127639,1.73784e-05,-0.0229204,0.0951283,0,0,2
1999-07-02,0.695065,0.689743,0.00532194,1.68893e-05,1.50331e-05,1.85625e-06,0.747257,0.806024,0.116281,1.60754e-05,-0.0305108,0.0935043,1,0,2
1999-07-07,0.698348,0.693187,0.0051604,1.71321e-05,1.52349e-05,1.89719e-06,0.747257,0.808424,0.115237,1.60619e-05,-0.0272407,0.093448,1,0,2
1999-07-08,0.696647,0.691813,0.00483365,1.71121e-05,1.52168e-05,1.89525e-06,0.747257,0.807592,0.115779,1.59986e-05,-0.034491,0.0932725,1,0,2
1999-07-09,0.697341,0.691879,0.00546208,1.713e-05,1.52331e-05,1.89691e-06,0.747257,0.805032,0.113153,1.55832e-05,-0.0416738,0.0926617,1,0,2
1999-07-13,0.699543,0.693837,0.00570691,1.72287e-05,1.53626e-05,1.86605e-06,0.747257,0.813484,0.119647,1.56561e-05,-0.0413467,0.0926596,1,0,2
1999-07-14,0.698863,0.691268,0.00759468,1.72047e-05,1.53272e-05,1.87746e-06,0.747257,0.81401,0.122742,1.57915e-05,-0.0407068,0.0933605,1,0,2
1999-07-15,0.699444,0.691036,0.00840854,1.72074e-05,1.53068e-05,1.90057e-06,0.747257,0.817367,0.126331,1.65655e-05,-0.0302623,0.0926769,1,0,2
1999-07-16,0.702842,0.69335,0.00949224,1.74167e-05,1.54248e-05,1.99191e-06,0.747257,0.814916,0.121566,1.59306e-05,-0.0353078,0.0912971,1,0,2
1999-07-20,0.705251,0.697305,0.00794636,1.76201e-05,1.565e-05,1.9701e-06,0.747257,0.808842,0.111537,1.45148e-05,-0.0264476,0.0902176,1,0,2
1999-07-21,0.70954,0.701091,0.00844916,1.79263e-05,1.5932e-05,1.99425e-06,0.747257,0.798424,0.0973333,1.33292e-05,-0.0247889,0.0893029,0,0,2
1999-07-22,0.711407,0.702268,0.00913877,1.80928e-05,1.59511e-05,2.14171e-06,0.747257,0.779539,0.0772712,1.24365e-05,-0.0233218,0.0895811,0,0,2
1999-07-23,0.712352,0.703282,0.00906975,1.82083e-05,1.60363e-05,2.17198e-06,0.747257,0.758948,0.0556664,9.31475e-06,-0.012868,0.0857577,0,0,2
1999-07-27,0.722927,0.711627,0.0112999,1.89352e-05,1.67085e-05,2.22672e-06,0.747257,0.743876,0.0322493,7.06638e-06,-0.020387,0.0830573,0,0,2
1999-07-28,0.727949,0.717188,0.0107608,1.93821e-05,1.71105e-05,2.27158e-06,0.747257,0.744413,0.027225,6.74502e-06,-0.0188667,0.0832495,0,0,2
1999-07-29,0.731516,0.716558,0.0149579,1.94357e-05,1.70719e-05,2.36385e-06,0.747257,0.736646,0.0200878,5.8517e-06,-0.00897611,0.0815562,0,0,2
1999-07-30,0.163873,0.720054,-0.556181,3.23579e-06,1.73555e-05,-1.41197e-05,0.182334,0.641413,-0.0786409,2.9447e-06,0.0014803,0.0806247,0,0,0
1999-08-03,0.163712,0.718891,-0.555179,3.23219e-06,1.74033e-05,-1.41711e-05,0.182334,0.641618,-0.0772736,2.93088e-06,0.000590339,0.0813994,0,0,0
1999-08-04,0.163815,0.717394,-0.553579,3.23428e-06,1.72753e-05,-1.40411e-05,0.182334,0.641619,-0.0757749,2.89804e-06,0.0130827,0.0809362,0,0,0
1999-08-05,0.163173,0.717589,-0.554416,3.21921e-06,1.72519e-05,-1.40326e-05,0.182334,0.64816,-0.0694289,3.51816e-06,0.0132728,0.0810261,0,0,0
1999-08-06,0.174203,0.71773,-0.543527,3.39495e-06,1.7238e-05,-1.3843e-05,0.182334,0.647942,-0.0697885,3.83607e-06,0.0160326,0.0822799,0,0,0
1999-08-10,0.174105,0.717675,-0.54357,3.39213e-06,1.72267e-05,-1.38345e-05,0.182334,0.654373,-0.0633017,4.34514e-06,0.0144046,0.0824054,0,0,0
1999-08-11,0.174841,0.719816,-0.544974,3.40632e-06,1.72586e-05,-1.38523e-05,0.182334,0.65461,-0.0652053,4.93049e-06,0.00716558,0.0829708,0,0,0
1999-08-12,0.174381,0.716171,-0.54179,3.39843e-06,1.72085e-05,-1.38101e-05,0.182334,0.655179,-0.0609915,4.77836e-06,0.00540555,0.0829851,0,0,0
1999-08-13,0.178924,0.715476,-0.536551,3.50126e-06,1.72481e-05,-1.37469e-05,0.182334,0.650286,-0.0651897,4.35273e-06,-0.0163147,0.0823919,0,0,0
1999-08-17,0.182248,0.720633,-0.538385,3.57957e-06,1.72779e-05,-1.36983e-05,0.182334,0.652745,-0.0678876,4.54464e-06,-0.00962235,0.0825201,0,0,0
1999-08-18,0.182335,0.721058,-0.538723,3.58304e-06,1.72902e-05,-1.37071e-05,0.182334,0.654518,-0.0665402,4.63474e-06,0.00211468,0.0829237,0,0,0
1999-08-19,0.183982,0.720604,-0.536622,3.60777e-06,1.72601e-05,-1.36524e-05,0.182334,0.662645,-0.0579588,4.92314e-06,0.000501478,0.0831619,0,0,0
1999-08-20,0.179343,0.719301,-0.539958,3.50591e-06,1.7177e-05,-1.36711e-05,0.182334,0.666842,-0.0524587,5.03665e-06,-0.00533481,0.0830371,0,0,0
1999-08-24,0.176619,0.722998,-0.546379,3.45177e-06,1.71888e-05,-1.37371e-05,0.182334,0.663185,-0.059813,5.03436e-06,-0.00709321,0.0830973,0,0,0
1999-08-25,0.177369,0.723833,-0.546465,3.46012e-06,1.71981e-05,-1.3738e-05,0.182334,0.658192,-0.0656416,4.96837e-06,-0.0140663,0.084731,0,0,0
1999-08-31,0.364964,0.720692,-0.355728,6.71071e-06,1.71509e-05,-1.04402e-05,0.711219,0.735318,0.0146261,1.16912e-05,-0.0113109,0.0840673,0,0,1
1999-09-01,0.371833,0.720897,-0.349064,6.91582e-06,1.7248e-05,-1.03322e-05,0.711219,0.738135,0.0172383,1.13382e-05,-0.017259,0.0836891,0,0,1
1999-09-02,0.372162,0.722093,-0.349931,6.95412e-06,1.73116e-05,-1.03575e-05,0.711219,0.748081,0.0259889,1.16622e-05,-0.00888753,0.0852482,0,0,1
1999-09-03,0.364165,0.719214,-0.355049,6.75832e-06,1.72168e-05,-1.04584e-05,0.711219,0.748685,0.0294714,1.16657e-05,-0.0110624,0.085023,0,0,1
1999-09-08,0.361832,0.723346,-0.361515,6.62136e-06,1.73037e-05,-1.06824e-05,0.711219,0.74912,0.0257741,1.16382e-05,-0.0125962,0.0852909,0,0,1
1999-09-09,0.37308,0.727129,-0.354048,6.76059e-06,1.7348e-05,-1.05874e-05,0.711219,0.787519,0.0603902,1.28624e-05,-0.0105879,0.0866297,0,0,1
1999-09-10,0.360461,0.713863,-0.353402,6.59766e-06,1.70927e-05,-1.04951e-05,0.711219,0.791521,0.0776577,1.38129e-05,-0.00778501,0.0868,0,0,1
1999-09-14,0.362404,0.714243,-0.35184,6.66019e-06,1.71656e-05,-1.05054e-05,0.711219,0.792045,0.0778017,1.37954e-05,-0.00443853,0.0868206,0,0,1
1999-09-15,0.358194,0.709485,-0.351291,6.60195e-06,1.7063e-05,-1.0461e-05,0.711219,0.786882,0.0773976,1.28982e-05,-0.00618467,0.0852356,0,0,1
1999-09-16,0.367142,0.712522,-0.34538,6.84612e-06,1.73135e-05,-1.04673e-05,0.711219,0.783466,0.0709446,1.25704e-05,-0.0103787,0.0856745,0,0,1
1999-09-17,0.36658,0.71369,-0.34711,6.83696e-06,1.73298e-05,-1.04928e-05,0.711219,0.775482,0.0617917,1.23593e-05,-0.0185426,0.086238,0,0,1
1999-09-21,0.366534,0.714845,-0.348311,6.83639e-06,1.73752e-05,-1.05388e-05,0.711219,0.772105,0.0572595,1.24471e-05,-0.0164632,0.0870767,0,0,1
1999-09-22,0.363121,0.716203,-0.353082,6.74217e-06,1.73871e-05,-1.06449e-05,0.711219,0.773528,0.0573248,1.20669e-05,-0.00819513,0.0864896,0,0,1
1999-09-23,0.368837,0.717462,-0.348625,6.91149e-06,1.75118e-05,-1.06003e-05,0.711219,0.788103,0.0706412,1.24604e-05,-0.0130875,0.0862668,0,0,1
1999-09-28,0.365536,0.713855,-0.348319,6.87892e-06,1.74611e-05,-1.05822e-05,0.711219,0.712836,-0.00101877,1.82131e-06,0.0142376,0.068803,0,0,1
1999-09-29,0.437682,0.726194,-0.288513,9.47145e-06,2.00009e-05,-1.05295e-05,0.711219,0.756644,0.0304495,4.1991e-06,0.0118946,0.0708903,0,0,1
1999-09-30,0.223874,0.721779,-0.497905,5.31075e-06,1.99998e-05,-1.46891e-05,-0.101624,0.556906,-0.164873,-6.65859e-06,-0.000733311,0.0676632,0,0,0
1999-10-05,0.232564,0.727417,-0.494853,5.59292e-06,2.05535e-05,-1.49606e-05,-0.101624,0.561634,-0.165784,-6.90197e-06,0.00637783,0.0682962,0,0,0
1999-10-06,0.235751,0.72747,-0.491719,5.66322e-06,2.05233e-05,-1.48601e-05,-0.101624,0.581951,-0.145519,-6.0716e-06,0.0116871,0.0699629,0,0,0
1999-10-07,0.235379,0.726011,-0.490632,5.66317e-06,2.0501e-05,-1.48378e-05,-0.101624,0.607699,-0.118311,-5.32808e-06,0.01189,0.0714334,0,0,0
1999-10-08,0.230153,0.719734,-0.489581,5.55986e-06,2.03892e-05,-1.48293e-05,-0.101624,0.622994,-0.0967394,-5.59733e-06,0.0217852,0.0720378,0,0,0
1999-10-12,0.232636,0.717261,-0.484625,5.6732e-06,2.048e-05,-1.48068e-05,-0.101624,0.664927,-0.0523342,-5.13442e-06,0.0253808,0.0721246,0,0,0
1999-10-13,0.223452,0.705355,-0.481903,5.49798e-06,2.02519e-05,-1.47539e-05,-0.101624,0.640272,-0.065083,-6.48169e-06,0.041395,0.0693902,1,0,0
1999-10-14,0.238265,0.709526,-0.47126,5.94102e-06,2.05988e-05,-1.46578e-05,-0.101624,0.658894,-0.0506316,-6.75924e-06,0.0341052,0.0691202,1,0,0
1999-10-15,0.24059,0.706028,-0.465438,6.03024e-06,2.06395e-05,-1.46093e-05,-0.101624,0.667434,-0.0385946,-6.36214e-06,0.0326554,0.0725937,1,0,0
1999-10-19,0.247046,0.705933,-0.458887,6.11267e-06,2.06316e-05,-1.45189e-05,-0.101624,0.668221,-0.0377125,-6.23171e-06,0.0356228,0.0726182,1,0,0
1999-10-20,0.247021,0.705709,-0.458689,6.10944e-06,2.06109e-05,-1.45014e-05,-0.101624,0.714159,0.00844979,-3.75829e-06,0.0332466,0.074885,1,0,0
1999-10-21,0.24604,0.703968,-0.457927,6.10699e-06,2.06254e-05,-1.45184e-05,-0.101624,0.695593,-0.00837412,-4.63689e-06,0.0250846,0.0735825,0,0,0
1999-10-22,0.251028,0.702738,-0.45171,6.26702e-06,2.0368e-05,-1.4101e-05,-0.101624,0.694997,-0.00774186,-4.46668e-06,0.0273131,0.0741488,1,0,0
1999-10-26,0.253116,0.702262,-0.449147,6.27335e-06,2.03153e-05,-1.4042e-05,-0.101624,0.698228,-0.00403401,-4.65222e-06,0.023645,0.0732115,0,0,0
1999-10-27,0.258421,0.701457,-0.443036,6.38779e-06,2.03117e-05,-1.39239e-05,-0.101624,0.690306,-0.0111517,-5.01419e-06,0.0264103,0.0731036,1,0,0
1999-10-28,0.252335,0.702344,-0.450009,6.19084e-06,2.03913e-05,-1.42005e-05,-0.101624,0.674831,-0.0275129,-5.62762e-06,0.0389978,0.0726579,1,0,0
1999-10-29,0.392752,0.703338,-0.310586,1.17208e-05,2.0483e-05,-8.76222e-06,0.545274,0.25752,-0.445818,-1.40095e-05,0.0432174,0.0736159,1,0,1
1999-11-02,0.390672,0.702741,-0.31207,1.16388e-05,2.04661e-05,-8.8273e-06,0.545274,0.250989,-0.451752,-1.41256e-05,0.0368641,0.0735203,1,0,1
1999-11-03,0.390305,0.702422,-0.312117,1.16144e-05,2.04755e-05,-8.86109e-06,0.545274,0.248953,-0.453469,-1.41882e-05,0.0348024,0.0734526,1,0,1
1999-11-04,0.387944,0.709106,-0.321162,1.14811e-05,2.05836e-05,-9.10249e-06,0.545274,0.264167,-0.444939,-1.37008e-05,0.0346926,0.0734835,1,0,1
1999-11-05,0.390579,0.708468,-0.317889,1.15374e-05,2.05002e-05,-8.96283e-06,0.545274,0.271968,-0.4365,-1.34004e-05,0.0292493,0.0732051,1,0,1
1999-11-09,0.388958,0.707081,-0.318123,1.14961e-05,2.05072e-05,-9.01113e-06,0.545274,0.278782,-0.428299,-1.32529e-05,0.0264375,0.073322,1,0,1
1999-11-10,0.382933,0.705343,-0.32241,1.12302e-05,2.04593e-05,-9.22911e-06,0.545274,0.279785,-0.425558,-1.30771e-05,0.0184807,0.0725375,0,0,1
1999-11-11,0.383991,0.705485,-0.321494,1.12981e-05,2.05399e-05,-9.24182e-06,0.545274,0.30399,-0.401496,-1.25688e-05,0.0179766,0.0722668,0,0,1
1999-11-12,0.376179,0.702992,-0.326813,1.10849e-05,2.04667e-05,-9.38174e-06,0.545274,0.298579,-0.404413,-1.26032e-05,0.0144699,0.0722057,0,0,1
1999-11-16,0.371709,0.711254,-0.339545,1.08704e-05,2.05568e-05,-9.68642e-06,0.545274,0.311681,-0.399573,-1.21403e-05,0.00300309,0.0721101,0,0,1
1999-11-17,0.37168,0.71159,-0.33991,1.08347e-05,2.05926e-05,-9.75796e-06,0.545274,0.315063,-0.396527,-1.20954e-05,0.00122322,0.0728064,0,0,1
1999-11-18,0.371,0.711963,-0.340963,1.07967e-05,2.05981e-05,-9.80143e-06,0.545274,0.311432,-0.400531,-1.22766e-05,-0.00573662,0.0716077,0,0,1
1999-11-19,0.373552,0.713508,-0.339956,1.08914e-05,2.07476e-05,-9.85621e-06,0.545274,0.297987,-0.415521,-1.26759e-05,-0.012657,0.0716698,0,0,1
1999-11-23,0.366073,0.719643,-0.353571,1.05514e-05,2.07729e-05,-1.02215e-05,0.545274,0.315717,-0.403926,-1.21509e-05,-0.012294,0.0718602,0,0,1
1999-11-24,0.365986,0.717018,-0.351033,1.04945e-05,2.05267e-05,-1.00323e-05,0.545274,0.30273,-0.414288,-1.21134e-05,-0.0186886,0.0730297,0,0,1
1999-11-30,0.634353,0.717387,-0.0830344,1.70037e-05,2.04625e-05,-3.45887e-06,0.638969,0.637186,-0.0802015,-2.86242e-06,-0.0276891,0.0730679,1,0,2
1999-12-01,0.63062,0.711529,-0.0809087,1.67352e-05,2.03681e-05,-3.63291e-06,0.638969,0.636897,-0.0746323,-2.67173e-06,-0.0323092,0.0731059,1,0,2
1999-12-02,0.630711,0.711647,-0.0809356,1.67431e-05,2.03354e-05,-3.5923e-06,0.638969,0.629082,-0.0825645,-2.97309e-06,-0.0397685,0.0718254,1,0,2
1999-12-03,0.632495,0.713743,-0.0812476,1.68506e-05,2.04796e-05,-3.62898e-06,0.638969,0.631677,-0.0820659,-2.93339e-06,-0.0443055,0.0715,1,0,2
1999-12-07,0.633154,0.716578,-0.0834238,1.68624e-05,2.05421e-05,-3.67973e-06,0.638969,0.639287,-0.0772912,-2.28248e-06,-0.0387501,0.0720832,1,0,2
1999-12-08,0.634932,0.715095,-0.080163,1.68913e-05,2.03823e-05,-3.49097e-06,0.638969,0.626833,-0.0882624,-3.09317e-06,-0.0530178,0.0700172,1,0,2
1999-12-09,0.636874,0.716853,-0.0799789,1.70449e-05,2.05372e-05,-3.49236e-06,0.638969,0.626959,-0.0898932,-3.28623e-06,-0.0504999,0.069533,1,0,2
1999-12-10,0.636226,0.717023,-0.0807975,1.70082e-05,2.05789e-05,-3.57079e-06,0.638969,0.63158,-0.0854433,-3.06847e-06,-0.0435944,0.069574,1,0,2
1999-12-14,0.636639,0.716904,-0.080265,1.70599e-05,2.06342e-05,-3.57429e-06,0.638969,0.629629,-0.0872751,-3.27178e-06,-0.0412033,0.0694966,1,0,2
1999-12-15,0.637068,0.719656,-0.0825881,1.70555e-05,2.06695e-05,-3.61402e-06,0.638969,0.632602,-0.0870534,-3.20128e-06,-0.0397334,0.0698391,1,0,2
1999-12-21,0.643888,0.717729,-0.0738411,1.71655e-05,2.04487e-05,-3.28319e-06,0.638969,0.652948,-0.0647804,-2.55142e-06,-0.0473104,0.069994,1,0,2
1999-12-22,0.640836,0.712754,-0.0719186,1.71012e-05,2.02446e-05,-3.14342e-06,0.638969,0.651917,-0.0608368,-2.43395e-06,-0.0382476,0.0698802,1,0,2
1999-12-23,0.641239,0.71341,-0.0721708,1.71344e-05,2.0299e-05,-3.16462e-06,0.638969,0.650229,-0.0631803,-2.4173e-06,-0.0406111,0.0701598,1,0,2
1999-12-28,0.641216,0.714152,-0.0729359,1.71306e-05,2.03362e-05,-3.20563e-06,0.638969,0.646833,-0.0673191,-1.90256e-06,-0.0511797,0.0707207,1,0,2
1999-12-29,0.64095,0.716379,-0.0754286,1.71091e-05,2.03919e-05,-3.28274e-06,0.638969,0.539243,-0.177136,-3.85076e-06,-0.0417369,0.0706631,1,0,2
1999-12-30,0.304433,0.714781,-0.410348,8.52533e-06,2.03685e-05,-1.18432e-05,0.185867,0.569109,-0.145672,-2.32034e-06,-0.0259551,0.0692882,1,0,0
2000-01-05,0.30741,0.720232,-0.412822,8.64148e-06,2.06608e-05,-1.20193e-05,0.185867,0.568284,-0.151948,-2.38393e-06,-0.0283591,0.0696698,1,0,0
2000-01-06,0.31771,0.724054,-0.406344,8.83785e-06,2.05535e-05,-1.17156e-05,0.185867,0.565512,-0.158542,-2.23999e-06,-0.0273131,0.0697818,1,0,0
2000-01-07,0.315516,0.725872,-0.410357,8.74317e-06,2.0541e-05,-1.17978e-05,0.185867,0.552756,-0.173116,-3.0373e-06,-0.0239428,0.068085,0,0,0
2000-01-11,0.32086,0.725939,-0.405079,8.97016e-06,2.06788e-05,-1.17087e-05,0.185867,0.553516,-0.172423,-3.13637e-06,-0.0127711,0.0681503,0,0,0
2000-01-12,0.316312,0.7231,-0.406788,8.79162e-06,2.04091e-05,-1.16174e-05,0.185867,0.565681,-0.157419,-1.68445e-06,-0.0101018,0.0701078,0,0,0
2000-01-13,0.313526,0.722643,-0.409117,8.68839e-06,2.04312e-05,-1.17429e-05,0.185867,0.55422,-0.168423,-2.60961e-06,0.00759206,0.0689553,0,0,0
2000-01-19,0.321623,0.723673,-0.40205,8.97017e-06,2.04961e-05,-1.15259e-05,0.185867,0.546792,-0.176881,-3.13465e-06,0.0117011,0.0685418,0,0,1
2000-01-20,0.323916,0.723444,-0.399528,9.07211e-06,2.05782e-05,-1.15061e-05,0.185867,0.556453,-0.166991,-2.73539e-06,0.0071781,0.0687787,0,0,1
2000-01-25,0.322058,0.721085,-0.399027,9.02829e-06,2.05089e-05,-1.14806e-05,0.185867,0.560939,-0.160146,-2.62674e-06,0.00622491,0.0687398,0,0,1
2000-01-26,0.321959,0.717949,-0.39599,8.98318e-06,2.02412e-05,-1.12581e-05,0.185867,0.56512,-0.152828,-2.27379e-06,-0.00158968,0.0697361,0,0,1
2000-01-27,0.325345,0.716858,-0.391513,9.07328e-06,2.02409e-05,-1.11676e-05,0.185867,0.559827,-0.157031,-2.8409e-06,0.00734651,0.0688636,0,0,1
2000-01-28,0.521789,0.714332,-0.192543,1.37261e-05,2.00533e-05,-6.32717e-06,0.177288,0.580203,-0.134129,-4.95496e-06,-0.00477023,0.0680227,0,0,1
2000-02-01,0.520353,0.714612,-0.194259,1.36432e-05,2.01275e-05,-6.48426e-06,0.177288,0.590389,-0.124223,-4.44558e-06,-0.00902813,0.067821,0,0,1
2000-02-02,0.521645,0.715135,-0.19349,1.3675e-05,2.01386e-05,-6.46358e-06,0.177288,0.594623,-0.120512,-4.10957e-06,-0.00753301,0.0681551,0,0,1
2000-02-03,0.523568,0.713673,-0.190105,1.37162e-05,2.00825e-05,-6.3663e-06,0.177288,0.604595,-0.109078,-3.66441e-06,-0.011955,0.0679167,0,0,1
2000-02-04,0.52237,0.712102,-0.189732,1.37032e-05,2.0049e-05,-6.34586e-06,0.177288,0.579445,-0.132657,-4.99453e-06,-0.00147256,0.0654419,0,0,1
2000-02-08,0.528428,0.713736,-0.185307,1.4118e-05,2.03932e-05,-6.27524e-06,0.177288,0.592924,-0.120812,-4.8838e-06,-0.00935247,0.0644999,0,0,1
2000-02-09,0.527666,0.713271,-0.185606,1.41283e-05,2.04891e-05,-6.36084e-06,0.177288,0.595653,-0.117618,-5.21175e-06,-0.00596532,0.0638903,0,0,1
2000-02-10,0.529057,0.712325,-0.183268,1.41962e-05,2.0517e-05,-6.32083e-06,0.177288,0.583166,-0.129159,-5.80445e-06,0.000451112,0.0623668,0,0,1
2000-02-11,0.535223,0.715098,-0.179875,1.45058e-05,2.07677e-05,-6.2619e-06,0.177288,0.571538,-0.143561,-6.70634e-06,-0.00648613,0.0609377,0,0,1
2000-02-15,0.526995,0.713422,-0.186428,1.39634e-05,2.04513e-05,-6.48793e-06,0.177288,0.555803,-0.157619,-7.28365e-06,-0.0112637,0.0587117,0,0,1
2000-02-16,0.528746,0.713851,-0.185105,1.41033e-05,2.05274e-05,-6.42417e-06,0.177288,0.555055,-0.158796,-7.3626e-06,-0.00349277,0.0586667,0,0,1
2000-02-17,0.54723,0.712886,-0.165655,1.44391e-05,2.04642e-05,-6.02515e-06,0.177288,0.556254,-0.156632,-7.2725e-06,-0.00280032,0.0588255,0,0,1
2000-02-18,0.54553,0.711612,-0.166081,1.43275e-05,2.03672e-05,-6.03963e-06,0.177288,0.540576,-0.171036,-7.66617e-06,0.00330673,0.0582033,0,0,1
2000-02-23,0.548832,0.712468,-0.163636,1.44682e-05,2.04588e-05,-5.99062e-06,0.177288,0.496525,-0.215942,-9.78483e-06,-0.0110491,0.0531299,0,0,1
2000-02-24,0.556216,0.718615,-0.162399,1.49142e-05,2.0958e-05,-6.04375e-06,0.177288,0.500597,-0.218018,-1.02026e-05,-0.0182618,0.0535034,0,0,1
2000-02-25,0.555856,0.716962,-0.161106,1.49118e-05,2.08643e-05,-5.95246e-06,0.177288,0.461576,-0.255386,-1.16957e-05,-0.0313175,0.0490063,1,0,1
2000-02-29,0.0751431,0.721097,-0.645954,2.06262e-06,2.12612e-05,-1.91985e-05,-0.212902,0.360768,-0.36033,-1.47517e-05,-0.0295308,0.0490919,1,0,0
2000-03-01,0.0725077,0.706035,-0.633527,2.00199e-06,2.10018e-05,-1.89999e-05,-0.212902,0.406924,-0.299111,-1.30975e-05,-0.0235223,0.0506412,0,0,0
2000-03-02,0.0756511,0.706251,-0.6306,2.09684e-06,2.10947e-05,-1.89978e-05,-0.212902,0.394595,-0.311657,-1.33698e-05,-0.0226293,0.0504705,0,0,0
2000-03-03,0.0769682,0.706397,-0.629429,2.13628e-06,2.11154e-05,-1.89791e-05,-0.212902,0.414806,-0.291591,-1.29324e-05,-0.0150507,0.0501393,0,0,0
2000-03-07,0.0710419,0.702986,-0.631944,1.96607e-06,2.09886e-05,-1.90226e-05,-0.212902,0.421773,-0.281213,-1.26742e-05,-0.0174081,0.049795,0,0,0
2000-03-08,0.0700105,0.702189,-0.632179,1.9384e-06,2.09936e-05,-1.90552e-05,-0.212902,0.467941,-0.234248,-1.10257e-05,-0.014336,0.0501163,0,0,0
2000-03-09,0.0762344,0.703351,-0.627116,2.11972e-06,2.1124e-05,-1.90043e-05,-0.212902,0.48836,-0.214991,-1.07301e-05,-0.0103796,0.0507084,0,0,0
2000-03-10,0.0740309,0.699546,-0.625516,2.06271e-06,2.10577e-05,-1.8995e-05,-0.212902,0.494808,-0.204738,-1.04515e-05,-0.00889907,0.0507045,0,0,0
2000-03-14,0.0667794,0.70239,-0.635611,1.84457e-06,2.11067e-05,-1.92622e-05,-0.212902,0.494741,-0.207649,-1.02116e-05,-0.00389882,0.0506147,0,0,0
2000-03-15,0.0672326,0.700932,-0.633699,1.85629e-06,2.10747e-05,-1.92184e-05,-0.212902,0.500033,-0.200899,-9.98353e-06,-0.00237136,0.050639,0,0,0
2000-03-16,0.0657559,0.700369,-0.634613,1.81268e-06,2.10388e-05,-1.92261e-05,-0.212902,0.518662,-0.181707,-8.83128e-06,-0.00273123,0.050476,0,0,0
2000-03-17,0.0673171,0.699971,-0.632654,1.85708e-06,2.10499e-05,-1.91928e-05,-0.212902,0.545968,-0.154003,-7.15331e-06,0.00205964,0.0512619,0,0,0
2000-03-21,0.0697014,0.69959,-0.629889,1.91611e-06,2.10401e-05,-1.9124e-05,-0.212902,0.583384,-0.116206,-5.22684e-06,0.0085385,0.052743,0,0,0
2000-03-22,0.0689321,0.69715,-0.628218,1.89757e-06,2.09675e-05,-1.90699e-05,-0.212902,0.568768,-0.128381,-5.34228e-06,0.0088921,0.0537272,0,0,0
2000-03-23,0.0706136,0.695458,-0.624845,1.93809e-06,2.08432e-05,-1.89051e-05,-0.212902,0.56197,-0.133488,-5.36366e-06,0.00260364,0.0534056,0,0,0
2000-03-24,0.0791017,0.690449,-0.611348,2.15664e-06,2.04894e-05,-1.83328e-05,-0.212902,0.561517,-0.128932,-5.19453e-06,-0.00641096,0.0531386,0,0,0
2000-03-28,0.0813873,0.690781,-0.609394,2.22712e-06,2.05605e-05,-1.83334e-05,-0.212902,0.556874,-0.133908,-5.33909e-06,-0.0100185,0.0535396,0,0,0
2000-03-29,0.080613,0.690974,-0.610361,2.20422e-06,2.05674e-05,-1.83631e-05,-0.212902,0.562189,-0.128785,-5.25843e-06,-0.0105116,0.0536377,0,0,0
2000-03-30,0.0776562,0.686222,-0.608566,2.12738e-06,2.04256e-05,-1.82982e-05,-0.212902,0.563642,-0.12258,-5.12591e-06,-0.00943133,0.0533533,0,0,0
2000-03-31,-0.215259,0.684146,-0.899405,-5.01704e-06,2.0407e-05,-2.5424e-05,0.113846,-0.023637,-0.707783,-2.0919e-05,-0.0106775,0.0510659,0,0,0
2000-04-04,-0.210908,0.684849,-0.895758,-4.90573e-06,2.06138e-05,-2.55195e-05,0.113846,-0.015772,-0.700621,-2.09542e-05,-0.0115148,0.0510861,0,0,0
2000-04-05,-0.209327,0.682637,-0.891964,-4.8895e-06,2.05838e-05,-2.54733e-05,0.113846,-0.0124347,-0.695071,-2.08571e-05,-0.0156804,0.0518376,0,0,0
2000-04-06,-0.209914,0.681631,-0.891545,-4.90662e-06,2.05608e-05,-2.54674e-05,0.113846,0.0403094,-0.641322,-1.96598e-05,-0.0132342,0.0534098,0,0,0
2000-04-07,-0.214581,0.674611,-0.889192,-5.04345e-06,2.03981e-05,-2.54415e-05,0.113846,0.0508532,-0.623758,-1.92619e-05,-0.0108582,0.0532847,0,0,0
2000-04-11,-0.211628,0.671872,-0.883499,-4.95493e-06,2.01842e-05,-2.51391e-05,0.113846,0.05594,-0.615932,-1.89269e-05,-0.0224707,0.0528447,0,0,0
2000-04-12,-0.208395,0.670999,-0.879394,-4.88112e-06,2.01737e-05,-2.50548e-05,0.113846,0.062679,-0.60832,-1.87682e-05,-0.020517,0.0529073,0,0,0
2000-04-13,-0.202186,0.669954,-0.87214,-4.69338e-06,1.99392e-05,-2.46326e-05,0.113846,0.0526458,-0.617308,-1.8756e-05,-0.0218915,0.0525746,0,0,0
2000-04-14,-0.200075,0.669899,-0.869974,-4.65186e-06,1.9907e-05,-2.45589e-05,0.113846,0.0613909,-0.608508,-1.85468e-05,-0.0228676,0.0527112,0,0,0
2000-04-18,-0.202527,0.663576,-0.866103,-4.70411e-06,1.96774e-05,-2.43815e-05,0.113846,0.105822,-0.557754,-1.73962e-05,-0.0285008,0.0528157,1,0,0
2000-04-19,-0.201849,0.651754,-0.853603,-4.66928e-06,1.92616e-05,-2.39308e-05,0.113846,0.0960261,-0.555728,-1.71909e-05,-0.0337714,0.0524615,1,0,0
2000-04-20,-0.202273,0.652037,-0.854309,-4.67924e-06,1.93004e-05,-2.39796e-05,0.113846,0.0977374,-0.554299,-1.71979e-05,-0.0343023,0.0526431,1,0,0
2000-04-25,-0.201438,0.645453,-0.846891,-4.659e-06,1.87615e-05,-2.34205e-05,0.113846,0.0982717,-0.547181,-1.66574e-05,-0.0347411,0.0524088,1,0,0
2000-04-26,-0.199342,0.643738,-0.84308,-4.61474e-06,1.86727e-05,-2.32874e-05,0.113846,0.0993985,-0.54434,-1.65423e-05,-0.0377331,0.0532084,1,0,0
2000-04-27,-0.200249,0.64522,-0.845469,-4.62713e-06,1.87299e-05,-2.3357e-05,0.113846,0.0980836,-0.547136,-1.66463e-05,-0.039921,0.0552427,1,0,0
2000-04-28,0.535582,0.644543,-0.108961,1.30499e-05,1.87374e-05,-5.68743e-06,0.64406,0.46742,-0.177123,-7.74798e-06,-0.0446121,0.0557221,1,0,1
2000-05-02,0.532588,0.641044,-0.108457,1.30334e-05,1.85873e-05,-5.55385e-06,0.64406,0.450387,-0.190657,-7.92189e-06,-0.0397844,0.0558153,1,0,1
2000-05-03,0.53018,0.643247,-0.113067,1.29101e-05,1.862e-05,-5.7099e-06,0.64406,0.449009,-0.194237,-8.08583e-06,-0.0343783,0.0553238,1,0,1
2000-05-04,0.530327,0.643845,-0.113519,1.29562e-05,1.86788e-05,-5.72258e-06,0.64406,0.455212,-0.188634,-7.95883e-06,-0.0300867,0.0566355,1,0,1
2000-05-05,0.528707,0.645256,-0.116548,1.28997e-05,1.86586e-05,-5.75888e-06,0.64406,0.458568,-0.186687,-7.76333e-06,-0.0308708,0.0569015,1,0,1
2000-05-09,0.525624,0.639481,-0.113857,1.27481e-05,1.81764e-05,-5.42828e-06,0.64406,0.455413,-0.184068,-7.28745e-06,-0.0295928,0.0581801,1,0,1
2000-05-10,0.519722,0.64052,-0.120799,1.24377e-05,1.82048e-05,-5.76711e-06,0.64406,0.426975,-0.213545,-8.54637e-06,-0.017894,0.0550266,0,0,1
2000-05-11,0.524636,0.640723,-0.116087,1.26345e-05,1.82801e-05,-5.64561e-06,0.64406,0.422583,-0.21814,-8.84875e-06,-0.0140823,0.0543835,0,0,1
2000-05-16,0.524879,0.637133,-0.112253,1.26773e-05,1.80212e-05,-5.34383e-06,0.64406,0.414578,-0.222554,-8.78143e-06,-0.0127376,0.0540781,0,0,1
2000-05-17,0.525926,0.637716,-0.11179,1.27345e-05,1.80708e-05,-5.33631e-06,0.64406,0.430248,-0.207468,-8.19407e-06,-0.00798635,0.0543741,0,0,1
2000-05-18,0.524938,0.637191,-0.112253,1.2684e-05,1.80565e-05,-5.37252e-06,0.64406,0.434208,-0.202983,-8.08227e-06,-0.00966739,0.0546827,0,0,1
2000-05-19,0.52431,0.636705,-0.112396,1.26662e-05,1.8039e-05,-5.3728e-06,0.64406,0.434308,-0.202397,-8.2846e-06,-0.000970931,0.0520779,0,0,1
2000-05-23,0.525353,0.637738,-0.112385,1.27728e-05,1.82044e-05,-5.4316e-06,0.64406,0.441362,-0.196376,-8.16713e-06,-0.00410299,0.0533717,0,0,1
2000-05-24,0.522478,0.636985,-0.114508,1.25128e-05,1.8154e-05,-5.64119e-06,0.64406,0.431468,-0.205518,-8.51608e-06,0.00592428,0.0527191,0,0,1
2000-05-25,0.521216,0.636259,-0.115043,1.25155e-05,1.80764e-05,-5.56091e-06,0.64406,0.450229,-0.186029,-8.14673e-06,0.00813663,0.052895,0,0,1
2000-05-26,0.516105,0.631384,-0.115279,1.24335e-05,1.79979e-05,-5.56436e-06,0.64406,0.443405,-0.187979,-8.37026e-06,0.0116451,0.0523173,0,0,1
2000-05-31,0.155756,0.630672,-0.474915,3.34728e-06,1.79504e-05,-1.46031e-05,0.403097,0.457429,-0.173242,-1.01772e-05,0.0139165,0.0524146,0,0,0
2000-06-01,0.150263,0.625748,-0.475485,3.22088e-06,1.78503e-05,-1.46294e-05,0.403097,0.462447,-0.163301,-9.91021e-06,0.0132332,0.0524125,0,0,0
2000-06-02,0.149418,0.624413,-0.474995,3.19277e-06,1.7746e-05,-1.45533e-05,0.403097,0.452693,-0.17172,-1.0046e-05,0.016674,0.0518993,0,0,0
2000-06-06,0.154386,0.623634,-0.469248,3.2893e-06,1.77481e-05,-1.44588e-05,0.403097,0.458877,-0.164757,-9.96192e-06,0.0211091,0.0519193,0,0,0
2000-06-07,0.158503,0.616963,-0.458461,3.35928e-06,1.72897e-05,-1.39305e-05,0.403097,0.452465,-0.164498,-9.41501e-06,0.0248155,0.0519538,0,0,0
2000-06-08,0.157834,0.617103,-0.459269,3.34318e-06,1.73155e-05,-1.39723e-05,0.403097,0.413421,-0.203682,-1.00828e-05,0.0238099,0.051093,0,0,0
2000-06-09,0.165108,0.616521,-0.451413,3.50286e-06,1.7298e-05,-1.37952e-05,0.403097,0.425674,-0.190847,-9.85148e-06,0.0208556,0.051058,0,0,0
2000-06-13,0.163863,0.615031,-0.451167,3.48052e-06,1.72473e-05,-1.37668e-05,0.403097,0.425216,-0.189815,-9.81121e-06,0.0149518,0.0515052,0,0,0
2000-06-14,0.159648,0.615096,-0.455447,3.37459e-06,1.72539e-05,-1.38793e-05,0.403097,0.425829,-0.189266,-9.8231e-06,0.0164255,0.0525198,0,0,0
2000-06-15,0.159311,0.614871,-0.45556,3.36612e-06,1.72415e-05,-1.38754e-05,0.403097,0.430452,-0.184419,-9.66596e-06,0.0184009,0.0525321,0,0,0
2000-06-16,0.161527,0.614137,-0.45261,3.40381e-06,1.71862e-05,-1.37824e-05,0.403097,0.428854,-0.185283,-9.64673e-06,0.019532,0.0524784,0,0,0
2000-06-20,0.161718,0.612754,-0.451036,3.40871e-06,1.70884e-05,-1.36797e-05,0.403097,0.440225,-0.172529,-9.20416e-06,0.0181596,0.0525953,0,0,0
2000-06-21,0.157181,0.604728,-0.447546,3.2826e-06,1.65521e-05,-1.32695e-05,0.403097,0.424296,-0.180432,-8.86089e-06,0.0212811,0.0533195,0,0,0
2000-06-22,0.156125,0.604139,-0.448013,3.25298e-06,1.65338e-05,-1.32808e-05,0.403097,0.435194,-0.168945,-8.59882e-06,0.028105,0.0529975,1,0,0
2000-06-23,0.157223,0.601708,-0.444485,3.28446e-06,1.63381e-05,-1.30537e-05,0.403097,0.401656,-0.200053,-9.14708e-06,0.0273321,0.0518649,1,0,0
2000-06-27,0.165931,0.604304,-0.438374,3.49493e-06,1.65094e-05,-1.30145e-05,0.403097,0.421299,-0.183006,-9.12375e-06,0.027741,0.0521988,1,0,0
2000-06-28,0.154347,0.599706,-0.44536,3.23773e-06,1.64326e-05,-1.31948e-05,0.403097,0.44034,-0.159367,-8.81283e-06,0.028215,0.052512,1,0,0
2000-06-29,0.151122,0.595811,-0.444689,3.17488e-06,1.6293e-05,-1.31181e-05,0.403097,0.440577,-0.155234,-8.59564e-06,0.0307815,0.0524225,1,0,0
2000-06-30,0.67386,0.595355,0.0785048,1.5434e-05,1.6252e-05,-8.18042e-07,0.792342,0.594421,-0.000933247,-6.30089e-06,0.0242324,0.0525129,0,0,2
2000-07-06,0.671328,0.597175,0.0741524,1.53996e-05,1.63385e-05,-9.3885e-07,0.792342,0.599129,0.00195402,-6.29902e-06,0.0177725,0.0520719,0,0,2
2000-07-07,0.679316,0.604779,0.0745365,1.55261e-05,1.64269e-05,-9.00777e-07,0.792342,0.603039,-0.00174051,-6.30903e-06,0.016233,0.0522189,0,0,2
2000-07-11,0.672344,0.603758,0.068586,1.50613e-05,1.63788e-05,-1.31748e-06,0.792342,0.619704,0.0159465,-5.9221e-06,0.0164843,0.052305,0,0,2
2000-07-12,0.67151,0.600589,0.0709208,1.50491e-05,1.62162e-05,-1.16703e-06,0.792342,0.614691,0.014102,-5.79558e-06,0.0186519,0.0525772,0,0,2
2000-07-13,0.674239,0.597086,0.077153,1.5086e-05,1.59866e-05,-9.00544e-07,0.792342,0.640717,0.0436312,-5.20306e-06,0.017168,0.053358,0,0,2
2000-07-14,0.670313,0.592674,0.0776398,1.5032e-05,1.58505e-05,-8.18556e-07,0.792342,0.671098,0.0784243,-4.64918e-06,0.0182164,0.0528253,0,0,2
2000-07-18,0.665257,0.587002,0.0782545,1.49396e-05,1.57026e-05,-7.62969e-07,0.792342,0.752146,0.165143,-4.14394e-06,0.00305016,0.0522497,0,0,2
2000-07-19,0.651601,0.578125,0.0734758,1.48002e-05,1.56244e-05,-8.24129e-07,0.792342,0.767121,0.188996,-4.46064e-06,0.0118483,0.0510662,0,0,2
2000-07-20,0.650008,0.576701,0.0733067,1.48867e-05,1.56695e-05,-7.82838e-07,0.792342,0.83193,0.255229,-4.057e-06,0.00959005,0.0509423,0,0,2
2000-07-21,0.640521,0.568443,0.072078,1.47506e-05,1.54813e-05,-7.30764e-07,0.792342,0.812873,0.24443,-4.38788e-06,0.0160227,0.0501189,0,0,2
2000-07-26,0.644392,0.565249,0.0791433,1.48442e-05,1.52541e-05,-4.09869e-07,0.792342,0.80903,0.243782,-3.98489e-06,0.0194794,0.0498831,0,0,2
2000-07-27,0.643787,0.565332,0.0784557,1.47951e-05,1.52589e-05,-4.63805e-07,0.792342,0.814336,0.249004,-3.64705e-06,0.0205314,0.0506634,0,0,2
2000-07-28,0.684554,0.565369,0.119186,1.46478e-05,1.52664e-05,-6.18632e-07,0.13357,0.59164,0.0262718,-8.15637e-06,0.013861,0.0520543,0,0,3
2000-08-01,0.682822,0.561455,0.121367,1.45048e-05,1.50239e-05,-5.19188e-07,0.13357,0.60542,0.0439654,-7.44014e-06,0.0130865,0.0528219,0,0,3
2000-08-02,0.684759,0.561905,0.122854,1.45273e-05,1.50096e-05,-4.82355e-07,0.13357,0.611146,0.049241,-7.23881e-06,0.0107044,0.0526359,0,0,3
2000-08-03,0.685126,0.562446,0.12268,1.45551e-05,1.50434e-05,-4.8829e-07,0.13357,0.600682,0.038236,-7.42259e-06,0.0096258,0.051999,0,0,3
2000-08-04,0.683335,0.564782,0.118553,1.44615e-05,1.51431e-05,-6.81603e-07,0.13357,0.530072,-0.0347094,-8.40725e-06,0.00707727,0.0504552,0,0,3
2000-08-08,0.684825,0.563176,0.121649,1.45404e-05,1.51008e-05,-5.60353e-07,0.13357,0.536654,-0.0265216,-8.28866e-06,0.0112743,0.0507182,0,0,3
2000-08-09,0.683802,0.562425,0.121376,1.45291e-05,1.50722e-05,-5.43147e-07,0.13357,0.537266,-0.0251591,-8.26204e-06,0.0119275,0.0506757,0,0,3
2000-08-10,0.683784,0.560102,0.123682,1.44905e-05,1.49458e-05,-4.55307e-07,0.13357,0.54144,-0.0186618,-7.95415e-06,0.00511398,0.0506807,0,0,3
2000-08-11,0.683963,0.558963,0.125,1.44999e-05,1.49279e-05,-4.27974e-07,0.13357,0.540476,-0.0184869,-7.96779e-06,0.00393034,0.0509483,0,0,3
2000-08-15,0.680608,0.556338,0.12427,1.4307e-05,1.47819e-05,-4.74899e-07,0.13357,0.543973,-0.0123651,-7.7474e-06,0.00498987,0.050583,0,0,3
2000-08-16,0.680978,0.557092,0.123886,1.43139e-05,1.48175e-05,-5.03622e-07,0.13357,0.538874,-0.0182184,-7.6389e-06,0.00512315,0.0510881,0,0,3
2000-08-17,0.681146,0.556954,0.124192,1.43298e-05,1.48129e-05,-4.83114e-07,0.13357,0.542778,-0.0141762,-7.52357e-06,0.00217098,0.0514165,0,0,3
2000-08-18,0.681233,0.556859,0.124374,1.43249e-05,1.48115e-05,-4.86605e-07,0.13357,0.537321,-0.0195375,-7.64371e-06,-0.00117594,0.0511128,0,0,3
2000-08-22,0.681378,0.556141,0.125238,1.43464e-05,1.47691e-05,-4.22747e-07,0.13357,0.529223,-0.0269178,-7.6313e-06,0.00157595,0.0513968,0,0,3
2000-08-23,0.683125,0.556243,0.126882,1.43395e-05,1.47745e-05,-4.35073e-07,0.13357,0.513808,-0.0424354,-8.03357e-06,-0.00426233,0.0504621,0,0,3
2000-08-29,0.68399,0.555662,0.128328,1.43952e-05,1.47515e-05,-3.56237e-07,0.13357,0.47391,-0.0817522,-9.04667e-06,0.00296728,0.0481463,0,0,3
2000-08-30,0.684637,0.555858,0.128779,1.45219e-05,1.47982e-05,-2.76303e-07,0.13357,0.455596,-0.100262,-9.33636e-06,-0.00088903,0.0477156,0,0,3
2000-08-31,0.350143,0.558255,-0.208111,7.16975e-06,1.48647e-05,-7.69497e-06,-0.121013,0.325982,-0.232272,-1.06574e-05,0.00322976,0.0470786,0,0,1
2000-09-01,0.352217,0.55847,-0.206253,7.27751e-06,1.49066e-05,-7.62908e-06,-0.121013,0.324258,-0.234213,-1.06996e-05,0.005515,0.0471238,0,0,1
2000-09-06,0.358661,0.558859,-0.200198,7.37804e-06,1.49094e-05,-7.53138e-06,-0.121013,0.281045,-0.277814,-1.14677e-05,-0.00584427,0.0453454,0,0,1
2000-09-07,0.363134,0.560743,-0.197609,7.51542e-06,1.50237e-05,-7.5083e-06,-0.121013,0.300377,-0.260366,-1.14308e-05,-0.0074447,0.0453586,0,0,1
2000-09-08,0.360687,0.55634,-0.195653,7.44394e-06,1.49194e-05,-7.47542e-06,-0.121013,0.264924,-0.291416,-1.1907e-05,-0.00116218,0.0435769,0,0,1
2000-09-12,0.364644,0.558995,-0.194352,7.57237e-06,1.508e-05,-7.50766e-06,-0.121013,0.265984,-0.293011,-1.20583e-05,0.00167747,0.043782,0,0,1
2000-09-13,0.37055,0.557946,-0.187396,7.6583e-06,1.50359e-05,-7.37758e-06,-0.121013,0.174987,-0.382959,-1.27197e-05,-0.00284688,0.0489964,0,0,1
2000-09-14,0.370796,0.557497,-0.186701,7.66093e-06,1.50077e-05,-7.34673e-06,-0.121013,0.155363,-0.402134,-1.2971e-05,-0.00547685,0.0488377,0,0,1
2000-09-15,0.378327,0.553141,-0.174814,7.74583e-06,1.47944e-05,-7.04854e-06,-0.121013,0.132099,-0.421042,-1.30901e-05,-0.013091,0.0485587,0,0,1
2000-09-19,0.379395,0.553953,-0.174558,7.78032e-06,1.48437e-05,-7.0634e-06,-0.121013,0.123832,-0.430121,-1.32519e-05,-0.0126831,0.0483596,0,0,1
2000-09-20,0.380698,0.554229,-0.173531,7.8183e-06,1.48565e-05,-7.03818e-06,-0.121013,0.122478,-0.431752,-1.32992e-05,-0.0170993,0.0482339,0,0,1
2000-09-21,0.380178,0.552724,-0.172547,7.78401e-06,1.47869e-05,-7.00287e-06,-0.121013,0.0955159,-0.457208,-1.36121e-05,-0.0109301,0.0470579,0,0,1
2000-09-26,0.382032,0.549688,-0.167655,7.84807e-06,1.46205e-05,-6.77245e-06,-0.121013,0.0946584,-0.455029,-1.34637e-05,-0.0140566,0.0468705,0,0,1
2000-09-27,0.38217,0.549316,-0.167146,7.86167e-06,1.46257e-05,-6.76402e-06,-0.121013,0.0976483,-0.451668,-1.34314e-05,-0.0119902,0.0468248,0,0,1
2000-09-28,-0.0239668,0.547287,-0.571254,-5.84078e-07,1.4567e-05,-1.51511e-05,-0.37245,-0.101943,-0.64923,-1.58508e-05,-0.00760791,0.0466404,0,0,0
2000-10-03,-0.0271069,0.544798,-0.571905,-6.55478e-07,1.44722e-05,-1.51277e-05,-0.37245,-0.127461,-0.672259,-1.60933e-05,-0.00624767,0.0465476,0,0,0
2000-10-04,-0.0239479,0.544853,-0.568801,-5.78879e-07,1.44751e-05,-1.5054e-05,-0.37245,-0.125634,-0.670487,-1.60931e-05,-0.00289157,0.047814,0,0,0
2000-10-05,-0.0224961,0.545229,-0.567725,-5.41858e-07,1.4468e-05,-1.50099e-05,-0.37245,-0.133998,-0.679227,-1.61998e-05,0.000466556,0.048013,0,0,0
2000-10-06,-0.0483991,0.542776,-0.591175,-1.13809e-06,1.42805e-05,-1.54185e-05,-0.37245,-0.126868,-0.669644,-1.59421e-05,0.00286615,0.0491337,0,0,0
2000-10-10,-0.0487707,0.542546,-0.591317,-1.14689e-06,1.42761e-05,-1.5423e-05,-0.37245,-0.117767,-0.660313,-1.57934e-05,0.00936713,0.0489617,0,0,0
2000-10-11,-0.0483303,0.541184,-0.589514,-1.13709e-06,1.42589e-05,-1.5396e-05,-0.37245,-0.106086,-0.64727,-1.56155e-05,0.00945297,0.0490932,0,0,0
2000-10-12,-0.0504006,0.538626,-0.589027,-1.18721e-06,1.41958e-05,-1.53831e-05,-0.37245,-0.102247,-0.640873,-1.55041e-05,0.00915357,0.0496788,0,0,0
2000-10-13,-0.0486715,0.537882,-0.586553,-1.14433e-06,1.41705e-05,-1.53149e-05,-0.37245,-0.127106,-0.664988,-1.57638e-05,0.00789745,0.0491539,0,0,0
2000-10-17,-0.0477024,0.53932,-0.587023,-1.12239e-06,1.42425e-05,-1.53649e-05,-0.37245,-0.156537,-0.695857,-1.61399e-05,0.0142924,0.04822,0,0,0
2000-10-18,-0.0413536,0.540134,-0.581487,-9.75607e-07,1.4234e-05,-1.52096e-05,-0.37245,-0.151976,-0.692109,-1.60732e-05,0.00870708,0.0483116,0,0,0
2000-10-19,-0.0425538,0.540797,-0.583351,-1.00213e-06,1.42484e-05,-1.52505e-05,-0.37245,-0.13897,-0.679767,-1.59501e-05,0.0151482,0.0485383,0,0,0
2000-10-20,-0.0439065,0.54098,-0.584886,-1.03096e-06,1.42298e-05,-1.52607e-05,-0.37245,-0.156862,-0.697842,-1.61398e-05,0.0079417,0.0485189,0,0,0
2000-10-24,-0.0421447,0.533248,-0.575392,-9.90082e-07,1.38019e-05,-1.47919e-05,-0.37245,-0.158613,-0.691861,-1.57259e-05,0.010755,0.0483541,0,0,0
2000-10-25,-0.0397284,0.533826,-0.573554,-9.33121e-07,1.38523e-05,-1.47854e-05,-0.37245,-0.137033,-0.670859,-1.54763e-05,0.0108582,0.0485824,0,0,0
2000-10-26,-0.0364272,0.53737,-0.573797,-8.51645e-07,1.38612e-05,-1.47129e-05,-0.37245,-0.154571,-0.691941,-1.56716e-05,0.0148047,0.0479978,0,0,0
2000-10-27,-0.0400644,0.536673,-0.576738,-9.34118e-07,1.38241e-05,-1.47582e-05,-0.37245,-0.167423,-0.704096,-1.57667e-05,0.013998,0.0478592,0,0,0
2000-10-31,0.575756,0.537881,0.0378751,1.48007e-05,1.38854e-05,9.15361e-07,0.104685,0.43639,-0.101491,-8.14517e-06,0.0169508,0.0475434,0,0,2
2000-11-01,0.576812,0.537538,0.0392743,1.48428e-05,1.38653e-05,9.77466e-07,0.104685,0.450021,-0.0875168,-8.00012e-06,0.0176479,0.0475632,0,0,2
2000-11-02,0.572311,0.53545,0.0368611,1.47482e-05,1.38319e-05,9.16269e-07,0.104685,0.387378,-0.148072,-8.72216e-06,0.0202238,0.0470792,0,0,2
2000-11-03,0.575559,0.534032,0.0415274,1.48544e-05,1.37309e-05,1.12346e-06,0.104685,0.403402,-0.13063,-8.34415e-06,0.019984,0.0470818,0,0,2
2000-11-07,0.570272,0.523779,0.0464928,1.47069e-05,1.33404e-05,1.36653e-06,0.104685,0.407398,-0.116381,-7.94407e-06,0.0135467,0.0474225,0,0,2
2000-11-08,0.572008,0.524708,0.0473002,1.46963e-05,1.33652e-05,1.33117e-06,0.104685,0.412658,-0.11205,-7.85093e-06,0.0120955,0.0476442,0,0,2
2000-11-09,0.571652,0.524097,0.0475559,1.46773e-05,1.33337e-05,1.34358e-06,0.104685,0.455238,-0.0688589,-6.10058e-06,0.00970263,0.0553736,0,0,2
2000-11-10,0.572106,0.522081,0.0500247,1.47022e-05,1.32269e-05,1.47534e-06,0.104685,0.451593,-0.0704884,-6.09886e-06,0.00805939,0.0552898,0,0,2
2000-11-14,0.574338,0.526601,0.0477365,1.47655e-05,1.33727e-05,1.39277e-06,0.104685,0.466001,-0.0605999,-6.0921e-06,0.00382214,0.055453,0,0,2
2000-11-15,0.571703,0.523946,0.047757,1.47148e-05,1.33423e-05,1.37245e-06,0.104685,0.43381,-0.0901367,-6.55605e-06,0.00420187,0.0551709,0,0,2
2000-11-16,0.574308,0.522187,0.0521205,1.48115e-05,1.32542e-05,1.55722e-06,0.104685,0.435573,-0.0866139,-6.41603e-06,0.00537829,0.0572594,0,0,2
2000-11-17,0.572477,0.517411,0.0550656,1.46616e-05,1.30057e-05,1.65584e-06,0.104685,0.435179,-0.0822323,-6.14109e-06,0.00474978,0.0584572,0,0,2
2000-11-21,0.579307,0.512042,0.0672647,1.46013e-05,1.27371e-05,1.86426e-06,0.104685,0.436154,-0.0758883,-5.89751e-06,0.000455353,0.0583721,0,0,2
2000-11-22,0.575154,0.508417,0.0667367,1.43965e-05,1.25809e-05,1.81564e-06,0.104685,0.431315,-0.0771017,-5.8155e-06,-0.000359706,0.0588952,0,0,2
2000-11-28,0.580649,0.504887,0.0757622,1.44823e-05,1.24598e-05,2.02243e-06,0.104685,0.409985,-0.0949025,-6.09939e-06,0.00687926,0.0584598,0,0,2
2000-11-29,0.586441,0.49333,0.0931108,1.46017e-05,1.18792e-05,2.72249e-06,0.104685,0.385467,-0.107863,-5.95788e-06,0.00251137,0.0586505,0,0,2
2000-11-30,0.791363,0.486774,0.30459,2.14131e-05,1.15728e-05,9.84035e-06,0.403815,0.66343,0.176656,-3.87322e-07,0.00476669,0.059094,0,0,3
2000-12-01,0.792241,0.488298,0.303943,2.15025e-05,1.16392e-05,9.86328e-06,0.403815,0.667917,0.179619,-4.54337e-07,-0.00498296,0.0589915,0,0,3
2000-12-05,0.794379,0.481228,0.313151,2.11501e-05,1.13546e-05,9.79545e-06,0.403815,0.653236,0.172008,-3.05266e-07,-0.00311867,0.0589966,0,0,3
2000-12-06,0.796054,0.480303,0.315751,2.10962e-05,1.12485e-05,9.8477e-06,0.403815,0.682883,0.20258,5.14357e-07,-0.00636444,0.0590443,0,0,3
2000-12-07,0.792497,0.476491,0.316006,2.1031e-05,1.11835e-05,9.8475e-06,0.403815,0.693497,0.217006,1.28778e-06,-0.006763,0.0598214,0,0,3
2000-12-08,0.791174,0.475277,0.315897,2.08694e-05,1.11381e-05,9.73128e-06,0.403815,0.700794,0.225517,1.43452e-06,-0.00630581,0.0599379,0,0,3
2000-12-12,0.789895,0.47491,0.314984,2.07769e-05,1.11329e-05,9.64403e-06,0.403815,0.694116,0.219206,1.36298e-06,-0.00679107,0.0600434,0,0,3
2000-12-13,0.790175,0.475151,0.315024,2.07837e-05,1.11414e-05,9.64225e-06,0.403815,0.696232,0.221081,1.39914e-06,-0.00381491,0.0603489,0,0,3
2000-12-19,0.792237,0.47546,0.316777,2.08452e-05,1.116e-05,9.68521e-06,0.403815,0.696318,0.220858,1.37708e-06,-0.00221105,0.0603684,0,0,3
2000-12-20,0.792046,0.477698,0.314348,2.08435e-05,1.11916e-05,9.6519e-06,0.403815,0.68947,0.211772,9.86409e-07,0.00264713,0.0596864,0,0,3
2000-12-21,0.788847,0.478643,0.310203,2.04686e-05,1.11856e-05,9.28298e-06,0.403815,0.687229,0.208585,7.95114e-07,0.00800729,0.0593046,0,0,3
2000-12-22,0.788401,0.476616,0.311786,2.04924e-05,1.11228e-05,9.36962e-06,0.403815,0.695088,0.218473,9.88988e-07,0.0132351,0.059596,0,0,3
2000-12-27,0.788518,0.475009,0.313508,2.04587e-05,1.10947e-05,9.36397e-06,0.403815,0.698011,0.223001,1.14916e-06,0.0128494,0.059558,0,0,3
2000-12-28,0.793779,0.475904,0.317875,2.05275e-05,1.11353e-05,9.39221e-06,0.403815,0.699562,0.223658,1.12147e-06,0.0206933,0.0592727,0,0,3
2000-12-29,0.838489,0.477556,0.360933,2.07138e-05,1.11724e-05,9.54138e-06,0.766936,0.706768,0.229212,-8.27635e-07,0.0166199,0.0590313,0,0,4
2001-01-03,0.839168,0.479295,0.359873,2.0776e-05,1.12425e-05,9.53347e-06,0.766936,0.707301,0.228006,-8.71704e-07,0.0141909,0.0601109,0,0,4
2001-01-04,0.839147,0.478999,0.360148,2.07196e-05,1.12213e-05,9.49833e-06,0.766936,0.706381,0.227383,-8.48978e-07,0.0113424,0.0600915,0,0,4
2001-01-05,0.838799,0.48183,0.356969,2.07078e-05,1.12662e-05,9.44164e-06,0.766936,0.707797,0.225967,-6.80399e-07,0.0127807,0.0603873,0,0,4
2001-01-09,0.83837,0.48039,0.35798,2.05869e-05,1.11837e-05,9.40316e-06,0.766936,0.715613,0.235223,-1.74989e-07,0.0104907,0.0607544,0,0,4
2001-01-10,0.838225,0.480374,0.357851,2.04685e-05,1.11468e-05,9.3217e-06,0.766936,0.714058,0.233684,-1.54719e-07,0.0061258,0.0610939,0,0,4
2001-01-11,0.83776,0.483239,0.354521,2.04004e-05,1.11977e-05,9.20275e-06,0.766936,0.72138,0.238141,-4.04484e-08,0.00687321,0.0615159,0,0,4
2001-01-12,0.836271,0.48235,0.353921,2.0277e-05,1.11662e-05,9.11081e-06,0.766936,0.717869,0.23552,-7.76284e-08,0.00644592,0.0615612,0,0,4
2001-01-17,0.837015,0.482544,0.354471,2.02995e-05,1.11727e-05,9.12679e-06,0.766936,0.696409,0.213865,-6.60538e-07,0.0138821,0.057172,0,0,4
2001-01-18,0.841407,0.503849,0.337558,2.07886e-05,1.18024e-05,8.98622e-06,0.766936,0.695685,0.191836,-1.33866e-06,0.00915063,0.0570603,0,0,3
2001-01-23,0.841705,0.502665,0.33904,2.08093e-05,1.1749e-05,9.06026e-06,0.766936,0.721623,0.218958,-2.49322e-07,0.0138057,0.0566299,0,0,3
2001-01-24,0.840289,0.505181,0.335108,2.08055e-05,1.18115e-05,8.99403e-06,0.766936,0.717288,0.212106,-4.18699e-07,0.00863411,0.0565313,0,0,3
2001-01-25,0.836182,0.499966,0.336216,2.017e-05,1.15716e-05,8.59842e-06,0.766936,0.713322,0.213356,-1.817e-07,0.00761994,0.0565424,0,0,3
2001-01-26,0.835986,0.500371,0.335615,2.01297e-05,1.15805e-05,8.54911e-06,0.766936,0.721144,0.220773,-1.21185e-07,0.00613355,0.0568059,0,0,3
2001-01-30,0.834869,0.498978,0.335891,1.99232e-05,1.15316e-05,8.39157e-06,0.766936,0.715528,0.21655,2.36149e-07,0.00174375,0.0569616,0,0,3
2001-01-31,0.88916,0.49868,0.39048,2.04124e-05,1.15094e-05,8.90294e-06,0.843851,0.743621,0.244941,-5.7502e-07,0.000657273,0.0569397,0,1,4
2001-02-01,0.888218,0.495662,0.392556,1.99839e-05,1.13716e-05,8.61224e-06,0.843851,0.772487,0.276825,1.54325e-06,0.00369819,0.0570416,0,1,4
2001-02-02,0.886485,0.498361,0.388124,1.97531e-05,1.13863e-05,8.36679e-06,0.843851,0.796339,0.297978,3.62994e-06,0.00427056,0.0585421,0,1,4
2001-02-06,0.871765,0.444456,0.427308,1.71923e-05,8.88811e-06,8.30416e-06,0.843851,0.791036,0.34658,5.61728e-06,0.0132965,0.0576338,0,1,4
2001-02-07,0.871083,0.450945,0.420138,1.70852e-05,8.99003e-06,8.09515e-06,0.843851,0.785569,0.334624,5.63164e-06,0.015043,0.0575798,0,1,4
2001-02-08,0.869608,0.435385,0.434223,1.66841e-05,8.45622e-06,8.22784e-06,0.843851,0.779203,0.343818,5.63545e-06,0.00731742,0.0566475,0,1,4
2001-02-09,0.870877,0.438552,0.432325,1.67952e-05,8.56703e-06,8.22815e-06,0.843851,0.785614,0.347062,6.26215e-06,0.00998243,0.0567013,0,1,4
2001-02-13,0.870206,0.439169,0.431037,1.67893e-05,8.56381e-06,8.22547e-06,0.843851,0.787956,0.348787,6.42349e-06,0.0197369,0.0572124,0,1,4
2001-02-14,0.870315,0.447066,0.423249,1.6778e-05,8.6742e-06,8.10384e-06,0.843851,0.793024,0.345959,6.32531e-06,0.0177838,0.0568058,0,1,4
2001-02-15,0.872619,0.447887,0.424731,1.68522e-05,8.60922e-06,8.24302e-06,0.843851,0.798627,0.350739,6.46192e-06,0.0199792,0.0569888,0,1,4
2001-02-16,0.870348,0.460257,0.410091,1.68072e-05,8.75753e-06,8.04964e-06,0.843851,0.808098,0.347841,7.42519e-06,0.0260478,0.0596052,1,1,4
2001-02-21,0.867928,0.449636,0.418292,1.63855e-05,8.38401e-06,8.00148e-06,0.843851,0.807615,0.357979,7.853e-06,0.0314526,0.0596954,1,1,4
2001-02-22,0.864401,0.451427,0.412974,1.59034e-05,8.32752e-06,7.57585e-06,0.843851,0.810905,0.359478,8.26153e-06,0.0355465,0.0627975,1,1,4
2001-02-23,0.864354,0.453059,0.411296,1.59213e-05,8.36357e-06,7.55769e-06,0.843851,0.781063,0.328005,7.81067e-06,0.0325166,0.063061,1,1,4
2001-02-27,0.864529,0.453719,0.41081,1.59511e-05,8.38568e-06,7.56547e-06,0.843851,0.783361,0.329642,8.14404e-06,0.0361063,0.0632217,1,1,4
2001-02-28,0.687322,0.457347,0.229975,1.35941e-05,8.42925e-06,5.16484e-06,0.714937,0.760171,0.302824,1.25661e-05,0.039309,0.0635203,1,0,3
2001-03-01,0.68714,0.45183,0.23531,1.3582e-05,8.23954e-06,5.34249e-06,0.714937,0.759008,0.307178,1.27661e-05,0.0396486,0.0637229,1,0,3
2001-03-02,0.687299,0.449836,0.237462,1.35891e-05,8.18552e-06,5.40363e-06,0.714937,0.761947,0.312111,1.27623e-05,0.0376524,0.0633235,1,0,3
2001-03-06,0.680966,0.446674,0.234292,1.32221e-05,8.06344e-06,5.15866e-06,0.714937,0.764811,0.318137,1.29727e-05,0.0364943,0.0633245,1,0,3
2001-03-07,0.682219,0.443403,0.238816,1.32183e-05,7.97665e-06,5.24163e-06,0.714937,0.763843,0.32044,1.30295e-05,0.0396042,0.0641408,1,0,3
2001-03-08,0.68596,0.440327,0.245633,1.32544e-05,7.88096e-06,5.3734e-06,0.714937,0.762237,0.32191,1.28555e-05,0.0398258,0.0635003,1,0,3
2001-03-09,0.682572,0.439758,0.242814,1.32845e-05,7.91197e-06,5.37255e-06,0.714937,0.766024,0.326266,1.34094e-05,0.0389251,0.0669148,1,0,3
2001-03-13,0.682575,0.439764,0.242811,1.32801e-05,7.90153e-06,5.37856e-06,0.714937,0.772787,0.333023,1.42394e-05,0.0372365,0.0676454,1,0,3
2001-03-14,0.682555,0.441225,0.24133,1.32915e-05,7.94762e-06,5.34388e-06,0.714937,0.778413,0.337187,1.51868e-05,0.0356462,0.0700521,1,0,3
2001-03-15,0.680988,0.440852,0.240136,1.32939e-05,7.96509e-06,5.32881e-06,0.714937,0.755375,0.314523,1.22499e-05,0.0245815,0.0646301,0,0,3
2001-03-16,0.69085,0.467589,0.223261,1.39214e-05,8.82708e-06,5.0943e-06,0.714937,0.768447,0.300858,1.26021e-05,0.018674,0.0668977,0,0,3
2001-03-20,0.695716,0.47249,0.223226,1.40286e-05,8.93929e-06,5.08932e-06,0.714937,0.764024,0.291534,1.23893e-05,0.0220154,0.0668872,0,0,3
2001-03-21,0.694529,0.470904,0.223625,1.40109e-05,8.86418e-06,5.14676e-06,0.714937,0.765422,0.294518,1.24932e-05,0.0154103,0.0680881,0,0,3
2001-03-22,0.696474,0.479982,0.216493,1.40634e-05,8.99425e-06,5.0692e-06,0.714937,0.769873,0.289891,1.22285e-05,0.00209032,0.0665174,0,0,3
2001-03-23,0.700299,0.485543,0.214756,1.42943e-05,9.23641e-06,5.05788e-06,0.714937,0.768565,0.283022,1.17328e-05,0.00880801,0.0655735,0,0,3
2001-03-27,0.700105,0.484576,0.215529,1.43963e-05,9.27012e-06,5.12615e-06,0.714937,0.776437,0.291861,1.18154e-05,0.0110804,0.0656593,0,0,3
2001-03-28,0.69919,0.484225,0.214966,1.43943e-05,9.27262e-06,5.12165e-06,0.714937,0.799725,0.315501,1.19343e-05,0.00378969,0.0651226,0,0,3
2001-03-29,0.688543,0.474679,0.213864,1.42325e-05,9.10463e-06,5.1279e-06,0.714937,0.800542,0.325864,1.2238e-05,0.00439731,0.0649624,0,0,3
2001-03-30,0.355446,0.476221,-0.120775,6.27527e-06,9.16023e-06,-2.88496e-06,0.432851,0.444026,-0.0321947,-8.08614e-07,-0.00567392,0.063812,0,0,1
2001-04-04,0.356076,0.483938,-0.127862,6.31998e-06,9.38008e-06,-3.06009e-06,0.432851,0.446137,-0.0378004,-1.04515e-06,0.00304135,0.0628853,0,0,1
2001-04-05,0.358227,0.483212,-0.124985,6.39796e-06,9.42546e-06,-3.0275e-06,0.432851,0.45414,-0.0290714,-9.70596e-07,0.00149681,0.0631803,0,0,1
2001-04-06,0.350329,0.491087,-0.140758,5.99408e-06,9.52458e-06,-3.5305e-06,0.432851,0.467364,-0.0237234,-9.02279e-07,0.0007427,0.0633115,0,0,1
2001-04-10,0.344247,0.485984,-0.141737,5.91644e-06,9.45881e-06,-3.54237e-06,0.432851,0.477865,-0.00811931,-7.7052e-07,-0.00191171,0.0633592,0,0,1
2001-04-11,0.342576,0.480949,-0.138373,5.89324e-06,9.30967e-06,-3.41643e-06,0.432851,0.478526,-0.00242295,-6.14867e-07,0.00399921,0.06299,0,0,1
2001-04-12,0.346218,0.482678,-0.13646,5.994e-06,9.36994e-06,-3.37594e-06,0.432851,0.469751,-0.0129267,-1.72443e-07,0.00663321,0.0652436,0,0,1
2001-04-17,0.345256,0.482533,-0.137277,5.93389e-06,9.36542e-06,-3.43153e-06,0.432851,0.476734,-0.00579933,-1.13008e-07,0.00211165,0.0661619,0,0,1
2001-04-18,0.336212,0.473963,-0.137751,5.7447e-06,9.11806e-06,-3.37335e-06,0.432851,0.468768,-0.005195,-6.9973e-08,0.00889033,0.065775,0,0,1
2001-04-19,0.331733,0.474663,-0.14293,5.62981e-06,9.13204e-06,-3.50223e-06,0.432851,0.48024,0.00557717,6.00576e-08,0.010296,0.0662495,0,0,1
2001-04-20,0.323187,0.471018,-0.147831,5.45277e-06,9.0393e-06,-3.58653e-06,0.432851,0.506274,0.0352561,1.25985e-06,0.010707,0.0680697,0,0,1
2001-04-24,0.324964,0.469725,-0.144761,5.46895e-06,8.99591e-06,-3.52696e-06,0.432851,0.518356,0.0486303,1.48014e-06,0.00302664,0.068653,0,0,1
2001-04-25,0.318507,0.466646,-0.148139,5.34128e-06,8.95989e-06,-3.61861e-06,0.432851,0.511624,0.0449771,1.28564e-06,-4.36568e-05,0.0683496,0,0,1
2001-04-26,0.312649,0.472179,-0.15953,5.18238e-06,9.05258e-06,-3.87021e-06,0.432851,0.520521,0.0483414,1.3202e-06,6.33986e-05,0.0685778,0,0,1
2001-04-27,0.219439,0.468492,-0.249053,4.03008e-06,8.97553e-06,-4.94545e-06,0.180234,0.25194,-0.216552,-4.45652e-06,-0.00085605,0.0685733,0,0,1
2001-05-01,0.218791,0.465306,-0.246516,4.02003e-06,8.9173e-06,-4.89727e-06,0.180234,0.26531,-0.199996,-4.12481e-06,0.00100314,0.0683864,0,0,1
2001-05-02,0.218907,0.464096,-0.245189,4.03807e-06,8.90792e-06,-4.86985e-06,0.180234,0.249056,-0.21504,-4.5112e-06,0.00220408,0.0675703,0,0,1
2001-05-03,0.23191,0.467906,-0.235995,4.27704e-06,9.00759e-06,-4.73055e-06,0.180234,0.251378,-0.216528,-4.54738e-06,0.00291783,0.0675339,0,0,1
2001-05-08,0.21826,0.46096,-0.2427,3.95312e-06,8.75714e-06,-4.80402e-06,0.180234,0.265719,-0.195241,-4.02957e-06,-0.00333517,0.0673743,0,0,1
2001-05-09,0.213213,0.461388,-0.248176,3.84053e-06,8.80846e-06,-4.96793e-06,0.180234,0.27352,-0.187868,-3.93787e-06,0.00881575,0.0671257,0,0,1
2001-05-10,0.212011,0.46113,-0.24912,3.82263e-06,8.82215e-06,-4.99953e-06,0.180234,0.254946,-0.206184,-4.33527e-06,0.00747413,0.0670779,0,0,1
2001-05-11,0.214835,0.45762,-0.242785,3.88549e-06,8.65064e-06,-4.76515e-06,0.180234,0.188576,-0.269044,-5.19768e-06,0.0214015,0.0669212,0,0,1
2001-05-15,0.218342,0.459376,-0.241034,3.9592e-06,8.70114e-06,-4.74194e-06,0.180234,0.136718,-0.322658,-6.11982e-06,0.014586,0.0673461,0,0,1
2001-05-16,0.222926,0.459882,-0.236956,3.95934e-06,8.70178e-06,-4.74244e-06,0.180234,0.171312,-0.28857,-5.48422e-06,0.0216985,0.0675878,0,0,1
2001-05-17,0.215375,0.444575,-0.2292,3.84738e-06,8.35391e-06,-4.50654e-06,0.180234,0.176901,-0.267674,-5.01174e-06,0.0179604,0.0675879,0,0,1
2001-05-18,0.211515,0.442511,-0.230996,3.75948e-06,8.24767e-06,-4.4882e-06,0.180234,0.220985,-0.221526,-4.16542e-06,0.0221835,0.0681203,0,0,1
2001-05-22,0.199521,0.434043,-0.234523,3.56348e-06,8.13303e-06,-4.56955e-06,0.180234,0.232073,-0.20197,-3.81296e-06,0.0224655,0.068159,0,0,1
2001-05-23,0.198382,0.434324,-0.235942,3.54419e-06,8.12959e-06,-4.5854e-06,0.180234,0.250407,-0.183917,-3.34847e-06,0.0232822,0.0681566,0,0,1
2001-05-24,0.199794,0.43495,-0.235156,3.56578e-06,8.10742e-06,-4.54164e-06,0.180234,0.231449,-0.2035,-3.63838e-06,0.0209254,0.0681585,0,0,1
2001-05-25,0.198866,0.43087,-0.232003,3.53073e-06,7.95552e-06,-4.42479e-06,0.180234,0.22433,-0.206539,-3.56357e-06,0.0166852,0.0684419,0,0,1
2001-05-30,0.199679,0.428221,-0.228543,3.54372e-06,7.85811e-06,-4.31439e-06,0.180234,0.223239,-0.204983,-3.47451e-06,0.00604107,0.0685036,0,0,1
2001-05-31,0.503489,0.427739,0.0757507,9.96795e-06,7.83902e-06,2.12892e-06,0.582594,0.508791,0.0810526,4.37086e-06,-0.00144669,0.0699239,0,0,2
2001-06-01,0.510195,0.413796,0.0963989,1.02477e-05,7.66406e-06,2.58359e-06,0.582594,0.516416,0.10262,4.27417e-06,-0.00416187,0.069831,0,0,2
2001-06-05,0.507426,0.413785,0.0936403,1.02764e-05,7.74248e-06,2.53392e-06,0.582594,0.517592,0.103806,4.23755e-06,0.000419331,0.0698461,0,0,2
2001-06-06,0.490227,0.403378,0.0868487,9.59738e-06,7.36657e-06,2.2308e-06,0.582594,0.529644,0.126266,4.95874e-06,-0.0076513,0.0700697,0,0,2
2001-06-07,0.487901,0.400955,0.0869461,9.56834e-06,7.27665e-06,2.29169e-06,0.582594,0.532714,0.131759,5.09905e-06,-0.00558944,0.0701136,0,0,2
2001-06-08,0.479441,0.398838,0.0806029,9.21983e-06,7.18422e-06,2.03561e-06,0.582594,0.533151,0.134313,5.22221e-06,0.00292248,0.0702809,0,0,2
2001-06-12,0.461491,0.390581,0.0709092,8.57776e-06,6.92261e-06,1.65515e-06,0.582594,0.532056,0.141475,5.54496e-06,0.0103653,0.0698734,0,0,2
2001-06-13,0.461368,0.386198,0.0751703,8.57726e-06,6.80023e-06,1.77703e-06,0.582594,0.528264,0.142065,5.60054e-06,0.00811087,0.070161,0,0,2
2001-06-14,0.46159,0.381437,0.0801533,8.5847e-06,6.62068e-06,1.96403e-06,0.582594,0.52927,0.147833,5.85664e-06,0.012762,0.070178,0,0,2
2001-06-15,0.463578,0.381252,0.082326,8.62099e-06,6.60645e-06,2.01454e-06,0.582594,0.500839,0.119587,4.69958e-06,0.00463793,0.0679887,0,0,2
2001-06-19,0.472841,0.394123,0.078718,8.94077e-06,6.9611e-06,1.97966e-06,0.582594,0.51934,0.125217,4.86619e-06,-0.00143957,0.0678556,0,0,2
2001-06-20,0.470892,0.389935,0.0809576,8.92606e-06,6.86984e-06,2.05623e-06,0.582594,0.484397,0.094462,3.18944e-06,-0.00917998,0.0645575,0,0,2
2001-06-21,0.482938,0.387577,0.0953608,9.35182e-06,6.81785e-06,2.53398e-06,0.582594,0.490574,0.102997,3.42101e-06,-0.0063638,0.0652905,0,0,2
2001-06-22,0.480524,0.388936,0.0915879,9.30309e-06,6.86222e-06,2.44087e-06,0.582594,0.498495,0.109559,3.67651e-06,-0.00883528,0.0643179,0,0,2
2001-06-26,0.466266,0.380545,0.0857207,8.78432e-06,6.61417e-06,2.17015e-06,0.582594,0.495923,0.115378,3.7927e-06,-0.00299911,0.0640596,0,0,2
2001-06-27,0.467029,0.402907,0.0641224,8.80913e-06,6.91464e-06,1.89449e-06,0.582594,0.479947,0.0770405,3.08856e-06,-0.00418053,0.0637262,0,0,2
2001-06-28,0.463402,0.398459,0.0649426,8.75036e-06,6.79936e-06,1.95101e-06,0.582594,0.514127,0.115668,5.36747e-06,-0.00898271,0.0652644,0,0,2
2001-06-29,0.727336,0.39743,0.329906,1.10152e-05,6.76912e-06,4.24605e-06,0.307391,0.755262,0.357832,9.42615e-06,-0.00216018,0.0653177,0,0,3
2001-07-03,0.720546,0.394421,0.326125,1.11107e-05,6.70212e-06,4.40862e-06,0.307391,0.729995,0.335574,8.9618e-06,-0.00338574,0.0675137,0,0,3
2001-07-06,0.72077,0.397962,0.322807,1.11628e-05,6.78277e-06,4.38007e-06,0.307391,0.736224,0.338261,9.33294e-06,0.000507312,0.0696778,0,0,3
2001-07-10,0.721299,0.392588,0.328711,1.11597e-05,6.6319e-06,4.52781e-06,0.307391,0.721526,0.328938,8.33091e-06,0.00646902,0.0670235,0,0,3
2001-07-11,0.72764,0.410479,0.317162,1.15433e-05,7.06293e-06,4.48037e-06,0.307391,0.716206,0.305727,7.57136e-06,0.00370368,0.0662728,0,0,3
2001-07-12,0.725618,0.41444,0.311178,1.14264e-05,7.17411e-06,4.2523e-06,0.307391,0.698879,0.284439,6.28592e-06,0.00797787,0.0640159,0,0,3
2001-07-13,0.73044,0.427332,0.303107,1.16986e-05,7.51214e-06,4.18647e-06,0.307391,0.71106,0.283728,6.08338e-06,0.00452321,0.0638342,0,0,3
2001-07-17,0.727526,0.427182,0.300344,1.16164e-05,7.56992e-06,4.0465e-06,0.307391,0.687744,0.260562,4.6578e-06,0.017142,0.0608873,0,0,3
2001-07-18,0.73352,0.43758,0.29594,1.19777e-05,7.90043e-06,4.07729e-06,0.307391,0.696889,0.25931,5.12157e-06,0.0137948,0.0665993,0,0,3
2001-07-19,0.735356,0.438337,0.29702,1.19931e-05,7.91184e-06,4.08127e-06,0.307391,0.680419,0.242082,4.21264e-06,0.0079891,0.066321,0,0,3
2001-07-20,0.737314,0.447719,0.289594,1.21221e-05,8.15056e-06,3.97155e-06,0.307391,0.690865,0.243146,3.93194e-06,0.00519716,0.0660311,0,0,3
2001-07-24,0.735861,0.446397,0.289464,1.21333e-05,8.16005e-06,3.97324e-06,0.307391,0.684185,0.237788,3.86384e-06,0.00575881,0.0661859,0,0,3
2001-07-26,0.732373,0.44695,0.285423,1.1941e-05,8.14845e-06,3.79252e-06,0.307391,0.692424,0.245474,3.91446e-06,0.00664013,0.0660599,0,0,3
2001-07-27,0.729641,0.444039,0.285602,1.19357e-05,8.07778e-06,3.85789e-06,0.307391,0.695088,0.251049,4.11219e-06,0.00617279,0.0665134,0,0,3
2001-07-31,0.443924,0.443946,-2.28903e-05,6.16786e-06,8.07831e-06,-1.91045e-06,0.0149504,0.424379,-0.0195671,-1.61956e-07,0.0134013,0.0678175,0,0,2
2001-08-01,0.447973,0.449446,-0.00147361,6.19175e-06,8.16673e-06,-1.97498e-06,0.0149504,0.362816,-0.0866307,-1.09441e-06,0.00805474,0.0675911,0,0,2
2001-08-02,0.449312,0.452591,-0.00327878,6.21837e-06,8.19452e-06,-1.97615e-06,0.0149504,0.356649,-0.0959414,-1.19424e-06,0.0138582,0.0678078,0,0,2
2001-08-03,0.449067,0.447728,0.00133877,6.19401e-06,7.9611e-06,-1.76708e-06,0.0149504,0.353412,-0.0943162,-1.05515e-06,0.00760636,0.0675225,0,0,2
2001-08-07,0.4541,0.450301,0.00379843,6.25348e-06,7.98785e-06,-1.73437e-06,0.0149504,0.338412,-0.111889,-1.34518e-06,0.00541174,0.0684581,0,0,2
2001-08-08,0.456584,0.451905,0.00467936,6.28401e-06,8.01855e-06,-1.73455e-06,0.0149504,0.328453,-0.123452,-1.55456e-06,-0.00104252,0.068384,0,0,2
2001-08-09,0.452935,0.462466,-0.00953033,6.20329e-06,8.15726e-06,-1.95397e-06,0.0149504,0.328258,-0.134208,-1.69406e-06,0.00399398,0.0682058,0,0,2
2001-08-10,0.456289,0.467945,-0.0116558,6.27047e-06,8.24128e-06,-1.97081e-06,0.0149504,0.27617,-0.191775,-3.10916e-06,-0.00368247,0.0657185,0,0,2
2001-08-14,0.467072,0.476977,-0.00990505,6.54823e-06,8.51239e-06,-1.96417e-06,0.0149504,0.261355,-0.215622,-3.76942e-06,0.00444864,0.0648541,0,0,2
2001-08-15,0.472538,0.481366,-0.00882825,6.69004e-06,8.65176e-06,-1.96173e-06,0.0149504,0.244391,-0.236975,-4.18213e-06,-0.00192155,0.0655713,0,0,2
2001-08-16,0.471456,0.479707,-0.00825057,6.68498e-06,8.61478e-06,-1.92979e-06,0.0149504,0.246643,-0.233064,-4.11601e-06,0.00362358,0.0652085,0,0,2
2001-08-17,0.472358,0.488026,-0.0156675,6.72341e-06,8.74423e-06,-2.02082e-06,0.0149504,0.217141,-0.270884,-4.91879e-06,0.0190149,0.0634751,0,0,2
2001-08-21,0.480626,0.506396,-0.0257695,6.97973e-06,9.13647e-06,-2.15674e-06,0.0149504,0.220968,-0.285428,-5.21477e-06,0.0177134,0.062789,0,0,2
2001-08-22,0.484302,0.507894,-0.0235921,7.07099e-06,9.19434e-06,-2.12335e-06,0.0149504,0.218643,-0.289251,-5.31899e-06,0.0154521,0.0629653,0,0,2
2001-08-28,0.485158,0.508136,-0.0229785,7.06668e-06,9.19596e-06,-2.12928e-06,0.0149504,0.203292,-0.304844,-5.59522e-06,0.0157697,0.0638594,0,0,2
2001-08-29,0.482822,0.509554,-0.0267325,6.98592e-06,9.21103e-06,-2.22511e-06,0.0149504,0.209653,-0.299902,-5.52487e-06,0.0183551,0.0638964,0,0,2
2001-08-30,0.479764,0.507168,-0.0274034,6.93444e-06,9.16595e-06,-2.23151e-06,0.0149504,0.155716,-0.351452,-6.27123e-06,0.014241,0.0642097,0,0,2
2001-08-31,0.22772,0.504997,-0.277278,3.36599e-06,9.09337e-06,-5.72737e-06,-0.312275,0.279554,-0.225444,-3.15091e-06,0.011864,0.0642009,0,0,1
2001-09-05,0.22808,0.507759,-0.279679,3.37126e-06,9.12731e-06,-5.75605e-06,-0.312275,0.290387,-0.217372,-2.90624e-06,0.00823729,0.0653265,0,0,1
2001-09-06,0.219527,0.505366,-0.285839,3.2104e-06,9.0648e-06,-5.8544e-06,-0.312275,0.30955,-0.195816,-2.2671e-06,0.00257587,0.0652996,0,0,1
2001-09-07,0.222847,0.504471,-0.281623,3.26426e-06,9.03261e-06,-5.76835e-06,-0.312275,0.301572,-0.202899,-2.37372e-06,-0.00115355,0.0652714,0,0,1
2001-09-18,0.216775,0.504654,-0.287878,3.15405e-06,9.01221e-06,-5.85816e-06,-0.312275,0.293697,-0.210957,-2.61358e-06,-0.00313854,0.0646114,0,0,1
2001-09-19,0.222581,0.506529,-0.283948,3.24491e-06,9.08039e-06,-5.83548e-06,-0.312275,0.282841,-0.223688,-2.87702e-06,0.00126941,0.0644861,0,0,1
2001-09-20,0.223899,0.506681,-0.282782,3.26651e-06,9.08627e-06,-5.81976e-06,-0.312275,0.264326,-0.242355,-3.33334e-06,0.00216406,0.0635323,0,0,1
2001-09-21,0.223558,0.501029,-0.277471,3.26033e-06,8.83005e-06,-5.56972e-06,-0.312275,0.267512,-0.233517,-3.02141e-06,0.00537645,0.0633526,0,0,1
2001-09-25,0.223409,0.499933,-0.276523,3.26525e-06,8.7976e-06,-5.53235e-06,-0.312275,0.283471,-0.216462,-2.71919e-06,0.00327615,0.0633389,0,0,1
2001-09-26,0.215507,0.492371,-0.276864,3.15882e-06,8.66302e-06,-5.5042e-06,-0.312275,0.279816,-0.212555,-2.73913e-06,0.00604569,0.0629576,0,0,1
2001-09-27,0.216283,0.492243,-0.27596,3.17742e-06,8.70284e-06,-5.52542e-06,-0.312275,0.27971,-0.212533,-2.77347e-06,-0.0030459,0.0631371,0,0,1
2001-09-28,0.451478,0.493097,-0.0416192,9.27636e-06,8.71837e-06,5.57983e-07,0.425839,0.390216,-0.102881,-4.91652e-07,-0.00724967,0.0632217,0,0,2
2001-10-09,0.449622,0.489251,-0.0396286,9.26635e-06,8.48914e-06,7.77217e-07,0.425839,0.390252,-0.0989982,-3.18998e-07,-0.00042057,0.0629998,0,0,2
2001-10-10,0.448413,0.487826,-0.0394136,9.25723e-06,8.47979e-06,7.77437e-07,0.425839,0.403812,-0.0840144,4.16153e-08,-0.00539255,0.0633723,0,0,2
2001-10-11,0.448649,0.486344,-0.0376948,9.30624e-06,8.44788e-06,8.58352e-07,0.425839,0.382297,-0.104047,-2.02405e-07,-0.00819664,0.0633074,0,0,2
2001-10-12,0.448979,0.493229,-0.0442499,9.26206e-06,8.53063e-06,7.31422e-07,0.425839,0.353479,-0.13975,-1.25011e-06,-0.0164168,0.0613834,0,0,2
2001-10-16,0.452636,0.497111,-0.0444747,9.41885e-06,8.65815e-06,7.60701e-07,0.425839,0.337518,-0.159593,-1.83792e-06,-0.0130229,0.0604407,0,0,2
2001-10-17,0.45717,0.507068,-0.0498984,9.58895e-06,8.86163e-06,7.27314e-07,0.425839,0.355542,-0.151526,-1.49077e-06,-0.00791832,0.0614945,0,0,2
2001-10-18,0.456954,0.506319,-0.049365,9.58174e-06,8.8526e-06,7.29137e-07,0.425839,0.360518,-0.145801,-1.42987e-06,-0.0117865,0.0618616,0,0,2
2001-10-19,0.456071,0.505101,-0.0490302,9.58701e-06,8.82852e-06,7.58495e-07,0.425839,0.36574,-0.139362,-1.26993e-06,-0.026901,0.0617016,1,0,2
2001-10-23,0.455464,0.506117,-0.0506525,9.57325e-06,8.84359e-06,7.29658e-07,0.425839,0.365393,-0.140723,-1.30121e-06,-0.0176289,0.0616447,0,0,2
2001-10-24,0.455859,0.507059,-0.0511996,9.56937e-06,8.86522e-06,7.04144e-07,0.425839,0.369163,-0.137896,-1.23437e-06,-0.0143015,0.0618293,0,0,2
2001-10-25,0.455894,0.505436,-0.0495417,9.57796e-06,8.79902e-06,7.78942e-07,0.425839,0.363837,-0.141599,-1.30893e-06,-0.00875299,0.0616314,0,0,2
2001-10-26,0.459924,0.50864,-0.0487162,9.67445e-06,8.86975e-06,8.04698e-07,0.425839,0.365859,-0.142781,-1.30443e-06,-0.00845752,0.0618261,0,0,2
2001-10-30,0.46048,0.50884,-0.0483604,9.69674e-06,8.88743e-06,8.09303e-07,0.425839,0.36409,-0.14475,-1.37592e-06,-0.00976656,0.0616819,0,0,2
2001-10-31,0.493084,0.510031,-0.016947,1.08304e-05,8.92541e-06,1.90495e-06,0.417333,0.677287,0.167257,4.67838e-06,-0.00501374,0.0613914,0,0,2
2001-11-01,0.488514,0.510466,-0.0219512,1.071e-05,8.94078e-06,1.76921e-06,0.417333,0.690159,0.179693,4.76153e-06,-0.00786862,0.0614629,0,0,2
2001-11-02,0.487601,0.507065,-0.0194638,1.07041e-05,8.90287e-06,1.80126e-06,0.417333,0.674226,0.167162,4.02074e-06,-0.0111151,0.0599285,0,0,2
2001-11-06,0.490718,0.5109,-0.0201821,1.08204e-05,9.02317e-06,1.79723e-06,0.417333,0.703757,0.192857,4.23319e-06,-0.0120751,0.0599906,0,0,2
2001-11-07,0.486172,0.505092,-0.0189207,1.07464e-05,8.95425e-06,1.79218e-06,0.417333,0.718552,0.21346,4.8835e-06,-0.0164614,0.0601664,0,0,2
2001-11-08,0.485914,0.503324,-0.0174103,1.07437e-05,8.92803e-06,1.81567e-06,0.417333,0.715789,0.212464,4.98596e-06,-0.0133415,0.060548,0,0,2
2001-11-09,0.489004,0.497933,-0.00892941,1.07463e-05,8.74945e-06,1.99686e-06,0.417333,0.706916,0.208983,4.75344e-06,-0.00420606,0.0599675,0,0,2
2001-11-14,0.49286,0.505224,-0.0123645,1.09483e-05,8.9907e-06,1.95764e-06,0.417333,0.706854,0.20163,4.51822e-06,-0.00108845,0.060012,0,0,2
2001-11-15,0.490771,0.510892,-0.0201212,1.08548e-05,9.08581e-06,1.76901e-06,0.417333,0.679628,0.168736,2.78076e-06,-0.0097012,0.0566594,0,0,2
2001-11-16,0.499432,0.519742,-0.0203107,1.11778e-05,9.40447e-06,1.77332e-06,0.417333,0.701303,0.181561,3.73281e-06,0.004503,0.0585084,0,0,2
2001-11-20,0.499446,0.529646,-0.0301998,1.11622e-05,9.67646e-06,1.48573e-06,0.417333,0.705851,0.176205,4.25189e-06,0.00655399,0.059074,0,0,2
2001-11-21,0.493948,0.529952,-0.0360042,1.09224e-05,9.65453e-06,1.26788e-06,0.417333,0.707347,0.177396,4.29615e-06,0.00488788,0.0590902,0,0,2
2001-11-27,0.494315,0.530603,-0.0362881,1.08886e-05,9.66162e-06,1.22694e-06,0.417333,0.691548,0.160945,4.0395e-06,0.00694842,0.0590743,0,0,2
2001-11-28,0.495869,0.533862,-0.037993,1.08796e-05,9.72123e-06,1.15841e-06,0.417333,0.697024,0.163162,4.30753e-06,-0.000413095,0.0606729,0,0,2
2001-11-29,0.500891,0.535496,-0.034605,1.09908e-05,9.79212e-06,1.19872e-06,0.417333,0.685183,0.149687,4.88768e-06,-0.00634079,0.0607632,0,0,2
2001-11-30,0.610528,0.540027,0.0705007,1.22845e-05,9.84689e-06,2.43758e-06,0.259567,0.494615,-0.0454116,-4.81688e-07,0.00852373,0.0547874,0,0,2
2001-12-04,0.624447,0.558605,0.0658425,1.29895e-05,1.05612e-05,2.42831e-06,0.259567,0.493988,-0.064617,-1.22031e-06,-0.00204455,0.0533521,0,0,2
2001-12-05,0.625326,0.573921,0.0514048,1.2859e-05,1.07719e-05,2.08712e-06,0.259567,0.512913,-0.0610075,-8.85656e-07,-0.003174,0.0535228,0,0,2
2001-12-06,0.622928,0.573677,0.0492507,1.27382e-05,1.06859e-05,2.05227e-06,0.259567,0.511808,-0.0618696,-8.44693e-07,-0.011714,0.0534822,0,0,2
2001-12-07,0.626047,0.584941,0.0411064,1.27858e-05,1.08212e-05,1.96457e-06,0.259567,0.513128,-0.071813,-9.5621e-07,-0.014015,0.0534126,0,0,2
2001-12-11,0.625632,0.5821,0.0435325,1.27946e-05,1.07258e-05,2.06873e-06,0.259567,0.48178,-0.10032,-1.29458e-06,-0.00945024,0.0535597,0,0,2
2001-12-12,0.62634,0.582911,0.0434288,1.28476e-05,1.07701e-05,2.0775e-06,0.259567,0.451394,-0.131517,-2.24419e-06,-0.0158181,0.0514439,0,0,2
2001-12-18,0.628993,0.586874,0.0421194,1.29828e-05,1.09484e-05,2.03441e-06,0.259567,0.472125,-0.114749,-1.99697e-06,-0.0151137,0.0516154,0,0,2
2001-12-19,0.620965,0.577228,0.0437368,1.28842e-05,1.08383e-05,2.04591e-06,0.259567,0.463902,-0.113326,-2.08281e-06,-0.0191725,0.0515517,0,0,2
2001-12-20,0.620371,0.577671,0.0426998,1.28773e-05,1.08607e-05,2.01661e-06,0.259567,0.456978,-0.120693,-1.79066e-06,-0.019799,0.0533177,0,0,2
2001-12-21,0.622792,0.577119,0.0456726,1.28837e-05,1.08369e-05,2.04682e-06,0.259567,0.43164,-0.14548,-2.4555e-06,-0.0138103,0.0519875,0,0,2
2001-12-28,0.648988,0.580845,0.068143,8.80318e-06,1.09567e-05,-2.15348e-06,0.434787,0.674153,0.0933077,-1.00337e-06,-0.0148482,0.0523765,0,0,2
2002-01-03,0.647467,0.579636,0.0678302,8.71827e-06,1.08362e-05,-2.11793e-06,0.434787,0.664499,0.084863,-9.64994e-07,-0.0138354,0.0522043,0,0,2
2002-01-04,0.64629,0.58048,0.0658098,8.66926e-06,1.08498e-05,-2.18056e-06,0.434787,0.678491,0.0980107,-7.98321e-07,-0.0168119,0.0522339,0,0,2
2002-01-08,0.642284,0.579042,0.063242,8.60397e-06,1.08298e-05,-2.22583e-06,0.434787,0.68536,0.106318,-4.86821e-07,-0.0195327,0.0522984,0,0,2
2002-01-09,0.640406,0.579523,0.0608833,8.57285e-06,1.08329e-05,-2.26002e-06,0.434787,0.681405,0.101882,-6.54454e-07,-0.020573,0.0509328,0,0,2
2002-01-10,0.642822,0.582474,0.0603478,8.65912e-06,1.09424e-05,-2.28328e-06,0.434787,0.686157,0.103683,-7.30846e-07,-0.020336,0.051018,0,0,2
2002-01-17,0.641286,0.58127,0.0600166,8.63132e-06,1.09009e-05,-2.26962e-06,0.434787,0.702708,0.121439,9.6418e-08,-0.0208348,0.0528199,0,0,2
2002-01-18,0.639537,0.579119,0.0604184,8.63677e-06,1.08758e-05,-2.23905e-06,0.434787,0.704236,0.125118,1.51312e-07,-0.0206699,0.0530882,0,0,2
2002-01-23,0.637076,0.578609,0.058467,8.57155e-06,1.08711e-05,-2.29951e-06,0.434787,0.704994,0.126384,6.28313e-08,-0.0240837,0.053635,0,0,2
2002-01-24,0.637313,0.579229,0.0580845,8.60423e-06,1.08843e-05,-2.28009e-06,0.434787,0.685734,0.106505,-7.01114e-07,-0.0238507,0.0523166,0,0,2
2002-01-25,0.641526,0.582665,0.0588609,8.7627e-06,1.10403e-05,-2.27762e-06,0.434787,0.687317,0.104652,-8.17259e-07,-0.0266838,0.0522655,1,0,2
2002-01-29,0.637526,0.579052,0.0584738,8.666e-06,1.09201e-05,-2.2541e-06,0.434787,0.682242,0.10319,-9.70795e-07,-0.0226589,0.0522694,0,0,2
2002-01-30,0.638028,0.576014,0.0620141,8.70121e-06,1.06816e-05,-1.98034e-06,0.434787,0.670987,0.0949728,-8.04445e-07,-0.0265078,0.0530431,1,0,2
2002-01-31,0.042631,0.576402,-0.533771,6.98367e-07,1.06546e-05,-9.95621e-06,-0.143967,0.0680905,-0.508312,-9.60719e-06,-0.0215291,0.0521066,0,0,0
2002-02-01,0.069986,0.57858,-0.508594,1.13371e-06,1.07536e-05,-9.61991e-06,-0.143967,0.0730763,-0.505504,-9.6322e-06,-0.0153119,0.0524645,0,0,0
2002-02-05,0.0704663,0.572405,-0.501939,1.14879e-06,1.07241e-05,-9.57533e-06,-0.143967,0.114961,-0.457443,-9.02904e-06,-0.0171035,0.0531316,0,0,0
2002-02-06,0.0679207,0.553631,-0.48571,1.11018e-06,1.03814e-05,-9.27118e-06,-0.143967,0.11806,-0.435571,-8.63549e-06,-0.0179936,0.0531009,0,0,0
2002-02-07,0.0602474,0.553267,-0.493019,9.74251e-07,1.0355e-05,-9.38073e-06,-0.143967,0.0710452,-0.482221,-9.25606e-06,-0.0215914,0.053544,0,0,0
2002-02-08,0.0630049,0.54851,-0.485505,1.0144e-06,1.01766e-05,-9.16222e-06,-0.143967,0.0568407,-0.491669,-9.27806e-06,-0.0206146,0.0551531,0,0,0
2002-02-12,0.056946,0.541239,-0.484293,9.20805e-07,1.00937e-05,-9.1729e-06,-0.143967,0.0603783,-0.48086,-9.13397e-06,-0.0183428,0.0550968,0,0,0
2002-02-13,0.0589818,0.541346,-0.482364,9.52198e-07,1.01013e-05,-9.14911e-06,-0.143967,0.0591048,-0.482241,-9.16093e-06,-0.0163371,0.0551163,0,0,0
2002-02-14,0.0580028,0.542212,-0.484209,9.35193e-07,1.00838e-05,-9.14859e-06,-0.143967,0.0644398,-0.477772,-9.05339e-06,-0.0213286,0.0555792,0,0,0
2002-02-15,0.0580841,0.540817,-0.482733,9.35854e-07,1.00283e-05,-9.09243e-06,-0.143967,0.0717169,-0.4691,-8.88687e-06,-0.0299564,0.0562651,1,0,0
2002-02-20,0.0605293,0.538835,-0.478305,9.74527e-07,9.9953e-06,-9.02078e-06,-0.143967,0.0473189,-0.491516,-9.22333e-06,-0.0255202,0.0560354,1,0,0
2002-02-21,0.0634795,0.54016,-0.47668,1.02399e-06,1.00264e-05,-9.00241e-06,-0.143967,0.0409431,-0.499217,-9.35815e-06,-0.0269571,0.0559499,1,0,0
2002-02-22,0.0682153,0.537817,-0.469602,1.09914e-06,9.92443e-06,-8.82529e-06,-0.143967,0.0156393,-0.522178,-9.67208e-06,-0.0212707,0.0559883,0,0,0
2002-02-26,0.071214,0.539808,-0.468594,1.1517e-06,9.98382e-06,-8.83212e-06,-0.143967,0.0156602,-0.524148,-9.72487e-06,-0.0191255,0.0566729,0,0,0
2002-02-27,0.0744195,0.539973,-0.465554,1.19808e-06,9.97827e-06,-8.78019e-06,-0.143967,0.00380884,-0.536165,-9.91504e-06,-0.0176112,0.0564728,0,0,0
2002-02-28,0.607909,0.538006,0.0699025,1.3687e-05,9.96168e-06,3.72535e-06,0.516803,0.584499,0.0464929,1.53191e-06,-0.0160896,0.0576852,0,0,2
2002-03-01,0.607035,0.531904,0.0751303,1.36521e-05,9.86694e-06,3.7852e-06,0.516803,0.577065,0.0451605,1.39454e-06,-0.00181286,0.0564436,0,0,2
2002-03-05,0.609441,0.535612,0.0738286,1.37851e-05,1.0023e-05,3.76209e-06,0.516803,0.569423,0.0338113,7.51024e-07,0.00540697,0.0551978,0,0,2
2002-03-06,0.612012,0.539324,0.0726873,1.39443e-05,1.01703e-05,3.77407e-06,0.516803,0.569072,0.0297474,6.13199e-07,0.00568795,0.0552358,0,0,2
2002-03-07,0.611752,0.539027,0.0727251,1.39482e-05,1.01734e-05,3.77473e-06,0.516803,0.589952,0.0509248,1.23938e-06,0.00149283,0.0567544,0,0,2
2002-03-08,0.607174,0.539488,0.0676859,1.3742e-05,1.01686e-05,3.57338e-06,0.516803,0.595026,0.0555384,1.64888e-06,0.00736508,0.0564584,0,0,2
2002-03-12,0.611577,0.54359,0.0679864,1.38444e-05,1.02512e-05,3.59318e-06,0.516803,0.593499,0.0499092,1.53813e-06,0.0107163,0.0568991,0,0,2
2002-03-13,0.612053,0.544092,0.0679609,1.38377e-05,1.02621e-05,3.57557e-06,0.516803,0.583576,0.0394845,1.3354e-06,0.00843472,0.0570024,0,0,2
2002-03-14,0.610537,0.542772,0.0677655,1.37438e-05,1.02166e-05,3.52723e-06,0.516803,0.585791,0.0430196,1.39596e-06,0.0139054,0.0569334,0,0,2
2002-03-15,0.609038,0.540667,0.0683712,1.37241e-05,1.0133e-05,3.59108e-06,0.516803,0.624229,0.0835622,3.39863e-06,0.0136032,0.0569537,0,0,2
2002-03-19,0.607574,0.539913,0.0676614,1.36906e-05,1.01204e-05,3.5702e-06,0.516803,0.629376,0.0894632,3.74061e-06,0.0148351,0.0565355,0,0,2
2002-03-20,0.608408,0.541165,0.0672427,1.3746e-05,1.01767e-05,3.56929e-06,0.516803,0.647533,0.106368,4.52186e-06,0.011711,0.0565293,0,0,2
2002-03-21,0.607327,0.538921,0.0684063,1.37316e-05,1.01246e-05,3.60701e-06,0.516803,0.652281,0.11336,5.19396e-06,0.0172374,0.0565126,0,0,2
2002-03-22,0.608563,0.537064,0.0714993,1.37437e-05,1.00568e-05,3.68689e-06,0.516803,0.651361,0.114297,5.31901e-06,0.014688,0.0564542,0,0,2
2002-03-26,0.609929,0.544512,0.0654172,1.37681e-05,1.01536e-05,3.61458e-06,0.516803,0.658336,0.113824,5.34071e-06,0.0147619,0.055806,0,0,2
2002-03-27,0.608818,0.544666,0.0641518,1.37266e-05,1.01694e-05,3.55718e-06,0.516803,0.659951,0.115285,5.04244e-06,0.0207638,0.0545442,0,0,2
2002-03-28,0.341834,0.542948,-0.201114,6.64875e-06,1.02057e-05,-3.55694e-06,-0.131345,0.43737,-0.105579,-2.12373e-06,0.0175956,0.0545385,0,0,1
2002-04-02,0.33994,0.542482,-0.202542,6.56159e-06,1.01884e-05,-3.62677e-06,-0.131345,0.416406,-0.126076,-2.46884e-06,0.0187397,0.054197,0,0,1
2002-04-04,0.341296,0.547661,-0.206365,6.59603e-06,1.02831e-05,-3.68703e-06,-0.131345,0.354967,-0.192694,-4.30802e-06,0.00809602,0.050507,0,0,1
2002-04-05,0.351995,0.554189,-0.202193,6.90291e-06,1.05637e-05,-3.66078e-06,-0.131345,0.3632,-0.190988,-4.45529e-06,0.00173051,0.050032,0,0,1
2002-04-09,0.346186,0.559741,-0.213555,6.76451e-06,1.06624e-05,-3.89787e-06,-0.131345,0.378554,-0.181187,-3.95774e-06,0.00947231,0.0499952,0,0,1
2002-04-10,0.343428,0.557618,-0.21419,6.72582e-06,1.06298e-05,-3.90397e-06,-0.131345,0.410936,-0.146682,-3.5657e-06,0.0103914,0.0500635,0,0,1
2002-04-11,0.338241,0.549116,-0.210876,6.62849e-06,1.05237e-05,-3.89519e-06,-0.131345,0.370681,-0.178435,-4.56504e-06,0.0063772,0.0473692,0,0,1
2002-04-12,0.345178,0.553812,-0.208634,6.8429e-06,1.07382e-05,-3.89534e-06,-0.131345,0.421628,-0.132183,-3.3461e-06,0.00545158,0.0474264,0,0,1
2002-04-16,0.346837,0.551938,-0.205101,6.86727e-06,1.06572e-05,-3.78989e-06,-0.131345,0.420351,-0.131587,-3.2465e-06,0.00522206,0.047409,0,0,1
2002-04-17,0.340571,0.55542,-0.214849,6.68897e-06,1.06943e-05,-4.00537e-06,-0.131345,0.421443,-0.133977,-3.30735e-06,0.0123676,0.0467909,0,0,1
2002-04-18,0.342925,0.553649,-0.210723,6.7595e-06,1.06551e-05,-3.89559e-06,-0.131345,0.420619,-0.13303,-3.31105e-06,0.0049666,0.0466222,0,0,1
2002-04-23,0.34547,0.554165,-0.208695,6.79028e-06,1.06793e-05,-3.88899e-06,-0.131345,0.418996,-0.13517,-3.34485e-06,-0.000737228,0.0466402,0,0,1
2002-04-24,0.341685,0.554588,-0.212902,6.67472e-06,1.0696e-05,-4.02131e-06,-0.131345,0.428987,-0.1256,-3.14924e-06,-0.00574239,0.0467077,0,0,1
2002-04-25,0.340479,0.553291,-0.212812,6.65449e-06,1.06616e-05,-4.00706e-06,-0.131345,0.406314,-0.146978,-3.4883e-06,-0.00577066,0.0459477,0,0,1
2002-04-26,0.34097,0.557298,-0.216328,6.65104e-06,1.07483e-05,-4.0973e-06,-0.131345,0.407785,-0.149513,-3.4999e-06,-0.00519068,0.0459519,0,0,1
2002-04-30,0.397689,0.555539,-0.15785,8.86458e-06,1.06718e-05,-1.80727e-06,-0.0281093,0.506988,-0.0485513,1.33267e-06,-0.00631313,0.0458662,0,0,1
2002-05-01,0.39737,0.54721,-0.14984,8.90196e-06,1.04809e-05,-1.5789e-06,-0.0281093,0.506098,-0.0411112,1.42836e-06,0.00360714,0.0459074,0,0,1
2002-05-02,0.39744,0.546209,-0.148769,8.84922e-06,1.04513e-05,-1.60213e-06,-0.0281093,0.488378,-0.0578314,6.76395e-07,-0.00250597,0.0441238,0,0,1
2002-05-03,0.402022,0.551456,-0.149435,8.98065e-06,1.06246e-05,-1.64391e-06,-0.0281093,0.512303,-0.0391538,1.64126e-06,-0.002539,0.0443919,0,0,1
2002-05-07,0.403019,0.551397,-0.148378,8.99565e-06,1.06249e-05,-1.62921e-06,-0.0281093,0.501784,-0.0496135,1.70434e-06,-0.00220918,0.0438135,0,0,1
2002-05-08,0.400051,0.556208,-0.156157,8.88941e-06,1.07344e-05,-1.84502e-06,-0.0281093,0.509351,-0.0468567,1.7147e-06,0.00273255,0.043922,0,0,1
2002-05-09,0.394648,0.55298,-0.158332,8.73564e-06,1.06711e-05,-1.93547e-06,-0.0281093,0.513119,-0.0398612,1.82892e-06,0.00338259,0.0439777,0,0,1
2002-05-10,0.391804,0.55381,-0.162007,8.64141e-06,1.06875e-05,-2.04612e-06,-0.0281093,0.538341,-0.015469,3.0854e-06,0.0045159,0.0438503,0,0,1
2002-05-14,0.391737,0.553829,-0.162092,8.63468e-06,1.06975e-05,-2.06283e-06,-0.0281093,0.545275,-0.00855403,3.41382e-06,0.000275914,0.0442955,0,0,1
2002-05-15,0.390244,0.552605,-0.162361,8.60342e-06,1.06628e-05,-2.05934e-06,-0.0281093,0.56462,0.0120151,3.97893e-06,-0.00183633,0.0439275,0,0,1
2002-05-16,0.387132,0.550898,-0.163766,8.54492e-06,1.0664e-05,-2.11912e-06,-0.0281093,0.543078,-0.00781991,3.08401e-06,-0.00802939,0.0419411,0,0,1
2002-05-17,0.391003,0.553195,-0.162192,8.67982e-06,1.07574e-05,-2.07759e-06,-0.0281093,0.540845,-0.0123492,2.88908e-06,-0.00458398,0.0416953,0,0,1
2002-05-21,0.391047,0.553865,-0.162817,8.68067e-06,1.07533e-05,-2.07263e-06,-0.0281093,0.57904,0.0251749,4.15454e-06,-0.00785214,0.0408225,0,0,1
2002-05-22,0.388012,0.550758,-0.162745,8.65428e-06,1.07616e-05,-2.10731e-06,-0.0281093,0.578953,0.0281953,4.16069e-06,-0.00900674,0.0408796,0,0,1
2002-05-23,0.390879,0.550036,-0.159157,8.69288e-06,1.07274e-05,-2.03448e-06,-0.0281093,0.581416,0.0313807,4.23184e-06,-0.00938241,0.0408074,0,0,1
2002-05-24,0.386093,0.543741,-0.157648,8.60385e-06,1.06383e-05,-2.03444e-06,-0.0281093,0.58414,0.040399,4.52266e-06,-0.00608206,0.0402431,0,0,1
2002-05-29,0.38996,0.54292,-0.15296,8.62681e-06,1.0582e-05,-1.9552e-06,-0.0281093,0.587397,0.0444771,4.78884e-06,-0.00291168,0.039212,0,0,1
2002-05-30,0.39015,0.545102,-0.154952,8.61984e-06,1.06754e-05,-2.05552e-06,-0.0281093,0.602416,0.0573137,4.77617e-06,-0.00298834,0.0391197,0,0,1
2002-05-31,0.120099,0.541785,-0.421686,2.13688e-06,1.06675e-05,-8.53063e-06,-0.153642,0.338772,-0.203013,-3.24666e-06,0.00491645,0.0401133,0,0,0
2002-06-04,0.12931,0.543966,-0.414656,2.31427e-06,1.07632e-05,-8.44897e-06,-0.153642,0.32782,-0.216146,-3.5754e-06,0.00155924,0.0392115,0,0,0
2002-06-05,0.128459,0.544242,-0.415783,2.29662e-06,1.08108e-05,-8.51414e-06,-0.153642,0.37885,-0.165392,-2.77784e-06,0.00230312,0.0392047,0,0,0
2002-06-06,0.104871,0.526583,-0.421712,1.88133e-06,1.05588e-05,-8.67747e-06,-0.153642,0.399205,-0.127379,-2.15821e-06,0.00425047,0.0397113,0,0,0
2002-06-07,0.10707,0.52545,-0.41838,1.92879e-06,1.05688e-05,-8.64006e-06,-0.153642,0.383222,-0.142228,-2.66048e-06,-0.00226414,0.0373981,0,0,0
2002-06-18,0.117266,0.528662,-0.411396,2.12387e-06,1.07163e-05,-8.59246e-06,-0.153642,0.389732,-0.13893,-2.60726e-06,-0.00248909,0.0373895,0,0,0
2002-06-19,0.117868,0.516738,-0.39887,2.13365e-06,1.02294e-05,-8.09576e-06,-0.153642,0.408373,-0.108364,-1.51517e-06,-0.00244417,0.0377399,0,0,1
2002-06-20,0.130175,0.516292,-0.386117,2.32913e-06,1.02099e-05,-7.88073e-06,-0.153642,0.394601,-0.121691,-1.84762e-06,0.000544879,0.0385737,0,0,1
2002-06-21,0.133034,0.517291,-0.384256,2.39035e-06,1.02348e-05,-7.84449e-06,-0.153642,0.381114,-0.136176,-2.37398e-06,-0.0055423,0.0373813,0,0,1
2002-06-25,0.136984,0.519273,-0.382289,2.47445e-06,1.03123e-05,-7.83781e-06,-0.153642,0.390513,-0.12876,-2.17453e-06,-0.005863,0.0373761,0,0,1
2002-06-26,0.134482,0.517726,-0.383244,2.42978e-06,1.02935e-05,-7.86375e-06,-0.153642,0.398022,-0.119704,-1.83367e-06,-0.00645829,0.0379192,0,0,1
2002-06-27,0.133087,0.51875,-0.385663,2.40128e-06,1.03091e-05,-7.90779e-06,-0.153642,0.393431,-0.12532,-2.00828e-06,-0.00282181,0.0368433,0,0,1
2002-06-28,-0.142751,0.518836,-0.661587,-2.03384e-06,1.03791e-05,-1.2413e-05,0.0539517,0.0261149,-0.492721,-9.92002e-06,0.00251436,0.0356847,0,0,0
2002-07-02,-0.144864,0.519489,-0.664353,-2.06974e-06,1.04541e-05,-1.25238e-05,0.0539517,0.0154758,-0.504013,-1.01791e-05,0.00308566,0.0356698,0,0,0
2002-07-03,-0.14514,0.520096,-0.665236,-2.06615e-06,1.04609e-05,-1.25271e-05,0.0539517,0.00190767,-0.518188,-1.04276e-05,-0.000714148,0.033705,0,0,0
2002-07-09,-0.136526,0.521588,-0.658115,-1.95774e-06,1.05464e-05,-1.25041e-05,0.0539517,0.0297247,-0.491864,-1.00411e-05,-0.00222431,0.0340776,0,0,0
2002-07-10,-0.142926,0.508896,-0.651822,-2.06545e-06,1.02918e-05,-1.23572e-05,0.0539517,0.0344446,-0.474452,-9.70868e-06,0.000297901,0.0343633,0,0,0
2002-07-11,-0.143491,0.507424,-0.650915,-2.07561e-06,1.02541e-05,-1.23297e-05,0.0539517,0.035565,-0.471859,-9.64227e-06,0.00110913,0.0349391,0,0,0
2002-07-12,-0.13689,0.504817,-0.641707,-1.97032e-06,1.01432e-05,-1.21135e-05,0.0539517,0.0281567,-0.47666,-9.69093e-06,-0.00516763,0.0326689,0,0,0
2002-07-16,-0.135719,0.50199,-0.637708,-1.98167e-06,1.0209e-05,-1.21907e-05,0.0539517,0.026954,-0.475036,-9.77401e-06,-0.0053508,0.0326076,0,0,0
2002-07-17,-0.133072,0.501155,-0.634227,-1.94219e-06,1.01991e-05,-1.21412e-05,0.0539517,0.0417043,-0.459451,-9.53482e-06,0.000523724,0.0325608,0,0,0
2002-07-18,-0.12995,0.497336,-0.627286,-1.89955e-06,1.01547e-05,-1.20542e-05,0.0539517,0.0398627,-0.457473,-9.52104e-06,-0.00359678,0.0321198,0,0,0
2002-07-19,-0.128459,0.50002,-0.62848,-1.87993e-06,1.02109e-05,-1.20908e-05,0.0539517,0.0531831,-0.446837,-9.37475e-06,-0.00431179,0.0322482,0,0,0
2002-07-23,-0.130242,0.496282,-0.626524,-1.90339e-06,1.01551e-05,-1.20585e-05,0.0539517,0.163603,-0.332679,-7.83684e-06,-0.00500687,0.0323936,0,0,0
2002-07-24,-0.153261,0.470404,-0.623665,-2.29804e-06,9.79013e-06,-1.20882e-05,0.0539517,0.151079,-0.319325,-7.62891e-06,-0.00147485,0.032319,0,0,0
2002-07-30,-0.152266,0.468738,-0.621004,-2.28419e-06,9.75661e-06,-1.20408e-05,0.0539517,0.153231,-0.315508,-7.56436e-06,-0.00502031,0.0324565,0,0,0
2002-07-31,-0.398947,0.467768,-0.866715,-9.0709e-06,9.72874e-06,-1.87996e-05,-0.150765,-0.440281,-0.908049,-1.59993e-05,-0.00365488,0.0324532,0,0,0
2002-08-01,-0.403957,0.466485,-0.870442,-9.19147e-06,9.67944e-06,-1.88709e-05,-0.150765,-0.434285,-0.900771,-1.58974e-05,-0.00555299,0.032604,0,0,0
2002-08-02,-0.399875,0.465914,-0.865789,-9.00748e-06,9.6609e-06,-1.86684e-05,-0.150765,-0.437263,-0.903177,-1.59493e-05,-0.00663973,0.0331093,0,0,0
2002-08-06,-0.400314,0.466924,-0.867238,-9.01465e-06,9.67031e-06,-1.8685e-05,-0.150765,-0.408514,-0.875438,-1.57212e-05,-0.00746782,0.0333744,0,0,0
2002-08-07,-0.399025,0.46745,-0.866475,-8.97359e-06,9.66254e-06,-1.86361e-05,-0.150765,-0.395737,-0.863187,-1.54163e-05,-0.00475454,0.0342648,0,0,0
2002-08-08,-0.402225,0.459568,-0.861792,-9.05947e-06,9.5532e-06,-1.86127e-05,-0.150765,-0.375498,-0.835066,-1.48883e-05,-0.00188227,0.0344238,0,0,0
2002-08-09,-0.40386,0.45424,-0.8581,-9.13845e-06,9.48539e-06,-1.86238e-05,-0.150765,-0.362367,-0.816607,-1.4575e-05,0.00241347,0.0362363,0,0,0
2002-08-13,-0.406622,0.450539,-0.857161,-9.21763e-06,9.38916e-06,-1.86068e-05,-0.150765,-0.355287,-0.805826,-1.4317e-05,0.00192894,0.0372085,0,0,0
2002-08-14,-0.410759,0.447027,-0.857786,-9.29448e-06,9.33861e-06,-1.86331e-05,-0.150765,-0.349387,-0.796414,-1.41242e-05,0.0010329,0.0371971,0,0,0
2002-08-15,-0.41008,0.443542,-0.853623,-9.2698e-06,9.25659e-06,-1.85264e-05,-0.150765,-0.35242,-0.795962,-1.40387e-05,-0.000504451,0.0374505,0,0,0
2002-08-16,-0.403765,0.442275,-0.84604,-9.04325e-06,9.22494e-06,-1.82682e-05,-0.150765,-0.34615,-0.788425,-1.39101e-05,0.000247122,0.0374504,0,0,0
2002-08-20,-0.395245,0.413504,-0.808749,-8.66548e-06,8.29344e-06,-1.69589e-05,-0.150765,-0.367007,-0.780512,-1.34229e-05,-0.000419051,0.0373104,0,0,0
2002-08-21,-0.386952,0.411681,-0.798633,-8.37654e-06,8.2252e-06,-1.66017e-05,-0.150765,-0.34522,-0.756901,-1.319e-05,0.000674344,0.0372962,0,0,0
2002-08-27,-0.389689,0.411599,-0.801288,-8.40887e-06,8.21563e-06,-1.66245e-05,-0.150765,-0.346114,-0.757713,-1.32029e-05,0.000853979,0.0377897,0,0,0
2002-08-28,-0.393802,0.405038,-0.798839,-8.44786e-06,8.09173e-06,-1.65396e-05,-0.150765,-0.345869,-0.750907,-1.30803e-05,0.0015225,0.0379974,0,0,0
2002-08-29,-0.391672,0.399368,-0.79104,-8.3568e-06,7.85746e-06,-1.62143e-05,-0.150765,-0.375845,-0.775213,-1.34273e-05,-0.00400468,0.0392564,0,0,0
2002-08-30,0.359151,0.398504,-0.0393536,6.7004e-06,7.79684e-06,-1.09644e-06,0.478896,0.048175,-0.350329,-6.97532e-06,-0.00947727,0.0400513,0,0,2
2002-09-04,0.356109,0.399996,-0.0438873,6.61301e-06,7.81039e-06,-1.19738e-06,0.478896,0.0753863,-0.32461,-6.5445e-06,-0.00972114,0.0400613,0,0,2
2002-09-05,0.352909,0.398745,-0.0458364,6.56034e-06,7.74881e-06,-1.18846e-06,0.478896,0.0783907,-0.320354,-6.41887e-06,-0.00999276,0.0406706,0,0,2
2002-09-06,0.350055,0.393392,-0.0433373,6.51632e-06,7.63768e-06,-1.12136e-06,0.478896,0.0812073,-0.312185,-6.24932e-06,-0.00728904,0.041327,0,0,2
2002-09-10,0.347004,0.386326,-0.0393215,6.4073e-06,7.44404e-06,-1.03673e-06,0.478896,0.0452882,-0.341038,-6.65649e-06,-0.00403864,0.0409658,0,0,2
2002-09-11,0.350858,0.386582,-0.0357241,6.48637e-06,7.41563e-06,-9.29258e-07,0.478896,0.0406876,-0.345894,-6.70189e-06,-0.00538589,0.0409007,0,0,2
2002-09-12,0.348783,0.38706,-0.0382777,6.44013e-06,7.42763e-06,-9.87495e-07,0.478896,0.048293,-0.338767,-6.58858e-06,-0.00555526,0.0405681,0,0,2
2002-09-13,0.345356,0.389712,-0.0443556,6.38349e-06,7.47808e-06,-1.0946e-06,0.478896,0.11215,-0.277562,-5.52476e-06,-0.00924248,0.0403921,0,0,2
2002-09-17,0.33318,0.377906,-0.0447263,6.21615e-06,7.31232e-06,-1.09617e-06,0.478896,0.0933728,-0.284534,-5.65566e-06,-0.00512689,0.0402493,0,0,2
2002-09-18,0.334224,0.375385,-0.0411609,6.19038e-06,7.23781e-06,-1.04744e-06,0.478896,0.0886632,-0.286722,-5.66416e-06,-0.00741721,0.0402239,0,0,2
2002-09-19,0.333997,0.374558,-0.0405605,6.18952e-06,7.22959e-06,-1.04006e-06,0.478896,0.114681,-0.259877,-5.21068e-06,-0.0122178,0.0407828,0,0,2
2002-09-20,0.331812,0.371664,-0.039852,6.14144e-06,7.17776e-06,-1.03632e-06,0.478896,0.104026,-0.267639,-5.36287e-06,-0.0159715,0.0404633,0,0,2
2002-09-26,0.331416,0.371132,-0.0397154,6.1293e-06,7.16145e-06,-1.03216e-06,0.478896,0.105569,-0.265562,-5.2129e-06,-0.0172061,0.040993,0,0,2
2002-09-27,-0.0808995,0.373341,-0.454241,-1.52818e-06,7.19214e-06,-8.72033e-06,0.292414,-0.0405843,-0.413926,-7.68122e-06,-0.0175598,0.0410341,0,0,0
2002-10-02,-0.0796086,0.371546,-0.451154,-1.50236e-06,7.15714e-06,-8.6595e-06,0.292414,-0.0437412,-0.415287,-7.68613e-06,-0.0192712,0.0419927,0,0,0
2002-10-03,-0.0810184,0.374419,-0.455437,-1.52834e-06,7.1925e-06,-8.72083e-06,0.292414,-0.0499192,-0.424338,-7.81443e-06,-0.0225172,0.0425564,0,0,0
2002-10-04,-0.0892859,0.364252,-0.453538,-1.68907e-06,7.01854e-06,-8.70762e-06,0.292414,-0.0382197,-0.402472,-7.50009e-06,-0.0262033,0.0427435,1,0,0
2002-10-08,-0.0890283,0.366513,-0.455541,-1.68178e-06,7.04982e-06,-8.7316e-06,0.292414,-0.0434033,-0.409916,-7.60659e-06,-0.0302107,0.0437473,1,0,0
2002-10-09,-0.0865851,0.367301,-0.453886,-1.62674e-06,7.05756e-06,-8.6843e-06,0.292414,-0.0485646,-0.415866,-7.68368e-06,-0.0277644,0.0442306,1,0,0
2002-10-10,-0.0860067,0.367785,-0.453792,-1.61448e-06,7.04786e-06,-8.66234e-06,0.292414,-0.0641557,-0.431941,-7.89662e-06,-0.0266992,0.0446447,1,0,0
2002-10-11,-0.0862725,0.365416,-0.451688,-1.61762e-06,6.96233e-06,-8.57995e-06,0.292414,-0.0885787,-0.453995,-8.13712e-06,-0.0207259,0.0449007,0,0,0
2002-10-15,-0.0874989,0.366467,-0.453966,-1.63935e-06,6.99552e-06,-8.63487e-06,0.292414,-0.133001,-0.499468,-8.65766e-06,-0.0161751,0.0427257,0,0,0
2002-10-16,-0.0813925,0.363543,-0.444935,-1.54602e-06,7.00543e-06,-8.55145e-06,0.292414,-0.126903,-0.490446,-8.58735e-06,-0.014532,0.0427231,0,0,0
2002-10-17,-0.0859528,0.363224,-0.449176,-1.62848e-06,6.9861e-06,-8.61458e-06,0.292414,-0.120928,-0.484152,-8.48104e-06,-0.0128909,0.0428517,0,0,0
2002-10-18,-0.0873596,0.358416,-0.445776,-1.65699e-06,6.87156e-06,-8.52855e-06,0.292414,-0.0869869,-0.445403,-7.87276e-06,-0.0173059,0.041949,0,0,0
2002-10-22,-0.0903637,0.348291,-0.438655,-1.7355e-06,6.74753e-06,-8.48303e-06,0.292414,-0.0822702,-0.430561,-7.70234e-06,-0.0190436,0.0419418,0,0,0
2002-10-23,-0.0903844,0.346152,-0.436537,-1.73375e-06,6.69171e-06,-8.42546e-06,0.292414,-0.0997997,-0.445952,-7.92126e-06,-0.019114,0.0422004,0,0,0
2002-10-24,-0.0940631,0.352313,-0.446376,-1.7993e-06,6.77516e-06,-8.57447e-06,0.292414,-0.111662,-0.463975,-8.13164e-06,-0.0183306,0.0417843,0,0,0
2002-10-25,-0.102425,0.352626,-0.455051,-1.94131e-06,6.79414e-06,-8.73545e-06,0.292414,-0.0945165,-0.447143,-7.97204e-06,-0.0102902,0.0405866,0,0,0
2002-10-29,-0.0907106,0.366818,-0.457529,-1.71951e-06,7.05591e-06,-8.77542e-06,0.292414,-0.0722634,-0.439082,-7.98832e-06,-0.0109016,0.0410986,0,0,0
2002-10-30,-0.089086,0.368231,-0.457317,-1.68976e-06,7.08517e-06,-8.77493e-06,0.292414,-0.0657001,-0.433932,-7.93281e-06,-0.00656929,0.04107,0,0,0
2002-10-31,0.0771894,0.367405,-0.290215,1.47095e-06,7.06956e-06,-5.59862e-06,0.216482,-0.141102,-0.508506,-9.20329e-06,-0.00542055,0.0410404,0,0,1
2002-11-01,0.0727032,0.368519,-0.295816,1.38295e-06,7.10458e-06,-5.72162e-06,0.216482,-0.134066,-0.502585,-9.14809e-06,0.000661226,0.0414876,0,0,1
2002-11-05,0.0807464,0.367671,-0.286925,1.52479e-06,7.07232e-06,-5.54752e-06,0.216482,-0.126943,-0.494615,-9.01744e-06,0.00607551,0.041519,0,0,1
2002-11-06,0.079841,0.367556,-0.287715,1.50697e-06,7.07071e-06,-5.56375e-06,0.216482,-0.105447,-0.473002,-8.71754e-06,0.00531006,0.0426077,0,0,1
2002-11-07,0.0919137,0.38143,-0.289516,1.7106e-06,7.24422e-06,-5.53362e-06,0.216482,-0.10972,-0.49115,-8.95673e-06,0.00949942,0.0424898,0,0,1
2002-11-08,0.104309,0.382669,-0.27836,1.92118e-06,7.17967e-06,-5.25849e-06,0.216482,-0.0939115,-0.476581,-8.65912e-06,0.012988,0.0421253,0,0,1
2002-11-12,0.105857,0.383384,-0.277527,1.95512e-06,7.20869e-06,-5.25357e-06,0.216482,-0.0959292,-0.479313,-8.71716e-06,0.0163913,0.0419867,0,0,1
2002-11-13,0.108668,0.386229,-0.277561,2.00857e-06,7.25738e-06,-5.24881e-06,0.216482,-0.105365,-0.491594,-8.87728e-06,0.0207007,0.0411198,0,0,1
2002-11-14,0.109324,0.385934,-0.27661,2.02918e-06,7.28563e-06,-5.25645e-06,0.216482,-0.107042,-0.492977,-8.93131e-06,0.0144998,0.0408114,0,0,1
2002-11-15,0.118384,0.386418,-0.268033,2.18091e-06,7.31365e-06,-5.13274e-06,0.216482,-0.0849676,-0.471385,-8.61283e-06,0.0169378,0.0409329,0,0,1
2002-11-19,0.117606,0.380283,-0.262677,2.16745e-06,7.19874e-06,-5.03129e-06,0.216482,-0.0909891,-0.471272,-8.58266e-06,0.00858878,0.040705,0,0,1
2002-11-20,0.118527,0.380645,-0.262118,2.1878e-06,7.20933e-06,-5.02153e-06,0.216482,-0.0908687,-0.471514,-8.57178e-06,0.0147323,0.0404459,0,0,1
2002-11-21,0.11586,0.377698,-0.261838,2.144e-06,7.17045e-06,-5.02645e-06,0.216482,-0.0839,-0.461598,-8.41907e-06,0.0136448,0.0405245,0,0,1
2002-11-22,0.131011,0.363679,-0.232668,2.39233e-06,6.78069e-06,-4.38836e-06,0.216482,-0.0842465,-0.447926,-8.04509e-06,0.0154007,0.0405168,0,0,1
2002-11-26,0.127486,0.361707,-0.234221,2.32523e-06,6.73847e-06,-4.41324e-06,0.216482,-0.0763131,-0.43802,-7.88049e-06,0.0193091,0.040527,0,0,1
2002-11-27,0.280032,0.345462,-0.0654293,5.24585e-06,6.2754e-06,-1.02956e-06,0.333731,0.0619645,-0.283497,-5.41512e-06,0.0234067,0.0407652,0,0,2
2002-12-03,0.281685,0.345773,-0.0640884,5.27552e-06,6.26656e-06,-9.91034e-07,0.333731,0.0637315,-0.282042,-5.38308e-06,0.0224538,0.0408649,0,0,2
2002-12-04,0.284688,0.340226,-0.0555382,5.31881e-06,6.11955e-06,-8.00741e-07,0.333731,0.0593473,-0.280879,-5.30314e-06,0.0239816,0.0408234,0,0,2
2002-12-05,0.287211,0.339168,-0.0519572,5.36515e-06,6.09103e-06,-7.25885e-07,0.333731,0.0508006,-0.288368,-5.3932e-06,0.021828,0.0408391,0,0,2
2002-12-06,0.287298,0.340024,-0.052726,5.35123e-06,6.09028e-06,-7.39045e-07,0.333731,0.0182237,-0.321801,-5.83324e-06,0.0195563,0.0408132,0,0,2
2002-12-10,0.287376,0.340194,-0.0528174,5.3558e-06,6.09361e-06,-7.37803e-07,0.333731,-0.00536809,-0.345562,-6.16926e-06,0.0173367,0.0403077,0,0,2
2002-12-11,0.281945,0.347337,-0.0653921,5.2021e-06,6.20943e-06,-1.00733e-06,0.333731,0.000998011,-0.346339,-6.1954e-06,0.0234043,0.039975,0,0,2
2002-12-12,0.281799,0.345124,-0.0633251,5.20388e-06,6.1562e-06,-9.52318e-07,0.333731,-0.0178889,-0.363013,-6.40046e-06,0.0197136,0.0386651,0,0,2
2002-12-13,0.285118,0.347419,-0.0623003,5.29621e-06,6.25358e-06,-9.5737e-07,0.333731,-0.0358239,-0.383242,-6.73427e-06,0.0123837,0.0383625,0,0,2
2002-12-17,0.285456,0.338243,-0.0527864,5.29647e-06,5.985e-06,-6.88531e-07,0.333731,-0.0587157,-0.396958,-6.79021e-06,0.014447,0.0384063,0,0,2
2002-12-18,0.293167,0.335058,-0.0418916,5.40962e-06,5.89731e-06,-4.87694e-07,0.333731,-0.0615494,-0.396608,-6.73122e-06,0.0161708,0.0380583,0,0,2
2002-12-31,0.410972,0.322174,0.0887988,6.44501e-06,5.5951e-06,8.49908e-07,-0.109243,0.380655,0.0584813,-1.64448e-06,0.0124519,0.0380659,0,0,2
2003-01-03,0.411759,0.318394,0.0933648,6.41172e-06,5.48743e-06,9.2429e-07,-0.109243,0.388146,0.0697522,-1.47438e-06,0.0139822,0.0381624,0,0,2
2003-01-07,0.417989,0.304922,0.113067,6.47797e-06,5.14775e-06,1.33022e-06,-0.109243,0.390177,0.0852557,-1.11765e-06,0.0088981,0.03816,0,0,2
2003-01-08,0.416488,0.303916,0.112573,6.43777e-06,5.1233e-06,1.31447e-06,-0.109243,0.368195,0.0642793,-1.33208e-06,0.0154591,0.0382847,0,0,2
2003-01-09,0.416171,0.294192,0.121979,6.45067e-06,4.90676e-06,1.54391e-06,-0.109243,0.345074,0.0508817,-1.33068e-06,0.00984751,0.0382686,0,0,3
2003-01-10,0.42388,0.296387,0.127493,6.53774e-06,4.91827e-06,1.61948e-06,-0.109243,0.321003,0.0246159,-1.79519e-06,0.0197243,0.037015,0,0,3
2003-01-17,0.427299,0.29849,0.128809,6.65259e-06,5.00584e-06,1.64676e-06,-0.109243,0.30853,0.0100397,-2.05961e-06,0.0169893,0.0363707,0,0,3
2003-01-23,0.42828,0.301669,0.126612,6.6791e-06,5.06287e-06,1.61623e-06,-0.109243,0.334379,0.0327103,-1.77247e-06,0.0164933,0.0363715,0,0,3
2003-01-24,0.427642,0.300739,0.126903,6.66703e-06,5.04754e-06,1.61949e-06,-0.109243,0.319484,0.0187453,-1.94126e-06,0.011666,0.0359808,0,0,3
2003-01-28,0.428909,0.302754,0.126156,6.70163e-06,5.08225e-06,1.61939e-06,-0.109243,0.291817,-0.0109365,-2.28599e-06,0.00784213,0.035201,0,0,3
2003-01-29,0.428403,0.303747,0.124656,6.67988e-06,5.11073e-06,1.56915e-06,-0.109243,0.270691,-0.0330563,-2.49997e-06,0.00574804,0.0351657,0,0,3
2003-01-30,0.429143,0.304443,0.1247,6.6929e-06,5.12814e-06,1.56476e-06,-0.109243,0.273834,-0.0306089,-2.5005e-06,0.00447577,0.0351157,0,0,3
2003-01-31,-0.0319113,0.302064,-0.333975,-6.09561e-07,5.07791e-06,-5.68747e-06,-0.130094,-0.0798358,-0.3819,-5.94948e-06,0.00559508,0.0352409,0,0,1
2003-02-04,-0.032847,0.300792,-0.333639,-6.27973e-07,5.04876e-06,-5.67674e-06,-0.130094,-0.0706315,-0.371423,-5.82521e-06,0.00253246,0.0356448,0,0,1
2003-02-05,-0.0335179,0.30016,-0.333678,-6.4025e-07,5.0285e-06,-5.66875e-06,-0.130094,-0.0477656,-0.347926,-5.55188e-06,-0.000700937,0.0356805,0,0,1
2003-02-06,-0.0346984,0.295583,-0.330281,-6.62657e-07,4.95332e-06,-5.61598e-06,-0.130094,-0.0899567,-0.38554,-6.00385e-06,-0.00231529,0.0356309,0,0,1
2003-02-07,-0.0352037,0.279029,-0.314232,-6.71666e-07,4.59291e-06,-5.26458e-06,-0.130094,-0.0810432,-0.360072,-5.54928e-06,-0.00944897,0.0353815,0,0,1
2003-02-11,-0.0332455,0.277201,-0.310446,-6.36346e-07,4.54028e-06,-5.17662e-06,-0.130094,-0.0665851,-0.343786,-5.33791e-06,-0.0142368,0.0352342,0,0,1
2003-02-12,-0.0350668,0.276947,-0.312014,-6.68206e-07,4.53009e-06,-5.1983e-06,-0.130094,-0.0556798,-0.332627,-5.18382e-06,-0.00921373,0.0346543,0,0,1
2003-02-13,-0.0458797,0.265415,-0.311295,-8.76469e-07,4.38149e-06,-5.25796e-06,-0.130094,-0.0479875,-0.313403,-4.93507e-06,-0.00515513,0.0345988,0,0,1
2003-02-14,-0.0395137,0.253719,-0.293232,-7.4735e-07,4.13746e-06,-4.88481e-06,-0.130094,-0.0831721,-0.336891,-5.06463e-06,-0.00908461,0.0333442,0,0,1
2003-02-20,-0.0340268,0.254764,-0.288791,-6.44096e-07,4.15234e-06,-4.79644e-06,-0.130094,-0.0883698,-0.343134,-5.14122e-06,-0.00743181,0.0329715,0,0,1
2003-02-21,-0.0369165,0.254953,-0.291869,-6.96199e-07,4.16584e-06,-4.86204e-06,-0.130094,-0.091217,-0.34617,-5.18153e-06,-0.0069357,0.0326666,0,0,1
2003-02-25,-0.0388383,0.25155,-0.290388,-7.31982e-07,4.1131e-06,-4.84508e-06,-0.130094,-0.0817008,-0.33325,-5.02989e-06,-0.00145005,0.0320146,0,0,1
2003-02-26,-0.0311545,0.255676,-0.28683,-5.87527e-07,4.2012e-06,-4.78872e-06,-0.130094,-0.0646936,-0.320369,-4.94142e-06,-0.00413126,0.031705,0,0,1
2003-02-27,-0.0276939,0.255194,-0.282888,-5.17185e-07,4.20952e-06,-4.72671e-06,-0.130094,-0.0309153,-0.286109,-4.54767e-06,-0.00215005,0.0310445,0,0,1
2003-02-28,0.0657918,0.246202,-0.18041,1.16683e-06,4.10781e-06,-2.94098e-06,0.141005,0.168231,-0.077971,-2.5964e-06,-0.0067734,0.029893,0,0,1
2003-03-04,0.069353,0.249113,-0.179759,1.23694e-06,4.17694e-06,-2.94e-06,0.141005,0.163188,-0.0859248,-2.71203e-06,-0.00879845,0.0302685,0,0,1
2003-03-05,0.0703198,0.247343,-0.177023,1.25139e-06,4.13434e-06,-2.88296e-06,0.141005,0.170894,-0.0764493,-2.60522e-06,-0.00661429,0.0303651,0,0,1
2003-03-06,0.0699508,0.246669,-0.176718,1.23935e-06,4.12358e-06,-2.88422e-06,0.141005,0.195961,-0.0507082,-2.42141e-06,-0.00360694,0.0302897,0,0,1
2003-03-07,0.0521357,0.239823,-0.187688,9.11747e-07,4.00228e-06,-3.09053e-06,0.141005,0.195134,-0.0446892,-2.30677e-06,-0.00295612,0.0302861,0,0,1
2003-03-12,0.0155841,0.238902,-0.223318,2.59356e-07,3.9822e-06,-3.72285e-06,0.141005,0.184065,-0.0548367,-2.34631e-06,-0.00582314,0.0302888,0,0,1
2003-03-13,0.0128696,0.233767,-0.220897,2.1362e-07,3.87051e-06,-3.65689e-06,0.141005,0.20123,-0.0325374,-2.10872e-06,-0.00473479,0.029975,0,0,1
2003-03-14,-0.00505914,0.231025,-0.236084,-8.26747e-08,3.82787e-06,-3.91055e-06,0.141005,0.144014,-0.087011,-2.49555e-06,-0.00267433,0.0300243,0,0,1
2003-03-18,-0.00448757,0.235381,-0.239868,-7.3276e-08,3.88686e-06,-3.96014e-06,0.141005,0.149394,-0.0859865,-2.5126e-06,0.00261937,0.0295378,0,0,1
2003-03-19,-0.00224645,0.235074,-0.237321,-3.67735e-08,3.87056e-06,-3.90733e-06,0.141005,0.132053,-0.103022,-2.66218e-06,0.00561895,0.0288138,0,0,1
2003-03-20,0.00640409,0.236632,-0.230228,1.04775e-07,3.90495e-06,-3.80017e-06,0.141005,0.130905,-0.105727,-2.70421e-06,0.0067988,0.0288223,0,0,1
2003-03-21,0.0010578,0.237445,-0.236388,1.72119e-08,3.91277e-06,-3.89556e-06,0.141005,0.110188,-0.127258,-2.90068e-06,0.00957945,0.0279453,0,0,1
2003-03-25,0.0146355,0.238841,-0.224205,2.36454e-07,3.93828e-06,-3.70183e-06,0.141005,0.102048,-0.136792,-3.01747e-06,0.0136932,0.0272223,0,0,1
2003-03-26,0.0154543,0.239265,-0.22381,2.48657e-07,3.93566e-06,-3.68701e-06,0.141005,0.0957084,-0.143556,-3.05831e-06,0.00917942,0.0272377,0,0,1
2003-03-27,0.0144097,0.239322,-0.224912,2.30744e-07,3.93573e-06,-3.70499e-06,0.141005,0.0504714,-0.188851,-3.49239e-06,0.00276879,0.0254473,0,0,1
2003-03-28,-0.168681,0.233418,-0.4021,-2.3933e-06,3.80601e-06,-6.19931e-06,0.260289,0.167614,-0.0658044,-2.40627e-06,0.00172991,0.0254431,0,0,1
2003-04-01,-0.170769,0.224229,-0.394998,-2.40486e-06,3.63762e-06,-6.04247e-06,0.260289,0.200775,-0.0234533,-1.89299e-06,0.00402597,0.0254628,0,0,1
2003-04-02,-0.171211,0.225043,-0.396254,-2.41077e-06,3.65197e-06,-6.06274e-06,0.260289,0.19927,-0.025773,-1.93581e-06,-0.000115062,0.0249445,0,0,1
2003-04-08,-0.170155,0.226428,-0.396583,-2.39841e-06,3.66356e-06,-6.06197e-06,0.260289,0.198392,-0.0280358,-1.95325e-06,-0.00113563,0.0249593,0,0,1
2003-04-09,-0.167691,0.225934,-0.393625,-2.35721e-06,3.65378e-06,-6.01098e-06,0.260289,0.174551,-0.0513831,-2.1086e-06,-0.00535399,0.0251692,0,0,1
2003-04-10,-0.168303,0.225017,-0.393319,-2.36458e-06,3.63538e-06,-5.99996e-06,0.260289,0.177003,-0.0480137,-2.06944e-06,-0.00179148,0.0250441,0,0,1
2003-04-11,-0.162495,0.225142,-0.387637,-2.26501e-06,3.63545e-06,-5.90046e-06,0.260289,0.194801,-0.0303408,-1.89265e-06,0.00206331,0.0250278,0,0,1
2003-04-15,-0.163025,0.222803,-0.385828,-2.27206e-06,3.59107e-06,-5.86313e-06,0.260289,0.197776,-0.0250268,-1.8274e-06,0.00446519,0.0263039,0,0,1
2003-04-16,-0.164853,0.220846,-0.385699,-2.29745e-06,3.56087e-06,-5.85832e-06,0.260289,0.200709,-0.0201371,-1.71792e-06,0.00250895,0.0266553,0,0,1
2003-04-17,-0.167288,0.220397,-0.387685,-2.32682e-06,3.5507e-06,-5.87752e-06,0.260289,0.216249,-0.00414706,-1.61519e-06,-0.000736614,0.0264734,0,0,1
2003-04-22,-0.153753,0.215293,-0.369045,-2.10198e-06,3.47846e-06,-5.58044e-06,0.260289,0.212409,-0.00288386,-1.57807e-06,-0.000172994,0.026524,0,0,1
2003-04-23,-0.152656,0.217202,-0.369858,-2.0807e-06,3.49796e-06,-5.57866e-06,0.260289,0.199902,-0.0173002,-1.73191e-06,0.000824706,0.0266602,0,0,1
2003-04-24,-0.149754,0.210034,-0.359788,-2.0472e-06,3.3597e-06,-5.40691e-06,0.260289,0.183662,-0.0263716,-1.66607e-06,0.00196988,0.0267014,0,0,1
2003-04-25,-0.150924,0.216121,-0.367045,-2.05026e-06,3.44102e-06,-5.49127e-06,0.260289,0.201447,-0.0146737,-1.56294e-06,-0.00224542,0.0261783,0,0,1
2003-04-29,-0.1571,0.219759,-0.376859,-2.11916e-06,3.49664e-06,-5.61581e-06,0.260289,0.192662,-0.0270979,-1.72278e-06,-0.00206564,0.0256514,0,0,1
2003-04-30,-0.348782,0.220646,-0.569429,-4.6487e-06,3.51654e-06,-8.16524e-06,-0.0588723,-0.07853,-0.299176,-4.2319e-06,-0.000287935,0.0259172,0,0,0
2003-05-01,-0.349579,0.209249,-0.558828,-4.64937e-06,3.29792e-06,-7.94728e-06,-0.0588723,-0.0820637,-0.291312,-4.05093e-06,-0.00217451,0.0260405,0,0,0
2003-05-02,-0.343703,0.207935,-0.551639,-4.5291e-06,3.27197e-06,-7.80107e-06,-0.0588723,-0.0710035,-0.278939,-3.91374e-06,-0.00442865,0.0262404,0,0,0
2003-05-06,-0.342029,0.186068,-0.528098,-4.48474e-06,2.86843e-06,-7.35318e-06,-0.0588723,-0.0718889,-0.257957,-3.51776e-06,-0.00469164,0.0267147,0,0,0
2003-05-07,-0.342547,0.171456,-0.514003,-4.48867e-06,2.59181e-06,-7.08048e-06,-0.0588723,-0.127903,-0.299359,-3.78026e-06,-0.00189419,0.0268465,0,0,0
2003-05-08,-0.342853,0.169966,-0.512819,-4.51029e-06,2.5802e-06,-7.09048e-06,-0.0588723,-0.0957343,-0.265701,-3.46008e-06,-0.000442283,0.026692,0,0,0
2003-05-13,-0.343858,0.1658,-0.509658,-4.53937e-06,2.52737e-06,-7.06674e-06,-0.0588723,-0.11163,-0.27743,-3.57414e-06,1.96707e-05,0.0267065,0,0,0
2003-05-14,-0.343985,0.164614,-0.508599,-4.53506e-06,2.50579e-06,-7.04085e-06,-0.0588723,-0.237667,-0.402281,-5.12316e-06,0.00155374,0.0269789,0,0,0
2003-05-15,-0.344438,0.159782,-0.50422,-4.54451e-06,2.41833e-06,-6.96284e-06,-0.0588723,-0.23217,-0.391952,-4.98358e-06,0.00349935,0.0268323,0,0,0
2003-05-16,-0.349212,0.159605,-0.508817,-4.59734e-06,2.41777e-06,-7.01511e-06,-0.0588723,-0.24645,-0.406055,-5.35356e-06,0.00698687,0.0272075,0,0,0
2003-05-20,-0.352794,0.12128,-0.474074,-4.61942e-06,1.74709e-06,-6.36651e-06,-0.0588723,-0.328332,-0.449611,-5.96894e-06,0.00818144,0.0261333,0,0,0
2003-05-21,-0.336173,0.111791,-0.447964,-4.34328e-06,1.59483e-06,-5.93811e-06,-0.0588723,-0.338002,-0.449794,-5.8914e-06,0.00604826,0.0260364,0,0,0
2003-05-22,-0.332928,0.113,-0.445929,-4.29889e-06,1.61244e-06,-5.91133e-06,-0.0588723,-0.34125,-0.454251,-5.8469e-06,0.00238302,0.0253145,0,0,0
2003-05-23,-0.329998,0.109567,-0.439565,-4.26492e-06,1.57324e-06,-5.83816e-06,-0.0588723,-0.348712,-0.458279,-5.89402e-06,0.00347108,0.0253139,0,0,0
2003-05-28,-0.334075,0.110342,-0.444417,-4.29454e-06,1.58334e-06,-5.87787e-06,-0.0588723,-0.344034,-0.454375,-5.86438e-06,0.00219015,0.0257094,0,0,0
2003-05-29,-0.33212,0.106469,-0.438589,-4.25682e-06,1.5204e-06,-5.77721e-06,-0.0588723,-0.339976,-0.446445,-5.78743e-06,0.00291661,0.0256197,0,0,0
2003-05-30,-0.629598,0.0930415,-0.72264,-8.96345e-06,1.31061e-06,-1.02741e-05,-0.372463,-0.75023,-0.843272,-1.48114e-05,0.00132842,0.0256934,0,0,0
2003-06-03,-0.629446,0.102206,-0.731653,-8.95707e-06,1.42918e-06,-1.03863e-05,-0.372463,-0.731808,-0.834015,-1.49308e-05,0.0029506,0.0259973,0,0,0
2003-06-04,-0.624923,0.099193,-0.724116,-8.78972e-06,1.3869e-06,-1.01766e-05,-0.372463,-0.737963,-0.837156,-1.53205e-05,0.00297765,0.0259948,0,0,0
2003-06-05,-0.621089,0.0987688,-0.719858,-8.63859e-06,1.38124e-06,-1.00198e-05,-0.372463,-0.745748,-0.844517,-1.55321e-05,0.00558668,0.0258055,0,0,0
2003-06-06,-0.617897,0.0865128,-0.704409,-8.47759e-06,1.20107e-06,-9.67866e-06,-0.372463,-0.758155,-0.844667,-1.57762e-05,0.00364825,0.025406,0,0,0
2003-06-10,-0.61499,0.0875826,-0.702573,-8.4529e-06,1.2174e-06,-9.67031e-06,-0.372463,-0.760184,-0.847766,-1.59201e-05,0.000683779,0.0261984,0,0,0
2003-06-11,-0.612362,0.0862599,-0.698622,-8.35936e-06,1.19891e-06,-9.55827e-06,-0.372463,-0.740328,-0.826588,-1.61659e-05,0.00123115,0.026458,0,0,0
2003-06-12,-0.611856,0.0881073,-0.699963,-8.35335e-06,1.22285e-06,-9.57621e-06,-0.372463,-0.727098,-0.815205,-1.57109e-05,0.00349288,0.0262378,0,0,0
2003-06-13,-0.611228,0.0831104,-0.694339,-8.42835e-06,1.16345e-06,-9.5918e-06,-0.372463,-0.719973,-0.803083,-1.55321e-05,0.00256442,0.0262248,0,0,0
2003-06-17,-0.611834,0.0738315,-0.685666,-8.41495e-06,1.02596e-06,-9.44091e-06,-0.372463,-0.718944,-0.792775,-1.5318e-05,0.00434487,0.0263267,0,0,0
2003-06-18,-0.614242,0.0720622,-0.686305,-8.40023e-06,1.00217e-06,-9.4024e-06,-0.372463,-0.708174,-0.780236,-1.50775e-05,0.00423828,0.0264492,0,0,0
2003-06-19,-0.620735,0.0691011,-0.689837,-8.44919e-06,9.61412e-07,-9.4106e-06,-0.372463,-0.699746,-0.768848,-1.48343e-05,0.0047588,0.0270587,0,0,0
2003-06-20,-0.619573,0.0648345,-0.684408,-8.40583e-06,9.05651e-07,-9.31148e-06,-0.372463,-0.697073,-0.761907,-1.45673e-05,0.000861382,0.0267991,0,0,0
2003-06-24,-0.619437,0.0615277,-0.680964,-8.44368e-06,8.61262e-07,-9.30495e-06,-0.372463,-0.692982,-0.75451,-1.46176e-05,0.00120212,0.0280937,0,0,0
2003-06-25,-0.620398,0.0490121,-0.66941,-8.46556e-06,6.80582e-07,-9.14614e-06,-0.372463,-0.696717,-0.745729,-1.44727e-05,-0.00296135,0.0273967,0,0,0
2003-06-26,-0.617179,0.0526466,-0.669825,-8.4409e-06,7.3229e-07,-9.17319e-06,-0.372463,-0.702995,-0.755641,-1.44988e-05,-0.00226794,0.0270789,0,0,0
2003-06-27,-0.379236,0.0478292,-0.427066,-5.14532e-06,6.65591e-07,-5.81091e-06,-0.198166,-0.569107,-0.616936,-1.11406e-05,-0.0023532,0.0270952,0,0,0
2003-07-01,-0.381008,0.0479808,-0.428988,-5.16498e-06,6.67457e-07,-5.83244e-06,-0.198166,-0.576367,-0.624348,-1.17865e-05,-0.00217935,0.0272209,0,0,0
2003-07-02,-0.381954,0.0375425,-0.419497,-5.18034e-06,5.16641e-07,-5.69698e-06,-0.198166,-0.582043,-0.619585,-1.17113e-05,-0.00894257,0.0267379,0,0,0
2003-07-03,-0.36097,0.0402638,-0.401234,-4.74215e-06,5.49849e-07,-5.29199e-06,-0.198166,-0.590838,-0.631102,-1.21328e-05,-0.0107303,0.0269134,0,0,1
2003-07-08,-0.355255,0.0543944,-0.409649,-4.6364e-06,7.33413e-07,-5.36982e-06,-0.198166,-0.592703,-0.647097,-1.23469e-05,-0.00926928,0.0268328,0,0,0
2003-07-09,-0.354117,0.0591505,-0.413268,-4.61952e-06,7.93974e-07,-5.41349e-06,-0.198166,-0.587686,-0.646836,-1.21729e-05,-0.0105671,0.0272423,0,0,0
2003-07-10,-0.356855,0.0541033,-0.410958,-4.67493e-06,7.29706e-07,-5.40464e-06,-0.198166,-0.56003,-0.614133,-1.17648e-05,-0.00736684,0.0292913,0,0,0
2003-07-11,-0.353317,0.061423,-0.41474,-4.60279e-06,8.22035e-07,-5.42483e-06,-0.198166,-0.548651,-0.610074,-1.16721e-05,-0.00617908,0.0293368,0,0,0
2003-07-15,-0.353773,0.0603013,-0.414075,-4.60946e-06,8.07058e-07,-5.41652e-06,-0.198166,-0.535033,-0.595335,-1.10363e-05,-0.00669696,0.0293117,0,0,0
2003-07-16,-0.365506,0.048199,-0.413705,-4.79494e-06,6.52986e-07,-5.44792e-06,-0.198166,-0.531447,-0.579646,-1.12023e-05,-0.00748618,0.0300107,0,0,0
2003-07-17,-0.365736,0.0481121,-0.413848,-4.79489e-06,6.51849e-07,-5.44674e-06,-0.198166,-0.548817,-0.596929,-1.18474e-05,-0.00366641,0.0297651,0,0,0
2003-07-18,-0.363822,0.0465786,-0.4104,-4.77423e-06,6.3021e-07,-5.40444e-06,-0.198166,-0.537883,-0.584461,-1.1545e-05,-0.00172122,0.0297541,0,0,0
2003-07-22,-0.366112,0.0399262,-0.406038,-4.82135e-06,5.41492e-07,-5.36285e-06,-0.198166,-0.537245,-0.577171,-1.14259e-05,0.000743094,0.029832,0,0,0
2003-07-23,-0.367287,0.0374794,-0.404766,-4.8455e-06,5.08625e-07,-5.35413e-06,-0.198166,-0.511712,-0.549191,-1.06944e-05,-0.00195961,0.0298724,0,0,1
2003-07-24,-0.378397,0.0185961,-0.396993,-5.04039e-06,2.54178e-07,-5.29456e-06,-0.198166,-0.500762,-0.519359,-1.03991e-05,-0.000802364,0.0305085,0,0,1
2003-07-29,-0.377212,0.0187164,-0.395928,-5.02444e-06,2.5601e-07,-5.28045e-06,-0.198166,-0.498678,-0.517395,-1.03167e-05,-0.000566027,0.0319889,0,0,1
2003-07-30,-0.377609,0.0184709,-0.39608,-5.03265e-06,2.51625e-07,-5.28427e-06,-0.198166,-0.488665,-0.507136,-9.91918e-06,-0.000397224,0.0331742,0,0,1
2003-07-31,0.173984,0.0179361,0.156048,2.78995e-06,2.44523e-07,2.54542e-06,0.400342,-0.0494844,-0.0674205,-1.16237e-06,0.00345046,0.0330268,0,0,3
2003-08-01,0.178582,0.00325433,0.175328,2.85731e-06,4.41369e-08,2.81317e-06,0.400342,-0.0370155,-0.0402698,-7.38108e-07,0.00308537,0.0334295,0,0,3
2003-08-05,0.177329,-0.00653366,0.183862,2.83279e-06,-8.76731e-08,2.92046e-06,0.400342,-0.0356744,-0.0291408,-5.82601e-07,0.00634552,0.0334571,0,0,3
2003-08-06,0.176825,-0.00629076,0.183116,2.82452e-06,-8.43261e-08,2.90884e-06,0.400342,-0.0355695,-0.0292787,-5.87119e-07,0.00822899,0.0333175,0,0,3
2003-08-07,0.171908,-0.00633796,0.178246,2.73081e-06,-8.51095e-08,2.81592e-06,0.400342,-0.0544308,-0.0480929,-9.64383e-07,0.0101216,0.0338948,0,0,3
2003-08-08,0.172798,-0.00911366,0.181911,2.74201e-06,-1.21955e-07,2.86397e-06,0.400342,-0.0497119,-0.0405983,-8.32748e-07,0.00926293,0.0339626,0,0,3
2003-08-12,0.167258,-0.00931696,0.176575,2.63683e-06,-1.24583e-07,2.76141e-06,0.400342,-0.0579384,-0.0486215,-9.66776e-07,0.0121022,0.0331747,0,0,3
2003-08-13,0.169726,-0.0062604,0.175987,2.69186e-06,-8.4075e-08,2.77594e-06,0.400342,-0.060221,-0.0539606,-1.05178e-06,0.0175049,0.0327183,0,0,3
2003-08-14,0.170691,-0.00419184,0.174883,2.7158e-06,-5.64262e-08,2.77223e-06,0.400342,-0.0657978,-0.061606,-1.19201e-06,0.0186692,0.0328535,0,0,3
2003-08-15,0.172265,-0.00293489,0.1752,2.7344e-06,-3.94629e-08,2.77386e-06,0.400342,-0.055575,-0.0526401,-1.00149e-06,0.0186731,0.0329925,0,0,3
2003-08-19,0.159727,-0.0083439,0.168071,2.51082e-06,-1.12007e-07,2.62283e-06,0.400342,-0.0209061,-0.0125622,-2.94093e-07,0.0187495,0.033607,0,0,3
2003-08-20,0.161953,-0.00441242,0.166366,2.54716e-06,-5.93013e-08,2.60647e-06,0.400342,-0.0208252,-0.0164128,-3.4368e-07,0.0177688,0.035091,0,0,3
2003-08-21,0.159881,-0.00708514,0.166967,2.51982e-06,-9.55161e-08,2.61534e-06,0.400342,-0.00479597,0.00228917,-2.91882e-09,0.0165892,0.0353654,0,0,3
2003-08-22,0.155299,-0.0110223,0.166321,2.45226e-06,-1.4894e-07,2.6012e-06,0.400342,-0.0190449,-0.00802267,-2.47933e-07,0.0178626,0.0368693,0,0,3
2003-08-26,0.15338,-0.0164468,0.169826,2.41679e-06,-2.21108e-07,2.63789e-06,0.400342,-0.00733074,0.00911609,6.94335e-08,0.0128495,0.0368337,0,0,3
2003-08-27,0.0249771,-0.0240363,0.0490133,3.94916e-07,-3.19644e-07,7.1456e-07,-0.368916,-0.164799,-0.140762,-2.8528e-06,0.00928749,0.0369062,0,0,2
2003-09-03,0.0221388,-0.0272852,0.049424,3.49165e-07,-3.63948e-07,7.13113e-07,-0.368916,-0.180892,-0.153606,-3.17946e-06,0.00506592,0.0380417,0,0,2
2003-09-04,0.0228312,-0.0294149,0.0522461,3.59523e-07,-3.91019e-07,7.50543e-07,-0.368916,-0.188364,-0.158949,-3.26909e-06,0.00856145,0.0378112,0,0,2
2003-09-05,0.0319938,-0.0588173,0.090811,5.01175e-07,-7.60196e-07,1.26137e-06,-0.368916,-0.195668,-0.136851,-3.03192e-06,0.00687532,0.037337,0,0,2
2003-09-09,0.0339669,-0.0576397,0.0916066,5.33177e-07,-7.42207e-07,1.27538e-06,-0.368916,-0.170037,-0.112397,-2.59352e-06,0.00557967,0.037394,0,0,2
2003-09-10,0.0266615,-0.0603674,0.0870289,4.17387e-07,-7.78845e-07,1.19623e-06,-0.368916,-0.148428,-0.0880608,-2.21182e-06,0.00788959,0.0373428,0,0,2
2003-09-11,0.05853,-0.0591378,0.117668,8.88425e-07,-7.61454e-07,1.64988e-06,-0.368916,-0.116965,-0.0578275,-1.52514e-06,0.00646331,0.0370798,0,0,3
2003-09-12,0.0461603,-0.0933084,0.139469,7.10075e-07,-1.19526e-06,1.90533e-06,-0.368916,-0.096417,-0.00310858,-6.49914e-07,0.00180297,0.0370395,0,0,3
2003-09-16,0.0540076,-0.10286,0.156867,8.24109e-07,-1.33037e-06,2.15448e-06,-0.368916,-0.101188,0.00167221,-6.15163e-07,0.000381343,0.0366455,0,0,3
2003-09-17,0.0527732,-0.103243,0.156017,8.07791e-07,-1.33974e-06,2.14753e-06,-0.368916,-0.0850712,0.0181722,-3.21767e-07,-0.00105223,0.0368657,0,0,3
2003-09-18,0.0469009,-0.108979,0.15588,7.15868e-07,-1.40828e-06,2.12414e-06,-0.368916,-0.088059,0.02092,-3.11061e-07,-0.00248749,0.0367096,0,0,3
2003-09-19,0.0488023,-0.111192,0.159994,7.44418e-07,-1.43739e-06,2.18181e-06,-0.368916,-0.0909739,0.0202176,-3.40969e-07,-0.00283087,0.0366946,0,0,3
2003-09-26,0.0606649,-0.112328,0.172993,9.14818e-07,-1.45053e-06,2.36535e-06,-0.368916,-0.0944642,0.0178635,-3.94608e-07,-0.00108455,0.0367632,0,0,3
2003-09-30,-0.711911,-0.110419,-0.601492,-1.13555e-05,-1.42445e-06,-9.93104e-06,-0.50717,-0.685066,-0.574647,-1.17047e-05,-0.00138395,0.0364013,0,0,0
2003-10-02,-0.713553,-0.114402,-0.599151,-1.11764e-05,-1.47109e-06,-9.70531e-06,-0.50717,-0.688192,-0.573791,-1.17262e-05,-0.003059,0.036708,0,0,0
2003-10-03,-0.718729,-0.113516,-0.605213,-1.11956e-05,-1.46089e-06,-9.73475e-06,-0.50717,-0.697047,-0.583531,-1.22279e-05,-0.00390622,0.0376455,0,0,0
2003-10-07,-0.718336,-0.115593,-0.602743,-1.12009e-05,-1.48694e-06,-9.71393e-06,-0.50717,-0.714219,-0.598627,-1.27167e-05,-0.0123071,0.0370622,0,0,0
2003-10-08,-0.714725,-0.116186,-0.59854,-1.11355e-05,-1.49263e-06,-9.64291e-06,-0.50717,-0.715212,-0.599026,-1.28696e-05,-0.0134274,0.0371861,0,0,0
2003-10-09,-0.715336,-0.130753,-0.584584,-1.11205e-05,-1.65924e-06,-9.46127e-06,-0.50717,-0.71533,-0.584577,-1.27309e-05,-0.0119166,0.0379197,0,0,0
2003-10-10,-0.717309,-0.137026,-0.580283,-1.12166e-05,-1.75142e-06,-9.46519e-06,-0.50717,-0.711276,-0.57425,-1.2567e-05,-0.00987833,0.0378509,0,0,0
2003-10-14,-0.719917,-0.152809,-0.567108,-1.13628e-05,-1.96544e-06,-9.39732e-06,-0.50717,-0.734929,-0.582121,-1.31062e-05,-0.00708127,0.0377224,0,0,0
2003-10-15,-0.714823,-0.147159,-0.567665,-1.13049e-05,-1.89428e-06,-9.41059e-06,-0.50717,-0.741492,-0.594334,-1.32953e-05,-0.00507287,0.0376329,0,0,0
2003-10-16,-0.712995,-0.146005,-0.566989,-1.12884e-05,-1.87936e-06,-9.40903e-06,-0.50717,-0.766805,-0.620799,-1.50063e-05,-0.00387456,0.0376021,0,0,0
2003-10-17,-0.7113,-0.145363,-0.565938,-1.12614e-05,-1.87135e-06,-9.39001e-06,-0.50717,-0.772328,-0.626965,-1.55128e-05,-0.00534217,0.0382314,0,0,0
2003-10-21,-0.711795,-0.144746,-0.567048,-1.12688e-05,-1.86241e-06,-9.40643e-06,-0.50717,-0.768818,-0.624071,-1.51615e-05,-0.0103002,0.0381465,0,0,0
2003-10-22,-0.714729,-0.152577,-0.562152,-1.13844e-05,-1.97025e-06,-9.41411e-06,-0.50717,-0.7633,-0.610723,-1.40097e-05,-0.0140955,0.0384223,0,0,0
2003-10-23,-0.718844,-0.186189,-0.532655,-1.16705e-05,-2.43021e-06,-9.24029e-06,-0.50717,-0.758324,-0.572135,-1.29513e-05,-0.0217662,0.037895,0,0,0
2003-10-24,-0.718654,-0.196387,-0.522266,-1.17843e-05,-2.60134e-06,-9.18296e-06,-0.50717,-0.756954,-0.560567,-1.27926e-05,-0.0223696,0.0378977,0,0,0
2003-10-28,-0.718222,-0.197458,-0.520764,-1.16899e-05,-2.58907e-06,-9.10088e-06,-0.50717,-0.803919,-0.606461,-1.44598e-05,-0.0156363,0.0374586,0,0,0
2003-10-29,-0.710781,-0.194993,-0.515788,-1.16597e-05,-2.58316e-06,-9.07651e-06,-0.50717,-0.799412,-0.604419,-1.45544e-05,-0.0158234,0.0373524,0,0,0
2003-10-30,-0.711133,-0.190887,-0.520245,-1.16594e-05,-2.51355e-06,-9.14588e-06,-0.50717,-0.795323,-0.604436,-1.41946e-05,-0.0143201,0.0373187,0,0,0
2003-10-31,-0.0523015,-0.199809,0.147508,-1.02217e-06,-2.64011e-06,1.61794e-06,0.056003,-0.521675,-0.321866,-9.51968e-06,-0.0181494,0.0372849,0,0,3
2003-11-04,-0.0531456,-0.214527,0.161382,-1.03837e-06,-2.83951e-06,1.80115e-06,0.056003,-0.524508,-0.309981,-9.71064e-06,-0.0181349,0.0372496,0,0,3
2003-11-05,-0.0557365,-0.216075,0.160339,-1.07956e-06,-2.83917e-06,1.75961e-06,0.056003,-0.522885,-0.30681,-9.70591e-06,-0.0203305,0.0374711,0,0,3
2003-11-06,-0.0554984,-0.226453,0.170954,-1.0718e-06,-2.95399e-06,1.88219e-06,0.056003,-0.502891,-0.276438,-8.73064e-06,-0.0215316,0.0371358,0,0,3
2003-11-07,-0.0660435,-0.240522,0.174479,-1.28409e-06,-3.16874e-06,1.88465e-06,0.056003,-0.510363,-0.26984,-8.88687e-06,-0.0200075,0.037782,0,0,3
2003-11-11,-0.0621744,-0.227341,0.165167,-1.20315e-06,-2.94356e-06,1.74041e-06,0.056003,-0.470909,-0.243568,-8.4465e-06,-0.0198381,0.038115,0,0,3
2003-11-12,-0.0631324,-0.23084,0.167708,-1.22512e-06,-2.98288e-06,1.75776e-06,0.056003,-0.451917,-0.221076,-8.13882e-06,-0.0101383,0.0384617,0,0,3
2003-11-13,-0.061027,-0.236084,0.175057,-1.18609e-06,-3.03821e-06,1.85212e-06,0.056003,-0.436822,-0.200738,-7.83307e-06,-0.014637,0.0384804,0,0,3
2003-11-14,-0.0651767,-0.235724,0.170548,-1.26103e-06,-3.03349e-06,1.77246e-06,0.056003,-0.419849,-0.184124,-7.26787e-06,-0.0179974,0.0388915,0,0,3
2003-11-19,-0.0708161,-0.243465,0.172649,-1.3789e-06,-3.16462e-06,1.78573e-06,0.056003,-0.392281,-0.148816,-6.13934e-06,-0.0162588,0.0384125,0,0,3
2003-11-20,-0.0810137,-0.257668,0.176654,-1.60286e-06,-3.40675e-06,1.80389e-06,0.056003,-0.376493,-0.118826,-5.37946e-06,-0.0179905,0.0386757,0,0,3
2003-11-21,-0.0964482,-0.272173,0.175724,-1.89659e-06,-3.5895e-06,1.69291e-06,0.056003,-0.375708,-0.103536,-5.18585e-06,-0.0203813,0.0389015,0,0,3
2003-11-25,-0.0972634,-0.271474,0.174211,-1.91132e-06,-3.57526e-06,1.66393e-06,0.056003,-0.385068,-0.113594,-5.5297e-06,-0.0143149,0.0388701,0,0,3
2003-11-26,-0.133666,-0.271201,0.137535,-2.42581e-06,-3.57193e-06,1.14612e-06,0.0778042,-0.0967047,0.174496,6.87822e-07,-0.0152798,0.0395759,0,0,3
2003-12-02,-0.137986,-0.282311,0.144325,-2.51636e-06,-3.70863e-06,1.19227e-06,0.0778042,-0.102791,0.179521,6.6202e-07,-0.0130959,0.0389946,0,0,3
2003-12-03,-0.134472,-0.285112,0.15064,-2.45729e-06,-3.72659e-06,1.2693e-06,0.0778042,-0.128445,0.156667,-8.24146e-08,-0.00731851,0.0378572,0,0,3
2003-12-04,-0.14078,-0.275809,0.135029,-2.55449e-06,-3.63158e-06,1.07709e-06,0.0778042,-0.155559,0.120251,-9.88473e-07,-0.00299401,0.037262,0,0,3
2003-12-05,-0.139355,-0.284131,0.144776,-2.54544e-06,-3.74437e-06,1.19893e-06,0.0778042,-0.170265,0.113866,-1.41131e-06,-0.004099,0.0373224,0,0,3
2003-12-09,-0.1391,-0.278496,0.139396,-2.53908e-06,-3.63973e-06,1.10065e-06,0.0778042,-0.260694,0.0178025,-5.15622e-06,-0.00722952,0.0385119,0,0,3
2003-12-10,-0.137442,-0.274607,0.137165,-2.51026e-06,-3.58933e-06,1.07907e-06,0.0778042,-0.261224,0.0133832,-5.23055e-06,-0.00775314,0.0385044,0,0,3
2003-12-11,-0.145471,-0.276581,0.13111,-2.63613e-06,-3.61831e-06,9.82181e-07,0.0778042,-0.257253,0.0193279,-5.1519e-06,-0.00627765,0.038743,0,0,3
2003-12-12,-0.148168,-0.287841,0.139673,-2.64972e-06,-3.67553e-06,1.02581e-06,0.0778042,-0.265832,0.0220097,-5.37873e-06,-0.0017355,0.0386016,0,0,3
2003-12-16,-0.147779,-0.284099,0.13632,-2.64615e-06,-3.63571e-06,9.89564e-07,0.0778042,-0.316918,-0.0328187,-8.4335e-06,-0.00106644,0.0419224,0,0,3
2003-12-17,-0.148142,-0.285414,0.137272,-2.65551e-06,-3.62629e-06,9.70778e-07,0.0778042,-0.320334,-0.0349199,-8.60934e-06,0.00181675,0.0417662,0,0,3
2003-12-23,-0.146882,-0.28757,0.140688,-2.62775e-06,-3.64706e-06,1.01931e-06,0.0778042,-0.316785,-0.0292151,-8.50427e-06,0.00143112,0.0417588,0,0,3
2003-12-24,-0.147036,-0.285484,0.138448,-2.63216e-06,-3.61164e-06,9.79482e-07,0.0778042,-0.315243,-0.0297598,-8.45186e-06,0.00267935,0.0418644,0,0,3
2003-12-30,-0.139801,-0.266265,0.126464,-2.47594e-06,-3.2836e-06,8.07658e-07,0.0778042,-0.32514,-0.0588746,-9.32548e-06,0.00884023,0.0429173,0,0,3
2003-12-31,-0.157727,-0.263959,0.106232,-2.97392e-06,-3.2506e-06,2.76685e-07,0.0392132,-0.675789,-0.41183,-2.40769e-05,0.00413248,0.042739,0,0,2
2004-01-06,-0.154664,-0.258331,0.103666,-2.9058e-06,-3.20802e-06,3.02213e-07,0.0392132,-0.696584,-0.438254,-2.46106e-05,0.0075405,0.0416907,0,0,2
2004-01-07,-0.146663,-0.247829,0.101165,-2.76716e-06,-3.10608e-06,3.38922e-07,0.0392132,-0.70472,-0.456891,-2.5057e-05,0.00596402,0.0418796,0,0,2
2004-01-08,-0.148886,-0.248665,0.0997796,-2.81249e-06,-3.13252e-06,3.2003e-07,0.0392132,-0.720593,-0.471928,-2.49071e-05,0.00172828,0.0408204,0,0,2
2004-01-09,-0.147509,-0.244438,0.0969285,-2.80794e-06,-3.12251e-06,3.14568e-07,0.0392132,-0.723786,-0.479349,-2.50237e-05,0.00114998,0.0407564,0,0,2
2004-01-13,-0.146412,-0.24326,0.0968481,-2.78875e-06,-3.11131e-06,3.22559e-07,0.0392132,-0.713854,-0.470593,-2.50783e-05,0.00413622,0.0414074,0,0,2
2004-01-14,-0.143935,-0.234978,0.0910434,-2.72734e-06,-2.98166e-06,2.54324e-07,0.0392132,-0.734142,-0.499164,-2.84747e-05,-0.00298844,0.0429087,0,0,2
2004-01-21,-0.134785,-0.222496,0.0877106,-2.55638e-06,-2.82945e-06,2.73074e-07,0.0392132,-0.739666,-0.517171,-2.98875e-05,0.00202281,0.0453638,0,0,2
2004-01-27,-0.131944,-0.218321,0.0863772,-2.49607e-06,-2.76393e-06,2.67866e-07,0.0392132,-0.740534,-0.522213,-3.02846e-05,0.00214341,0.0452616,0,0,2
2004-01-28,-0.13273,-0.21502,0.0822894,-2.50443e-06,-2.71493e-06,2.10497e-07,0.0392132,-0.7371,-0.52208,-3.05119e-05,-0.00149238,0.0452791,0,0,2
2004-01-29,-0.142088,-0.214431,0.0723433,-2.66708e-06,-2.70521e-06,3.8133e-08,0.0392132,-0.721515,-0.507084,-2.85129e-05,-0.000303329,0.0454935,0,0,2
2004-01-30,-0.350765,-0.246043,-0.104722,-6.61166e-06,-3.22562e-06,-3.38604e-06,0.0984226,-0.763068,-0.517025,-2.73943e-05,-0.000706455,0.0465668,0,0,1
2004-02-03,-0.362322,-0.254136,-0.108186,-6.91319e-06,-3.37225e-06,-3.54094e-06,0.0984226,-0.738806,-0.48467,-2.66564e-05,-0.0029273,0.0465937,0,0,1
2004-02-04,-0.357382,-0.255535,-0.101847,-6.7656e-06,-3.3889e-06,-3.3767e-06,0.0984226,-0.741485,-0.48595,-2.73125e-05,-0.00378659,0.0465917,0,0,1
2004-02-05,-0.357018,-0.255582,-0.101437,-6.75489e-06,-3.3881e-06,-3.36679e-06,0.0984226,-0.748679,-0.493098,-2.84543e-05,-0.00570972,0.0465471,0,0,1
2004-02-06,-0.362553,-0.251698,-0.110855,-6.8375e-06,-3.32689e-06,-3.51061e-06,0.0984226,-0.747297,-0.495599,-2.81923e-05,-0.00801817,0.0465009,0,0,1
2004-02-10,-0.366912,-0.260006,-0.106907,-6.96741e-06,-3.47034e-06,-3.49707e-06,0.0984226,-0.7397,-0.479695,-2.78623e-05,-0.00805025,0.0466342,0,0,1
2004-02-11,-0.373118,-0.271157,-0.10196,-7.14908e-06,-3.66011e-06,-3.48897e-06,0.0984226,-0.739738,-0.468581,-2.72925e-05,-0.00740107,0.0467872,0,0,1
2004-02-12,-0.379915,-0.280687,-0.0992281,-7.332e-06,-3.83651e-06,-3.49549e-06,0.0984226,-0.73429,-0.453603,-2.68988e-05,-0.00844404,0.047665,0,0,1
2004-02-13,-0.379956,-0.276729,-0.103227,-7.3241e-06,-3.7623e-06,-3.56179e-06,0.0984226,-0.739987,-0.463258,-2.71273e-05,-0.0152116,0.0473762,0,0,1
2004-02-18,-0.380839,-0.271962,-0.108878,-7.32134e-06,-3.69758e-06,-3.62376e-06,0.0984226,-0.751299,-0.479337,-2.75853e-05,-0.016647,0.0471517,0,0,1
2004-02-19,-0.379754,-0.269637,-0.110117,-7.33243e-06,-3.69823e-06,-3.6342e-06,0.0984226,-0.737588,-0.467951,-2.63304e-05,-0.0109999,0.047509,0,0,1
2004-02-20,-0.388567,-0.287576,-0.100992,-7.60026e-06,-4.00681e-06,-3.59345e-06,0.0984226,-0.735247,-0.447672,-2.60119e-05,-0.0101658,0.0483292,0,0,1
2004-02-24,-0.389581,-0.289196,-0.100385,-7.64217e-06,-4.04252e-06,-3.59965e-06,0.0984226,-0.741668,-0.452472,-2.59878e-05,-0.00944946,0.0477009,0,0,1
2004-02-25,-0.383499,-0.28849,-0.0950089,-7.52087e-06,-4.06483e-06,-3.45604e-06,0.0984226,-0.747957,-0.459467,-2.69901e-05,-0.00858016,0.047774,0,0,1
2004-02-26,-0.380163,-0.285213,-0.0949498,-7.41556e-06,-3.99401e-06,-3.42156e-06,0.0984226,-0.745408,-0.460196,-2.73139e-05,-0.00858712,0.0474872,0,0,1
2004-02-27,-0.305654,-0.289742,-0.0159125,-5.32444e-06,-4.09758e-06,-1.22686e-06,0.272547,-0.60447,-0.314728,-1.6688e-05,-0.00746306,0.0478172,0,0,2
2004-03-02,-0.304885,-0.289993,-0.0148921,-5.31575e-06,-4.09577e-06,-1.21998e-06,0.272547,-0.598251,-0.308259,-1.59894e-05,-0.00500996,0.0479783,0,0,2
2004-03-03,-0.313971,-0.301618,-0.0123523,-5.54075e-06,-4.34023e-06,-1.20052e-06,0.272547,-0.601058,-0.299439,-1.54634e-05,-0.00487172,0.0489176,0,0,2
2004-03-04,-0.317847,-0.309943,-0.00790404,-5.66117e-06,-4.52044e-06,-1.14073e-06,0.272547,-0.591627,-0.281683,-1.50471e-05,-0.00388686,0.0493563,0,0,2
2004-03-05,-0.321092,-0.309355,-0.0117365,-5.70706e-06,-4.51416e-06,-1.19289e-06,0.272547,-0.600891,-0.291536,-1.57408e-05,-0.00191091,0.051581,0,0,2
2004-03-09,-0.322889,-0.308511,-0.0143786,-5.76322e-06,-4.52386e-06,-1.23936e-06,0.272547,-0.593817,-0.285307,-1.55837e-05,0.000164512,0.0515596,0,0,2
2004-03-10,-0.333762,-0.307911,-0.0258512,-5.9084e-06,-4.51362e-06,-1.39478e-06,0.272547,-0.585681,-0.277771,-1.54523e-05,0.00266867,0.0517923,0,0,2
2004-03-11,-0.329311,-0.301332,-0.0279791,-5.78002e-06,-4.38219e-06,-1.39783e-06,0.272547,-0.585142,-0.28381,-1.52893e-05,-0.000183914,0.0522559,0,0,2
2004-03-12,-0.33118,-0.304053,-0.0271262,-5.85298e-06,-4.46065e-06,-1.39233e-06,0.272547,-0.589263,-0.28521,-1.5661e-05,0.00112229,0.0539275,0,0,2
2004-03-16,-0.337782,-0.305569,-0.0322128,-5.95978e-06,-4.49316e-06,-1.46662e-06,0.272547,-0.575086,-0.269517,-1.52391e-05,0.0033518,0.0539861,0,0,2
2004-03-17,-0.338603,-0.306166,-0.0324365,-5.97586e-06,-4.50471e-06,-1.47115e-06,0.272547,-0.571317,-0.26515,-1.48952e-05,0.00700182,0.0539401,0,0,2
2004-03-18,-0.339614,-0.308467,-0.0311469,-5.98044e-06,-4.55349e-06,-1.42694e-06,0.272547,-0.55947,-0.251003,-1.39361e-05,0.0159278,0.0539837,0,0,2
2004-03-19,-0.345063,-0.319258,-0.0258055,-6.13028e-06,-4.75001e-06,-1.38027e-06,0.272547,-0.573187,-0.253929,-1.47191e-05,0.0138268,0.054245,0,0,2
2004-03-23,-0.31198,-0.329935,0.0179552,-5.28492e-06,-4.81884e-06,-4.66074e-07,0.272547,-0.570666,-0.240731,-1.45808e-05,0.0151419,0.0545141,0,0,2
2004-03-24,-0.314059,-0.331726,0.0176667,-5.33632e-06,-4.85866e-06,-4.77657e-07,0.272547,-0.57844,-0.246714,-1.4684e-05,0.0213069,0.0538522,0,0,2
2004-03-25,-0.313633,-0.327056,0.0134228,-5.35034e-06,-4.81523e-06,-5.35106e-07,0.272547,-0.579885,-0.252829,-1.45855e-05,0.0135851,0.0536649,0,0,2
2004-03-26,-0.319827,-0.330903,0.0110758,-5.4811e-06,-4.84086e-06,-6.40237e-07,0.272547,-0.597253,-0.266351,-1.49341e-05,0.0121702,0.0531111,0,0,2
2004-03-30,-0.312927,-0.32134,0.00841305,-5.39467e-06,-4.73936e-06,-6.55309e-07,0.272547,-0.59059,-0.26925,-1.44378e-05,0.0162547,0.0530759,0,0,2
2004-03-31,0.0377392,-0.324576,0.362315,5.98645e-07,-4.81546e-06,5.4141e-06,0.50209,-0.554398,-0.229822,-1.00945e-05,0.0164648,0.0526774,0,0,4
2004-04-01,0.0437883,-0.324038,0.367827,6.88812e-07,-4.81667e-06,5.50548e-06,0.50209,-0.549669,-0.22563,-9.74472e-06,0.016295,0.0531124,0,0,4
2004-04-06,0.0402327,-0.336919,0.377152,6.3354e-07,-4.99021e-06,5.62375e-06,0.50209,-0.537,-0.200081,-9.20587e-06,0.0171989,0.052916,0,0,4
2004-04-07,0.0404827,-0.337393,0.377875,6.39259e-07,-5.00604e-06,5.64529e-06,0.50209,-0.535946,-0.198553,-9.17187e-06,0.0111619,0.0528166,0,0,4
2004-04-08,0.0403574,-0.335828,0.376185,6.35356e-07,-4.98208e-06,5.61743e-06,0.50209,-0.532664,-0.196836,-9.18148e-06,0.0184858,0.0530356,0,0,4
2004-04-13,0.0398113,-0.34214,0.381951,6.24422e-07,-5.07247e-06,5.69689e-06,0.50209,-0.502762,-0.160623,-7.24257e-06,0.00759297,0.0526243,0,0,4
2004-04-14,0.00686027,-0.362397,0.369258,1.11675e-07,-5.60344e-06,5.71511e-06,0.50209,-0.502559,-0.140162,-6.77637e-06,0.00831819,0.0528166,0,0,4
2004-04-15,0.00396835,-0.362942,0.36691,6.44276e-08,-5.60934e-06,5.67377e-06,0.50209,-0.482013,-0.119071,-6.27396e-06,0.00820926,0.0534522,0,0,4
2004-04-16,-0.00078271,-0.366746,0.365964,-1.27738e-08,-5.70408e-06,5.69131e-06,0.50209,-0.484872,-0.118125,-6.11116e-06,0.00308502,0.0532845,0,0,4
2004-04-20,-0.00404667,-0.367269,0.363222,-6.64959e-08,-5.74534e-06,5.67884e-06,0.50209,-0.479757,-0.112489,-5.88598e-06,-0.0030107,0.0541312,0,0,4
2004-04-21,-0.0117234,-0.373908,0.362184,-1.93236e-07,-5.86975e-06,5.67651e-06,0.50209,-0.417702,-0.0437945,-2.65724e-06,0.00161742,0.0529134,0,0,4
2004-04-22,-0.064526,-0.404696,0.34017,-1.12992e-06,-6.78762e-06,5.6577e-06,0.50209,-0.420917,-0.0162216,-1.856e-06,0.00108186,0.0529093,0,0,3
2004-04-23,-0.064585,-0.408411,0.343826,-1.13127e-06,-6.81696e-06,5.68569e-06,0.50209,-0.399914,0.00849704,-1.48206e-06,-0.00245745,0.0535115,0,0,3
2004-04-27,-0.0641049,-0.41007,0.345965,-1.12382e-06,-6.83917e-06,5.71535e-06,0.50209,-0.40294,0.00713031,-1.50702e-06,-0.00606976,0.053277,0,0,4
2004-04-28,-0.0709701,-0.40769,0.33672,-1.23543e-06,-6.80478e-06,5.56934e-06,0.50209,-0.422428,-0.0147388,-5.59798e-07,-0.0163232,0.0506211,0,0,3
2004-04-29,-0.199668,-0.406799,0.207131,-3.96044e-06,-7.14078e-06,3.18035e-06,-0.0918305,-0.190585,0.216214,2.89963e-06,-0.0184781,0.0512817,0,0,3
2004-05-04,-0.203557,-0.407406,0.203849,-4.02464e-06,-7.12913e-06,3.10449e-06,-0.0918305,-0.129601,0.277804,4.25766e-06,-0.0147973,0.0512509,0,0,3
2004-05-05,-0.212245,-0.412589,0.200345,-4.22982e-06,-7.27513e-06,3.04531e-06,-0.0918305,-0.146747,0.265842,3.96343e-06,-0.0158346,0.0517676,0,0,3
2004-05-06,-0.213684,-0.411212,0.197528,-4.25352e-06,-7.24504e-06,2.99152e-06,-0.0918305,-0.141905,0.269307,4.14555e-06,-0.0145376,0.0529524,0,0,3
2004-05-07,-0.214476,-0.409096,0.19462,-4.31851e-06,-7.32201e-06,3.0035e-06,-0.0918305,-0.116143,0.292953,4.95273e-06,-0.0157449,0.0524325,0,0,3
2004-05-11,-0.221037,-0.414954,0.193917,-4.53027e-06,-7.56581e-06,3.03554e-06,-0.0918305,-0.126084,0.28887,4.95664e-06,-0.0141419,0.0520869,0,0,3
2004-05-12,-0.225406,-0.412386,0.186981,-4.5981e-06,-7.53227e-06,2.93417e-06,-0.0918305,-0.141528,0.270858,4.5704e-06,-0.0101786,0.051777,0,0,3
2004-05-13,-0.222869,-0.410755,0.187886,-4.55654e-06,-7.51316e-06,2.95662e-06,-0.0918305,-0.157855,0.2529,4.14852e-06,-0.0101576,0.0523877,0,0,3
2004-05-14,-0.223426,-0.412186,0.18876,-4.56799e-06,-7.53833e-06,2.97033e-06,-0.0918305,-0.159846,0.252339,4.13049e-06,-0.00838314,0.053145,0,0,3
2004-05-18,-0.224211,-0.41199,0.187779,-4.5636e-06,-7.53451e-06,2.97091e-06,-0.0918305,-0.18665,0.22534,3.52587e-06,-0.00699061,0.0531659,0,0,3
2004-05-19,-0.219214,-0.41007,0.190856,-4.48028e-06,-7.50953e-06,3.02925e-06,-0.0918305,-0.215824,0.194246,3.16866e-06,-0.0174966,0.051584,0,0,3
2004-05-20,-0.221692,-0.406455,0.184763,-4.62813e-06,-7.64147e-06,3.01334e-06,-0.0918305,-0.283089,0.123366,2.03402e-06,-0.00425498,0.0510275,0,0,3
2004-05-21,-0.207583,-0.401728,0.194144,-4.35326e-06,-7.62889e-06,3.27563e-06,-0.0918305,-0.257537,0.14419,2.63606e-06,-0.00106246,0.0510288,0,0,3
2004-05-25,-0.212991,-0.410825,0.197834,-4.49759e-06,-7.83084e-06,3.33325e-06,-0.0918305,-0.252592,0.158233,2.91651e-06,-0.00813763,0.0511347,0,0,3
2004-05-26,-0.21358,-0.410996,0.197416,-4.50544e-06,-7.83429e-06,3.32885e-06,-0.0918305,-0.314105,0.0968911,1.22758e-06,-0.00547849,0.0510411,0,0,3
2004-05-27,-0.21396,-0.411282,0.197323,-4.51878e-06,-7.83191e-06,3.31313e-06,-0.0918305,-0.367891,0.0433908,-1.66168e-07,0.00245984,0.0508645,0,0,3
2004-05-28,-0.199421,-0.403235,0.203814,-3.41138e-06,-7.71734e-06,4.30596e-06,-0.062304,-0.0816747,0.32156,6.36418e-06,0.00796821,0.0509172,0,0,3
2004-06-02,-0.209167,-0.403013,0.193846,-3.55515e-06,-7.7126e-06,4.15745e-06,-0.062304,-0.0854052,0.317608,6.28796e-06,0.00117809,0.0509664,0,0,3
2004-06-03,-0.208231,-0.403029,0.194798,-3.53277e-06,-7.71225e-06,4.17949e-06,-0.062304,-0.0714151,0.331614,6.55166e-06,0.00403528,0.0508458,0,0,3
2004-06-04,-0.211244,-0.407434,0.19619,-3.5973e-06,-7.80447e-06,4.20716e-06,-0.062304,-0.0733694,0.334065,6.56425e-06,0.00521273,0.051783,0,0,3
2004-06-08,-0.212583,-0.408863,0.19628,-3.61486e-06,-7.82287e-06,4.20801e-06,-0.062304,-0.0460785,0.362785,7.04518e-06,0.00857891,0.051615,0,0,3
2004-06-09,-0.212844,-0.417574,0.20473,-3.61892e-06,-7.95164e-06,4.33271e-06,-0.062304,-0.052285,0.365289,7.07512e-06,0.0143128,0.0513606,0,0,3
2004-06-10,-0.213308,-0.42056,0.207251,-3.62602e-06,-7.99261e-06,4.36658e-06,-0.062304,-0.0484998,0.37206,7.18969e-06,0.0128605,0.0507312,0,0,3
2004-06-15,-0.211555,-0.415552,0.203997,-3.61291e-06,-7.94839e-06,4.33548e-06,-0.062304,-0.0504761,0.365076,7.096e-06,0.0122344,0.0509556,0,0,3
2004-06-16,-0.211307,-0.41867,0.207363,-3.60859e-06,-7.99128e-06,4.3827e-06,-0.062304,-0.0688146,0.349856,6.86015e-06,0.0170013,0.0504523,0,0,3
2004-06-17,-0.211229,-0.421456,0.210227,-3.63308e-06,-8.07287e-06,4.43979e-06,-0.062304,-0.0766252,0.344831,6.81001e-06,0.0112005,0.0504242,0,0,3
2004-06-18,-0.210285,-0.42104,0.210755,-3.62339e-06,-8.073e-06,4.44961e-06,-0.062304,-0.0913515,0.329689,6.58001e-06,0.00598411,0.0498167,0,0,3
2004-06-22,-0.204556,-0.414625,0.210069,-3.53679e-06,-7.97985e-06,4.44306e-06,-0.062304,-0.100043,0.314582,6.32897e-06,0.00399221,0.0498463,0,0,3
2004-06-23,-0.206151,-0.414315,0.208164,-3.56016e-06,-7.9725e-06,4.41234e-06,-0.062304,-0.0807325,0.333582,6.58303e-06,-0.00114509,0.0500328,0,0,3
2004-06-24,-0.207955,-0.41519,0.207235,-3.60185e-06,-8.01291e-06,4.41106e-06,-0.062304,-0.0672144,0.347975,6.84717e-06,-0.00259038,0.0501533,0,0,3
2004-06-25,-0.206678,-0.414749,0.208071,-3.57427e-06,-7.99761e-06,4.42334e-06,-0.062304,-0.063838,0.350911,6.82523e-06,0.000733061,0.0510405,0,0,3
2004-06-29,-0.205559,-0.413416,0.207857,-3.56606e-06,-7.98311e-06,4.41705e-06,-0.062304,-0.090914,0.322502,6.30173e-06,0.00630622,0.0506596,0,0,3
2004-06-30,-0.0343688,-0.414838,0.380469,-6.73283e-07,-8.00065e-06,7.32737e-06,0.641541,-0.106391,0.308446,5.68617e-06,0.0011128,0.0495177,0,0,4
2004-07-01,-0.0344551,-0.405924,0.371469,-6.74772e-07,-7.88342e-06,7.20865e-06,0.641541,-0.0769042,0.32902,6.14159e-06,-6.47332e-05,0.0503199,0,0,4
2004-07-07,-0.03311,-0.40262,0.36951,-6.51855e-07,-7.79279e-06,7.14093e-06,0.641541,-0.107201,0.295419,5.43195e-06,0.0122903,0.0479797,0,0,4
2004-07-08,-0.0173426,-0.384037,0.366694,-3.45145e-07,-7.51908e-06,7.17394e-06,0.641541,-0.109376,0.274661,5.10421e-06,0.0137681,0.0483055,0,0,4
2004-07-09,-0.0169327,-0.390009,0.373077,-3.36445e-07,-7.60401e-06,7.26756e-06,0.641541,-0.0840655,0.305944,5.68521e-06,0.00618884,0.0486093,0,0,4
2004-07-13,-0.0177176,-0.390335,0.372617,-3.51735e-07,-7.60067e-06,7.24893e-06,0.641541,-0.109842,0.280492,5.08398e-06,0.00194581,0.0478376,0,0,4
2004-07-14,-0.0140672,-0.385121,0.371053,-2.77639e-07,-7.51829e-06,7.24065e-06,0.641541,-0.132733,0.252387,4.61185e-06,0.00826593,0.0459579,0,0,4
2004-07-15,-0.0150438,-0.381563,0.366519,-2.98727e-07,-7.52205e-06,7.22332e-06,0.641541,-0.162282,0.219281,3.84457e-06,0.00259405,0.0460068,0,0,4
2004-07-16,-0.0151518,-0.383067,0.367915,-3.00998e-07,-7.52551e-06,7.22452e-06,0.641541,-0.177441,0.205625,3.39436e-06,0.00303927,0.0460081,0,0,4
2004-07-20,-0.0176785,-0.38103,0.363352,-3.50144e-07,-7.41455e-06,7.0644e-06,0.641541,-0.184529,0.196502,3.05902e-06,0.00228989,0.046212,0,0,4
2004-07-21,-0.0181661,-0.385232,0.367066,-3.59257e-07,-7.4689e-06,7.10964e-06,0.641541,-0.166436,0.218796,3.56077e-06,-0.00520649,0.0499036,0,0,4
2004-07-22,-0.0220341,-0.385146,0.363112,-4.36869e-07,-7.5151e-06,7.07823e-06,0.641541,-0.1702,0.214946,3.5454e-06,-0.00814169,0.0496464,0,0,4
2004-07-23,-0.0214334,-0.382713,0.36128,-4.26234e-07,-7.48338e-06,7.05715e-06,0.641541,-0.212474,0.170239,2.26066e-06,-0.00447136,0.0501875,0,0,4
2004-07-27,-0.0230726,-0.38232,0.359248,-4.58973e-07,-7.46258e-06,7.0036e-06,0.641541,-0.216551,0.16577,2.10391e-06,0.00208062,0.0502485,0,0,4
2004-07-28,-0.022086,-0.382253,0.360167,-4.37442e-07,-7.46505e-06,7.02761e-06,0.641541,-0.214237,0.168016,2.14715e-06,0.00428273,0.0497871,0,0,4
2004-07-29,-0.0228912,-0.380914,0.358022,-4.54548e-07,-7.47054e-06,7.01599e-06,0.641541,-0.256403,0.124511,7.41778e-07,0.00507973,0.0498388,0,0,4
2004-07-30,-0.567272,-0.380907,-0.186365,-1.26e-05,-7.44971e-06,-5.15034e-06,0.0619722,-0.493738,-0.112831,-6.41988e-06,0.00493622,0.0504873,0,0,1
2004-08-03,-0.567928,-0.380342,-0.187586,-1.26141e-05,-7.43613e-06,-5.178e-06,0.0619722,-0.528799,-0.148457,-7.8383e-06,0.0128106,0.0507487,0,0,1
2004-08-04,-0.568803,-0.378734,-0.190068,-1.26275e-05,-7.41158e-06,-5.21588e-06,0.0619722,-0.543119,-0.164384,-8.58807e-06,0.0191154,0.0512834,0,0,1
2004-08-05,-0.569085,-0.382469,-0.186616,-1.26397e-05,-7.47167e-06,-5.16802e-06,0.0619722,-0.542358,-0.159889,-8.60033e-06,0.0234506,0.051534,0,0,1
2004-08-06,-0.573672,-0.382465,-0.191207,-1.26951e-05,-7.47246e-06,-5.2226e-06,0.0619722,-0.545144,-0.162679,-8.67013e-06,0.0244053,0.0514582,0,0,1
2004-08-10,-0.570832,-0.383765,-0.187066,-1.25858e-05,-7.48568e-06,-5.10013e-06,0.0619722,-0.544843,-0.161078,-8.68123e-06,0.0173501,0.0514758,0,0,1
2004-08-11,-0.569237,-0.385709,-0.183529,-1.2491e-05,-7.5043e-06,-4.98674e-06,0.0619722,-0.544216,-0.158507,-8.52095e-06,0.0154241,0.0515891,0,0,1
2004-08-12,-0.573897,-0.394643,-0.179254,-1.27786e-05,-7.80431e-06,-4.97433e-06,0.0619722,-0.555021,-0.160378,-8.4327e-06,0.00927785,0.0511251,0,0,1
2004-08-13,-0.571351,-0.396362,-0.174989,-1.27395e-05,-7.82957e-06,-4.9099e-06,0.0619722,-0.554661,-0.1583,-8.53015e-06,0.00570691,0.051036,0,0,1
2004-08-17,-0.572437,-0.395263,-0.177174,-1.27586e-05,-7.81192e-06,-4.94672e-06,0.0619722,-0.57866,-0.183398,-8.90821e-06,0.00579076,0.050536,0,0,1
2004-08-18,-0.566956,-0.391087,-0.175869,-1.27064e-05,-7.77408e-06,-4.93229e-06,0.0619722,-0.56885,-0.177763,-8.76554e-06,0.00739173,0.0505895,0,0,1
2004-08-19,-0.568015,-0.393165,-0.17485,-1.27076e-05,-7.8024e-06,-4.90522e-06,0.0619722,-0.499452,-0.106287,-7.29352e-06,0.00907273,0.0509382,0,0,1
2004-08-20,-0.57015,-0.396517,-0.173633,-1.28181e-05,-7.90896e-06,-4.90912e-06,0.0619722,-0.525791,-0.129274,-7.89515e-06,0.0132411,0.0503774,0,0,1
2004-08-24,-0.565151,-0.391845,-0.173306,-1.27536e-05,-7.84734e-06,-4.90628e-06,0.0619722,-0.51328,-0.121435,-7.25359e-06,0.018067,0.0509316,0,0,1
2004-08-25,-0.574075,-0.39853,-0.175545,-1.30383e-05,-8.06441e-06,-4.9739e-06,0.0619722,-0.510154,-0.111624,-7.02126e-06,0.0166891,0.0511445,0,0,1
2004-08-31,0.297994,-0.398321,0.696316,4.80975e-06,-8.0592e-06,1.28689e-05,0.473047,0.454974,0.853296,1.60818e-05,0.0199756,0.0522372,0,0,4
2004-09-01,0.298122,-0.393202,0.691325,4.81953e-06,-7.97532e-06,1.27949e-05,0.473047,0.437438,0.83064,1.59552e-05,0.0203854,0.0526288,0,0,4
2004-09-02,0.297661,-0.394489,0.692151,4.81402e-06,-7.99688e-06,1.28109e-05,0.473047,0.434205,0.828694,1.58804e-05,0.0140772,0.0521682,0,0,4
2004-09-03,0.29951,-0.389047,0.688557,4.86098e-06,-7.89216e-06,1.27531e-05,0.473047,0.431612,0.820659,1.54661e-05,0.00477491,0.0504833,0,0,4
2004-09-08,0.30654,-0.376322,0.682863,5.03149e-06,-7.74306e-06,1.27745e-05,0.473047,0.436383,0.812705,1.5467e-05,0.00821257,0.050986,0,0,4
2004-09-09,0.307076,-0.377928,0.685005,5.03981e-06,-7.76009e-06,1.27999e-05,0.473047,0.44253,0.820459,1.55518e-05,0.010039,0.0510653,0,0,4
2004-09-10,0.305121,-0.378721,0.683842,5.01327e-06,-7.78028e-06,1.27935e-05,0.473047,0.443057,0.821778,1.55464e-05,0.0106951,0.0509867,0,0,4
2004-09-14,0.306577,-0.380295,0.686872,5.03413e-06,-7.80517e-06,1.28393e-05,0.473047,0.419371,0.799666,1.51664e-05,0.00422136,0.0502963,0,0,4
2004-09-15,0.308603,-0.376892,0.685495,5.08417e-06,-7.75078e-06,1.2835e-05,0.473047,0.42846,0.805351,1.53274e-05,-0.00218706,0.0518171,0,0,4
2004-09-16,0.308286,-0.368645,0.676931,5.08236e-06,-7.59255e-06,1.26749e-05,0.473047,0.419551,0.788196,1.49113e-05,-0.000929181,0.0510844,0,0,4
2004-09-17,0.315414,-0.363054,0.678468,5.2008e-06,-7.50904e-06,1.27098e-05,0.473047,0.410346,0.7734,1.47072e-05,-0.00550092,0.0509612,0,0,4
2004-09-21,0.315914,-0.359314,0.675227,5.21796e-06,-7.43657e-06,1.26545e-05,0.473047,0.401585,0.760899,1.41857e-05,0.00215787,0.0493625,0,0,4
2004-09-22,0.322035,-0.350608,0.672644,5.37396e-06,-7.33126e-06,1.27052e-05,0.473047,0.409709,0.760317,1.4298e-05,-0.00361137,0.0495189,0,0,4
2004-09-28,0.325575,-0.351392,0.676967,5.41509e-06,-7.32283e-06,1.27379e-05,0.473047,0.411279,0.762671,1.43557e-05,-0.00475281,0.0493838,0,0,4
2004-09-29,0.0612534,-0.349242,0.410495,1.09552e-06,-7.26026e-06,8.35578e-06,0.0668608,-0.0657401,0.283502,6.07889e-06,-0.00571035,0.0493876,0,0,4
2004-10-05,0.0584132,-0.349254,0.407667,1.04541e-06,-7.27039e-06,8.3158e-06,0.0668608,-0.0686005,0.280653,6.07637e-06,0.00293181,0.0485305,0,0,4
2004-10-06,0.0588564,-0.346495,0.405351,1.06012e-06,-7.26722e-06,8.32734e-06,0.0668608,-0.0759457,0.270549,5.87081e-06,0.000545864,0.0493682,0,0,4
2004-10-07,0.0593083,-0.346006,0.405315,1.06903e-06,-7.25932e-06,8.32836e-06,0.0668608,-0.0889247,0.257082,5.60406e-06,-0.00210181,0.0493203,0,0,4
2004-10-08,0.0597024,-0.345291,0.404994,1.07515e-06,-7.24434e-06,8.31949e-06,0.0668608,-0.06241,0.282881,6.08679e-06,-0.000171807,0.049352,0,0,4
2004-10-12,0.0569813,-0.35038,0.407361,1.02649e-06,-7.35362e-06,8.38011e-06,0.0668608,-0.0483448,0.302035,6.46634e-06,-0.00556207,0.048691,0,0,4
2004-10-13,0.0557101,-0.347706,0.403416,1.01142e-06,-7.36153e-06,8.37295e-06,0.0668608,0.0591472,0.406853,8.32305e-06,-0.00711951,0.0486919,0,0,4
2004-10-14,0.0254491,-0.364516,0.389965,4.78181e-07,-7.87872e-06,8.3569e-06,0.0668608,0.0597134,0.424229,8.85164e-06,0.0039544,0.0490158,0,0,4
2004-10-15,0.0250628,-0.365312,0.390375,4.71261e-07,-7.89903e-06,8.37029e-06,0.0668608,0.0748648,0.440177,9.13539e-06,0.00276743,0.0490113,0,0,4
2004-10-19,0.0251512,-0.365602,0.390754,4.72541e-07,-7.91006e-06,8.3826e-06,0.0668608,0.0882446,0.453847,9.34539e-06,0.00884912,0.0488178,0,0,4
2004-10-20,0.0219354,-0.367431,0.389366,4.13766e-07,-7.97702e-06,8.39079e-06,0.0668608,0.104693,0.472124,9.69842e-06,0.0095056,0.0507892,0,0,4
2004-10-21,0.0199831,-0.367575,0.387558,3.76485e-07,-7.98664e-06,8.36313e-06,0.0668608,0.0967081,0.464283,9.59368e-06,0.00682761,0.0516844,0,0,4
2004-10-22,0.0221418,-0.365979,0.388121,4.16893e-07,-7.94227e-06,8.35917e-06,0.0668608,0.0884112,0.45439,9.43972e-06,0.00664227,0.0515607,0,0,4
2004-10-26,0.0229883,-0.364788,0.387776,4.32987e-07,-7.91934e-06,8.35233e-06,0.0668608,0.0900839,0.454872,9.44884e-06,0.00332797,0.051736,0,0,4
2004-10-27,0.0218554,-0.364208,0.386063,4.09829e-07,-7.8915e-06,8.30133e-06,0.0668608,0.0992833,0.463491,9.5582e-06,0.0106466,0.0515939,0,0,4
2004-10-28,0.0225969,-0.365628,0.388225,4.2481e-07,-7.93204e-06,8.35685e-06,0.0668608,0.101708,0.467337,9.63311e-06,0.00845692,0.0518304,0,0,4
2004-10-29,0.177929,-0.366793,0.544722,3.88676e-06,-7.98036e-06,1.18671e-05,0.383777,0.153198,0.51999,1.04867e-05,0.000285564,0.0504005,0,0,4
2004-11-02,0.179881,-0.358222,0.538103,3.94389e-06,-7.8488e-06,1.17927e-05,0.383777,0.257666,0.615888,1.23159e-05,0.00338567,0.051037,0,0,4
2004-11-03,0.174147,-0.3613,0.535447,3.82261e-06,-7.91699e-06,1.17396e-05,0.383777,0.298101,0.659401,1.33162e-05,0.00183554,0.0524677,0,0,4
2004-11-04,0.170453,-0.361248,0.531701,3.71399e-06,-7.91846e-06,1.16324e-05,0.383777,0.308204,0.669452,1.34153e-05,0.00474718,0.0517032,0,0,4
2004-11-05,0.17269,-0.355105,0.527795,3.79098e-06,-7.82954e-06,1.16205e-05,0.383777,0.308159,0.663264,1.32748e-05,0.010169,0.0514565,0,0,4
2004-11-09,0.176142,-0.351789,0.527931,3.86053e-06,-7.75245e-06,1.1613e-05,0.383777,0.322057,0.673846,1.35598e-05,0.0138177,0.0519397,0,0,4
2004-11-10,0.17911,-0.348462,0.527572,3.91822e-06,-7.66809e-06,1.15863e-05,0.383777,0.307949,0.656411,1.31587e-05,0.00660731,0.0517526,0,0,4
2004-11-11,0.182342,-0.344139,0.526481,3.99046e-06,-7.57386e-06,1.15643e-05,0.383777,0.308898,0.653037,1.31349e-05,0.00614085,0.0518232,0,0,4
2004-11-12,0.185475,-0.342995,0.52847,4.04845e-06,-7.53554e-06,1.1584e-05,0.383777,0.309216,0.652211,1.30941e-05,0.0106539,0.0518076,0,0,4
2004-11-16,0.185706,-0.34525,0.530956,4.05305e-06,-7.56949e-06,1.16225e-05,0.383777,0.320512,0.665761,1.34162e-05,0.0119553,0.0518117,0,0,4
2004-11-17,0.188607,-0.344714,0.533321,4.10858e-06,-7.53949e-06,1.16481e-05,0.383777,0.321407,0.666121,1.34269e-05,0.00849937,0.0518128,0,0,4
2004-11-18,0.188371,-0.344718,0.533089,4.09833e-06,-7.53949e-06,1.16378e-05,0.383777,0.327436,0.672154,1.35343e-05,0.00871567,0.051633,0,0,4
2004-11-19,0.186797,-0.344121,0.530918,4.07438e-06,-7.54263e-06,1.1617e-05,0.383777,0.258606,0.602727,1.1812e-05,-0.00811009,0.0485039,0,0,4
2004-11-23,0.199363,-0.320915,0.520278,4.4206e-06,-7.1579e-06,1.15785e-05,0.383777,0.263188,0.584103,1.16356e-05,-0.00389271,0.0485767,0,0,4
2004-11-24,0.199499,-0.321166,0.520665,4.42458e-06,-7.16232e-06,1.15869e-05,0.383777,0.295982,0.617148,1.1909e-05,-0.00581043,0.0479592,0,0,4
2004-11-30,0.204389,-0.321356,0.525745,4.62164e-06,-7.22726e-06,1.18489e-05,0.37528,0.360572,0.681928,1.34496e-05,-0.00770506,0.0480482,0,0,4
2004-12-01,0.200034,-0.320118,0.520152,4.51594e-06,-7.19213e-06,1.17081e-05,0.37528,0.363574,0.683691,1.3529e-05,-0.0111534,0.048179,0,0,4
2004-12-02,0.198929,-0.320166,0.519096,4.48525e-06,-7.19357e-06,1.16788e-05,0.37528,0.382113,0.702279,1.37445e-05,-0.0114654,0.0481238,0,0,4
2004-12-03,0.192959,-0.321432,0.514391,4.3578e-06,-7.24588e-06,1.16037e-05,0.37528,0.390067,0.711499,1.38684e-05,-0.00733958,0.0475369,0,0,4
2004-12-07,0.195204,-0.313398,0.508602,4.42179e-06,-7.03628e-06,1.14581e-05,0.37528,0.403164,0.716562,1.35849e-05,-0.0127101,0.0464374,0,0,4
2004-12-08,0.191335,-0.310746,0.50208,4.36105e-06,-7.03535e-06,1.13964e-05,0.37528,0.475547,0.786292,1.42404e-05,-0.00106261,0.0459745,0,0,4
2004-12-09,0.179389,-0.314459,0.493848,4.13425e-06,-7.19996e-06,1.13342e-05,0.37528,0.46118,0.775639,1.42634e-05,0.00294769,0.0457972,0,0,4
2004-12-10,0.177209,-0.313174,0.490384,4.08897e-06,-7.17559e-06,1.12646e-05,0.37528,0.460559,0.773733,1.42273e-05,-0.00204217,0.0457072,0,0,4
2004-12-14,0.176755,-0.312133,0.488888,4.08283e-06,-7.15162e-06,1.12345e-05,0.37528,0.461889,0.774022,1.42253e-05,-0.00292815,0.0457005,0,0,4
2004-12-15,0.182361,-0.307168,0.489529,4.19282e-06,-6.98806e-06,1.11809e-05,0.37528,0.49245,0.799618,1.45247e-05,0.00151069,0.0455545,0,0,4
2004-12-21,0.179916,-0.307983,0.487899,4.1492e-06,-7.02136e-06,1.11706e-05,0.37528,0.48666,0.794643,1.44935e-05,-0.00100009,0.0453885,0,0,4
2004-12-22,0.18046,-0.305607,0.486067,4.16314e-06,-6.96502e-06,1.11282e-05,0.37528,0.499566,0.805173,1.48953e-05,-0.000248297,0.0454624,0,0,4
2004-12-23,0.181682,-0.303024,0.484706,4.18646e-06,-6.88356e-06,1.107e-05,0.37528,0.494831,0.797855,1.46624e-05,0.0045788,0.0454878,0,0,4
2004-12-28,0.183057,-0.299587,0.482644,4.22394e-06,-6.79721e-06,1.10211e-05,0.37528,0.484603,0.78419,1.45226e-05,0.000830555,0.0454475,0,0,4
2004-12-29,0.18058,-0.299634,0.480214,4.15552e-06,-6.79924e-06,1.09548e-05,0.37528,0.489203,0.788836,1.45981e-05,-0.00162903,0.045001,0,0,4
2004-12-30,0.011683,-0.297672,0.309355,2.75206e-07,-6.76767e-06,7.04288e-06,-0.0490036,0.274356,0.572027,1.09266e-05,-0.00552521,0.0446003,0,0,3
2005-01-04,0.00906367,-0.295234,0.304297,2.12789e-07,-6.71007e-06,6.92286e-06,-0.0490036,0.261647,0.55688,1.06621e-05,0.0015057,0.0446906,0,0,3
2005-01-05,0.013119,-0.292634,0.305753,3.08182e-07,-6.66502e-06,6.9732e-06,-0.0490036,0.271672,0.564306,1.08864e-05,0.00283336,0.0445466,0,0,3
2005-01-06,0.0139964,-0.292372,0.306368,3.29135e-07,-6.67191e-06,7.00105e-06,-0.0490036,0.224279,0.516651,1.00125e-05,0.00659464,0.0424983,0,0,3
2005-01-11,0.0222745,-0.285869,0.308144,5.23775e-07,-6.55321e-06,7.07699e-06,-0.0490036,0.226992,0.512861,9.87802e-06,0.00286938,0.041958,0,0,3
2005-01-12,0.0215263,-0.285629,0.307156,5.07173e-07,-6.55637e-06,7.06354e-06,-0.0490036,0.255202,0.540831,1.02632e-05,0.000782508,0.0424645,0,0,3
2005-01-13,0.0197216,-0.28658,0.306302,4.65507e-07,-6.60006e-06,7.06556e-06,-0.0490036,0.263562,0.550142,1.03152e-05,-0.00340557,0.0424526,0,0,3
2005-01-19,0.0195561,-0.285664,0.305221,4.62849e-07,-6.59147e-06,7.05431e-06,-0.0490036,0.252096,0.53776,1.0101e-05,0.00562487,0.0421772,0,0,3
2005-01-20,0.0195292,-0.284582,0.304112,4.6229e-07,-6.57208e-06,7.03437e-06,-0.0490036,0.262865,0.547447,1.02619e-05,0.00323222,0.0432615,0,0,3
2005-01-25,0.0189457,-0.283436,0.302382,4.48105e-07,-6.53607e-06,6.98418e-06,-0.0490036,0.274731,0.558167,1.04587e-05,0.00531306,0.0447966,0,0,3
2005-01-26,0.0184765,-0.28199,0.300467,4.36812e-07,-6.48913e-06,6.92594e-06,-0.0490036,0.302892,0.584882,1.07381e-05,0.00444598,0.0449569,0,0,3
2005-01-27,0.0137764,-0.28482,0.298596,3.26803e-07,-6.58025e-06,6.90705e-06,-0.0490036,0.245011,0.529831,9.84711e-06,-0.00638702,0.0425412,0,0,3
2005-01-28,-0.0309007,-0.271041,0.240141,-6.97294e-07,-6.31868e-06,5.62139e-06,0.0236962,0.135184,0.406226,7.98375e-06,-0.00815949,0.0426994,0,0,3
2005-02-01,-0.0316923,-0.269725,0.238032,-7.14415e-07,-6.27841e-06,5.564e-06,0.0236962,0.125639,0.395363,7.80306e-06,-0.00940272,0.0423828,0,0,3
2005-02-02,-0.0337962,-0.268665,0.234868,-7.61062e-07,-6.26381e-06,5.50275e-06,0.0236962,0.118005,0.38667,7.69955e-06,-0.0145764,0.0423795,0,0,3
2005-02-03,-0.0337653,-0.270842,0.237077,-7.5792e-07,-6.31501e-06,5.55709e-06,0.0236962,0.0972781,0.36812,7.54224e-06,-0.0142967,0.0423581,0,0,3
2005-02-04,-0.0304294,-0.272054,0.241624,-6.78492e-07,-6.33983e-06,5.66134e-06,0.0236962,0.129784,0.401837,8.00368e-06,-0.0131299,0.0425318,0,0,3
2005-02-08,-0.0314481,-0.271035,0.239587,-7.01479e-07,-6.30708e-06,5.6056e-06,0.0236962,0.12828,0.399315,7.94517e-06,-0.0106067,0.0425077,0,0,3
2005-02-09,-0.03249,-0.268247,0.235757,-7.24344e-07,-6.2257e-06,5.50136e-06,0.0236962,0.0894083,0.357655,7.40828e-06,-0.00889024,0.0437421,0,0,3
2005-02-10,-0.0431422,-0.262678,0.219536,-9.49454e-07,-6.04337e-06,5.09392e-06,0.0236962,0.0563536,0.319031,6.76857e-06,-0.00561894,0.0431542,0,0,3
2005-02-11,-0.0330743,-0.255599,0.222525,-7.26608e-07,-5.88077e-06,5.15417e-06,0.0236962,0.0574313,0.313031,6.63888e-06,-0.00527788,0.043374,0,0,3
2005-02-15,-0.0326355,-0.255662,0.223026,-7.15964e-07,-5.86725e-06,5.15129e-06,0.0236962,0.0702153,0.325877,6.78319e-06,-0.0026527,0.0433903,0,0,3
2005-02-16,-0.0339896,-0.255453,0.221463,-7.45687e-07,-5.86227e-06,5.11658e-06,0.0236962,0.0711432,0.326596,6.79271e-06,-0.00606283,0.0433741,0,0,3
2005-02-17,-0.0343399,-0.2533,0.21896,-7.54086e-07,-5.81905e-06,5.06497e-06,0.0236962,0.0736032,0.326903,6.78459e-06,-0.00616995,0.0433968,0,0,3
2005-02-18,-0.0408147,-0.253745,0.212931,-8.91904e-07,-5.83223e-06,4.94033e-06,0.0236962,0.0780275,0.331773,6.85819e-06,0.00165213,0.0430788,0,0,3
2005-02-23,-0.0389879,-0.252219,0.213231,-8.53491e-07,-5.80383e-06,4.95034e-06,0.0236962,0.103085,0.355304,7.1946e-06,0.00343136,0.0431403,0,0,3
2005-02-24,-0.038004,-0.253349,0.215345,-8.31188e-07,-5.82385e-06,4.99267e-06,0.0236962,0.107451,0.360799,7.28424e-06,0.00426454,0.0438802,0,0,3
2005-02-25,-0.176401,-0.254119,0.0777172,-5.13018e-06,-5.83976e-06,7.09578e-07,-0.0368034,0.232599,0.486717,1.05396e-05,0.0133544,0.04443,0,0,2
2005-03-01,-0.155574,-0.24823,0.0926563,-4.59873e-06,-5.79904e-06,1.20031e-06,-0.0368034,0.225682,0.473913,1.02917e-05,0.00619393,0.0437836,0,0,2
2005-03-02,-0.153477,-0.245047,0.0915699,-4.54725e-06,-5.75002e-06,1.20278e-06,-0.0368034,0.227884,0.472931,1.03794e-05,0.00848189,0.0437378,0,0,2
2005-03-03,-0.152835,-0.24505,0.0922149,-4.51608e-06,-5.75165e-06,1.23557e-06,-0.0368034,0.2271,0.472151,1.03643e-05,0.00486526,0.0435483,0,0,2
2005-03-04,-0.158564,-0.240798,0.0822345,-4.63269e-06,-5.63263e-06,9.99937e-07,-0.0368034,0.247012,0.487811,1.06638e-05,0.00547458,0.0440284,0,0,2
2005-03-08,-0.161635,-0.236795,0.0751603,-4.719e-06,-5.5068e-06,7.87806e-07,-0.0368034,0.27724,0.514035,1.09987e-05,0.010083,0.0437342,0,0,2
2005-03-09,-0.163385,-0.24114,0.077755,-4.7743e-06,-5.63468e-06,8.60384e-07,-0.0368034,0.267843,0.508982,1.10362e-05,0.0110017,0.0437893,0,0,2
2005-03-10,-0.165581,-0.241799,0.0762182,-4.82355e-06,-5.64566e-06,8.22104e-07,-0.0368034,0.248593,0.490393,1.06661e-05,0.0140363,0.0429993,0,0,2
2005-03-15,-0.160553,-0.239303,0.0787504,-4.67208e-06,-5.59898e-06,9.26896e-07,-0.0368034,0.230268,0.469572,1.02111e-05,0.0203828,0.0410258,0,0,2
2005-03-16,-0.153269,-0.2307,0.0774318,-4.45386e-06,-5.43305e-06,9.79191e-07,-0.0368034,0.256988,0.487688,1.04382e-05,0.0164806,0.0408271,0,0,2
2005-03-17,-0.154252,-0.228918,0.0746665,-4.49539e-06,-5.38817e-06,8.92788e-07,-0.0368034,0.253884,0.482802,1.0377e-05,0.013801,0.0407968,0,0,2
2005-03-18,-0.514045,-0.219121,-0.294925,-1.33589e-05,-5.09444e-06,-8.26445e-06,-0.312735,-0.32784,-0.108719,7.81476e-08,0.00771247,0.0401197,0,0,1
2005-04-05,-0.520097,-0.210472,-0.309625,-1.34673e-05,-4.85733e-06,-8.60994e-06,-0.312735,-0.327228,-0.116756,-1.93429e-07,0.00765991,0.0404955,0,0,1
2005-04-06,-0.51803,-0.208236,-0.309794,-1.33945e-05,-4.8148e-06,-8.57971e-06,-0.312735,-0.33668,-0.128444,-4.406e-07,0.00941366,0.0408927,0,0,1
2005-04-07,-0.525182,-0.209128,-0.316054,-1.34659e-05,-4.81202e-06,-8.65385e-06,-0.312735,-0.335735,-0.126607,-4.55683e-07,0.00883483,0.0419767,0,0,1
2005-04-08,-0.52547,-0.210273,-0.315198,-1.3482e-05,-4.84551e-06,-8.63646e-06,-0.312735,-0.33753,-0.127258,-4.57314e-07,0.00769616,0.0420097,0,0,1
2005-04-22,-0.527808,-0.208204,-0.319605,-1.35574e-05,-4.78722e-06,-8.77014e-06,-0.312735,-0.358074,-0.14987,-1.10041e-06,0.00378942,0.0420576,0,0,1
2005-04-26,-0.527799,-0.204955,-0.322844,-1.35562e-05,-4.69314e-06,-8.86307e-06,-0.312735,-0.345959,-0.141003,-9.80524e-07,0.00564034,0.0420379,0,0,1
2005-04-27,-0.527409,-0.205648,-0.321761,-1.35282e-05,-4.71127e-06,-8.81691e-06,-0.312735,-0.356135,-0.150487,-9.83977e-07,-0.000299731,0.0408835,0,0,1
2005-04-28,-0.530401,-0.203204,-0.327197,-1.36149e-05,-4.68574e-06,-8.92921e-06,-0.312735,-0.34637,-0.143166,-7.74745e-07,-0.00146169,0.0409213,0,0,1
2005-04-29,-0.132533,-0.200168,0.0676351,-2.72704e-06,-4.59542e-06,1.86837e-06,-0.498189,0.00504067,0.205208,4.65837e-06,0.00165456,0.0410338,0,0,2
2005-05-03,-0.13252,-0.200476,0.0679565,-2.72395e-06,-4.60571e-06,1.88176e-06,-0.498189,0.00650394,0.20698,4.6866e-06,-0.00320665,0.0417964,0,0,2
2005-05-04,-0.134347,-0.199576,0.065229,-2.75784e-06,-4.57685e-06,1.81902e-06,-0.498189,0.0166873,0.216263,4.78289e-06,0.00164191,0.0416487,0,0,2
2005-05-05,-0.143308,-0.206541,0.0632328,-2.92562e-06,-4.72409e-06,1.79847e-06,-0.498189,0.0371805,0.243722,5.20662e-06,-0.00458154,0.0460521,0,0,2
2005-05-06,-0.144566,-0.206677,0.0621116,-2.94727e-06,-4.73043e-06,1.78316e-06,-0.498189,0.0375594,0.244237,5.21591e-06,-0.00893864,0.0461179,0,0,2
2005-05-10,-0.146675,-0.201592,0.0549166,-2.98783e-06,-4.58689e-06,1.59906e-06,-0.498189,0.0474747,0.249066,5.21627e-06,-0.0103283,0.0461561,0,0,2
2005-05-11,-0.13219,-0.195256,0.0630662,-2.63684e-06,-4.39114e-06,1.7543e-06,-0.498189,0.0605386,0.255795,5.20441e-06,-0.0156005,0.0459947,0,0,2
2005-05-12,-0.135362,-0.191929,0.0565667,-2.69176e-06,-4.30352e-06,1.61175e-06,-0.498189,0.0897281,0.281657,5.47644e-06,-0.0140416,0.0461102,0,0,2
2005-05-13,-0.140224,-0.195105,0.0548813,-2.80429e-06,-4.3932e-06,1.58892e-06,-0.498189,0.091951,0.287056,5.58727e-06,-0.0141436,0.0465504,0,0,2
2005-05-17,-0.149675,-0.195605,0.0459309,-2.9723e-06,-4.40724e-06,1.43494e-06,-0.498189,0.0926605,0.288266,5.61109e-06,-0.0131105,0.0466097,0,0,2
2005-05-18,-0.150754,-0.193528,0.0427742,-2.97997e-06,-4.34844e-06,1.36848e-06,-0.498189,0.0879044,0.281433,5.48866e-06,-0.0137673,0.04653,0,0,2
2005-05-19,-0.149416,-0.19569,0.0462744,-2.94903e-06,-4.38806e-06,1.43903e-06,-0.498189,0.0875348,0.283225,5.51798e-06,-0.0104944,0.0466761,0,0,2
2005-05-20,-0.159848,-0.200934,0.041086,-3.12592e-06,-4.4908e-06,1.36489e-06,-0.498189,0.121671,0.322605,5.99272e-06,-0.00706224,0.0465674,0,0,2
2005-05-24,-0.177165,-0.206003,0.0288378,-3.44245e-06,-4.59263e-06,1.15018e-06,-0.498189,0.126222,0.332225,6.17785e-06,-0.00503257,0.0462608,0,0,2
2005-05-25,-0.17841,-0.203295,0.0248851,-3.45983e-06,-4.53823e-06,1.07841e-06,-0.498189,0.185572,0.388867,6.78555e-06,-0.00835124,0.0468807,0,0,2
2005-05-26,-0.184799,-0.209896,0.025097,-3.60407e-06,-4.71109e-06,1.10702e-06,-0.498189,0.170945,0.38084,6.80987e-06,-0.00663778,0.046863,0,0,2
2005-05-27,0.013134,-0.209357,0.222491,2.45607e-07,-4.69543e-06,4.94104e-06,0.582444,0.386116,0.595473,9.52721e-06,-0.00832751,0.0470096,0,0,3
2005-06-01,0.0132979,-0.210154,0.223452,2.48435e-07,-4.71898e-06,4.96741e-06,0.582444,0.373645,0.583799,9.3369e-06,-0.00105837,0.0469925,0,0,3
2005-06-02,0.014395,-0.209747,0.224142,2.67969e-07,-4.71329e-06,4.98126e-06,0.582444,0.39506,0.604808,9.72373e-06,-0.00310427,0.0472848,0,0,3
2005-06-03,0.0138555,-0.209637,0.223493,2.57895e-07,-4.70892e-06,4.96682e-06,0.582444,0.373941,0.583578,9.5363e-06,-0.00330342,0.0473381,0,0,3
2005-06-07,0.0149162,-0.210562,0.225478,2.77114e-07,-4.73054e-06,5.00765e-06,0.582444,0.371827,0.582389,9.53816e-06,-0.00489277,0.0479931,0,0,3
2005-06-08,0.0104927,-0.210887,0.221379,1.94321e-07,-4.73873e-06,4.93305e-06,0.582444,0.361536,0.572422,9.34947e-06,-0.0128763,0.0480838,0,0,3
2005-06-09,0.00484654,-0.206961,0.211807,8.92105e-08,-4.65289e-06,4.7421e-06,0.582444,0.359208,0.566169,9.14985e-06,-0.00184959,0.0480769,0,0,3
2005-06-10,0.0063123,-0.206301,0.212613,1.16618e-07,-4.645e-06,4.76161e-06,0.582444,0.350617,0.556917,8.986e-06,-0.00112755,0.0476511,0,0,3
2005-06-14,0.00732444,-0.206463,0.213787,1.35424e-07,-4.62845e-06,4.76387e-06,0.582444,0.330132,0.536595,8.58373e-06,0.00396173,0.0472405,0,0,3
2005-06-15,0.00402821,-0.207346,0.211374,7.4236e-08,-4.6408e-06,4.71504e-06,0.582444,0.28954,0.496886,7.97722e-06,0.0092003,0.0458896,0,0,3
2005-06-16,0.0130048,-0.200322,0.213327,2.41116e-07,-4.49635e-06,4.73746e-06,0.582444,0.282854,0.483177,7.7532e-06,0.00771844,0.0463307,0,0,3
2005-06-17,0.0102931,-0.202088,0.212381,1.90163e-07,-4.4984e-06,4.68856e-06,0.582444,0.276194,0.478282,7.6451e-06,0.00984134,0.0458062,0,0,3
2005-06-21,0.00965564,-0.201595,0.211251,1.78616e-07,-4.5001e-06,4.67872e-06,0.582444,0.258989,0.460584,7.46353e-06,0.0062432,0.04559,0,0,3
2005-06-22,0.00357115,-0.201479,0.20505,6.56564e-08,-4.49782e-06,4.56348e-06,0.582444,0.250132,0.451611,7.36009e-06,0.00895741,0.0455022,0,0,3
2005-06-23,0.00139603,-0.205256,0.206652,2.55741e-08,-4.56378e-06,4.58935e-06,0.582444,0.242281,0.447537,7.34955e-06,0.00979626,0.0457228,0,0,3
2005-06-24,0.000744257,-0.205974,0.206718,1.36264e-08,-4.57919e-06,4.59281e-06,0.582444,0.238249,0.444223,7.32529e-06,0.0127335,0.0459726,0,0,3
2005-06-28,0.000796357,-0.205736,0.206533,1.45777e-08,-4.57802e-06,4.5926e-06,0.582444,0.2987,0.504437,7.86212e-06,0.0117001,0.0459692,0,0,3
2005-06-29,-0.00493807,-0.209448,0.20451,-9.09017e-08,-4.68577e-06,4.59487e-06,0.582444,0.302564,0.512012,8.07799e-06,0.0082782,0.0459532,0,0,3
2005-06-30,0.155819,-0.190561,0.34638,2.86059e-06,-4.16739e-06,7.02798e-06,0.522248,0.232078,0.422639,7.15994e-06,-0.00122908,0.044805,0,0,4
2005-07-01,0.157012,-0.17617,0.333182,2.88216e-06,-3.83057e-06,6.71273e-06,0.522248,0.188519,0.364689,6.2797e-06,-0.00142261,0.0444322,0,0,3
2005-07-06,0.156938,-0.174361,0.331299,2.88986e-06,-3.79943e-06,6.68929e-06,0.522248,0.173792,0.348154,6.1502e-06,0.00118488,0.0442849,0,0,3
2005-07-07,0.15725,-0.173352,0.330602,2.89793e-06,-3.78126e-06,6.67919e-06,0.522248,0.197617,0.370968,6.53376e-06,0.000261338,0.044221,0,0,3
2005-07-08,0.154763,-0.172812,0.327575,2.83906e-06,-3.76386e-06,6.60292e-06,0.522248,0.200048,0.37286,6.54527e-06,-0.00230188,0.0437094,0,0,3
2005-07-12,0.160783,-0.165247,0.326031,2.93836e-06,-3.58147e-06,6.51983e-06,0.522248,0.197852,0.363099,6.33006e-06,-0.00180489,0.043723,0,0,3
2005-07-13,0.159107,-0.158975,0.318082,2.90099e-06,-3.42002e-06,6.32101e-06,0.522248,0.171212,0.330187,5.86426e-06,-0.00116775,0.0447543,0,0,3
2005-07-14,0.162612,-0.151422,0.314034,2.95785e-06,-3.22814e-06,6.18599e-06,0.522248,0.164026,0.315447,5.58717e-06,0.00180678,0.0448028,0,0,3
2005-07-15,0.161994,-0.150707,0.312701,2.94298e-06,-3.21211e-06,6.15509e-06,0.522248,0.104317,0.255024,4.77353e-06,0.0075687,0.0443162,0,0,3
2005-07-19,0.166096,-0.148538,0.314634,3.03051e-06,-3.17218e-06,6.20269e-06,0.522248,0.0587609,0.207299,3.99534e-06,0.00390278,0.0416459,0,0,3
2005-07-20,0.175729,-0.137753,0.313482,3.23813e-06,-2.96441e-06,6.20254e-06,0.522248,0.0479229,0.185676,3.61905e-06,0.000203665,0.0413639,0,0,3
2005-07-21,0.175529,-0.12467,0.300199,3.25094e-06,-2.6602e-06,5.91114e-06,0.522248,0.0467185,0.171388,3.29932e-06,-0.0100696,0.0413722,0,0,3
2005-07-22,0.182746,-0.12377,0.306516,3.36375e-06,-2.6329e-06,5.99665e-06,0.522248,0.0457807,0.169551,3.25963e-06,-0.0114656,0.0413471,0,0,3
2005-07-26,0.188743,-0.122545,0.311287,3.45778e-06,-2.58679e-06,6.04457e-06,0.522248,0.0333873,0.155932,3.03346e-06,-0.00925484,0.0406931,0,0,3
2005-07-27,0.196324,-0.116026,0.31235,3.59336e-06,-2.44412e-06,6.03749e-06,0.522248,0.0435064,0.159533,3.04093e-06,-0.00806677,0.0415056,0,0,3
2005-07-28,0.19275,-0.111337,0.304087,3.5095e-06,-2.32935e-06,5.83885e-06,0.522248,0.0625534,0.17389,3.17481e-06,-0.00520857,0.0417845,0,0,3
2005-07-29,0.385888,-0.114077,0.499965,6.33399e-06,-2.39458e-06,8.72858e-06,-0.120421,0.634214,0.74829,1.14219e-05,-0.0034232,0.0426773,0,0,4
2005-08-03,0.387289,-0.101876,0.489165,6.33694e-06,-2.10383e-06,8.44077e-06,-0.120421,0.627044,0.72892,1.11021e-05,-0.00654025,0.0427497,0,0,4
2005-08-04,0.386528,-0.0963919,0.48292,6.30375e-06,-1.97369e-06,8.27744e-06,-0.120421,0.626672,0.723064,1.10015e-05,-0.0069216,0.0429849,0,0,4
2005-08-05,0.386815,-0.0964354,0.48325,6.30697e-06,-1.97342e-06,8.28039e-06,-0.120421,0.646531,0.742966,1.17887e-05,-0.0100842,0.0440266,0,0,4
2005-08-09,0.386592,-0.0951326,0.481725,6.29784e-06,-1.93824e-06,8.23608e-06,-0.120421,0.660237,0.755369,1.19993e-05,-0.00827496,0.0438623,0,0,4
2005-08-10,0.382018,-0.095437,0.477455,6.20236e-06,-1.9477e-06,8.15005e-06,-0.120421,0.654355,0.749792,1.17139e-05,-0.00208054,0.0429522,0,0,4
2005-08-11,0.383227,-0.0921981,0.475425,6.17488e-06,-1.88718e-06,8.06205e-06,-0.120421,0.647281,0.739479,1.1479e-05,0.00480825,0.0432677,0,0,4
2005-08-12,0.386811,-0.0864787,0.47329,6.18267e-06,-1.76192e-06,7.94459e-06,-0.120421,0.656793,0.743272,1.1525e-05,-0.000318379,0.0423,0,0,4
2005-08-16,0.389732,-0.080737,0.470469,6.25726e-06,-1.64965e-06,7.90691e-06,-0.120421,0.654312,0.735049,1.14796e-05,-0.000501361,0.044798,0,0,4
2005-08-17,0.392634,-0.0792202,0.471854,6.29756e-06,-1.61875e-06,7.91632e-06,-0.120421,0.657646,0.736866,1.17219e-05,-0.00515005,0.0453496,0,0,4
2005-08-18,0.390497,-0.0763179,0.466814,6.19512e-06,-1.55453e-06,7.74965e-06,-0.120421,0.665877,0.742195,1.19351e-05,-0.00188328,0.0462881,0,0,4
2005-08-19,0.388884,-0.0685123,0.457397,6.16759e-06,-1.38403e-06,7.55162e-06,-0.120421,0.679524,0.748037,1.20382e-05,0.000111817,0.0465951,0,0,4
2005-08-23,0.390403,-0.0700614,0.460464,6.18467e-06,-1.41608e-06,7.60075e-06,-0.120421,0.671005,0.741066,1.19514e-05,-0.00574186,0.0464702,0,0,4
2005-08-24,0.389577,-0.067912,0.457489,6.17111e-06,-1.37084e-06,7.54195e-06,-0.120421,0.669836,0.737748,1.19664e-05,-0.00325825,0.0467004,0,0,4
2005-08-30,0.389063,-0.0690892,0.458152,6.13957e-06,-1.38699e-06,7.52656e-06,-0.120421,0.702043,0.771132,1.2201e-05,-0.0105897,0.0462406,0,0,4
2005-08-31,-0.121447,-0.0628481,-0.058599,-2.57276e-06,-1.26113e-06,-1.31163e-06,0.628258,-0.110937,-0.0480891,-7.62323e-07,-0.0114857,0.0466416,0,0,2
2005-09-01,-0.119991,-0.0675097,-0.0524816,-2.52947e-06,-1.34545e-06,-1.18402e-06,0.628258,-0.19557,-0.128061,-1.96258e-06,0.00190976,0.0422439,0,0,2
2005-09-02,-0.0985293,-0.0477932,-0.0507361,-2.09652e-06,-9.71101e-07,-1.12542e-06,0.628258,-0.194378,-0.146584,-2.29423e-06,0.00500506,0.0420561,0,0,2
2005-09-07,-0.106398,-0.0504894,-0.0559091,-2.25577e-06,-1.02619e-06,-1.22957e-06,0.628258,-0.170702,-0.120213,-1.75491e-06,0.0100372,0.0420299,0,0,2
2005-09-08,-0.110181,-0.0521315,-0.0580499,-2.34804e-06,-1.06096e-06,-1.28708e-06,0.628258,-0.174508,-0.122376,-1.82174e-06,0.0117838,0.0422579,0,0,2
2005-09-09,-0.109801,-0.0522657,-0.0575352,-2.33901e-06,-1.06096e-06,-1.27805e-06,0.628258,-0.153679,-0.101413,-1.54587e-06,0.00933386,0.0421203,0,0,2
2005-09-13,-0.105096,-0.0520752,-0.0530212,-2.22972e-06,-1.05692e-06,-1.1728e-06,0.628258,-0.162749,-0.110674,-1.67927e-06,0.00586256,0.0417463,0,0,2
2005-09-14,-0.104119,-0.0494099,-0.0547087,-2.21159e-06,-1.00373e-06,-1.20785e-06,0.628258,-0.16632,-0.11691,-1.80087e-06,0.00496169,0.0426342,0,0,2
2005-09-15,-0.0993791,-0.0262048,-0.0731743,-2.0847e-06,-5.18361e-07,-1.56634e-06,0.628258,-0.137504,-0.111299,-1.86263e-06,0.00821747,0.0428816,0,0,2
2005-09-16,-0.109425,-0.0273146,-0.0821102,-2.2428e-06,-5.40887e-07,-1.70191e-06,0.628258,-0.143511,-0.116196,-1.95905e-06,0.012388,0.0429489,0,0,2
2005-09-20,-0.104435,-0.0223958,-0.0820391,-2.1281e-06,-4.42254e-07,-1.68585e-06,0.628258,-0.152144,-0.129748,-2.2343e-06,0.0138708,0.0430284,0,0,2
2005-09-21,-0.104396,-0.0196543,-0.0847414,-2.12411e-06,-3.85482e-07,-1.73863e-06,0.628258,-0.156653,-0.136999,-2.38953e-06,0.0126285,0.0429224,0,0,1
2005-09-22,-0.108892,-0.0147026,-0.0941891,-2.20719e-06,-2.87316e-07,-1.91987e-06,0.628258,-0.157793,-0.14309,-2.43624e-06,0.0103796,0.0423387,0,0,1
2005-09-27,-0.111316,0.030351,-0.141667,-2.25086e-06,5.60558e-07,-2.81142e-06,0.628258,-0.159329,-0.18968,-3.31351e-06,0.00974553,0.0425613,0,0,1
2005-09-28,-0.114923,0.0264544,-0.141378,-2.32869e-06,4.90381e-07,-2.81907e-06,0.628258,-0.0964911,-0.122945,-2.10866e-06,0.0119023,0.0426063,0,0,1
2005-09-29,-0.287214,0.0154572,-0.302672,-5.37041e-06,2.89465e-07,-5.65988e-06,-0.229355,-0.274718,-0.290175,-5.60168e-06,0.0163998,0.0421702,0,0,1
2005-10-18,-0.285675,0.0198835,-0.305558,-5.30819e-06,3.71617e-07,-5.67981e-06,-0.229355,-0.313378,-0.333262,-6.88854e-06,0.0151211,0.0423828,0,0,1
2005-10-19,-0.276408,0.0387374,-0.315145,-5.08115e-06,6.96258e-07,-5.77741e-06,-0.229355,-0.337563,-0.376301,-7.95434e-06,0.018967,0.0423496,0,0,1
2005-10-20,-0.276822,0.0387067,-0.315529,-5.08758e-06,6.96161e-07,-5.78374e-06,-0.229355,-0.342039,-0.380746,-7.90202e-06,0.025204,0.0418424,0,0,1
2005-10-21,-0.500746,0.0486284,-0.549374,-9.68745e-06,8.72867e-07,-1.05603e-05,-0.572907,-0.616494,-0.665122,-1.61411e-05,0.024496,0.0410829,0,0,0
2005-11-08,-0.499879,0.0515748,-0.551453,-9.67856e-06,9.28021e-07,-1.06066e-05,-0.572907,-0.61926,-0.670835,-1.62397e-05,0.0287907,0.0412609,1,0,0
2005-11-09,-0.494222,0.0594661,-0.553688,-9.46808e-06,1.05238e-06,-1.05205e-05,-0.572907,-0.623213,-0.682679,-1.66185e-05,0.0273441,0.0414267,1,0,0
2005-11-10,-0.4991,0.0732677,-0.572367,-9.52947e-06,1.27413e-06,-1.08036e-05,-0.572907,-0.627231,-0.700499,-1.67603e-05,0.0246357,0.0416619,0,0,0
2005-11-11,-0.497316,0.0716574,-0.568973,-9.5318e-06,1.24844e-06,-1.07802e-05,-0.572907,-0.62815,-0.699807,-1.67755e-05,0.0240094,0.0416437,0,0,0
2005-11-15,-0.496294,0.0680324,-0.564326,-9.49311e-06,1.18481e-06,-1.06779e-05,-0.572907,-0.645755,-0.713787,-1.72549e-05,0.0199742,0.0409852,0,0,0
2005-11-16,-0.492148,0.070157,-0.562305,-9.43043e-06,1.22549e-06,-1.06559e-05,-0.572907,-0.653139,-0.723296,-1.79983e-05,0.0233106,0.0411444,0,0,0
2005-11-17,-0.493562,0.0663733,-0.559936,-9.48198e-06,1.16332e-06,-1.06453e-05,-0.572907,-0.695417,-0.76179,-2.14634e-05,0.0215432,0.0411368,0,0,0
2005-11-18,-0.491119,0.0622461,-0.553365,-9.37279e-06,1.08655e-06,-1.04593e-05,-0.572907,-0.681219,-0.743465,-2.1065e-05,0.0177276,0.0413993,0,0,0
2005-11-22,-0.471979,0.0684177,-0.540396,-8.67333e-06,1.15483e-06,-9.82816e-06,-0.572907,-0.672717,-0.741134,-2.08317e-05,0.0222013,0.0429016,0,0,0
2005-11-23,-0.467216,0.0597923,-0.527008,-8.53366e-06,9.90379e-07,-9.52404e-06,-0.572907,-0.683792,-0.743585,-2.09061e-05,0.0166528,0.0424635,0,0,0
2005-11-29,-0.466439,0.0715144,-0.537954,-8.49279e-06,1.17756e-06,-9.67035e-06,-0.572907,-0.695129,-0.766644,-2.20141e-05,0.0103801,0.0432317,0,0,0
2005-11-30,0.302167,0.071945,0.230222,6.49272e-06,1.18508e-06,5.30764e-06,-0.159373,-0.335425,-0.40737,-1.00494e-05,0.00943341,0.0432854,0,0,3
2006-01-05,0.301768,0.070589,0.231179,6.47627e-06,1.16362e-06,5.31265e-06,-0.159373,-0.314586,-0.385175,-9.27197e-06,0.00935309,0.0432799,0,0,3
2006-01-06,0.290416,0.0560186,0.234397,6.22335e-06,9.25696e-07,5.29766e-06,-0.159373,-0.307172,-0.363191,-8.72111e-06,0.0038439,0.0432421,0,0,3
2006-01-10,0.280529,0.0462819,0.234248,6.04216e-06,7.7288e-07,5.26928e-06,-0.159373,-0.279944,-0.326226,-7.7726e-06,0.00406829,0.0438815,0,0,3
2006-01-11,0.276751,0.038067,0.238684,5.982e-06,6.41362e-07,5.34064e-06,-0.159373,-0.286836,-0.324903,-7.97572e-06,-0.00346329,0.0454781,0,0,3
2006-01-12,0.27033,0.040566,0.229764,5.7897e-06,6.80608e-07,5.10909e-06,-0.159373,-0.287405,-0.327971,-8.0332e-06,-0.000559242,0.0454485,0,0,3
2006-01-13,0.269342,0.0400084,0.229333,5.76104e-06,6.71478e-07,5.08956e-06,-0.159373,-0.304507,-0.344515,-8.62931e-06,-0.00656927,0.0454305,0,0,3
2006-01-18,0.276616,0.0429168,0.233699,5.86478e-06,7.16986e-07,5.1478e-06,-0.159373,-0.266848,-0.309765,-7.86018e-06,-0.0144722,0.0445926,0,0,3
2006-01-19,0.265042,0.0381588,0.226883,5.62834e-06,6.44322e-07,4.98402e-06,-0.159373,-0.26552,-0.303679,-7.67684e-06,-0.0166936,0.0443482,0,0,3
2006-01-20,0.258797,0.0310903,0.227706,5.50593e-06,5.26166e-07,4.97977e-06,-0.159373,-0.248142,-0.279232,-7.20556e-06,-0.0172623,0.0442315,0,0,3
2006-01-24,0.245031,0.0329949,0.212036,5.11792e-06,5.60027e-07,4.55789e-06,-0.159373,-0.256402,-0.289397,-7.51759e-06,-0.0214829,0.0450732,0,0,3
2006-01-25,0.244128,0.0341522,0.209976,5.09433e-06,5.758e-07,4.51853e-06,-0.159373,-0.267791,-0.301943,-8.02269e-06,-0.0223843,0.0454688,0,0,3
2006-01-26,0.253343,0.034923,0.21842,5.21605e-06,5.88075e-07,4.62798e-06,-0.159373,-0.234818,-0.269741,-7.36616e-06,-0.0215436,0.0460374,0,0,3
2006-01-27,0.253325,0.0300286,0.223296,5.20123e-06,5.0354e-07,4.69769e-06,-0.159373,-0.273409,-0.303438,-8.8092e-06,-0.022203,0.0471888,0,0,3
2006-01-31,0.473442,0.0298398,0.443602,9.91625e-06,5.00436e-07,9.41581e-06,0.609455,-0.104823,-0.134663,-2.71299e-06,-0.0229652,0.0471942,0,0,4
2006-02-01,0.473378,0.0322506,0.441128,9.90767e-06,5.38926e-07,9.36874e-06,0.609455,-0.119155,-0.151406,-2.98814e-06,-0.0299316,0.0461594,1,0,4
2006-02-02,0.474723,0.0374303,0.437293,9.95884e-06,6.28043e-07,9.3308e-06,0.609455,-0.123822,-0.161252,-3.1868e-06,-0.027072,0.0462534,1,0,4
2006-02-03,0.473777,0.0376557,0.436121,9.95952e-06,6.30689e-07,9.32883e-06,0.609455,-0.0949663,-0.132622,-2.65829e-06,-0.0244193,0.0456902,0,0,4
2006-02-07,0.478307,0.0396615,0.438645,1.00706e-05,6.64985e-07,9.40562e-06,0.609455,-0.0572711,-0.0969326,-1.86311e-06,-0.0220986,0.0478765,0,0,4
2006-02-08,0.463575,0.0229372,0.440638,9.81298e-06,3.85914e-07,9.42707e-06,0.609455,-0.0406889,-0.063626,-1.28065e-06,-0.0177175,0.0480229,0,0,4
2006-02-09,0.470378,0.0260035,0.444375,9.92479e-06,4.34198e-07,9.49059e-06,0.609455,-0.0564655,-0.082469,-1.66221e-06,-0.0158842,0.0476182,0,0,4
2006-02-10,0.471824,0.0150214,0.456803,9.99732e-06,2.48375e-07,9.74895e-06,0.609455,-0.0675152,-0.0825366,-1.74472e-06,-0.0150791,0.0477125,0,0,4
2006-02-14,0.472064,0.0115625,0.460501,9.99156e-06,1.9183e-07,9.79973e-06,0.609455,-0.0678193,-0.0793817,-1.69593e-06,-0.0145134,0.0477135,0,0,4
2006-02-15,0.469484,0.0100223,0.459462,9.88582e-06,1.65936e-07,9.71988e-06,0.609455,-0.155297,-0.165319,-3.87354e-06,-0.0112819,0.0482088,0,0,4
2006-02-16,0.464238,0.0048868,0.459351,9.83863e-06,8.14184e-08,9.75721e-06,0.609455,-0.141458,-0.146345,-3.4721e-06,-0.0127995,0.0482427,0,0,4
2006-02-17,0.466992,-0.000969328,0.467961,9.88021e-06,-1.59408e-08,9.89615e-06,0.609455,-0.164112,-0.163143,-3.89002e-06,-0.00763778,0.0457396,0,0,4
2006-02-22,0.467602,0.00941921,0.458183,9.96797e-06,1.57212e-07,9.81075e-06,0.609455,-0.176233,-0.185652,-4.32203e-06,-0.0134047,0.0451757,0,0,4
2006-02-23,0.46644,0.0112304,0.45521,9.95052e-06,1.88155e-07,9.76237e-06,0.609455,-0.192221,-0.203452,-4.65887e-06,-0.0123445,0.0441658,0,0,4
2006-02-24,0.468424,0.0156308,0.452793,1.00299e-05,2.63361e-07,9.76658e-06,0.609455,-0.193712,-0.209343,-4.71296e-06,-0.0109609,0.044356,0,0,4
2006-02-28,-0.0437702,0.0163588,-0.060129,-8.40022e-07,2.75177e-07,-1.1152e-06,0.415969,-0.635121,-0.651479,-2.17167e-05,-0.0132815,0.0451581,0,0,2
2006-03-01,-0.0573211,0.0152295,-0.0725506,-1.0833e-06,2.55299e-07,-1.3386e-06,0.415969,-0.640595,-0.655825,-2.18028e-05,-0.0147287,0.0454238,0,0,2
2006-03-02,-0.0567385,0.0172858,-0.0740243,-1.0698e-06,2.90377e-07,-1.36018e-06,0.415969,-0.627055,-0.644341,-2.14009e-05,-0.0084415,0.0457474,0,0,2
2006-03-03,-0.0600237,0.0119939,-0.0720176,-1.13931e-06,2.03053e-07,-1.34236e-06,0.415969,-0.631229,-0.643223,-2.14273e-05,-0.00328865,0.045266,0,0,2
2006-03-07,-0.0532474,0.0140023,-0.0672496,-1.0009e-06,2.36667e-07,-1.23757e-06,0.415969,-0.627753,-0.641755,-2.17829e-05,-0.000757314,0.0452351,0,0,2
2006-03-08,-0.0546013,0.0143605,-0.0689617,-1.02564e-06,2.42802e-07,-1.26844e-06,0.415969,-0.630103,-0.644464,-2.22714e-05,-0.00163835,0.0456729,0,0,2
2006-03-09,-0.0595872,0.0105887,-0.0701759,-1.12046e-06,1.79613e-07,-1.30008e-06,0.415969,-0.658296,-0.668885,-2.51197e-05,-0.00196957,0.0469718,0,0,2
2006-03-10,-0.0620563,0.00792893,-0.0699852,-1.16332e-06,1.34104e-07,-1.29742e-06,0.415969,-0.643041,-0.65097,-2.47947e-05,-0.00238802,0.0467602,0,0,2
2006-03-14,-0.0636005,0.00864544,-0.0722459,-1.18848e-06,1.46311e-07,-1.33479e-06,0.415969,-0.643238,-0.651883,-2.48844e-05,-0.00269234,0.0471947,0,0,2
2006-03-15,-0.0664723,0.00874738,-0.0752197,-1.23918e-06,1.48016e-07,-1.38719e-06,0.415969,-0.638921,-0.647668,-2.50397e-05,0.000978537,0.0471666,0,0,2
2006-03-16,-0.0665038,0.00685404,-0.0733579,-1.24002e-06,1.15988e-07,-1.35601e-06,0.415969,-0.634913,-0.641767,-2.49252e-05,0.00242545,0.04633,0,0,2
2006-03-17,-0.0637608,0.00901858,-0.0727794,-1.1958e-06,1.53907e-07,-1.34971e-06,0.415969,-0.6409,-0.649918,-2.5284e-05,0.00184533,0.046185,0,0,2
2006-03-21,-0.0603346,0.0255077,-0.0858423,-1.12758e-06,4.2906e-07,-1.55664e-06,0.415969,-0.64472,-0.670228,-2.5664e-05,0.00898483,0.0460335,0,0,1
2006-03-22,-0.0569221,0.0226055,-0.0795276,-1.06341e-06,3.7937e-07,-1.44278e-06,0.415969,-0.645659,-0.668265,-2.56649e-05,0.00570429,0.0460707,0,0,2
2006-03-23,-0.0551359,0.0247845,-0.0799204,-1.02435e-06,4.14525e-07,-1.43888e-06,0.415969,-0.605795,-0.63058,-2.449e-05,0.00513685,0.0476731,0,0,2
2006-03-24,-0.0591988,0.0161163,-0.075315,-1.09622e-06,2.69569e-07,-1.36579e-06,0.415969,-0.610721,-0.626837,-2.48417e-05,0.00710463,0.0476774,0,0,2
2006-03-28,-0.0628764,0.0143745,-0.0772509,-1.16281e-06,2.40891e-07,-1.4037e-06,0.415969,-0.608268,-0.622643,-2.4902e-05,0.0131332,0.0479103,0,0,2
2006-03-29,-0.0619588,0.0199856,-0.0819444,-1.13886e-06,3.33689e-07,-1.47255e-06,0.415969,-0.605953,-0.625938,-2.49227e-05,0.00952381,0.0476483,0,0,2
2006-03-30,-0.0587555,0.0168324,-0.0755879,-1.07871e-06,2.80206e-07,-1.35891e-06,0.415969,-0.602835,-0.619667,-2.46947e-05,0.0118682,0.0477729,0,0,2
2006-03-31,0.632623,0.0220552,0.610568,1.06431e-05,3.65713e-07,1.02774e-05,0.563042,-0.169089,-0.191145,-4.46834e-06,0.0166746,0.0476874,0,0,4
2006-04-04,0.629265,0.0197809,0.609484,1.05357e-05,3.31024e-07,1.02047e-05,0.563042,-0.172042,-0.191823,-4.50884e-06,0.0147593,0.0478346,0,0,4
2006-04-05,0.627983,0.0149417,0.613041,1.05202e-05,2.49427e-07,1.02708e-05,0.563042,-0.175787,-0.190729,-4.52108e-06,0.0167472,0.048052,0,0,4
2006-04-06,0.628702,0.0162547,0.612447,1.05423e-05,2.717e-07,1.02706e-05,0.563042,-0.172831,-0.189086,-4.44268e-06,0.0117031,0.0480048,0,0,4
2006-04-07,0.625635,0.0103293,0.615306,1.05143e-05,1.72568e-07,1.03417e-05,0.563042,-0.18493,-0.195259,-4.64115e-06,0.0126367,0.0476537,0,0,4
2006-04-11,0.62328,0.00415634,0.619124,1.03006e-05,6.85156e-08,1.02321e-05,0.563042,-0.176816,-0.180972,-4.32986e-06,0.0139906,0.047768,0,0,4
2006-04-12,0.620194,0.00293598,0.617258,1.02744e-05,4.85491e-08,1.02258e-05,0.563042,-0.17899,-0.181926,-4.38246e-06,0.0134854,0.0486241,0,0,4
2006-04-13,0.620253,0.00780871,0.612444,1.02948e-05,1.29528e-07,1.01652e-05,0.563042,-0.178444,-0.186252,-4.44934e-06,0.0195807,0.0485709,0,0,4
2006-04-18,0.611172,0.00776238,0.603409,9.78056e-06,1.2872e-07,9.65184e-06,0.563042,-0.166286,-0.174048,-4.16236e-06,0.0211691,0.0487328,0,0,4
2006-04-19,0.609048,0.00176999,0.607278,9.75951e-06,2.92897e-08,9.73022e-06,0.563042,-0.183294,-0.185064,-4.53492e-06,0.0241251,0.0490725,0,0,4
2006-04-20,0.604287,-0.0077173,0.612005,9.71593e-06,-1.27722e-07,9.84366e-06,0.563042,-0.142165,-0.134448,-3.21637e-06,0.026616,0.0491,1,0,4
2006-04-21,0.564854,-0.0323336,0.597188,9.1196e-06,-5.4282e-07,9.66242e-06,0.563042,-0.136969,-0.104636,-2.6502e-06,0.0224625,0.0491801,0,0,4
2006-04-25,0.55694,-0.0354158,0.592356,8.92574e-06,-5.94883e-07,9.52062e-06,0.563042,-0.156568,-0.121152,-2.9099e-06,0.00882716,0.0483841,0,0,4
2006-04-26,0.555337,-0.0361289,0.591466,8.99717e-06,-6.07178e-07,9.60434e-06,0.563042,-0.144718,-0.108589,-2.65017e-06,0.0094867,0.0486268,0,0,4
2006-04-27,0.55513,-0.035956,0.591086,8.9284e-06,-6.05162e-07,9.53356e-06,0.563042,-0.135179,-0.0992225,-2.45893e-06,0.008269,0.047836,0,0,4
2006-04-28,0.51979,-0.0337809,0.553571,1.10485e-05,-5.71421e-07,1.16199e-05,0.452252,0.133811,0.167592,3.89153e-06,0.00850369,0.0477424,0,0,4
2006-05-02,0.510286,-0.0450397,0.555326,1.09534e-05,-7.70823e-07,1.17242e-05,0.452252,0.145297,0.190337,4.40147e-06,0.00706696,0.0477951,0,0,4
2006-05-03,0.511634,-0.0458908,0.557525,1.09337e-05,-7.7866e-07,1.17123e-05,0.452252,0.146219,0.19211,4.5088e-06,0.0112815,0.048006,0,0,4
2006-05-04,0.509232,-0.0483161,0.557548,1.09004e-05,-8.20749e-07,1.17212e-05,0.452252,0.157075,0.205391,4.86932e-06,0.00634567,0.04743,0,0,4
2006-05-09,0.505683,-0.0489846,0.554668,1.08664e-05,-8.37288e-07,1.17037e-05,0.452252,0.171501,0.220485,5.14336e-06,0.0124398,0.0462615,0,0,4
2006-05-10,0.502726,-0.0447806,0.547507,1.09063e-05,-7.74128e-07,1.16804e-05,0.452252,0.131627,0.176407,4.19792e-06,0.0121043,0.047201,0,0,4
2006-05-11,0.494503,-0.045892,0.540395,1.054e-05,-7.84256e-07,1.13242e-05,0.452252,0.226571,0.272463,7.12559e-06,0.0108779,0.0497265,0,0,4
2006-05-12,0.481973,-0.0194121,0.501385,1.01659e-05,-3.22851e-07,1.04888e-05,0.452252,0.216298,0.23571,6.35994e-06,0.0107585,0.0494357,0,0,4
2006-05-16,0.479338,-0.01945,0.498788,1.01239e-05,-3.25247e-07,1.04491e-05,0.452252,0.220157,0.239607,6.48625e-06,0.0156789,0.0494692,0,0,4
2006-05-17,0.479109,-0.019165,0.498274,1.01145e-05,-3.20364e-07,1.04349e-05,0.452252,0.218952,0.238117,6.44469e-06,0.0231538,0.0499145,0,0,4
2006-05-18,0.478247,-0.0121649,0.490412,1.00642e-05,-2.02879e-07,1.02671e-05,0.452252,0.214984,0.227149,6.20298e-06,0.0149356,0.0497418,0,0,4
2006-05-19,0.478994,-0.00910801,0.488102,1.00874e-05,-1.52488e-07,1.02399e-05,0.452252,0.207958,0.217066,5.94103e-06,0.0108842,0.0494866,0,0,4
2006-05-23,0.473114,-0.01192,0.485034,9.95085e-06,-2.00492e-07,1.01513e-05,0.452252,0.216984,0.228904,6.22821e-06,0.00682913,0.0501237,0,0,4
2006-05-24,0.471908,-0.0118736,0.483782,9.96669e-06,-2.00612e-07,1.01673e-05,0.452252,0.24669,0.258564,6.8671e-06,-0.00117923,0.0513546,0,0,4
2006-05-25,0.457172,-0.0206957,0.477868,9.77498e-06,-3.5632e-07,1.01313e-05,0.452252,0.24314,0.263836,7.01056e-06,-0.0068701,0.0522743,0,0,4
2006-05-26,0.462828,-0.0219324,0.484761,9.85431e-06,-3.77029e-07,1.02313e-05,0.452252,0.244044,0.265976,7.11122e-06,-0.00776151,0.053283,0,0,4
2006-05-31,0.14994,-0.0182624,0.168203,3.30164e-06,-3.12256e-07,3.61389e-06,-0.121496,-0.081287,-0.0630245,-1.57063e-06,-0.0134211,0.0532799,0,0,3
2006-06-01,0.150899,-0.0308241,0.181723,3.31368e-06,-5.2584e-07,3.83952e-06,-0.121496,-0.0704897,-0.0396657,-1.10295e-06,-0.0127188,0.0534381,0,0,3
2006-06-02,0.150349,-0.0235149,0.173864,3.30581e-06,-3.98574e-07,3.70438e-06,-0.121496,-0.104177,-0.0806621,-1.93327e-06,-0.0046679,0.0515525,0,0,3
2006-06-06,0.158862,-0.0101357,0.168998,3.5316e-06,-1.73949e-07,3.70555e-06,-0.121496,-0.0659427,-0.0558071,-1.3155e-06,-0.00564891,0.0519449,0,0,3
2006-06-07,0.144396,-0.022205,0.166601,3.11391e-06,-3.81745e-07,3.49566e-06,-0.121496,-0.0735217,-0.0513166,-1.27228e-06,-0.00659788,0.0516424,0,0,3
2006-06-08,0.153194,-0.0215866,0.174781,3.28781e-06,-3.71225e-07,3.65904e-06,-0.121496,-0.051102,-0.0295154,-7.3783e-07,-0.0032481,0.0516564,0,0,3
2006-06-09,0.146258,-0.0303077,0.176565,3.16563e-06,-5.25233e-07,3.69086e-06,-0.121496,-0.0108167,0.0194911,2.84659e-07,-0.00861258,0.0517381,0,0,3
2006-06-13,0.148282,-0.0356043,0.183886,3.17683e-06,-6.16162e-07,3.79299e-06,-0.121496,0.0173821,0.0529864,9.85781e-07,-0.0148526,0.0511922,0,0,3
2006-06-14,0.137461,-0.0453326,0.182793,2.95451e-06,-8.00643e-07,3.75515e-06,-0.121496,0.0146139,0.0599465,1.11428e-06,-0.0104221,0.0517479,0,0,3
2006-06-15,0.140547,-0.0452338,0.185781,3.01338e-06,-7.98728e-07,3.8121e-06,-0.121496,0.0469731,0.0922069,1.77628e-06,-0.0102654,0.0517368,0,0,3
2006-06-16,0.135733,-0.0548246,0.190558,2.92302e-06,-9.76558e-07,3.89957e-06,-0.121496,0.0414177,0.0962423,1.85213e-06,-0.0128766,0.052314,0,0,3
2006-06-20,0.133015,-0.0547767,0.187791,2.84524e-06,-9.75656e-07,3.82089e-06,-0.121496,0.0432077,0.0979844,1.88669e-06,-0.00930448,0.0539768,0,0,3
2006-06-21,0.131407,-0.0577185,0.189126,2.81112e-06,-1.02803e-06,3.83915e-06,-0.121496,0.0191328,0.0768512,1.43813e-06,-0.00319078,0.0566079,0,0,3
2006-06-22,0.128973,-0.083995,0.212968,2.77209e-06,-1.46851e-06,4.2406e-06,-0.121496,0.0165187,0.100514,1.82207e-06,-0.0109258,0.0558351,0,0,3
2006-06-23,0.133349,-0.0792764,0.212626,2.86964e-06,-1.39209e-06,4.26173e-06,-0.121496,0.000732611,0.080009,1.40767e-06,-0.0141884,0.055361,0,0,3
2006-06-27,0.13396,-0.0725768,0.206537,2.88236e-06,-1.2617e-06,4.14406e-06,-0.121496,0.0371588,0.109736,2.09692e-06,-0.00892449,0.060137,0,0,3
2006-06-28,0.137266,-0.0677814,0.205047,2.95284e-06,-1.17967e-06,4.13251e-06,-0.121496,0.0411481,0.108929,2.11333e-06,-0.00556146,0.060343,0,0,3
2006-06-29,0.128471,-0.0674659,0.195937,2.7302e-06,-1.1741e-06,3.9043e-06,-0.121496,0.0397121,0.107178,2.07734e-06,-0.0107484,0.0605323,0,0,3
2006-06-30,0.23351,-0.0643971,0.297907,4.60727e-06,-1.11615e-06,5.72343e-06,-0.028671,-0.023198,0.0411991,6.52305e-07,-0.00771456,0.0603646,0,0,3
2006-07-18,0.218597,-0.0768179,0.295415,4.35465e-06,-1.34307e-06,5.69772e-06,-0.028671,-0.0319334,0.0448845,7.41136e-07,-0.00462491,0.0602064,0,0,3
2006-07-19,0.218387,-0.0751363,0.293524,4.39682e-06,-1.31954e-06,5.71636e-06,-0.028671,-0.0222528,0.0528834,9.03413e-07,3.68471e-05,0.0602073,0,0,3
2006-07-20,0.213202,-0.0692344,0.282436,4.27026e-06,-1.19666e-06,5.46692e-06,-0.028671,-0.030827,0.0384075,6.29726e-07,0.00414577,0.0610661,0,0,3
2006-07-21,0.213947,-0.0674431,0.28139,4.27559e-06,-1.16619e-06,5.44179e-06,-0.028671,-0.0278197,0.0396234,6.56597e-07,0.00318475,0.0610871,0,0,3
2006-07-26,0.212639,-0.0676367,0.280276,4.24774e-06,-1.16904e-06,5.41678e-06,-0.028671,-0.0232747,0.044362,7.36742e-07,0.00675496,0.0610944,0,0,3
2006-07-27,0.214228,-0.0674723,0.281701,4.26342e-06,-1.16599e-06,5.42941e-06,-0.028671,-0.0435712,0.0239011,3.38006e-07,0.00242811,0.0609898,0,0,3
2006-07-28,-0.281802,-0.0655243,-0.216278,-5.85073e-06,-1.12909e-06,-4.72164e-06,-0.317198,-0.603278,-0.537754,-1.55028e-05,0.00022233,0.060784,0,0,1
2006-08-01,-0.282907,-0.0665167,-0.21639,-5.87205e-06,-1.14714e-06,-4.72491e-06,-0.317198,-0.602334,-0.535817,-1.53972e-05,-0.00027222,0.0607337,0,0,1
2006-08-02,-0.285911,-0.0665215,-0.21939,-5.92209e-06,-1.14877e-06,-4.77332e-06,-0.317198,-0.630381,-0.563859,-1.58829e-05,0.00462663,0.0596248,0,0,1
2006-08-03,-0.279867,-0.0609353,-0.218932,-5.82272e-06,-1.05921e-06,-4.76351e-06,-0.317198,-0.629364,-0.568429,-1.59409e-05,0.00805343,0.0596287,0,0,1
2006-08-04,-0.280927,-0.0613964,-0.21953,-5.84537e-06,-1.06775e-06,-4.77762e-06,-0.317198,-0.646155,-0.584759,-1.65187e-05,0.00372822,0.0591912,0,0,1
2006-08-08,-0.2767,-0.0609741,-0.215726,-5.76083e-06,-1.06121e-06,-4.69962e-06,-0.317198,-0.645032,-0.584058,-1.65116e-05,0.0064626,0.0593623,0,0,1
2006-08-09,-0.283261,-0.0656424,-0.217619,-5.8864e-06,-1.14314e-06,-4.74325e-06,-0.317198,-0.64382,-0.578177,-1.62776e-05,0.0139115,0.0591904,0,0,1
2006-08-10,-0.28314,-0.0692273,-0.213913,-5.89575e-06,-1.20672e-06,-4.68903e-06,-0.317198,-0.65408,-0.584853,-1.62449e-05,0.00246953,0.0586585,0,0,1
2006-08-11,-0.283402,-0.0691624,-0.21424,-5.9238e-06,-1.20858e-06,-4.71521e-06,-0.317198,-0.636327,-0.567165,-1.49176e-05,-0.00212709,0.0585575,0,0,1
2006-08-15,-0.290943,-0.0967614,-0.194181,-6.1489e-06,-1.70463e-06,-4.44428e-06,-0.317198,-0.643978,-0.547217,-1.45548e-05,0.000141507,0.0583692,0,0,1
2006-08-16,-0.290463,-0.095556,-0.194907,-6.10686e-06,-1.67802e-06,-4.42884e-06,-0.317198,-0.641338,-0.545782,-1.45397e-05,0.00470985,0.0583509,0,0,1
2006-08-17,-0.2919,-0.0934014,-0.198498,-6.12948e-06,-1.63186e-06,-4.49762e-06,-0.317198,-0.644201,-0.5508,-1.47528e-05,0.00710415,0.0586531,0,0,1
2006-08-18,-0.304697,-0.108813,-0.195884,-6.4687e-06,-1.92699e-06,-4.54171e-06,-0.317198,-0.656354,-0.547541,-1.49239e-05,0.00260349,0.0583396,0,0,1
2006-08-22,-0.304762,-0.110505,-0.194257,-6.4626e-06,-1.95341e-06,-4.50919e-06,-0.317198,-0.687083,-0.576578,-1.53907e-05,0.00307096,0.0573523,0,0,1
2006-08-23,-0.296513,-0.10345,-0.193063,-6.34957e-06,-1.84687e-06,-4.50271e-06,-0.317198,-0.684822,-0.581371,-1.53069e-05,-0.00484675,0.0574525,0,0,1
2006-08-29,-0.298519,-0.105753,-0.192766,-6.39999e-06,-1.893e-06,-4.50699e-06,-0.317198,-0.68824,-0.582487,-1.51806e-05,0.00216549,0.0579262,0,0,1
2006-08-30,-0.59447,-0.100445,-0.494025,-1.26626e-05,-1.79353e-06,-1.08691e-05,-0.44261,-0.695123,-0.594677,-1.59845e-05,-0.00741169,0.057277,0,0,0
2006-09-14,-0.599865,-0.113906,-0.485959,-1.27796e-05,-2.02225e-06,-1.07574e-05,-0.44261,-0.69157,-0.577665,-1.54284e-05,-0.00587548,0.0574658,0,0,0
2006-09-15,-0.604131,-0.123786,-0.480345,-1.29699e-05,-2.21909e-06,-1.07508e-05,-0.44261,-0.694533,-0.570747,-1.53513e-05,-0.0065898,0.0578901,0,0,0
2006-09-19,-0.60211,-0.124354,-0.477756,-1.29313e-05,-2.22458e-06,-1.07067e-05,-0.44261,-0.680855,-0.556501,-1.49682e-05,-0.0131142,0.0573167,0,0,0
2006-09-20,-0.601269,-0.122576,-0.478694,-1.29507e-05,-2.20013e-06,-1.07506e-05,-0.44261,-0.671243,-0.548668,-1.47907e-05,-0.00631207,0.0575218,0,0,0
2006-09-21,-0.601702,-0.121612,-0.48009,-1.29698e-05,-2.18556e-06,-1.07842e-05,-0.44261,-0.662384,-0.540772,-1.40986e-05,-0.00850899,0.0576145,0,0,0
2006-09-22,-0.604978,-0.129676,-0.475303,-1.3154e-05,-2.3526e-06,-1.08014e-05,-0.44261,-0.645611,-0.515935,-1.34387e-05,-0.00843183,0.0586282,0,0,0
2006-09-26,-0.608079,-0.137597,-0.470482,-1.33139e-05,-2.516e-06,-1.07979e-05,-0.44261,-0.644973,-0.507376,-1.34476e-05,-0.00896749,0.0586836,0,0,0
2006-09-27,-0.610731,-0.140632,-0.470099,-1.33441e-05,-2.57855e-06,-1.07656e-05,-0.44261,-0.652973,-0.512342,-1.34256e-05,-0.0160555,0.0584822,0,0,0
2006-09-28,-0.60487,-0.143209,-0.461661,-1.30136e-05,-2.61856e-06,-1.03951e-05,-0.44261,-0.638601,-0.495392,-1.2897e-05,-0.0193253,0.0590492,0,0,0
2006-09-29,0.330916,-0.148413,0.479329,7.76853e-06,-2.72977e-06,1.04983e-05,0.704871,0.443102,0.591515,1.24991e-05,-0.0226114,0.0588439,0,0,4
2006-10-03,0.327412,-0.145221,0.472633,7.64319e-06,-2.67277e-06,1.0316e-05,0.704871,0.49725,0.642471,1.30825e-05,-0.0318314,0.0584291,1,0,4
2006-10-04,0.315491,-0.154998,0.470489,7.4372e-06,-2.89224e-06,1.03294e-05,0.704871,0.497416,0.652414,1.29909e-05,-0.0312807,0.0566118,1,0,4
2006-10-05,0.319867,-0.1401,0.459967,7.63902e-06,-2.65182e-06,1.02908e-05,0.704871,0.500716,0.640816,1.27881e-05,-0.0210081,0.0574519,0,0,4
2006-10-06,0.314921,-0.144299,0.45922,7.50259e-06,-2.73572e-06,1.02383e-05,0.704871,0.496091,0.64039,1.28475e-05,-0.0223111,0.057959,0,0,4
2006-10-10,0.314186,-0.144734,0.45892,7.4846e-06,-2.74618e-06,1.02308e-05,0.704871,0.498079,0.642813,1.29367e-05,-0.0306209,0.0569084,1,0,4
2006-10-11,0.316762,-0.138788,0.45555,7.569e-06,-2.64709e-06,1.02161e-05,0.704871,0.52525,0.664038,1.33336e-05,-0.0226897,0.0572742,0,0,4
2006-10-12,0.308862,-0.140563,0.449426,7.36039e-06,-2.62206e-06,9.98245e-06,0.704871,0.5267,0.667263,1.33397e-05,-0.0187278,0.0572189,0,0,4
2006-10-13,0.309834,-0.145082,0.454915,7.37035e-06,-2.69196e-06,1.00623e-05,0.704871,0.488181,0.633262,1.27406e-05,-0.016251,0.0570966,0,0,4
2006-10-17,0.310656,-0.141441,0.452097,7.42455e-06,-2.64376e-06,1.00683e-05,0.704871,0.495611,0.637052,1.22941e-05,-0.00765509,0.0563024,0,0,4
2006-10-18,0.313929,-0.129622,0.443551,7.64073e-06,-2.46398e-06,1.01047e-05,0.704871,0.480367,0.609988,1.16848e-05,-0.0172617,0.0555553,0,0,4
2006-10-19,0.314346,-0.12327,0.437616,7.65687e-06,-2.34849e-06,1.00054e-05,0.704871,0.488984,0.612255,1.18972e-05,-0.0124144,0.0549757,0,0,4
2006-10-20,0.31541,-0.113714,0.429125,7.69428e-06,-2.16463e-06,9.85891e-06,0.704871,0.470017,0.583732,1.14824e-05,-0.0211471,0.055514,0,0,4
2006-10-24,0.314475,-0.113822,0.428298,7.67446e-06,-2.17239e-06,9.84686e-06,0.704871,0.453214,0.567036,1.12568e-05,-0.0173991,0.0553476,0,0,4
2006-10-25,0.309173,-0.116483,0.425656,7.47423e-06,-2.2183e-06,9.69253e-06,0.704871,0.417126,0.533609,1.08387e-05,-0.01431,0.0557049,0,0,4
2006-10-26,0.304644,-0.124759,0.429403,7.31965e-06,-2.35851e-06,9.67816e-06,0.704871,0.411238,0.535997,1.06911e-05,-0.0181711,0.0551887,0,0,4
2006-10-27,0.305112,-0.118204,0.423316,7.35502e-06,-2.22765e-06,9.58267e-06,0.704871,0.401906,0.52011,1.04123e-05,-0.0155918,0.0551887,0,0,4
2006-10-31,0.475075,-0.116623,0.591699,1.10483e-05,-2.19834e-06,1.32467e-05,0.735707,0.424002,0.540625,1.00966e-05,-0.0155738,0.0550744,0,0,4
2006-11-01,0.472103,-0.12128,0.593383,1.09833e-05,-2.2794e-06,1.32627e-05,0.735707,0.418652,0.539932,1.00882e-05,-0.0139841,0.0553537,0,0,4
2006-11-02,0.474028,-0.123016,0.597044,1.10213e-05,-2.30831e-06,1.33296e-05,0.735707,0.418801,0.541818,1.00539e-05,-0.0104177,0.0548,0,0,4
2006-11-03,0.474535,-0.120662,0.595197,1.10691e-05,-2.27549e-06,1.33446e-05,0.735707,0.399797,0.520459,9.63209e-06,-0.00731879,0.0542313,0,0,4
2006-11-07,0.47486,-0.114877,0.589736,1.10964e-05,-2.17041e-06,1.32669e-05,0.735707,0.379294,0.494171,9.26114e-06,-0.00507469,0.0543314,0,0,4
2006-11-08,0.470128,-0.113676,0.583803,1.08807e-05,-2.14262e-06,1.30234e-05,0.735707,0.376291,0.489966,9.06517e-06,-0.00124504,0.0537122,0,0,4
2006-11-09,0.470215,-0.109046,0.57926,1.08949e-05,-2.06365e-06,1.29585e-05,0.735707,0.35182,0.460865,8.22682e-06,0.0062071,0.051854,0,0,4
2006-11-10,0.471144,-0.0958742,0.567018,1.09166e-05,-1.83153e-06,1.27482e-05,0.735707,0.371282,0.467157,8.10968e-06,2.09409e-05,0.0489092,0,0,4
2006-11-14,0.467155,-0.0908477,0.558003,1.09352e-05,-1.7584e-06,1.26936e-05,0.735707,0.378551,0.469399,8.13981e-06,0.000279659,0.0490459,0,0,4
2006-11-15,0.465533,-0.0889189,0.554452,1.08875e-05,-1.71906e-06,1.26066e-05,0.735707,0.366844,0.455763,7.93235e-06,0.00367802,0.0487341,0,0,4
2006-11-16,0.466054,-0.0863911,0.552445,1.08768e-05,-1.67236e-06,1.25491e-05,0.735707,0.258799,0.345191,5.49448e-06,-0.00493202,0.0424129,0,0,4
2006-11-17,0.46847,-0.0569925,0.525463,1.09875e-05,-1.1327e-06,1.21202e-05,0.735707,0.266266,0.323259,5.10759e-06,-0.00762231,0.0421451,0,0,4
2006-11-21,0.466028,-0.0545351,0.520563,1.087e-05,-1.08239e-06,1.19524e-05,0.735707,0.277932,0.332467,5.20928e-06,-0.00463693,0.041892,0,0,4
2006-11-22,0.462917,-0.0556189,0.518536,1.07856e-05,-1.10647e-06,1.18921e-05,0.735707,0.281187,0.336806,5.306e-06,-0.00398577,0.0418453,0,0,4
2006-11-28,0.461952,-0.0555173,0.517469,1.0741e-05,-1.10363e-06,1.18447e-05,0.735707,0.258556,0.314073,4.84164e-06,0.0049265,0.0409038,0,0,4
2006-11-29,0.461708,-0.0515054,0.513213,1.08142e-05,-1.03082e-06,1.1845e-05,0.735707,0.253015,0.30452,4.71043e-06,0.00596472,0.0409526,0,0,4
2006-11-30,-0.724602,-0.0521253,-0.672477,-1.93711e-05,-1.04259e-06,-1.83285e-05,-0.785351,-0.763688,-0.711563,-1.82425e-05,0.0145235,0.0393197,0,0,0
2006-12-01,-0.729959,-0.0430939,-0.686865,-1.95049e-05,-8.64998e-07,-1.86399e-05,-0.785351,-0.764758,-0.721664,-1.84442e-05,0.00944738,0.0394619,0,0,0
2006-12-05,-0.728445,-0.0424396,-0.686005,-1.93385e-05,-8.50953e-07,-1.84876e-05,-0.785351,-0.766926,-0.724487,-1.86324e-05,0.00989169,0.0395988,0,0,0
2006-12-06,-0.728899,-0.0460283,-0.682871,-1.94009e-05,-9.26928e-07,-1.8474e-05,-0.785351,-0.759253,-0.713225,-1.78229e-05,0.0130922,0.0396637,0,0,0
2006-12-07,-0.73291,-0.0578272,-0.675082,-1.96247e-05,-1.1782e-06,-1.84465e-05,-0.785351,-0.75238,-0.694553,-1.70959e-05,0.0108013,0.0396581,0,0,0
2006-12-08,-0.73509,-0.0641057,-0.670985,-1.96895e-05,-1.31408e-06,-1.83755e-05,-0.785351,-0.75325,-0.689145,-1.70671e-05,0.00356837,0.0395158,0,0,0
2006-12-12,-0.734669,-0.0596746,-0.674994,-1.96731e-05,-1.21561e-06,-1.84575e-05,-0.785351,-0.744913,-0.685239,-1.69933e-05,0.00184926,0.0398343,0,0,0
2006-12-13,-0.73514,-0.0640563,-0.671084,-1.97289e-05,-1.30466e-06,-1.84243e-05,-0.785351,-0.741538,-0.677482,-1.68669e-05,0.00406137,0.0400837,0,0,0
2006-12-19,-0.733976,-0.0574387,-0.676538,-1.96049e-05,-1.1614e-06,-1.84435e-05,-0.785351,-0.744165,-0.686727,-1.75567e-05,0.00900655,0.0411211,0,0,0
2006-12-20,-0.73418,-0.059582,-0.674598,-1.96198e-05,-1.20749e-06,-1.84124e-05,-0.785351,-0.746281,-0.686699,-1.766e-05,0.00895985,0.041484,0,0,0
2006-12-21,-0.734358,-0.0581168,-0.676242,-1.96208e-05,-1.17728e-06,-1.84435e-05,-0.785351,-0.748188,-0.690071,-1.87014e-05,0.0129968,0.0425451,0,0,0
2006-12-22,-0.739014,-0.0601253,-0.678889,-1.96835e-05,-1.21474e-06,-1.84687e-05,-0.785351,-0.734932,-0.674807,-1.85718e-05,0.0104963,0.0433717,0,0,0
2006-12-27,-0.739106,-0.0605597,-0.678546,-1.96925e-05,-1.22338e-06,-1.84691e-05,-0.785351,-0.740794,-0.680234,-1.85578e-05,0.00282188,0.043072,0,0,0
2006-12-28,-0.73745,-0.0616603,-0.67579,-1.96663e-05,-1.2508e-06,-1.84155e-05,-0.785351,-0.744655,-0.682995,-1.85161e-05,0.000623269,0.043381,0,0,0
2006-12-29,-0.687392,-0.0608323,-0.62656,-1.7394e-05,-1.23527e-06,-1.61588e-05,-0.768175,-0.707986,-0.647153,-1.78009e-05,0.000752792,0.0434654,0,0,0
2007-01-04,-0.687034,-0.0632963,-0.623738,-1.73322e-05,-1.2813e-06,-1.60509e-05,-0.768175,-0.717147,-0.65385,-1.79042e-05,-0.00818564,0.0430181,0,0,0
2007-01-05,-0.683329,-0.0630314,-0.620298,-1.71269e-05,-1.27482e-06,-1.58521e-05,-0.768175,-0.707842,-0.64481,-1.69828e-05,-0.00819932,0.0432529,0,0,0
2007-01-09,-0.68528,-0.0742464,-0.611034,-1.73131e-05,-1.51465e-06,-1.57984e-05,-0.768175,-0.707737,-0.63349,-1.68034e-05,-0.013273,0.0433345,0,0,0
2007-01-10,-0.685382,-0.0824705,-0.602912,-1.73052e-05,-1.68114e-06,-1.5624e-05,-0.768175,-0.7133,-0.630829,-1.69349e-05,-0.0207497,0.0431887,0,0,0
2007-01-11,-0.683555,-0.0935068,-0.590048,-1.72079e-05,-1.90684e-06,-1.5301e-05,-0.768175,-0.732554,-0.639047,-1.68992e-05,-0.0280403,0.0426103,1,0,0
2007-01-17,-0.68059,-0.0941361,-0.586453,-1.72343e-05,-1.93602e-06,-1.52982e-05,-0.768175,-0.722089,-0.627953,-1.61206e-05,-0.0264523,0.0425797,1,0,0
2007-01-18,-0.685483,-0.104476,-0.581007,-1.74611e-05,-2.16489e-06,-1.52962e-05,-0.768175,-0.71389,-0.609415,-1.56616e-05,-0.0244464,0.0425,0,0,0
2007-01-19,-0.685467,-0.107838,-0.577629,-1.75213e-05,-2.24074e-06,-1.52805e-05,-0.768175,-0.731143,-0.623305,-1.58234e-05,-0.0195245,0.0419499,0,0,0
2007-01-24,-0.682142,-0.104223,-0.577918,-1.7472e-05,-2.17192e-06,-1.53001e-05,-0.768175,-0.738766,-0.634543,-1.66955e-05,-0.0171205,0.0424848,0,0,0
2007-01-25,-0.685125,-0.10396,-0.581165,-1.74822e-05,-2.16563e-06,-1.53166e-05,-0.768175,-0.746258,-0.642299,-1.68135e-05,-0.0230334,0.0424193,0,0,0
2007-01-26,-0.68384,-0.104132,-0.579707,-1.74969e-05,-2.1778e-06,-1.53191e-05,-0.768175,-0.74969,-0.645558,-1.68029e-05,-0.023322,0.0423983,0,0,0
2007-01-30,-0.684846,-0.0988919,-0.585954,-1.73513e-05,-2.05916e-06,-1.52922e-05,-0.768175,-0.776951,-0.67806,-1.72579e-05,-0.0179247,0.0416182,0,0,0
2007-01-31,0.32059,-0.0937746,0.414364,9.00998e-06,-1.9654e-06,1.09754e-05,-0.430864,-0.0439021,0.0498726,1.10114e-06,-0.0134098,0.0417472,0,0,4
2007-02-01,0.322339,-0.10339,0.425728,9.08019e-06,-2.16646e-06,1.12467e-05,-0.430864,-0.0370351,0.0663545,1.42777e-06,-0.0135763,0.0417101,0,0,4
2007-02-02,0.322386,-0.104099,0.426486,9.05456e-06,-2.17484e-06,1.12294e-05,-0.430864,-0.0394726,0.0646267,1.41877e-06,-0.0173998,0.0417133,0,0,4
2007-02-06,0.317988,-0.107251,0.425239,8.9936e-06,-2.26169e-06,1.12553e-05,-0.430864,-0.0484777,0.058773,1.32833e-06,-0.0212572,0.0414115,0,0,4
2007-02-07,0.3182,-0.106693,0.424893,8.9969e-06,-2.25096e-06,1.12479e-05,-0.430864,-0.0818556,0.0248372,6.61544e-07,-0.0254396,0.0405987,1,0,4
2007-02-08,0.323108,-0.106048,0.429156,9.12152e-06,-2.23647e-06,1.1358e-05,-0.430864,-0.0780942,0.0279538,7.12924e-07,-0.0242051,0.0410473,0,0,4
2007-02-09,0.320984,-0.10524,0.426223,9.04002e-06,-2.22182e-06,1.12618e-05,-0.430864,-0.0661456,0.0390943,9.10499e-07,-0.0199435,0.0423063,0,0,4
2007-02-13,0.327148,-0.100188,0.427335,9.22272e-06,-2.12594e-06,1.13487e-05,-0.430864,-0.0532483,0.0469393,1.05321e-06,-0.0187209,0.0424476,0,0,4
2007-02-14,0.334394,-0.097628,0.432022,9.39309e-06,-2.07824e-06,1.14713e-05,-0.430864,-0.0544698,0.0431582,9.78321e-07,-0.0185089,0.04243,0,0,4
2007-02-15,0.338777,-0.101022,0.439799,9.48556e-06,-2.14316e-06,1.16287e-05,-0.430864,-0.081464,0.0195577,4.75191e-07,-0.0123397,0.041776,0,0,4
2007-02-16,0.354043,-0.105232,0.459275,9.86459e-06,-2.21712e-06,1.20817e-05,-0.430864,-0.0794711,0.0257605,5.80105e-07,-0.0132019,0.0418552,0,0,4
2007-02-21,0.353865,-0.107893,0.461758,9.86099e-06,-2.26326e-06,1.21242e-05,-0.430864,-0.114568,-0.00667487,-1.26637e-07,-0.00899769,0.040865,0,0,4
2007-02-22,0.354555,-0.108741,0.463296,9.86253e-06,-2.30023e-06,1.21628e-05,-0.430864,-0.127137,-0.0183964,-2.99263e-07,-0.00422937,0.039331,0,0,4
2007-02-23,0.354827,-0.10406,0.458887,9.91002e-06,-2.21775e-06,1.21278e-05,-0.430864,-0.143083,-0.0390227,-6.96069e-07,-0.00200023,0.0388178,0,0,4
2007-02-27,0.355321,-0.103881,0.459203,9.94399e-06,-2.21223e-06,1.21562e-05,-0.430864,-0.162985,-0.0591036,-1.17921e-06,-0.00346315,0.0386142,0,0,4
2007-02-28,-0.430614,-0.106245,-0.324369,-8.37114e-06,-2.26966e-06,-6.10147e-06,-0.802705,-0.729736,-0.623491,-1.23354e-05,-0.00890288,0.0377482,0,0,1
2007-03-01,-0.425452,-0.102002,-0.32345,-8.26708e-06,-2.19116e-06,-6.07592e-06,-0.802705,-0.70503,-0.603028,-1.08501e-05,-0.0119591,0.0379781,0,0,1
2007-03-02,-0.438324,-0.118564,-0.31976,-8.70712e-06,-2.59192e-06,-6.11521e-06,-0.802705,-0.711269,-0.592705,-1.03205e-05,-0.0176405,0.0373986,0,0,1
2007-03-06,-0.43761,-0.121033,-0.316577,-8.7219e-06,-2.65979e-06,-6.0621e-06,-0.802705,-0.719288,-0.598255,-1.01502e-05,-0.0141937,0.0378877,0,0,1
2007-03-07,-0.43677,-0.122016,-0.314754,-8.75026e-06,-2.69301e-06,-6.05725e-06,-0.802705,-0.722018,-0.600003,-1.01504e-05,-0.0116845,0.0378136,0,0,1
2007-03-08,-0.435859,-0.124491,-0.311368,-8.71587e-06,-2.7576e-06,-5.95827e-06,-0.802705,-0.712053,-0.587563,-9.45068e-06,-0.0111685,0.0378916,0,0,1
2007-03-09,-0.437795,-0.130443,-0.307351,-8.7785e-06,-2.90508e-06,-5.87342e-06,-0.802705,-0.720705,-0.590262,-9.41477e-06,-0.0116635,0.0374569,0,0,1
2007-03-13,-0.436899,-0.13233,-0.304569,-8.73919e-06,-2.94239e-06,-5.79679e-06,-0.802705,-0.721865,-0.589536,-9.52625e-06,-0.0154379,0.0373538,0,0,1
2007-03-14,-0.439733,-0.134721,-0.305012,-8.79313e-06,-2.99314e-06,-5.79999e-06,-0.802705,-0.712847,-0.578126,-8.92743e-06,-0.011127,0.0374038,0,0,1
2007-03-15,-0.450316,-0.152545,-0.297771,-9.14249e-06,-3.42983e-06,-5.71266e-06,-0.802705,-0.716145,-0.5636,-8.9319e-06,-0.0131816,0.0377645,0,0,1
2007-03-16,-0.450578,-0.154266,-0.296313,-9.1595e-06,-3.47391e-06,-5.68559e-06,-0.802705,-0.715963,-0.561697,-8.84475e-06,-0.00814892,0.0379959,0,0,1
2007-03-20,-0.457157,-0.154898,-0.30226,-9.25803e-06,-3.48989e-06,-5.76814e-06,-0.802705,-0.706288,-0.55139,-8.5088e-06,-0.00316123,0.0382678,0,0,1
2007-03-21,-0.460495,-0.15926,-0.301235,-9.36676e-06,-3.60639e-06,-5.76037e-06,-0.802705,-0.693986,-0.534726,-8.13591e-06,-0.00197487,0.0382969,0,0,1
2007-03-22,-0.461676,-0.160269,-0.301407,-9.3992e-06,-3.63416e-06,-5.76504e-06,-0.802705,-0.705312,-0.545043,-8.19716e-06,-0.00240188,0.0380861,0,0,1
2007-03-23,-0.459471,-0.159717,-0.299753,-9.36263e-06,-3.62412e-06,-5.73851e-06,-0.802705,-0.699817,-0.540099,-8.13448e-06,-0.00184773,0.0380665,0,0,1
2007-03-27,-0.458496,-0.161067,-0.297429,-9.31475e-06,-3.65642e-06,-5.65833e-06,-0.802705,-0.679073,-0.518006,-7.21867e-06,-0.00107273,0.038293,0,0,1
2007-03-28,-0.464866,-0.170556,-0.29431,-9.46981e-06,-3.87671e-06,-5.5931e-06,-0.802705,-0.674327,-0.503772,-6.89313e-06,0.00228745,0.0382996,0,0,1
2007-03-29,-0.46511,-0.171169,-0.293941,-9.47995e-06,-3.89515e-06,-5.5848e-06,-0.802705,-0.673274,-0.502105,-6.81997e-06,0.00406144,0.0388978,0,0,1
2007-03-30,-0.315618,-0.187853,-0.127765,-8.84263e-06,-4.20099e-06,-4.64164e-06,0.0764097,-0.461829,-0.273977,-5.86362e-06,0.00506066,0.0388884,0,0,1
2007-04-04,-0.319165,-0.187816,-0.131349,-8.99191e-06,-4.19506e-06,-4.79685e-06,0.0764097,-0.457001,-0.269185,-5.70558e-06,0.00308324,0.0388624,0,0,1
2007-04-05,-0.3173,-0.187409,-0.129891,-8.91524e-06,-4.17911e-06,-4.73613e-06,0.0764097,-0.459857,-0.272448,-6.0193e-06,0.00155163,0.0406356,0,0,1
2007-04-10,-0.319221,-0.189238,-0.129982,-8.97913e-06,-4.23171e-06,-4.74743e-06,0.0764097,-0.461016,-0.271778,-6.01859e-06,-0.000621538,0.0412936,0,0,1
2007-04-11,-0.319043,-0.19041,-0.128632,-8.97141e-06,-4.25829e-06,-4.71312e-06,0.0764097,-0.475967,-0.285556,-6.46379e-06,0.00277239,0.0412212,0,0,1
2007-04-12,-0.321253,-0.190663,-0.13059,-9.01716e-06,-4.25724e-06,-4.75993e-06,0.0764097,-0.503427,-0.312764,-7.54599e-06,0.00826007,0.0413219,0,0,1
2007-04-13,-0.322135,-0.189626,-0.132509,-9.03303e-06,-4.235e-06,-4.79803e-06,0.0764097,-0.488188,-0.298561,-7.03492e-06,0.0105355,0.0412577,0,0,1
2007-04-17,-0.322982,-0.19244,-0.130541,-9.0779e-06,-4.31729e-06,-4.76061e-06,0.0764097,-0.494286,-0.301845,-7.23144e-06,0.0110465,0.0413962,0,0,1
2007-04-18,-0.323314,-0.193382,-0.129932,-9.09019e-06,-4.33175e-06,-4.75844e-06,0.0764097,-0.49876,-0.305378,-7.44333e-06,0.00689355,0.0416012,0,0,1
2007-04-19,-0.325102,-0.193887,-0.131216,-9.07994e-06,-4.34575e-06,-4.73418e-06,0.0764097,-0.595408,-0.401521,-1.40473e-05,0.00215925,0.0416699,0,0,1
2007-04-20,-0.326112,-0.193771,-0.132341,-9.10043e-06,-4.34338e-06,-4.75706e-06,0.0764097,-0.610147,-0.416376,-1.49468e-05,0.00307439,0.0421856,0,0,1
2007-04-24,-0.324438,-0.194276,-0.130162,-9.05719e-06,-4.33457e-06,-4.72262e-06,0.0764097,-0.594975,-0.400699,-1.44274e-05,-0.00600928,0.0411738,0,0,1
2007-04-25,-0.33775,-0.193905,-0.143845,-9.36863e-06,-4.35159e-06,-5.01704e-06,0.0764097,-0.601724,-0.407819,-1.4546e-05,-0.00239907,0.0405716,0,0,1
2007-04-26,-0.321945,-0.189109,-0.132835,-8.5327e-06,-4.23544e-06,-4.29726e-06,0.0373787,-0.573565,-0.384455,-1.1508e-05,-0.00801157,0.039576,0,0,1
2007-05-01,-0.324102,-0.194345,-0.129757,-8.64037e-06,-4.38407e-06,-4.2563e-06,0.0373787,-0.588167,-0.393822,-1.16004e-05,-0.0091318,0.0400085,0,0,1
2007-05-02,-0.326422,-0.192588,-0.133834,-8.68091e-06,-4.35145e-06,-4.32945e-06,0.0373787,-0.577335,-0.384747,-1.13393e-05,-0.00257755,0.0400204,0,0,1
2007-05-03,-0.329583,-0.193385,-0.136198,-8.75838e-06,-4.37094e-06,-4.38744e-06,0.0373787,-0.58363,-0.390244,-1.14306e-05,0.00473061,0.0406079,0,0,1
2007-05-04,-0.332543,-0.192152,-0.140391,-8.81648e-06,-4.3173e-06,-4.49918e-06,0.0373787,-0.585052,-0.3929,-1.14467e-05,0.00308513,0.0411181,0,0,1
2007-05-08,-0.335424,-0.196855,-0.138569,-8.8709e-06,-4.41737e-06,-4.45352e-06,0.0373787,-0.58169,-0.384835,-1.11751e-05,-0.00244708,0.041379,0,0,1
2007-05-09,-0.334419,-0.199821,-0.134598,-8.82432e-06,-4.48504e-06,-4.33928e-06,0.0373787,-0.58384,-0.384019,-1.14295e-05,-0.00596597,0.0413207,0,0,1
2007-05-10,-0.335067,-0.199014,-0.136053,-8.82798e-06,-4.47029e-06,-4.3577e-06,0.0373787,-0.566144,-0.36713,-1.09215e-05,-0.00637468,0.0415149,0,0,1
2007-05-11,-0.336281,-0.202088,-0.134193,-8.87166e-06,-4.53864e-06,-4.33302e-06,0.0373787,-0.508433,-0.306345,-9.50934e-06,-0.00816422,0.0436732,0,0,1
2007-05-15,-0.341578,-0.205522,-0.136056,-9.02003e-06,-4.63074e-06,-4.38929e-06,0.0373787,-0.502686,-0.297164,-9.05693e-06,-0.00505666,0.0443123,0,0,1
2007-05-16,-0.338248,-0.210839,-0.127409,-8.90629e-06,-4.76411e-06,-4.14218e-06,0.0373787,-0.50179,-0.290951,-8.92993e-06,-0.00337527,0.0447668,0,0,1
2007-05-17,-0.340318,-0.209679,-0.13064,-8.94649e-06,-4.72275e-06,-4.22375e-06,0.0373787,-0.510061,-0.300383,-9.1203e-06,0.00175332,0.0444322,0,0,1
2007-05-18,-0.338527,-0.207673,-0.130854,-8.88599e-06,-4.68363e-06,-4.20237e-06,0.0373787,-0.506951,-0.299278,-9.1249e-06,-0.00167111,0.0444298,0,0,1
2007-05-22,-0.339317,-0.205293,-0.134024,-8.89262e-06,-4.61775e-06,-4.27487e-06,0.0373787,-0.514068,-0.308775,-9.40682e-06,-0.00364256,0.0441808,0,0,1
2007-05-23,-0.34141,-0.20475,-0.13666,-8.97898e-06,-4.61314e-06,-4.36584e-06,0.0373787,-0.524491,-0.31974,-9.51238e-06,-0.0108434,0.0436194,0,0,1
2007-05-24,-0.338341,-0.205973,-0.132368,-8.90357e-06,-4.64726e-06,-4.25631e-06,0.0373787,-0.523846,-0.317873,-9.4813e-06,-0.0134523,0.0436204,0,0,1
2007-05-25,-0.337991,-0.206352,-0.131639,-8.88941e-06,-4.65378e-06,-4.23562e-06,0.0373787,-0.540524,-0.334172,-9.62064e-06,-0.0107887,0.0431779,0,0,1
2007-05-30,-0.340539,-0.203259,-0.13728,-8.95003e-06,-4.59579e-06,-4.35424e-06,0.0373787,-0.540738,-0.337479,-9.60249e-06,-0.00891087,0.0430469,0,0,1
2007-05-31,0.230524,-0.199704,0.430228,5.19518e-06,-4.50223e-06,9.6974e-06,-0.385512,0.224924,0.424628,8.73485e-06,-0.00739986,0.0434559,0,0,4
2007-06-01,0.222641,-0.196586,0.419227,4.98863e-06,-4.40598e-06,9.39461e-06,-0.385512,0.205923,0.40251,8.22859e-06,-0.00191413,0.0424982,0,0,4
2007-06-05,0.225081,-0.187163,0.412244,5.04738e-06,-4.1785e-06,9.22588e-06,-0.385512,0.209124,0.396287,8.06086e-06,-0.00492728,0.0427061,0,0,4
2007-06-06,0.224244,-0.186367,0.410611,5.03093e-06,-4.15661e-06,9.18754e-06,-0.385512,0.194446,0.380813,7.79764e-06,-0.0018535,0.0426486,0,0,4
2007-06-07,0.22408,-0.186454,0.410533,5.03085e-06,-4.15904e-06,9.18989e-06,-0.385512,0.188786,0.37524,7.67613e-06,-0.00737539,0.0422382,0,0,4
2007-06-08,0.223844,-0.185282,0.409126,5.02099e-06,-4.13706e-06,9.15805e-06,-0.385512,0.179186,0.364468,7.36389e-06,-0.0154055,0.0399777,0,0,4
2007-06-12,0.220237,-0.179338,0.399576,4.94305e-06,-4.00506e-06,8.94811e-06,-0.385512,0.185983,0.365322,7.36403e-06,-0.0178103,0.0391303,0,0,4
2007-06-13,0.216968,-0.174729,0.391697,4.85369e-06,-3.89005e-06,8.74373e-06,-0.385512,0.186501,0.36123,7.25795e-06,-0.0169804,0.0391975,0,0,4
2007-06-14,0.214637,-0.177659,0.392296,4.75033e-06,-3.94445e-06,8.69478e-06,-0.385512,0.18028,0.357939,7.16807e-06,-0.010632,0.0386802,0,0,4
2007-06-15,0.214206,-0.177194,0.3914,4.74274e-06,-3.95178e-06,8.69452e-06,-0.385512,0.189045,0.366238,7.32341e-06,-0.0105254,0.0385873,0,0,4
2007-06-19,0.2143,-0.17929,0.39359,4.74317e-06,-4.00323e-06,8.7464e-06,-0.385512,0.194412,0.373702,7.4828e-06,-0.014918,0.0386977,0,0,4
2007-06-20,0.212657,-0.180279,0.392936,4.71263e-06,-4.0288e-06,8.74142e-06,-0.385512,0.20369,0.383969,7.71119e-06,-0.0140279,0.0385238,0,0,4
2007-06-21,0.211915,-0.180285,0.3922,4.69394e-06,-4.0318e-06,8.72574e-06,-0.385512,0.214637,0.394922,7.87583e-06,-0.0146733,0.0385337,0,0,4
2007-06-22,0.209878,-0.18105,0.390928,4.65175e-06,-4.05262e-06,8.70437e-06,-0.385512,0.20228,0.383329,7.73531e-06,-0.0217738,0.0390168,0,0,4
2007-06-26,0.209019,-0.185194,0.394213,4.61894e-06,-4.12733e-06,8.74626e-06,-0.385512,0.204331,0.389524,7.85158e-06,-0.0203697,0.0388028,0,0,4
2007-06-27,0.210096,-0.184296,0.394392,4.64696e-06,-4.10175e-06,8.74871e-06,-0.385512,0.199248,0.383544,7.73462e-06,-0.0199379,0.0386108,0,0,4
2007-06-28,0.211192,-0.186457,0.397649,4.67688e-06,-4.14325e-06,8.82013e-06,-0.385512,0.216807,0.403263,8.03332e-06,-0.0239265,0.0386007,0,0,4
2007-06-29,-0.671792,-0.182064,-0.489728,-1.66628e-05,-4.027e-06,-1.26358e-05,-0.748115,-0.651431,-0.469367,-9.38406e-06,-0.0199704,0.0379878,0,0,0
2007-07-03,-0.673417,-0.183431,-0.489986,-1.67083e-05,-4.07645e-06,-1.26318e-05,-0.748115,-0.640727,-0.457296,-8.83521e-06,-0.0167316,0.0379371,0,0,0
2007-07-06,-0.67228,-0.188524,-0.483757,-1.66951e-05,-4.19296e-06,-1.25021e-05,-0.748115,-0.637016,-0.448492,-8.64069e-06,-0.0134603,0.0378181,0,0,0
2007-07-10,-0.672126,-0.186917,-0.485209,-1.65941e-05,-4.1503e-06,-1.24438e-05,-0.748115,-0.638589,-0.451672,-9.03287e-06,-0.0103233,0.0381565,0,0,0
2007-07-11,-0.672664,-0.187745,-0.484919,-1.66074e-05,-4.17142e-06,-1.2436e-05,-0.748115,-0.640998,-0.453253,-9.1511e-06,-0.0144187,0.0381761,0,0,0
2007-07-12,-0.675315,-0.187919,-0.487397,-1.66513e-05,-4.13876e-06,-1.25126e-05,-0.748115,-0.634388,-0.446469,-9.17386e-06,-0.0161392,0.0382751,0,0,0
2007-07-13,-0.675251,-0.186811,-0.48844,-1.66426e-05,-4.11008e-06,-1.25325e-05,-0.748115,-0.65466,-0.46785,-9.6829e-06,-0.0122283,0.0381448,0,0,0
2007-07-17,-0.671794,-0.194119,-0.477675,-1.65755e-05,-4.23767e-06,-1.23378e-05,-0.748115,-0.65044,-0.456321,-9.40295e-06,-0.0159301,0.0383511,0,0,0
2007-07-18,-0.6722,-0.198602,-0.473599,-1.65368e-05,-4.33803e-06,-1.21988e-05,-0.748115,-0.63664,-0.438038,-8.97005e-06,-0.00839149,0.037991,0,0,0
2007-07-19,-0.678279,-0.20899,-0.469289,-1.67698e-05,-4.58508e-06,-1.21847e-05,-0.748115,-0.63661,-0.42762,-9.22668e-06,-0.00804572,0.0384923,0,0,0
2007-07-20,-0.67929,-0.209665,-0.469625,-1.67973e-05,-4.59631e-06,-1.2201e-05,-0.748115,-0.636991,-0.427325,-9.20318e-06,-0.00531166,0.0383901,0,0,0
2007-07-24,-0.67906,-0.209757,-0.469303,-1.67438e-05,-4.60292e-06,-1.21409e-05,-0.748115,-0.631121,-0.421364,-8.85915e-06,-0.00239319,0.0386632,0,0,0
2007-07-26,-0.679803,-0.214721,-0.465082,-1.6813e-05,-4.72116e-06,-1.20919e-05,-0.748115,-0.6234,-0.408679,-8.65348e-06,-0.00187455,0.0384761,0,0,0
2007-07-27,-0.67888,-0.211646,-0.467233,-1.67738e-05,-4.63461e-06,-1.21392e-05,-0.748115,-0.621565,-0.409919,-8.59345e-06,-0.00258703,0.0384531,0,0,0
2007-07-31,-0.378478,-0.214327,-0.164151,-8.73065e-06,-4.69932e-06,-4.03133e-06,-0.519119,-0.446292,-0.231964,-5.51991e-06,0.00324893,0.0382869,0,0,1
2007-08-01,-0.379251,-0.211881,-0.16737,-8.74445e-06,-4.65485e-06,-4.08961e-06,-0.519119,-0.436402,-0.224521,-5.32292e-06,-0.00273817,0.0383745,0,0,1
2007-08-02,-0.379128,-0.20988,-0.169249,-8.74303e-06,-4.60229e-06,-4.14074e-06,-0.519119,-0.452911,-0.243032,-6.11066e-06,0.00207589,0.038501,0,0,1
2007-08-03,-0.380589,-0.209941,-0.170648,-8.76651e-06,-4.60284e-06,-4.16368e-06,-0.519119,-0.500586,-0.290646,-7.11474e-06,0.00486546,0.0362883,0,0,1
2007-08-07,-0.371822,-0.202899,-0.168923,-8.62818e-06,-4.46996e-06,-4.15822e-06,-0.519119,-0.502805,-0.299905,-7.20658e-06,0.00201585,0.0360299,0,0,1
2007-08-08,-0.37444,-0.201115,-0.173325,-8.68613e-06,-4.4418e-06,-4.24434e-06,-0.519119,-0.504619,-0.303504,-7.20839e-06,0.0049876,0.0357851,0,0,1
2007-08-09,-0.378307,-0.201617,-0.17669,-8.74989e-06,-4.45747e-06,-4.29242e-06,-0.519119,-0.49258,-0.290963,-6.49675e-06,0.00477271,0.0354373,0,0,1
2007-08-10,-0.383596,-0.21057,-0.173026,-8.93297e-06,-4.67592e-06,-4.25705e-06,-0.519119,-0.493312,-0.282742,-6.30866e-06,0.0047296,0.0355601,0,0,1
2007-08-14,-0.388219,-0.211549,-0.176671,-9.00911e-06,-4.68479e-06,-4.32432e-06,-0.519119,-0.49737,-0.285822,-6.42842e-06,0.00410792,0.035455,0,0,1
2007-08-15,-0.389442,-0.212232,-0.17721,-9.02922e-06,-4.69769e-06,-4.33154e-06,-0.519119,-0.496809,-0.284577,-6.34401e-06,0.00409821,0.0353169,0,0,1
2007-08-16,-0.39009,-0.212495,-0.177594,-9.02977e-06,-4.706e-06,-4.32378e-06,-0.519119,-0.29515,-0.0826549,2.10749e-07,-0.000179977,0.0351314,0,0,1
2007-08-17,-0.425827,-0.259798,-0.166029,-1.05354e-05,-6.10844e-06,-4.42694e-06,-0.519119,-0.314011,-0.0542129,1.59811e-06,0.00723922,0.03446,0,0,1
2007-08-21,-0.424502,-0.260189,-0.164313,-1.0597e-05,-6.15232e-06,-4.44469e-06,-0.519119,-0.304788,-0.0445993,1.73027e-06,0.00741257,0.0343928,0,0,1
2007-08-22,-0.424065,-0.259506,-0.164559,-1.05804e-05,-6.126e-06,-4.45439e-06,-0.519119,-0.303061,-0.0435549,1.7386e-06,0.00883391,0.0344041,0,0,1
2007-08-28,-0.424704,-0.260616,-0.164089,-1.06033e-05,-6.15471e-06,-4.44856e-06,-0.519119,-0.309516,-0.0489005,1.69481e-06,0.0108298,0.0343272,0,0,1
2007-08-29,-0.417542,-0.256397,-0.161144,-1.02866e-05,-6.02617e-06,-4.26046e-06,-0.519119,-0.338588,-0.0821911,1.22348e-06,0.00608629,0.0337989,0,0,1
2007-08-30,-0.409019,-0.251708,-0.157312,-1.00309e-05,-5.91881e-06,-4.11209e-06,-0.519119,-0.358416,-0.106709,7.0501e-07,0.0067455,0.034762,0,0,1
2007-08-31,0.194706,-0.251995,0.446701,2.76046e-06,-5.92295e-06,8.68341e-06,-0.496168,0.0618436,0.313839,6.48719e-06,0.00117709,0.033725,0,0,4
2007-09-05,0.195051,-0.250902,0.445953,2.76621e-06,-5.94547e-06,8.71168e-06,-0.496168,0.019776,0.270678,6.12507e-06,-0.00125809,0.0330841,0,0,4
2007-09-06,0.19994,-0.247875,0.447815,2.84001e-06,-5.87393e-06,8.71394e-06,-0.496168,-0.0210179,0.226857,5.67524e-06,-0.00127952,0.0343026,0,0,4
2007-09-07,0.200692,-0.249145,0.449837,2.84625e-06,-5.8985e-06,8.74476e-06,-0.496168,-0.0491235,0.200021,5.42288e-06,0.00101182,0.0342408,0,0,4
2007-09-11,0.199904,-0.249503,0.449407,2.83984e-06,-5.89977e-06,8.73961e-06,-0.496168,-0.0301749,0.219328,5.60509e-06,0.000379816,0.0359132,0,0,4
2007-09-12,0.199338,-0.252328,0.451666,2.83672e-06,-5.95546e-06,8.79218e-06,-0.496168,-0.0439409,0.208387,5.56493e-06,0.00767642,0.0348041,0,0,4
2007-09-13,0.20405,-0.243512,0.447561,2.97414e-06,-5.82417e-06,8.79831e-06,-0.496168,-0.0464907,0.197021,5.39065e-06,0.00376668,0.0370175,0,0,4
2007-09-14,0.199862,-0.239285,0.439148,2.90169e-06,-5.73472e-06,8.63641e-06,-0.496168,-0.0762007,0.163085,5.01361e-06,0.0103729,0.0385903,0,0,4
2007-09-18,0.198106,-0.236163,0.434269,2.87628e-06,-5.65201e-06,8.52828e-06,-0.496168,-0.0662043,0.169958,5.01732e-06,0.00919098,0.0395296,0,0,4
2007-09-19,0.181686,-0.225303,0.406989,2.57971e-06,-5.31576e-06,7.89547e-06,-0.496168,-0.0620438,0.163259,4.72044e-06,0.0092809,0.039575,0,0,4
2007-09-20,0.181544,-0.225385,0.40693,2.57583e-06,-5.30248e-06,7.87832e-06,-0.496168,-0.0638588,0.161527,4.68139e-06,0.013409,0.0393701,0,0,4
2007-09-21,0.169,-0.231413,0.400413,2.34244e-06,-5.39284e-06,7.73528e-06,-0.496168,-0.047504,0.183909,4.93556e-06,0.0156446,0.0394087,0,0,4
2007-09-25,0.167275,-0.233254,0.400529,2.32137e-06,-5.43656e-06,7.75793e-06,-0.496168,-0.0532333,0.180021,4.92199e-06,0.0162456,0.0393357,0,0,4
2007-09-26,0.164476,-0.236403,0.400879,2.27515e-06,-5.49099e-06,7.76614e-06,-0.496168,-0.0387071,0.197696,5.11842e-06,0.0141684,0.0392089,0,0,4
2007-09-27,0.163318,-0.229249,0.392567,2.23845e-06,-5.28734e-06,7.5258e-06,-0.496168,-0.0561451,0.173104,4.7359e-06,0.0134382,0.0391469,0,0,4
2007-09-28,-0.139681,-0.228873,0.0891922,-2.31599e-06,-5.27818e-06,2.96219e-06,-0.387464,-0.361745,-0.132872,7.47941e-08,0.0111189,0.0385527,0,0,2
2007-10-03,-0.138885,-0.22534,0.0864553,-2.30415e-06,-5.19815e-06,2.89399e-06,-0.387464,-0.345067,-0.119728,1.38453e-07,0.0104821,0.0385487,0,0,2
2007-10-04,-0.139341,-0.22617,0.0868291,-2.30935e-06,-5.19366e-06,2.88431e-06,-0.387464,-0.359769,-0.133599,-1.7843e-07,0.00553813,0.0382691,0,0,2
2007-10-05,-0.133903,-0.226834,0.0929307,-2.20997e-06,-5.16689e-06,2.95692e-06,-0.387464,-0.353723,-0.126889,-5.54135e-08,0.0027275,0.0386637,0,0,2
2007-10-09,-0.136262,-0.228694,0.0924327,-2.25052e-06,-5.22074e-06,2.97022e-06,-0.387464,-0.31949,-0.0907953,3.668e-07,0.00208333,0.0386625,0,0,2
2007-10-10,-0.119585,-0.22683,0.107244,-1.9359e-06,-5.1556e-06,3.21971e-06,-0.387464,-0.303935,-0.0771054,5.07232e-07,0.00595462,0.0386727,0,0,2
2007-10-11,-0.120986,-0.227996,0.10701,-1.96099e-06,-5.16118e-06,3.20019e-06,-0.387464,-0.281513,-0.0535175,8.98375e-07,0.00768536,0.0386298,0,0,2
2007-10-12,-0.123765,-0.230457,0.106692,-2.01247e-06,-5.23423e-06,3.22176e-06,-0.387464,-0.262052,-0.0315941,1.2503e-06,0.00458777,0.0385774,0,0,2
2007-10-16,-0.12556,-0.233929,0.108369,-2.04567e-06,-5.30731e-06,3.26164e-06,-0.387464,-0.255776,-0.0218469,1.46431e-06,0.00189526,0.0381846,0,0,2
2007-10-17,-0.138732,-0.237292,0.0985601,-2.2415e-06,-5.37534e-06,3.13384e-06,-0.387464,-0.276652,-0.0393601,1.07756e-06,0.00310996,0.0381747,0,0,2
2007-10-18,-0.121451,-0.237414,0.115963,-1.92355e-06,-5.35595e-06,3.4324e-06,-0.387464,-0.284932,-0.0475182,8.59836e-07,-0.00163432,0.0379809,0,0,3
2007-10-19,-0.110546,-0.239835,0.129289,-1.73246e-06,-5.39553e-06,3.66306e-06,-0.387464,-0.27609,-0.0362552,9.99355e-07,4.52145e-06,0.03796,0,0,3
2007-10-23,-0.0946718,-0.236131,0.141459,-1.45348e-06,-5.24038e-06,3.78691e-06,-0.387464,-0.276313,-0.0401821,7.84145e-07,0.00143238,0.0381012,0,0,3
2007-10-24,-0.0942148,-0.235421,0.141206,-1.44536e-06,-5.21832e-06,3.77296e-06,-0.387464,-0.318305,-0.0828834,-1.51796e-07,-0.00233886,0.0375422,0,0,3
2007-10-25,-0.094943,-0.236209,0.141266,-1.46024e-06,-5.25899e-06,3.79875e-06,-0.387464,-0.325032,-0.0888226,-2.79501e-07,-0.00392717,0.0376695,0,0,3
2007-10-26,-0.0938359,-0.234499,0.140663,-1.43247e-06,-5.19725e-06,3.76478e-06,-0.387464,-0.214393,0.0201065,1.2153e-06,-0.00490813,0.037538,0,0,3
2007-10-30,-0.0934968,-0.234083,0.140587,-1.41984e-06,-5.18088e-06,3.76104e-06,-0.387464,-0.210946,0.0231373,1.05534e-06,-0.00740903,0.0373887,0,0,3
2007-10-31,-0.516274,-0.245856,-0.270418,-1.00194e-05,-5.39633e-06,-4.6231e-06,-0.580496,-0.709611,-0.463755,-1.35268e-05,-0.0108274,0.037024,0,0,1
2007-11-01,-0.516603,-0.239944,-0.276659,-9.9212e-06,-5.23232e-06,-4.68887e-06,-0.580496,-0.696179,-0.456236,-1.33625e-05,-0.0120674,0.0368947,0,0,1
2007-11-02,-0.517845,-0.243823,-0.274022,-9.96521e-06,-5.31608e-06,-4.64913e-06,-0.580496,-0.694138,-0.450315,-1.3275e-05,-0.0110593,0.0369679,0,0,1
2007-11-06,-0.516314,-0.239271,-0.277043,-9.79303e-06,-5.17361e-06,-4.61942e-06,-0.580496,-0.692766,-0.453495,-1.39087e-05,-0.00985845,0.0381954,0,0,1
2007-11-07,-0.514333,-0.241187,-0.273145,-9.7242e-06,-5.23318e-06,-4.49102e-06,-0.580496,-0.690399,-0.449212,-1.36578e-05,-0.0133433,0.0381266,0,0,1
2007-11-08,-0.507169,-0.23707,-0.270099,-9.27584e-06,-5.06653e-06,-4.20931e-06,-0.580496,-0.761108,-0.524038,-2.21013e-05,-0.0115088,0.0380767,0,0,1
2007-11-09,-0.506369,-0.237,-0.269369,-9.27382e-06,-5.06741e-06,-4.20641e-06,-0.580496,-0.797683,-0.560682,-2.70774e-05,-0.00906561,0.03784,0,0,1
2007-11-13,-0.500628,-0.230088,-0.27054,-9.06608e-06,-4.89319e-06,-4.17288e-06,-0.580496,-0.811093,-0.581005,-2.968e-05,-0.00462515,0.0376134,0,0,1
2007-11-14,-0.498379,-0.228717,-0.269662,-9.02785e-06,-4.86994e-06,-4.15791e-06,-0.580496,-0.809034,-0.580317,-2.89778e-05,-0.00771812,0.0383807,0,0,1
2007-11-15,-0.503855,-0.235174,-0.268682,-9.23796e-06,-5.04916e-06,-4.18879e-06,-0.580496,-0.802292,-0.567119,-2.75605e-05,-0.0153901,0.0377918,0,0,1
2007-11-16,-0.512135,-0.24239,-0.269746,-9.52043e-06,-5.25535e-06,-4.26508e-06,-0.580496,-0.813668,-0.571278,-2.98376e-05,-0.0168584,0.0378365,0,0,1
2007-11-20,-0.511961,-0.247522,-0.264439,-9.50511e-06,-5.34557e-06,-4.15954e-06,-0.580496,-0.805033,-0.557511,-2.90742e-05,-0.0137962,0.0377601,0,0,1
2007-11-21,-0.519007,-0.257027,-0.261981,-9.70073e-06,-5.5813e-06,-4.11944e-06,-0.580496,-0.799558,-0.542531,-2.87509e-05,-0.0190027,0.0384066,0,0,1
2007-11-27,-0.519282,-0.260575,-0.258707,-9.71235e-06,-5.65047e-06,-4.06189e-06,-0.580496,-0.799635,-0.539059,-2.87564e-05,-0.0189618,0.0382617,0,0,1
2007-11-28,-0.522232,-0.261866,-0.260367,-9.76444e-06,-5.69141e-06,-4.07303e-06,-0.580496,-0.80085,-0.538984,-2.88754e-05,-0.0220059,0.0378605,0,0,1
2007-11-29,-0.519963,-0.260429,-0.259533,-9.73726e-06,-5.6701e-06,-4.06716e-06,-0.580496,-0.809736,-0.549307,-3.02405e-05,-0.0188691,0.0385865,0,0,1
2007-11-30,-0.569206,-0.253706,-0.315499,-1.32759e-05,-5.47921e-06,-7.79665e-06,-0.69626,-0.845614,-0.591907,-4.61024e-05,-0.013107,0.0383766,0,0,1
2007-12-04,-0.568866,-0.257539,-0.311327,-1.32244e-05,-5.50521e-06,-7.71922e-06,-0.69626,-0.839939,-0.5824,-4.58664e-05,-0.018972,0.0385106,0,0,1
2007-12-05,-0.566129,-0.259347,-0.306782,-1.30743e-05,-5.55738e-06,-7.5169e-06,-0.69626,-0.842147,-0.5828,-4.59443e-05,-0.0213002,0.0387288,0,0,1
2007-12-06,-0.563567,-0.259136,-0.304431,-1.2991e-05,-5.53446e-06,-7.45656e-06,-0.69626,-0.840824,-0.581688,-4.59505e-05,-0.0232901,0.0387449,0,0,1
2007-12-07,-0.563447,-0.259178,-0.30427,-1.29848e-05,-5.53193e-06,-7.45287e-06,-0.69626,-0.842294,-0.583117,-4.75707e-05,-0.0239991,0.0387203,0,0,1
2007-12-11,-0.56414,-0.261269,-0.302872,-1.30293e-05,-5.592e-06,-7.43729e-06,-0.69626,-0.846492,-0.585223,-4.90308e-05,-0.0238341,0.0388966,0,0,1
2007-12-12,-0.562467,-0.261569,-0.300898,-1.29632e-05,-5.59467e-06,-7.36856e-06,-0.69626,-0.847983,-0.586414,-4.95433e-05,-0.0244892,0.0392946,0,0,1
2007-12-18,-0.563169,-0.264528,-0.298641,-1.29875e-05,-5.66204e-06,-7.32544e-06,-0.69626,-0.849197,-0.584669,-5.06766e-05,-0.024127,0.0392678,0,0,1
2007-12-19,-0.565041,-0.265018,-0.300023,-1.29867e-05,-5.66557e-06,-7.32117e-06,-0.69626,-0.849126,-0.584108,-5.06877e-05,-0.0241293,0.0392459,0,0,1
2007-12-20,-0.563284,-0.273494,-0.28979,-1.28991e-05,-5.82046e-06,-7.07862e-06,-0.69626,-0.848045,-0.574551,-5.10036e-05,-0.0221227,0.0390468,0,0,1
2007-12-21,-0.566444,-0.272062,-0.294382,-1.29634e-05,-5.79977e-06,-7.16364e-06,-0.69626,-0.847195,-0.575133,-5.06927e-05,-0.0224869,0.0391153,0,0,1
2007-12-27,-0.567283,-0.277659,-0.289624,-1.30011e-05,-5.92529e-06,-7.0758e-06,-0.69626,-0.855482,-0.577823,-5.49791e-05,-0.0227911,0.0401679,0,0,1
2007-12-28,-0.100956,-0.275944,0.174988,-1.51844e-06,-5.87528e-06,4.35684e-06,-0.714465,-0.267927,0.00801659,-2.17378e-06,-0.0221319,0.0408021,0,0,3
2008-01-03,-0.104737,-0.274879,0.170143,-1.57119e-06,-5.84339e-06,4.2722e-06,-0.714465,-0.250792,0.0240877,-1.80081e-06,-0.0184193,0.0402666,0,0,3
2008-01-08,-0.100454,-0.273576,0.173122,-1.50747e-06,-5.80061e-06,4.29314e-06,-0.714465,-0.238996,0.0345793,-1.37484e-06,-0.0141372,0.0395062,0,0,3
2008-01-09,-0.127069,-0.264195,0.137126,-1.87319e-06,-5.54982e-06,3.67663e-06,-0.714465,-0.268553,-0.00435845,-3.07573e-06,-0.0131221,0.0395672,0,0,3
2008-01-10,-0.128449,-0.266161,0.137712,-1.89159e-06,-5.58446e-06,3.69288e-06,-0.714465,-0.278203,-0.0120419,-3.31399e-06,-0.0149065,0.0395136,0,0,3
2008-01-11,-0.130113,-0.268083,0.13797,-1.92369e-06,-5.64437e-06,3.72068e-06,-0.714465,-0.251426,0.0166571,-2.61631e-06,-0.00920364,0.0383139,0,0,3
2008-01-16,-0.130121,-0.252882,0.12276,-1.92657e-06,-5.27429e-06,3.34772e-06,-0.714465,-0.238259,0.0146223,-2.38524e-06,-0.0106885,0.0383394,0,0,3
2008-01-17,-0.140929,-0.26147,0.12054,-2.11263e-06,-5.49327e-06,3.38063e-06,-0.714465,-0.265474,-0.00400472,-2.8229e-06,-0.00533192,0.0364723,0,0,3
2008-01-18,-0.129977,-0.259019,0.129042,-1.96926e-06,-5.42775e-06,3.45849e-06,-0.714465,-0.289841,-0.0308227,-3.43434e-06,-0.010866,0.0362256,0,0,3
2008-01-23,-0.123637,-0.251245,0.127608,-1.88627e-06,-5.28447e-06,3.3982e-06,-0.714465,-0.288773,-0.0375282,-3.69735e-06,-0.0170435,0.0327894,0,0,3
2008-01-24,-0.129115,-0.251371,0.122255,-2.016e-06,-5.38516e-06,3.36916e-06,-0.714465,-0.297704,-0.0463333,-3.8813e-06,-0.00954951,0.0305147,0,0,3
2008-01-25,-0.132701,-0.253612,0.120912,-2.06683e-06,-5.45872e-06,3.39189e-06,-0.714465,-0.321179,-0.0675665,-4.6603e-06,-0.00390698,0.0294428,0,0,3
2008-01-29,-0.131302,-0.242818,0.111516,-2.03549e-06,-5.19274e-06,3.15725e-06,-0.714465,-0.321224,-0.0784065,-5.4e-06,-0.0025475,0.0292396,0,0,2
2008-01-30,-0.132647,-0.243199,0.110551,-2.05279e-06,-5.19928e-06,3.14649e-06,-0.714465,-0.32429,-0.0810915,-5.46548e-06,-0.00113883,0.0290572,0,0,2
2008-01-31,-0.861759,-0.243787,-0.617973,-2.2494e-05,-5.18862e-06,-1.73054e-05,-0.851247,-0.961807,-0.71802,-8.1105e-05,-0.00028619,0.0298193,0,0,0
2008-02-01,-0.861124,-0.244689,-0.616435,-2.24979e-05,-5.19459e-06,-1.73033e-05,-0.851247,-0.96051,-0.715821,-8.17996e-05,0.000905992,0.0298108,0,0,0
2008-02-05,-0.860099,-0.238937,-0.621161,-2.22685e-05,-5.02909e-06,-1.72394e-05,-0.851247,-0.959965,-0.721027,-8.37008e-05,0.000462286,0.0298668,0,0,0
2008-02-06,-0.860393,-0.236715,-0.623678,-2.23335e-05,-4.96793e-06,-1.73656e-05,-0.851247,-0.960433,-0.723718,-8.35864e-05,0.00660313,0.0298354,0,0,0
2008-02-07,-0.859985,-0.236536,-0.623449,-2.22842e-05,-4.96344e-06,-1.73208e-05,-0.851247,-0.960251,-0.723714,-8.53099e-05,0.00719606,0.0297978,0,0,0
2008-02-08,-0.8635,-0.238245,-0.625255,-2.2334e-05,-4.98331e-06,-1.73507e-05,-0.851247,-0.95505,-0.716805,-8.55726e-05,0.0071379,0.0298964,0,0,0
2008-02-12,-0.864798,-0.248036,-0.616762,-2.25944e-05,-5.26482e-06,-1.73295e-05,-0.851247,-0.955266,-0.70723,-8.4941e-05,0.00612126,0.0302493,0,0,0
2008-02-13,-0.866464,-0.254288,-0.612177,-2.26762e-05,-5.41661e-06,-1.72596e-05,-0.851247,-0.959729,-0.705441,-9.24147e-05,0.00231537,0.0298951,0,0,0
2008-02-14,-0.862602,-0.247016,-0.615586,-2.20959e-05,-5.19372e-06,-1.69021e-05,-0.851247,-0.959147,-0.712131,-9.13664e-05,0.00570457,0.0300289,0,0,0
2008-02-15,-0.864151,-0.271491,-0.592661,-2.23722e-05,-5.72566e-06,-1.66465e-05,-0.851247,-0.958703,-0.687213,-9.22735e-05,0.00708629,0.0300905,0,0,0
2008-02-20,-0.866077,-0.270432,-0.595646,-2.23749e-05,-5.6924e-06,-1.66825e-05,-0.851247,-0.958521,-0.688089,-9.28329e-05,0.0055613,0.0302565,0,0,0
2008-02-21,-0.86563,-0.270294,-0.595336,-2.22891e-05,-5.6883e-06,-1.66008e-05,-0.851247,-0.958533,-0.688239,-9.25643e-05,0.00769513,0.0303052,0,0,0
2008-02-22,-0.865279,-0.283786,-0.581493,-2.21284e-05,-5.99846e-06,-1.613e-05,-0.851247,-0.958321,-0.674535,-9.24478e-05,0.00360558,0.0305432,0,0,0
2008-02-26,-0.865406,-0.288286,-0.57712,-2.21446e-05,-6.06657e-06,-1.6078e-05,-0.851247,-0.956561,-0.668275,-9.20046e-05,0.00286772,0.0306388,0,0,0
2008-02-27,-0.865411,-0.29502,-0.570391,-2.20995e-05,-6.26336e-06,-1.58361e-05,-0.851247,-0.95517,-0.66015,-9.05865e-05,0.0028856,0.0305888,0,0,0
2008-02-28,-0.865486,-0.307561,-0.557925,-2.20677e-05,-6.58055e-06,-1.54872e-05,-0.851247,-0.954556,-0.646995,-8.9958e-05,0.00741635,0.0306187,0,0,0
2008-02-29,-0.839484,-0.324731,-0.514753,-2.4403e-05,-6.87301e-06,-1.753e-05,-0.801263,-0.939883,-0.615152,-9.25289e-05,0.00487221,0.0307497,0,0,0
2008-03-04,-0.839935,-0.329275,-0.51066,-2.41838e-05,-6.93946e-06,-1.72444e-05,-0.801263,-0.938892,-0.609617,-9.02704e-05,0.00190519,0.0310965,0,0,0
2008-03-05,-0.84279,-0.351808,-0.490982,-2.47267e-05,-7.57403e-06,-1.71527e-05,-0.801263,-0.938886,-0.587078,-8.93205e-05,0.00320135,0.0315301,0,0,0
2008-03-06,-0.846292,-0.359566,-0.486725,-2.49677e-05,-7.83971e-06,-1.7128e-05,-0.801263,-0.936816,-0.57725,-8.56123e-05,0.00409382,0.0315591,0,0,0
2008-03-07,-0.85149,-0.387474,-0.464015,-2.59722e-05,-8.82991e-06,-1.71423e-05,-0.801263,-0.935129,-0.547654,-8.19467e-05,0.003677,0.032281,0,0,0
2008-03-11,-0.85942,-0.40894,-0.45048,-2.68837e-05,-9.65494e-06,-1.72287e-05,-0.801263,-0.934663,-0.525723,-8.03061e-05,0.00579884,0.0323227,0,0,0
2008-03-12,-0.86371,-0.424349,-0.439361,-2.72234e-05,-1.01816e-05,-1.70418e-05,-0.801263,-0.934393,-0.510044,-7.98476e-05,0.00184587,0.0323333,0,0,0
2008-03-13,-0.864799,-0.424971,-0.439828,-2.72376e-05,-1.01943e-05,-1.70433e-05,-0.801263,-0.934008,-0.509037,-7.91969e-05,5.64408e-05,0.0324882,0,0,0
2008-03-14,-0.865179,-0.428407,-0.436773,-2.73307e-05,-1.03477e-05,-1.69831e-05,-0.801263,-0.937786,-0.509379,-7.80696e-05,-0.00425772,0.031164,0,0,0
2008-03-18,-0.861284,-0.431891,-0.429393,-2.75503e-05,-1.0574e-05,-1.69762e-05,-0.801263,-0.936498,-0.504607,-7.77963e-05,-0.00301918,0.0317803,0,0,0
2008-03-19,-0.861308,-0.435314,-0.425993,-2.73711e-05,-1.06288e-05,-1.67423e-05,-0.801263,-0.919466,-0.484151,-6.07565e-05,-0.00458121,0.0319625,0,0,0
2008-03-20,-0.877153,-0.516104,-0.361049,-3.1407e-05,-1.46788e-05,-1.67282e-05,-0.801263,-0.91065,-0.394546,-5.06956e-05,-0.00764626,0.0322699,0,0,1
2008-03-25,-0.886001,-0.549714,-0.336287,-3.37849e-05,-1.6974e-05,-1.68109e-05,-0.801263,-0.907724,-0.35801,-4.51294e-05,-0.00245314,0.0333224,0,0,1
2008-03-26,-0.889242,-0.572932,-0.31631,-3.514e-05,-1.84652e-05,-1.66748e-05,-0.801263,-0.91444,-0.341508,-4.52566e-05,-0.005914,0.0331129,0,0,1
2008-03-27,-0.887517,-0.581164,-0.306352,-3.51155e-05,-1.87469e-05,-1.63685e-05,-0.801263,-0.916008,-0.334844,-4.55464e-05,-0.00827082,0.0333957,0,0,1
2008-03-28,-0.775256,-0.590812,-0.184444,-2.6173e-05,-1.88022e-05,-7.37081e-06,-0.712885,-0.863977,-0.273165,-3.76232e-05,-0.00831273,0.0336986,0,0,1
2008-04-01,-0.779336,-0.601892,-0.177444,-2.67232e-05,-1.97383e-05,-6.98493e-06,-0.712885,-0.864849,-0.262957,-3.67328e-05,-0.00953427,0.0337544,0,0,1
2008-04-03,-0.77918,-0.604033,-0.175147,-2.67411e-05,-1.98149e-05,-6.92623e-06,-0.712885,-0.869441,-0.265408,-3.6691e-05,-0.00794335,0.0329792,0,0,1
2008-04-04,-0.777583,-0.629506,-0.148077,-2.65604e-05,-2.03452e-05,-6.21516e-06,-0.712885,-0.866037,-0.236531,-3.61411e-05,-0.00907077,0.0329532,0,0,1
2008-04-08,-0.777255,-0.630831,-0.146424,-2.6568e-05,-2.03861e-05,-6.18192e-06,-0.712885,-0.864986,-0.234155,-3.57569e-05,-0.00713141,0.0329332,0,0,1
2008-04-09,-0.777802,-0.632004,-0.145799,-2.66042e-05,-2.04344e-05,-6.16985e-06,-0.712885,-0.861572,-0.229568,-3.35221e-05,-0.00658786,0.0320682,0,0,1
2008-04-10,-0.782385,-0.63616,-0.146224,-2.73536e-05,-2.11857e-05,-6.1679e-06,-0.712885,-0.863455,-0.227295,-3.35742e-05,-0.00466422,0.0320309,0,0,1
2008-04-15,-0.781682,-0.640195,-0.141488,-2.72907e-05,-2.12371e-05,-6.05362e-06,-0.712885,-0.865013,-0.224818,-3.23225e-05,-0.000678653,0.0336814,0,0,1
2008-04-16,-0.781188,-0.643191,-0.137997,-2.75694e-05,-2.15326e-05,-6.03681e-06,-0.712885,-0.880071,-0.23688,-3.94572e-05,-0.00510038,0.0343896,0,0,1
2008-04-17,-0.779558,-0.647746,-0.131812,-2.73939e-05,-2.16185e-05,-5.77538e-06,-0.712885,-0.880205,-0.232459,-3.95187e-05,-0.00504416,0.0346273,0,0,1
2008-04-18,-0.77949,-0.647939,-0.131551,-2.73568e-05,-2.16277e-05,-5.72911e-06,-0.712885,-0.884702,-0.236763,-4.24469e-05,-0.00286398,0.0348739,0,0,1
2008-04-22,-0.781081,-0.64958,-0.131501,-2.76103e-05,-2.1795e-05,-5.81533e-06,-0.712885,-0.882986,-0.233406,-4.1183e-05,-0.00822869,0.0346315,0,0,1
2008-04-23,-0.782013,-0.650018,-0.131995,-2.77399e-05,-2.19498e-05,-5.79003e-06,-0.712885,-0.889307,-0.239289,-4.93029e-05,-0.00517499,0.0360395,0,0,1
2008-04-24,-0.78189,-0.648069,-0.13382,-2.78011e-05,-2.19089e-05,-5.89218e-06,-0.712885,-0.881543,-0.233473,-4.72779e-05,-0.00261499,0.0367648,0,0,1
2008-04-25,-0.784977,-0.65335,-0.131628,-2.83143e-05,-2.24366e-05,-5.87768e-06,-0.712885,-0.881938,-0.228588,-4.71498e-05,-0.00186364,0.0373687,0,0,1
2008-04-29,-0.784964,-0.6528,-0.132165,-2.8304e-05,-2.23864e-05,-5.9176e-06,-0.712885,-0.882149,-0.229349,-4.56134e-05,-0.00294726,0.0373064,0,0,1
2008-04-30,-0.680981,-0.657504,-0.0234769,-2.22676e-05,-2.28552e-05,5.8765e-07,-0.683767,-0.838502,-0.180998,-3.50606e-05,-7.41075e-05,0.0372711,0,0,2
2008-05-01,-0.680401,-0.656881,-0.0235199,-2.22488e-05,-2.28133e-05,5.64528e-07,-0.683767,-0.835993,-0.179113,-3.33366e-05,0.00241364,0.0360906,0,0,2
2008-05-02,-0.687406,-0.659329,-0.0280773,-2.29097e-05,-2.3464e-05,5.54319e-07,-0.683767,-0.838336,-0.179007,-3.25393e-05,-0.00209404,0.0352671,0,0,2
2008-05-06,-0.689849,-0.657241,-0.0326076,-2.30464e-05,-2.35379e-05,4.91531e-07,-0.683767,-0.835277,-0.178036,-3.25423e-05,-0.00070511,0.0355631,0,0,2
2008-05-07,-0.69181,-0.658373,-0.0334368,-2.31831e-05,-2.36567e-05,4.73557e-07,-0.683767,-0.833253,-0.17488,-3.23669e-05,-0.000785312,0.0355327,0,0,2
2008-05-08,-0.691403,-0.659178,-0.0322245,-2.31712e-05,-2.36348e-05,4.63522e-07,-0.683767,-0.836574,-0.177396,-3.31745e-05,-0.000795185,0.0354533,0,0,2
2008-05-09,-0.691054,-0.661874,-0.0291802,-2.33905e-05,-2.38796e-05,4.89123e-07,-0.683767,-0.837421,-0.175548,-3.28517e-05,0.0005439,0.03617,0,0,2
2008-05-13,-0.692114,-0.663669,-0.0284451,-2.35795e-05,-2.40724e-05,4.92864e-07,-0.683767,-0.83818,-0.174512,-3.4255e-05,0.00473343,0.0359215,0,0,2
2008-05-14,-0.698381,-0.665681,-0.0326992,-2.37693e-05,-2.42123e-05,4.43029e-07,-0.683767,-0.839919,-0.174237,-3.46691e-05,0.00550537,0.0357021,0,0,2
2008-05-15,-0.697424,-0.66354,-0.0338838,-2.36575e-05,-2.40318e-05,3.74286e-07,-0.683767,-0.847597,-0.184057,-3.81744e-05,0.00463274,0.0362065,0,0,2
2008-05-16,-0.697229,-0.662751,-0.0344788,-2.36334e-05,-2.39678e-05,3.34369e-07,-0.683767,-0.862496,-0.199745,-4.36674e-05,0.00106506,0.0357151,0,0,2
2008-05-20,-0.694857,-0.658574,-0.0362828,-2.3589e-05,-2.38378e-05,2.48829e-07,-0.683767,-0.872035,-0.213461,-5.03298e-05,0.00229812,0.0369765,0,0,2
2008-05-21,-0.697129,-0.662324,-0.0348047,-2.37295e-05,-2.39436e-05,2.14022e-07,-0.683767,-0.858551,-0.196227,-4.96452e-05,0.00288279,0.0382669,0,0,2
2008-05-22,-0.698998,-0.661686,-0.0373123,-2.39404e-05,-2.39624e-05,2.20405e-08,-0.683767,-0.851395,-0.189709,-4.91365e-05,0.00779846,0.0385932,0,0,2
2008-05-23,-0.705616,-0.664189,-0.0414271,-2.43168e-05,-2.42126e-05,-1.04155e-07,-0.683767,-0.850829,-0.18664,-4.87252e-05,0.00838724,0.038687,0,0,2
2008-05-28,-0.70515,-0.667189,-0.0379612,-2.425e-05,-2.42994e-05,4.9479e-08,-0.683767,-0.849719,-0.18253,-4.8566e-05,0.00387633,0.0386355,0,0,2
2008-05-29,-0.704772,-0.667102,-0.0376703,-2.42067e-05,-2.42977e-05,9.10022e-08,-0.683767,-0.846177,-0.179075,-4.65097e-05,0.00660257,0.0380047,0,0,2
2008-05-30,-0.821122,-0.674691,-0.146431,-3.18871e-05,-2.51796e-05,-6.70755e-06,-0.748036,-0.926047,-0.251356,-5.81972e-05,0.00592337,0.0402176,0,0,1
2008-06-03,-0.821539,-0.676687,-0.144853,-3.20007e-05,-2.53659e-05,-6.63474e-06,-0.748036,-0.936295,-0.259608,-7.1137e-05,0.00625666,0.0539997,0,0,1
2008-06-04,-0.821335,-0.685292,-0.136043,-3.21277e-05,-2.58885e-05,-6.23918e-06,-0.748036,-0.93658,-0.251287,-7.07385e-05,0.00391651,0.0553006,0,0,1
2008-06-05,-0.82121,-0.684551,-0.136659,-3.20523e-05,-2.57994e-05,-6.2529e-06,-0.748036,-0.935138,-0.250587,-6.9078e-05,0.000729865,0.0552975,0,0,1
2008-06-06,-0.822504,-0.687767,-0.134737,-3.23679e-05,-2.61587e-05,-6.20919e-06,-0.748036,-0.929514,-0.241747,-6.41653e-05,0.00112134,0.0562389,0,0,1
2008-06-10,-0.827583,-0.696996,-0.130586,-3.32955e-05,-2.70638e-05,-6.23169e-06,-0.748036,-0.927285,-0.230289,-6.33589e-05,0.00642151,0.0560003,0,0,1
2008-06-11,-0.828107,-0.69711,-0.130997,-3.33005e-05,-2.70848e-05,-6.21567e-06,-0.748036,-0.931432,-0.234322,-7.66518e-05,0.00275089,0.0670978,0,0,1
2008-06-12,-0.83345,-0.711581,-0.121869,-3.48394e-05,-2.8756e-05,-6.08342e-06,-0.748036,-0.930873,-0.219292,-7.51172e-05,0.0042842,0.0671024,0,0,1
2008-06-13,-0.832992,-0.711901,-0.121091,-3.48067e-05,-2.87694e-05,-6.03722e-06,-0.748036,-0.936247,-0.224346,-8.43743e-05,0.00255603,0.0748271,0,0,1
2008-06-17,-0.833018,-0.717171,-0.115848,-3.49019e-05,-2.90091e-05,-5.89276e-06,-0.748036,-0.937181,-0.22001,-8.43938e-05,0.0013829,0.0753208,0,0,1
2008-06-18,-0.833202,-0.719606,-0.113596,-3.48482e-05,-2.90859e-05,-5.76227e-06,-0.748036,-0.937044,-0.217438,-8.58412e-05,-0.00161946,0.0780925,0,0,1
2008-06-19,-0.834237,-0.721102,-0.113135,-3.50793e-05,-2.93635e-05,-5.71582e-06,-0.748036,-0.933025,-0.211923,-8.4903e-05,-0.00464548,0.078198,0,0,1
2008-06-20,-0.835034,-0.727707,-0.107326,-3.53601e-05,-2.97606e-05,-5.5995e-06,-0.748036,-0.934611,-0.206904,-8.89719e-05,-0.00389557,0.0808008,0,0,1
2008-06-24,-0.835469,-0.728992,-0.106477,-3.55066e-05,-2.99634e-05,-5.54327e-06,-0.748036,-0.934997,-0.206006,-8.95333e-05,-0.0036737,0.0816244,0,0,1
2008-06-25,-0.834204,-0.731626,-0.102578,-3.51836e-05,-2.99436e-05,-5.23996e-06,-0.748036,-0.934406,-0.20278,-9.35015e-05,-0.00637641,0.0828349,0,0,1
2008-06-26,-0.833606,-0.736662,-0.096944,-3.50483e-05,-3.00306e-05,-5.01772e-06,-0.748036,-0.92966,-0.192998,-8.79257e-05,-0.00790084,0.0828902,0,0,1
2008-06-27,-0.661782,-0.742389,0.0806073,-2.1101e-05,-3.08697e-05,9.76864e-06,-0.499496,-0.85453,-0.112141,-6.12822e-05,-0.0161463,0.0942288,0,0,2
2008-07-01,-0.658794,-0.74139,0.082596,-2.09549e-05,-3.07782e-05,9.82335e-06,-0.499496,-0.855446,-0.114055,-6.08289e-05,-0.0148966,0.0957813,0,0,2
2008-07-02,-0.657593,-0.743807,0.0862138,-2.09466e-05,-3.08873e-05,9.94067e-06,-0.499496,-0.854551,-0.110744,-6.02786e-05,-0.0182452,0.095818,0,0,2
2008-07-03,-0.65695,-0.741263,0.0843131,-2.08956e-05,-3.05125e-05,9.61696e-06,-0.499496,-0.867297,-0.126033,-6.93347e-05,-0.0173367,0.108079,0,0,2
2008-07-08,-0.652414,-0.740722,0.0883079,-2.06278e-05,-3.04068e-05,9.77901e-06,-0.499496,-0.867327,-0.126605,-6.93342e-05,-0.0164873,0.114632,0,0,2
2008-07-09,-0.658863,-0.744532,0.0856687,-2.11107e-05,-3.08926e-05,9.78183e-06,-0.499496,-0.866963,-0.122431,-7.19088e-05,-0.0101223,0.12323,0,0,2
2008-07-10,-0.65953,-0.745007,0.0854769,-2.1159e-05,-3.09024e-05,9.74336e-06,-0.499496,-0.865743,-0.120736,-7.11629e-05,-0.00819091,0.123531,0,0,2
2008-07-11,-0.660312,-0.743698,0.0833864,-2.11912e-05,-3.0781e-05,9.58977e-06,-0.499496,-0.868958,-0.12526,-7.40097e-05,-0.0105277,0.12801,0,0,2
2008-07-15,-0.657842,-0.744865,0.0870226,-2.09838e-05,-3.08128e-05,9.82895e-06,-0.499496,-0.869274,-0.124409,-7.46255e-05,-0.00812659,0.128924,0,0,2
2008-07-16,-0.659087,-0.745363,0.0862764,-2.12342e-05,-3.11009e-05,9.86677e-06,-0.499496,-0.869811,-0.124448,-7.4514e-05,-0.00865683,0.128974,0,0,2
2008-07-17,-0.660882,-0.743429,0.0825474,-2.14029e-05,-3.0851e-05,9.44805e-06,-0.499496,-0.873393,-0.129964,-7.76533e-05,-0.0102215,0.130109,0,0,2
2008-07-18,-0.667608,-0.745803,0.078195,-2.19774e-05,-3.13504e-05,9.37308e-06,-0.499496,-0.877062,-0.131259,-7.73996e-05,-0.00563789,0.129574,0,0,2
2008-07-22,-0.664282,-0.743141,0.078859,-2.19704e-05,-3.13392e-05,9.36875e-06,-0.499496,-0.878115,-0.134974,-7.69801e-05,-0.00633666,0.129736,0,0,2
2008-07-23,-0.669884,-0.744292,0.0744081,-2.24751e-05,-3.16998e-05,9.22467e-06,-0.499496,-0.882125,-0.137833,-7.902e-05,-0.00317698,0.134015,0,0,2
2008-07-24,-0.669589,-0.744305,0.0747157,-2.25604e-05,-3.18589e-05,9.29852e-06,-0.499496,-0.88407,-0.139765,-7.98674e-05,0.000716946,0.133805,0,0,2
2008-07-29,-0.668303,-0.744768,0.0764653,-2.25605e-05,-3.19341e-05,9.37362e-06,-0.499496,-0.880852,-0.136084,-7.97044e-05,0.00610351,0.134363,0,0,2
2008-07-30,-0.667576,-0.74431,0.0767344,-2.25231e-05,-3.19012e-05,9.37808e-06,-0.499496,-0.880306,-0.135996,-8.13679e-05,0.00843509,0.140513,0,0,2
2008-07-31,-0.770322,-0.742989,-0.0273335,-3.45633e-05,-3.16966e-05,-2.86665e-06,-0.649731,-0.901577,-0.158588,-0.000109884,0.00825421,0.140744,0,0,2
2008-08-01,-0.770031,-0.743143,-0.0268883,-3.45049e-05,-3.16924e-05,-2.81243e-06,-0.649731,-0.900659,-0.157516,-0.000109123,0.0111585,0.141345,0,0,2
2008-08-05,-0.770104,-0.743119,-0.0269852,-3.45291e-05,-3.16951e-05,-2.83407e-06,-0.649731,-0.898157,-0.155037,-0.000110063,0.0162392,0.150826,0,0,2
2008-08-06,-0.77372,-0.743453,-0.0302672,-3.46938e-05,-3.17906e-05,-2.90325e-06,-0.649731,-0.902674,-0.159221,-0.000117262,0.0110849,0.158809,0,0,2
2008-08-07,-0.77407,-0.743938,-0.0301326,-3.47644e-05,-3.18645e-05,-2.89994e-06,-0.649731,-0.908582,-0.164644,-0.000117647,0.0221728,0.157989,0,0,2
2008-08-08,-0.769137,-0.738872,-0.0302648,-3.46294e-05,-3.17178e-05,-2.91156e-06,-0.649731,-0.913577,-0.174705,-0.000122089,0.0148665,0.16359,0,0,2
2008-08-12,-0.77716,-0.748006,-0.0291548,-3.65684e-05,-3.35943e-05,-2.97405e-06,-0.649731,-0.916666,-0.168661,-0.000124714,0.0187034,0.166205,0,0,2
2008-08-13,-0.77686,-0.748261,-0.0285997,-3.65764e-05,-3.36269e-05,-2.94949e-06,-0.649731,-0.912911,-0.16465,-0.000120677,0.021185,0.165949,0,0,2
2008-08-14,-0.778817,-0.751441,-0.0273754,-3.70663e-05,-3.41868e-05,-2.87942e-06,-0.649731,-0.911916,-0.160475,-0.000122912,0.0226869,0.168521,0,0,2
2008-08-15,-0.780175,-0.752271,-0.0279048,-3.73059e-05,-3.43038e-05,-3.00212e-06,-0.649731,-0.911867,-0.159596,-0.000118997,0.0106815,0.169295,0,0,2
2008-08-19,-0.78621,-0.757358,-0.0288518,-3.8972e-05,-3.58758e-05,-3.0962e-06,-0.649731,-0.911519,-0.154161,-0.000116997,0.0253037,0.169611,0,0,2
2008-08-20,-0.784759,-0.75549,-0.0292681,-3.90254e-05,-3.5917e-05,-3.10838e-06,-0.649731,-0.913004,-0.157514,-0.000117173,0.0352201,0.169659,1,0,2
2008-08-26,-0.782975,-0.754863,-0.0281113,-3.88349e-05,-3.59216e-05,-2.91329e-06,-0.649731,-0.910649,-0.155786,-0.000115797,0.0361196,0.170175,1,0,2
2008-08-27,-0.783595,-0.75641,-0.0271847,-3.89494e-05,-3.60757e-05,-2.87378e-06,-0.649731,-0.911948,-0.155538,-0.000121069,0.0302321,0.176544,1,0,2
2008-08-28,-0.783215,-0.758139,-0.0250753,-3.89094e-05,-3.60175e-05,-2.89184e-06,-0.649731,-0.913546,-0.155407,-0.000124123,0.0282128,0.185391,1,0,2
2008-08-29,-0.744459,-0.759982,0.0155235,-3.75105e-05,-3.60955e-05,-1.41504e-06,-0.537016,-0.909214,-0.149231,-0.000128968,0.0470851,0.190826,1,0,2
2008-09-03,-0.743627,-0.762045,0.018418,-3.73598e-05,-3.60389e-05,-1.32087e-06,-0.537016,-0.909842,-0.147797,-0.000128973,0.0447386,0.191223,1,0,2
2008-09-04,-0.744797,-0.764712,0.0199159,-3.75433e-05,-3.62533e-05,-1.28998e-06,-0.537016,-0.906974,-0.142262,-0.000129428,0.0617751,0.192885,1,0,2
2008-09-05,-0.745319,-0.764487,0.0191683,-3.75569e-05,-3.62181e-05,-1.33878e-06,-0.537016,-0.904497,-0.14001,-0.000128288,0.0566143,0.192882,1,0,2
2008-09-09,-0.748797,-0.768204,0.0194068,-3.80684e-05,-3.67281e-05,-1.3403e-06,-0.537016,-0.905954,-0.137751,-0.000127691,0.0435074,0.192898,1,0,2
2008-09-10,-0.749001,-0.767826,0.0188245,-3.83077e-05,-3.69182e-05,-1.38953e-06,-0.537016,-0.908201,-0.140376,-0.000133226,0.0406811,0.19628,1,0,2
2008-09-11,-0.751551,-0.769886,0.0183354,-3.87818e-05,-3.73389e-05,-1.44293e-06,-0.537016,-0.904459,-0.134573,-0.000132734,0.0525043,0.196437,1,0,2
2008-09-12,-0.752965,-0.772035,0.0190703,-3.91159e-05,-3.76948e-05,-1.42113e-06,-0.537016,-0.905996,-0.133961,-0.000131561,0.0559802,0.197714,1,0,2
2008-09-16,-0.75448,-0.772834,0.0183549,-3.96399e-05,-3.82526e-05,-1.38728e-06,-0.537016,-0.905477,-0.132642,-0.000127007,0.0607996,0.201345,1,0,2
2008-09-17,-0.760964,-0.778217,0.0172531,-4.10865e-05,-3.96629e-05,-1.42364e-06,-0.537016,-0.903395,-0.125179,-0.00011693,0.0683634,0.201062,1,0,2
2008-09-18,-0.767615,-0.78455,0.0169348,-4.28118e-05,-4.13524e-05,-1.45934e-06,-0.537016,-0.908672,-0.124123,-0.000115677,0.0414764,0.201102,1,0,2
2008-09-19,-0.767794,-0.780546,0.012752,-4.28139e-05,-4.12316e-05,-1.58227e-06,-0.537016,-0.90952,-0.128974,-0.000114903,0.0543022,0.201352,1,0,2
2008-09-24,-0.767835,-0.781492,0.0136576,-4.29215e-05,-4.14195e-05,-1.50194e-06,-0.537016,-0.905093,-0.123601,-0.000113835,0.0523023,0.201382,1,0,2
2008-09-25,-0.768048,-0.781432,0.013384,-4.29657e-05,-4.14601e-05,-1.50562e-06,-0.537016,-0.903634,-0.122202,-0.000113625,0.02763,0.201399,1,0,2
2008-09-26,0.566153,-0.78239,1.34854,1.89735e-05,-4.14117e-05,6.03851e-05,-0.271781,0.281569,1.06396,6.40289e-05,0.045942,0.203455,1,0,4
2008-10-01,0.567113,-0.784222,1.35134,1.91019e-05,-4.1585e-05,6.0687e-05,-0.271781,0.265395,1.04962,6.27978e-05,0.0760782,0.204222,1,0,4
2008-10-02,0.570653,-0.779031,1.34968,1.92195e-05,-4.14427e-05,6.06622e-05,-0.271781,0.217519,0.99655,5.81445e-05,0.0546162,0.201924,1,0,4
2008-10-03,0.580845,-0.740146,1.32099,2.01612e-05,-4.04477e-05,6.0609e-05,-0.271781,0.221234,0.96138,5.68252e-05,0.0664447,0.201742,1,0,4
2008-10-07,0.576447,-0.735011,1.31146,2.01819e-05,-4.02702e-05,6.04521e-05,-0.271781,0.221247,0.956259,5.66513e-05,0.0768773,0.2018,1,0,4
2008-10-08,0.576753,-0.735149,1.3119,2.01841e-05,-4.02468e-05,6.04308e-05,-0.271781,0.239569,0.974718,5.75278e-05,0.0815178,0.201465,1,0,4
2008-10-09,0.564439,-0.735716,1.30015,2.00017e-05,-4.04637e-05,6.04654e-05,-0.271781,0.242497,0.978213,5.791e-05,0.0751197,0.201638,1,0,4
2008-10-10,0.563048,-0.735763,1.29881,1.99505e-05,-4.0479e-05,6.04295e-05,-0.271781,0.231317,0.96708,5.69662e-05,0.0571218,0.198739,1,0,4
2008-10-14,0.545334,-0.701586,1.24692,2.01403e-05,-4.0261e-05,6.04014e-05,-0.271781,0.238022,0.939608,5.70887e-05,0.0552361,0.200541,1,0,4
2008-10-15,0.540569,-0.703055,1.24362,2.00151e-05,-4.04037e-05,6.04188e-05,-0.271781,0.184002,0.887057,5.30936e-05,0.0567746,0.197973,1,0,4
2008-10-16,0.544806,-0.677005,1.22181,2.0696e-05,-3.97583e-05,6.04543e-05,-0.271781,0.181884,0.858889,5.23395e-05,0.0599513,0.198382,1,0,4
2008-10-17,0.543675,-0.676528,1.2202,2.07339e-05,-3.97586e-05,6.04925e-05,-0.271781,0.175276,0.851804,5.18822e-05,0.0785188,0.197326,1,0,4
2008-10-21,0.542117,-0.668736,1.21085,2.08454e-05,-3.96461e-05,6.04916e-05,-0.271781,0.182273,0.851009,5.20485e-05,0.0612463,0.197267,1,0,4
2008-10-22,0.534248,-0.670733,1.20498,2.06512e-05,-3.98085e-05,6.04596e-05,-0.271781,0.172023,0.842757,5.15049e-05,0.0565037,0.196245,1,0,4
2008-10-23,0.52263,-0.662135,1.18476,2.04912e-05,-3.98784e-05,6.03697e-05,-0.271781,0.157552,0.819686,5.06356e-05,0.0583251,0.197866,1,0,4
2008-10-24,0.521203,-0.658075,1.17928,2.04518e-05,-3.97706e-05,6.02225e-05,-0.271781,0.191,0.849075,5.24462e-05,0.0790594,0.197583,1,0,4
2008-10-28,0.494754,-0.657771,1.15252,1.96752e-05,-4.03506e-05,6.00258e-05,-0.271781,0.200537,0.858308,5.3385e-05,0.103847,0.197518,1,0,4
2008-10-29,0.489298,-0.657285,1.14658,1.95762e-05,-4.0425e-05,6.00012e-05,-0.271781,0.211056,0.868341,5.29316e-05,0.131706,0.192589,1,0,4
2008-10-30,0.466165,-0.626609,1.09277,1.94915e-05,-4.04306e-05,5.99221e-05,-0.271781,0.199588,0.826197,5.21764e-05,0.103735,0.192403,1,0,4
2008-10-31,0.960406,-0.619793,1.5802,9.03762e-05,-4.02328e-05,0.000130609,0.428867,0.952203,1.572,0.000181803,0.0913774,0.195351,1,0,4
2008-11-04,0.960433,-0.620391,1.58082,9.03869e-05,-4.02558e-05,0.000130643,0.428867,0.947563,1.56795,0.00017198,0.120848,0.188737,1,0,4
2008-11-05,0.962467,-0.560196,1.52266,9.2795e-05,-3.77763e-05,0.000130571,0.428867,0.945158,1.50535,0.000163487,0.0887297,0.184802,1,0,4
2008-11-06,0.96304,-0.524544,1.48758,9.42905e-05,-3.62029e-05,0.000130493,0.428867,0.941479,1.46602,0.000153567,0.0587407,0.179914,1,0,4
2008-11-07,0.963817,-0.476274,1.44009,9.64433e-05,-3.40075e-05,0.000130451,0.428867,0.948927,1.4252,0.000169718,0.0588008,0.186311,1,0,4
2008-11-11,0.963801,-0.475232,1.43903,9.64536e-05,-3.39332e-05,0.000130387,0.428867,0.947871,1.4231,0.000164152,0.0367126,0.182587,1,0,4
2008-11-12,0.963907,-0.448525,1.41243,9.74853e-05,-3.2704e-05,0.000130189,0.428867,0.947052,1.39558,0.000161313,0.0210732,0.181677,0,0,4
2008-11-13,0.964032,-0.439998,1.40403,9.78351e-05,-3.22774e-05,0.000130113,0.428867,0.949864,1.38986,0.000162067,-0.000347066,0.182247,0,0,4
2008-11-14,0.963268,-0.440322,1.40359,9.75554e-05,-3.2319e-05,0.000129874,0.428867,0.951294,1.39162,0.000162235,-0.0199802,0.181926,0,0,4
2008-11-18,0.962753,-0.437235,1.39999,9.76904e-05,-3.2206e-05,0.000129896,0.428867,0.952953,1.39019,0.00016645,0.00310945,0.183169,0,0,4
2008-11-19,0.962606,-0.436796,1.3994,9.76447e-05,-3.21457e-05,0.00012979,0.428867,0.964826,1.40162,0.000172688,0.0130392,0.185541,0,0,4
2008-11-20,0.959105,-0.436497,1.3956,9.68308e-05,-3.2092e-05,0.000128923,0.428867,0.963614,1.40011,0.000167173,-0.016971,0.181836,0,0,4
2008-11-21,0.959637,-0.409394,1.36903,9.81972e-05,-3.06741e-05,0.000128871,0.428867,0.964495,1.37389,0.000169282,-0.0143703,0.18335,0,0,4
2008-11-25,0.959795,-0.40926,1.36906,9.80387e-05,-3.0661e-05,0.0001287,0.428867,0.964354,1.37361,0.000167653,-0.0194911,0.182355,0,0,4
2008-11-26,0.970085,-0.402718,1.3728,0.000114662,-3.02515e-05,0.000144914,0.836553,0.955367,1.35808,0.000179567,-0.0172648,0.178782,0,1,4
2008-12-02,0.970524,-0.375668,1.34619,0.000115752,-2.87949e-05,0.000144547,0.836553,0.955132,1.3308,0.000177508,-0.026765,0.178381,1,1,4
2008-12-03,0.971306,-0.372967,1.34427,0.000115788,-2.86229e-05,0.000144411,0.836553,0.954052,1.32702,0.000176025,-0.0455928,0.177599,1,1,4
2008-12-04,0.971252,-0.369311,1.34056,0.000115857,-2.84164e-05,0.000144274,0.836553,0.952594,1.3219,0.000160917,-0.0540776,0.167228,1,1,4
2008-12-05,0.970898,-0.314723,1.28562,0.000118915,-2.52103e-05,0.000144125,0.836553,0.947154,1.26188,0.000144041,-0.083273,0.157291,1,1,4
2008-12-09,0.971193,-0.268537,1.23973,0.000121666,-2.23591e-05,0.000144025,0.836553,0.946768,1.2153,0.000140181,-0.0837634,0.156508,1,1,4
2008-12-10,0.971268,-0.269254,1.24052,0.000121552,-2.24035e-05,0.000143956,0.836553,0.946701,1.21595,0.000136526,-0.0708288,0.153122,1,1,4
2008-12-11,0.971223,-0.248408,1.21963,0.000122941,-2.10574e-05,0.000143998,0.836553,0.94493,1.19334,0.000133411,-0.0548581,0.151484,1,1,4
2008-12-12,0.971507,-0.237863,1.20937,0.00012365,-2.03225e-05,0.000143973,0.836553,0.943666,1.18153,0.000131911,-0.056313,0.151244,1,1,4
2008-12-16,0.971862,-0.236041,1.2079,0.000123696,-2.01305e-05,0.000143827,0.836553,0.942873,1.17891,0.000130144,-0.0571007,0.149996,1,1,4
2008-12-17,0.97199,-0.226582,1.19857,0.000124383,-1.94744e-05,0.000143857,0.836553,0.943144,1.16973,0.00013022,-0.0612929,0.150204,1,1,4
2008-12-23,0.972001,-0.224049,1.19605,0.000124546,-1.9301e-05,0.000143847,0.836553,0.94548,1.16953,0.000132331,-0.0491822,0.151252,1,1,4
2008-12-24,0.971644,-0.223585,1.19523,0.000124522,-1.92787e-05,0.0001438,0.836553,0.945468,1.16905,0.000132402,-0.041022,0.151278,1,1,4
2008-12-30,0.970991,-0.209194,1.18019,0.000121092,-1.7747e-05,0.000138839,0.836553,0.945454,1.15465,0.000130866,-0.0323595,0.15164,1,1,4
2008-12-31,1,-0.207356,1.20736,0.000112959,-1.75722e-05,0.000130531,1,1,1.20736,0.000121998,-0.0104937,0.147201,0,1,4
2009-01-06,1,-0.181352,1.18135,0.000114258,-1.57531e-05,0.000130011,1,1,1.18135,0.000109872,0.0220161,0.13855,0,1,4
2009-01-07,1,-0.142684,1.14268,0.000117095,-1.28084e-05,0.000129904,1,1,1.14268,9.75948e-05,-0.00702729,0.130434,0,1,4
2009-01-08,1,-0.114742,1.11474,0.000119279,-1.05596e-05,0.000129838,1,1,1.11474,9.49519e-05,-0.000540586,0.12915,0,1,4
2009-01-09,1,-0.112499,1.1125,0.000119484,-1.03629e-05,0.000129847,1,1,1.1125,9.47037e-05,0.00703684,0.129354,0,1,4
2009-01-13,1,-0.106117,1.10612,0.000119861,-9.82565e-06,0.000129686,1,1,1.10612,9.39722e-05,-0.00192172,0.129241,0,1,4
2009-01-14,1,-0.105851,1.10585,0.000119864,-9.78339e-06,0.000129648,1,1,1.10585,9.76787e-05,-0.00427975,0.131177,0,1,4
2009-01-16,1,-0.1055,1.1055,0.000119878,-9.75112e-06,0.000129629,1,1,1.1055,9.39912e-05,0.0126399,0.127445,0,1,4
2009-01-21,1,-0.0921814,1.09218,0.00012107,-8.62419e-06,0.000129695,1,1,1.09218,9.29981e-05,0.0138243,0.127675,0,1,4
2009-01-23,1,-0.0915818,1.09158,0.000121027,-8.5671e-06,0.000129594,1,1,1.09158,9.22588e-05,0.0104677,0.126457,0,1,4
2009-01-27,1,-0.0865847,1.08658,0.00012141,-8.13452e-06,0.000129545,1,1,1.08658,8.43717e-05,-0.00386287,0.119325,0,1,4
2009-01-28,1,-0.070155,1.07016,0.000122778,-6.68434e-06,0.000129463,1,1,1.07016,8.30747e-05,-0.00227751,0.119355,0,1,4
2009-01-29,1,-0.070587,1.07059,0.000122752,-6.72149e-06,0.000129473,1,1,1.07059,8.22646e-05,-0.00910983,0.118906,0,1,4
2009-01-30,1,-0.0695483,1.06955,0.000153796,-6.62551e-06,0.000160421,1,1,1.06955,0.000104075,0.00487451,0.118901,0,1,4
2009-02-03,1,-0.0680942,1.06809,0.000153898,-6.49577e-06,0.000160394,1,1,1.06809,0.000106143,-0.0147102,0.12039,0,1,4
2009-02-04,1,-0.0677369,1.06774,0.000153926,-6.46361e-06,0.000160389,1,1,1.06774,0.000121723,-0.0175139,0.1276,0,1,4
2009-02-05,1,-0.0676006,1.0676,0.000153641,-6.44931e-06,0.000160091,1,1,1.0676,0.000123287,-0.00554772,0.126624,0,1,4
2009-02-06,1,-0.0592406,1.05924,0.000154349,-5.69149e-06,0.00016004,1,1,1.05924,0.000123208,0.0153229,0.125786,0,1,4
2009-02-10,1,-0.0541354,1.05414,0.000154792,-5.22525e-06,0.000160017,1,1,1.05414,0.000121815,-0.0180555,0.125099,0,1,4
2009-02-11,1,-0.0506714,1.05067,0.000155068,-4.90461e-06,0.000159973,1,1,1.05067,0.000121621,-0.0231517,0.125266,0,1,4
2009-02-12,1,-0.0500512,1.05005,0.000154948,-4.84661e-06,0.000159795,1,1,1.05005,0.00012405,-0.020972,0.125939,0,1,4
2009-02-13,1,-0.0498705,1.04987,0.000154956,-4.82941e-06,0.000159786,1,1,1.04987,0.000128328,-0.0145268,0.127427,0,1,4
2009-02-18,1,-0.0498669,1.04987,0.000154939,-4.82856e-06,0.000159768,1,1,1.04987,0.000127652,-0.0164733,0.126863,0,1,4
2009-02-19,1,-0.0486798,1.04868,0.000155049,-4.71878e-06,0.000159768,1,1,1.04868,0.000127429,-0.00102225,0.126642,0,1,4
2009-02-20,1,-0.0470731,1.04707,0.000155063,-4.56584e-06,0.000159629,1,1,1.04707,0.00012305,-0.0305169,0.122741,1,1,4
2009-02-24,1,-0.0384678,1.03847,0.000155771,-3.76139e-06,0.000159533,1,1,1.03847,0.000122874,-0.0214588,0.123176,0,1,4
2009-02-25,1,-0.0375599,1.03756,0.000155687,-3.6734e-06,0.000159361,1,1,1.03756,0.000122639,-0.0265636,0.12272,1,1,4
2009-02-26,1,-0.034286,1.03429,0.000155501,-3.35748e-06,0.000158859,1,1,1.03429,0.000122367,-0.0265174,0.122803,1,1,4
2009-02-27,0.849224,-0.0339632,0.883187,6.18165e-05,-3.32521e-06,6.51417e-05,0.627057,0.89424,0.928203,6.5437e-05,-0.0304292,0.122974,1,0,4
2009-03-03,0.849468,-0.033815,0.883283,6.17618e-05,-3.30911e-06,6.50709e-05,0.627057,0.899867,0.933682,6.56683e-05,-0.0329622,0.123441,1,0,4
2009-03-04,0.847865,-0.0341585,0.882024,6.17296e-05,-3.34547e-06,6.50751e-05,0.627057,0.898081,0.93224,6.48394e-05,-0.0158704,0.123331,0,0,4
2009-03-05,0.849558,-0.0260301,0.875588,6.25223e-05,-2.56802e-06,6.50904e-05,0.627057,0.897269,0.923299,6.38881e-05,-0.0228507,0.122625,0,0,4
2009-03-06,0.849951,-0.0246492,0.8746,6.26391e-05,-2.4352e-06,6.50743e-05,0.627057,0.898263,0.922912,6.44067e-05,-0.0179091,0.123019,0,0,4
2009-03-10,0.849833,-0.0246267,0.87446,6.2593e-05,-2.43294e-06,6.5026e-05,0.627057,0.8957,0.920327,6.47481e-05,-0.0168418,0.123067,0,0,4
2009-03-11,0.849278,-0.0243098,0.873587,6.25033e-05,-2.39984e-06,6.49031e-05,0.627057,0.899318,0.923628,6.50632e-05,-0.0311284,0.122026,1,0,4
2009-03-12,0.847838,-0.0217581,0.869596,6.25752e-05,-2.15513e-06,6.47304e-05,0.627057,0.892535,0.914294,6.15506e-05,-0.0182987,0.118582,0,0,4
2009-03-13,0.850285,-0.0103148,0.8606,6.37415e-05,-1.03288e-06,6.47744e-05,0.627057,0.892811,0.903126,6.0538e-05,-0.0249669,0.118787,0,0,4
2009-03-17,0.850216,-0.0101781,0.860394,6.36669e-05,-1.019e-06,6.46859e-05,0.627057,0.891135,0.901313,6.04451e-05,-0.0300731,0.118794,1,0,4
2009-03-18,0.850335,-0.0101075,0.860443,6.36217e-05,-1.01168e-06,6.46334e-05,0.627057,0.889214,0.899322,5.88634e-05,-0.0355543,0.116752,1,0,4
2009-03-19,0.850804,-0.00574192,0.856546,6.38967e-05,-5.76848e-07,6.44735e-05,0.627057,0.888104,0.893846,5.00864e-05,-0.0215889,0.10691,0,0,4
2009-03-20,0.85358,0.0162636,0.837316,6.62577e-05,1.67362e-06,6.45841e-05,0.627057,0.885374,0.86911,4.80376e-05,-0.0193506,0.107057,0,0,4
2009-03-24,0.85298,0.0173257,0.835654,6.60731e-05,1.7804e-06,6.42928e-05,0.627057,0.90314,0.885814,4.94475e-05,-0.0328936,0.107075,1,0,4
2009-03-25,0.85078,0.0175362,0.833243,6.59783e-05,1.80552e-06,6.41728e-05,0.627057,0.90201,0.884474,4.87259e-05,-0.0498507,0.106382,1,0,4
2009-03-26,0.850818,0.0190172,0.831801,6.6114e-05,1.96133e-06,6.41527e-05,0.627057,0.901642,0.882625,4.84238e-05,-0.061275,0.106347,1,0,4
2009-03-27,0.851253,0.01917,0.832083,6.60518e-05,1.9772e-06,6.40746e-05,0.627057,0.89651,0.87734,4.7672e-05,-0.0827749,0.105365,1,0,4
2009-03-31,0.924898,0.0228688,0.902029,0.000103709,2.3677e-06,0.000101341,0.0136398,0.898163,0.875295,5.17219e-05,-0.0717197,0.102478,1,0,4
2009-04-01,0.925318,0.0340016,0.891316,0.000104586,3.54488e-06,0.000101041,0.0136398,0.895025,0.861023,5.2172e-05,-0.0686506,0.102569,1,0,4
2009-04-02,0.925335,0.0374961,0.887839,0.000104333,3.90225e-06,0.00010043,0.0136398,0.897657,0.860161,5.14799e-05,-0.0562221,0.100649,1,0,4
2009-04-07,0.925194,0.0421974,0.882997,0.000104859,4.42466e-06,0.000100434,0.0136398,0.897625,0.855428,5.09095e-05,-0.0467745,0.100675,1,0,4
2009-04-08,0.924893,0.0442097,0.880683,0.000104466,4.62596e-06,9.98403e-05,0.0136398,0.897445,0.853235,5.09762e-05,-0.0433603,0.100631,1,0,4
2009-04-09,0.924912,0.044852,0.88006,0.000104531,4.6952e-06,9.98356e-05,0.0136398,0.902415,0.857563,5.40523e-05,-0.0442917,0.101484,1,0,4
2009-04-14,0.924898,0.0458898,0.879009,0.000104514,4.80622e-06,9.97082e-05,0.0136398,0.902417,0.856527,5.38286e-05,-0.0456763,0.101391,1,0,4
2009-04-15,0.925174,0.0460289,0.879145,0.000104403,4.82052e-06,9.9582e-05,0.0136398,0.902107,0.856078,5.41344e-05,-0.0501232,0.101515,1,0,4
2009-04-16,0.925182,0.0460484,0.879133,0.000104401,4.8219e-06,9.95795e-05,0.0136398,0.9035,0.857451,5.42292e-05,-0.0576968,0.10098,1,0,4
2009-04-17,0.924955,0.0469661,0.877989,0.000104424,4.92101e-06,9.95034e-05,0.0136398,0.900816,0.85385,5.40483e-05,-0.0641034,0.101481,1,0,4
2009-04-21,0.925003,0.0481047,0.876898,0.000104393,5.03468e-06,9.93588e-05,0.0136398,0.90663,0.858525,5.70899e-05,-0.0637654,0.10147,1,0,4
2009-04-22,0.924846,0.0487951,0.876051,0.000104489,5.11483e-06,9.93742e-05,0.0136398,0.906565,0.85777,5.68257e-05,-0.0510578,0.10123,1,0,4
2009-04-23,0.924797,0.0494255,0.875372,0.000104515,5.18314e-06,9.93323e-05,0.0136398,0.907638,0.858212,5.76891e-05,-0.024516,0.100611,0,0,4
2009-04-24,0.924744,0.0515857,0.873158,0.000104586,5.41324e-06,9.91725e-05,0.0136398,0.910009,0.858423,5.73231e-05,-0.0284424,0.100154,1,0,4
2009-04-28,0.924404,0.0529003,0.871504,0.000104736,5.55922e-06,9.91763e-05,0.0136398,0.909579,0.856679,5.69032e-05,-0.0280048,0.0999366,1,0,4
2009-04-29,0.924341,0.054421,0.86992,0.000104629,5.72033e-06,9.89087e-05,0.0136398,0.912124,0.857703,5.5398e-05,-0.0259148,0.0977932,1,0,4
2009-04-30,0.868966,0.0574602,0.811505,7.85035e-05,6.07225e-06,7.24313e-05,-0.019119,0.853904,0.796444,4.11569e-05,-0.0221614,0.0978273,0,0,4
2009-05-05,0.868023,0.0579478,0.810075,7.84663e-05,6.12096e-06,7.23453e-05,-0.019119,0.8567,0.798752,4.03691e-05,-0.023538,0.0966521,0,0,4
2009-05-06,0.867698,0.0598918,0.807807,7.87188e-05,6.33851e-06,7.23803e-05,-0.019119,0.853093,0.793201,3.8948e-05,-0.00467311,0.0948151,0,0,4
2009-05-07,0.868543,0.064139,0.804404,7.90762e-05,6.81298e-06,7.22633e-05,-0.019119,0.857216,0.793077,3.75358e-05,0.00520576,0.0933078,0,0,4
2009-05-08,0.867566,0.066008,0.801558,7.93013e-05,7.02721e-06,7.22741e-05,-0.019119,0.851942,0.785934,3.52078e-05,0.0154544,0.0903681,0,0,4
2009-05-12,0.868053,0.0699447,0.798108,7.97277e-05,7.48019e-06,7.22475e-05,-0.019119,0.847994,0.778049,3.43749e-05,0.0190651,0.0898071,0,0,4
2009-05-13,0.868066,0.0703992,0.797666,7.97071e-05,7.5277e-06,7.21794e-05,-0.019119,0.846224,0.775825,3.36297e-05,0.0146984,0.088565,0,0,4
2009-05-14,0.867654,0.0742657,0.793388,7.96593e-05,7.9464e-06,7.17129e-05,-0.019119,0.841783,0.767518,3.55287e-05,0.0104689,0.089681,0,0,4
2009-05-15,0.867555,0.074202,0.793353,7.96517e-05,7.93941e-06,7.17123e-05,-0.019119,0.834395,0.760193,3.37795e-05,0.00178211,0.0873883,0,0,4
2009-05-19,0.868274,0.0789935,0.789281,8.01153e-05,8.48708e-06,7.16282e-05,-0.019119,0.847412,0.768418,3.71357e-05,-0.00270028,0.0889126,0,0,4
2009-05-20,0.868034,0.0789312,0.789103,8.00005e-05,8.46425e-06,7.15363e-05,-0.019119,0.847492,0.768561,3.72259e-05,0.00689178,0.0883958,0,0,4
2009-05-21,0.868231,0.081317,0.786914,7.99923e-05,8.71799e-06,7.12743e-05,-0.019119,0.845804,0.764487,3.69225e-05,0.0162275,0.0886486,0,0,4
2009-05-22,0.868256,0.0801163,0.78814,7.98003e-05,8.57802e-06,7.12223e-05,-0.019119,0.8435,0.763384,3.68012e-05,0.0190477,0.0878006,0,0,4
2009-05-27,0.86856,0.0803003,0.78826,7.98466e-05,8.59972e-06,7.12469e-05,-0.019119,0.847599,0.767299,3.79881e-05,0.0258108,0.0878298,1,0,4
2009-05-28,0.868133,0.0816779,0.786455,7.93653e-05,8.70874e-06,7.06565e-05,-0.019119,0.848442,0.766764,3.7259e-05,0.0330857,0.0867603,1,0,4
2009-05-29,0.777531,0.0839438,0.693587,8.01113e-05,8.93145e-06,7.11798e-05,0.605948,0.845494,0.76155,3.42373e-05,0.0425752,0.0859605,1,0,4
2009-06-02,0.776809,0.0844358,0.692373,7.99662e-05,8.98546e-06,7.09807e-05,0.605948,0.843908,0.759472,3.31086e-05,0.0264596,0.0844931,1,0,4
2009-06-03,0.777276,0.0870285,0.690248,8.02365e-05,9.29032e-06,7.09462e-05,0.605948,0.828727,0.741699,2.7964e-05,0.00905968,0.0754125,0,0,4
2009-06-04,0.780404,0.100639,0.679765,8.17804e-05,1.09072e-05,7.08732e-05,0.605948,0.819997,0.719358,2.49988e-05,0.017781,0.0723965,0,0,4
2009-06-05,0.78126,0.104123,0.677137,8.21828e-05,1.13268e-05,7.0856e-05,0.605948,0.833794,0.729671,2.65443e-05,0.00967761,0.0726799,0,0,4
2009-06-09,0.781099,0.104723,0.676376,8.22577e-05,1.14056e-05,7.08521e-05,0.605948,0.830249,0.725527,2.54397e-05,0.0140492,0.0706358,0,0,4
2009-06-10,0.782193,0.10789,0.674303,8.25484e-05,1.17716e-05,7.07768e-05,0.605948,0.834743,0.726853,2.63436e-05,0.00545617,0.0707239,0,0,4
2009-06-11,0.782647,0.109381,0.673265,8.26436e-05,1.19377e-05,7.07059e-05,0.605948,0.826952,0.71757,2.57145e-05,0.0204515,0.0679773,0,0,4
2009-06-12,0.783338,0.112348,0.67099,8.29797e-05,1.22969e-05,7.06828e-05,0.605948,0.829161,0.716813,2.45907e-05,0.0153138,0.066048,0,0,4
2009-06-16,0.782228,0.119058,0.66317,8.25857e-05,1.30142e-05,6.95715e-05,0.605948,0.829529,0.710471,2.39796e-05,0.00805767,0.0659662,0,0,4
2009-06-17,0.782443,0.119825,0.662618,8.25713e-05,1.30922e-05,6.94791e-05,0.605948,0.825909,0.706084,2.39982e-05,0.0167235,0.0659928,0,0,4
2009-06-18,0.782418,0.119843,0.662575,8.25728e-05,1.30896e-05,6.94832e-05,0.605948,0.827796,0.707953,2.42873e-05,0.0241884,0.0659835,0,0,4
2009-06-19,0.78134,0.124155,0.657185,8.19525e-05,1.35088e-05,6.84437e-05,0.605948,0.829196,0.705041,2.37722e-05,0.0127278,0.0655472,0,0,4
2009-06-23,0.781267,0.124432,0.656836,8.20049e-05,1.3552e-05,6.84529e-05,0.605948,0.837479,0.713048,2.58476e-05,0.00992177,0.0659047,0,0,4
2009-06-24,0.781524,0.125109,0.656415,8.20889e-05,1.36339e-05,6.8455e-05,0.605948,0.83611,0.711002,2.56643e-05,0.00943436,0.0659065,0,0,4
2009-06-25,0.781451,0.128083,0.653367,8.20363e-05,1.39256e-05,6.81108e-05,0.605948,0.839099,0.711016,2.62719e-05,0.0163908,0.065168,0,0,4
2009-06-26,0.781556,0.129542,0.652014,8.20789e-05,1.40871e-05,6.79918e-05,0.605948,0.835997,0.706455,2.57665e-05,0.0194775,0.0648317,0,0,4
2009-06-30,0.308968,0.132878,0.17609,2.12789e-05,1.44236e-05,6.8553e-06,0.440233,0.474492,0.341614,1.96033e-07,0.0108477,0.061245,0,0,3
2009-07-01,0.313789,0.140386,0.173403,2.16886e-05,1.52616e-05,6.42698e-06,0.440233,0.472464,0.332078,-3.61563e-07,0.015743,0.0610896,0,0,3
2009-07-02,0.314218,0.142452,0.171767,2.17124e-05,1.54649e-05,6.24748e-06,0.440233,0.487328,0.344877,1.35813e-07,0.0104157,0.0610285,0,0,3
2009-07-07,0.313194,0.14257,0.170623,2.16125e-05,1.54899e-05,6.12257e-06,0.440233,0.452263,0.309692,-6.60101e-07,0.0142082,0.061019,0,0,3
2009-07-08,0.315401,0.147226,0.168175,2.17182e-05,1.59313e-05,5.78694e-06,0.440233,0.449939,0.302713,-1.24776e-06,0.0153714,0.0607012,0,0,3
2009-07-09,0.31581,0.151769,0.164041,2.16809e-05,1.63726e-05,5.30824e-06,0.440233,0.429965,0.278196,-2.54487e-06,0.021617,0.058959,0,0,3
2009-07-10,0.322702,0.161429,0.161273,2.21331e-05,1.73237e-05,4.80949e-06,0.440233,0.446036,0.284607,-2.61142e-06,0.016149,0.0590296,0,0,3
2009-07-14,0.322803,0.169072,0.153731,2.21417e-05,1.80328e-05,4.10895e-06,0.440233,0.435735,0.266663,-3.55834e-06,0.0217928,0.0590086,0,0,3
2009-07-15,0.318554,0.175013,0.143541,2.17221e-05,1.85747e-05,3.14746e-06,0.440233,0.418465,0.243453,-4.474e-06,0.0281249,0.0586844,1,0,3
2009-07-16,0.317249,0.174658,0.142591,2.16078e-05,1.85509e-05,3.05689e-06,0.440233,0.442574,0.267916,-3.47039e-06,0.0351649,0.0588516,1,0,3
2009-07-17,0.321952,0.177679,0.144273,2.18955e-05,1.88435e-05,3.05201e-06,0.440233,0.441516,0.263837,-3.83933e-06,0.037175,0.0584334,1,0,3
2009-07-21,0.319839,0.179575,0.140263,2.16442e-05,1.90049e-05,2.6393e-06,0.440233,0.432779,0.253204,-4.46424e-06,0.0349213,0.0577393,1,0,3
2009-07-22,0.318832,0.181016,0.137816,2.14218e-05,1.91741e-05,2.24772e-06,0.440233,0.425543,0.244527,-4.86032e-06,0.0374835,0.0576004,1,0,3
2009-07-23,0.326653,0.224387,0.102266,2.15803e-05,2.29405e-05,-1.36023e-06,0.440233,0.426115,0.201728,-8.62309e-06,0.0439879,0.0565435,1,0,2
2009-07-28,0.341571,0.250286,0.0912858,2.23558e-05,2.50837e-05,-2.72794e-06,0.440233,0.413255,0.162969,-1.15403e-05,0.0398657,0.0546564,1,0,2
2009-07-29,0.346422,0.271583,0.0748391,2.26281e-05,2.68638e-05,-4.23573e-06,0.440233,0.422119,0.150536,-1.32702e-05,0.0326581,0.0532327,1,0,2
2009-07-30,0.348819,0.274003,0.0748157,2.27764e-05,2.71063e-05,-4.32983e-06,0.440233,0.440389,0.166385,-1.2549e-05,0.0394769,0.0525439,1,0,2
2009-07-31,-0.269917,0.27396,-0.543877,-1.89084e-05,2.71849e-05,-4.60933e-05,0.180436,-0.188784,-0.462745,-3.43137e-05,0.0403351,0.0505698,1,0,0
2009-08-04,-0.262704,0.285515,-0.548219,-1.82765e-05,2.81512e-05,-4.64277e-05,0.180436,-0.164805,-0.45032,-3.42904e-05,0.0409828,0.0512178,1,0,0
2009-08-05,-0.263091,0.282813,-0.545905,-1.83718e-05,2.79505e-05,-4.63223e-05,0.180436,-0.165272,-0.448086,-3.41331e-05,0.0312578,0.0513235,1,0,0
2009-08-06,-0.262968,0.283158,-0.546127,-1.8364e-05,2.79587e-05,-4.63226e-05,0.180436,-0.228971,-0.512129,-3.68142e-05,0.0209095,0.0499874,0,0,0
2009-08-07,-0.260669,0.285089,-0.545759,-1.82419e-05,2.81965e-05,-4.64384e-05,0.180436,-0.217206,-0.502295,-3.62808e-05,0.0224519,0.0497453,0,0,0
2009-08-11,-0.261726,0.280573,-0.5423,-1.84348e-05,2.78619e-05,-4.62968e-05,0.180436,-0.217804,-0.498377,-3.60726e-05,0.0198513,0.0496813,0,0,0
2009-08-12,-0.253906,0.292319,-0.546225,-1.77062e-05,2.87372e-05,-4.64434e-05,0.180436,-0.188421,-0.48074,-3.57112e-05,0.0182344,0.0496185,0,0,0
2009-08-13,-0.257629,0.288352,-0.545981,-1.79895e-05,2.84327e-05,-4.64223e-05,0.180436,-0.196801,-0.485153,-3.56805e-05,0.0120457,0.0488407,0,0,0
2009-08-14,-0.259567,0.293659,-0.553226,-1.80939e-05,2.88684e-05,-4.69623e-05,0.180436,-0.171531,-0.46519,-3.50571e-05,0.0102323,0.0483081,0,0,0
2009-08-18,-0.26298,0.290535,-0.553515,-1.83998e-05,2.86592e-05,-4.7059e-05,0.180436,-0.206312,-0.496847,-3.64173e-05,0.0104074,0.0486859,0,0,0
2009-08-19,-0.263479,0.290778,-0.554257,-1.84234e-05,2.86794e-05,-4.71027e-05,0.180436,-0.204685,-0.495463,-3.64098e-05,0.00858247,0.0484567,0,0,0
2009-08-20,-0.261847,0.292237,-0.554083,-1.82721e-05,2.87965e-05,-4.70686e-05,0.180436,-0.204035,-0.496271,-3.64292e-05,0.00722906,0.047796,0,0,0
2009-08-21,-0.258941,0.298938,-0.557879,-1.80073e-05,2.93229e-05,-4.73301e-05,0.180436,-0.192205,-0.491143,-3.64008e-05,-0.00137242,0.0474271,0,0,0
2009-08-25,-0.256386,0.298089,-0.554475,-1.78518e-05,2.92588e-05,-4.71107e-05,0.180436,-0.203704,-0.501793,-3.69379e-05,-0.00645531,0.0482395,0,0,0
2009-08-26,-0.253313,0.304279,-0.557592,-1.75728e-05,2.97316e-05,-4.73044e-05,0.180436,-0.213754,-0.518033,-3.78757e-05,-0.00943353,0.0481579,0,0,0
2009-08-28,-0.753431,0.304275,-1.05771,-6.46003e-05,2.97358e-05,-9.43361e-05,-0.809766,-0.585898,-0.890173,-4.86498e-05,-0.0125934,0.0476717,0,0,0
2009-09-01,-0.753448,0.305125,-1.05857,-6.48298e-05,2.98263e-05,-9.4656e-05,-0.809766,-0.600595,-0.905721,-4.8894e-05,-0.0182208,0.0461925,0,0,0
2009-09-02,-0.75204,0.305068,-1.05711,-6.47967e-05,2.98734e-05,-9.467e-05,-0.809766,-0.599732,-0.9048,-4.85179e-05,-0.0197711,0.0463262,0,0,0
2009-09-03,-0.74948,0.311523,-1.061,-6.36354e-05,3.02931e-05,-9.39285e-05,-0.809766,-0.616848,-0.928371,-4.92934e-05,-0.0215596,0.0456774,0,0,0
2009-09-04,-0.747928,0.31291,-1.06084,-6.35474e-05,3.0395e-05,-9.39424e-05,-0.809766,-0.615347,-0.928257,-4.9318e-05,-0.0216448,0.0457277,0,0,0
2009-09-09,-0.748024,0.314443,-1.06247,-6.35738e-05,3.05092e-05,-9.4083e-05,-0.809766,-0.587922,-0.902365,-4.91269e-05,-0.0213261,0.0484905,0,0,0
2009-09-10,-0.748255,0.314337,-1.06259,-6.35417e-05,3.04992e-05,-9.40409e-05,-0.809766,-0.622715,-0.937051,-5.01205e-05,-0.0205082,0.046872,0,0,0
2009-09-11,-0.744308,0.319501,-1.06381,-6.32682e-05,3.09534e-05,-9.42216e-05,-0.809766,-0.625264,-0.944766,-5.06274e-05,-0.0246504,0.0466367,0,0,0
2009-09-15,-0.743584,0.322907,-1.06649,-6.30898e-05,3.12131e-05,-9.43029e-05,-0.809766,-0.674672,-0.997579,-5.30006e-05,-0.0150719,0.0440366,0,0,0
2009-09-16,-0.739439,0.324502,-1.06394,-6.25604e-05,3.14241e-05,-9.39845e-05,-0.809766,-0.669297,-0.993799,-5.27234e-05,-0.00979865,0.0435433,0,0,0
2009-09-17,-0.739672,0.322549,-1.06222,-6.265e-05,3.12858e-05,-9.39358e-05,-0.809766,-0.675794,-0.998343,-5.27179e-05,-0.0107603,0.0430583,0,0,0
2009-09-18,-0.738964,0.322868,-1.06183,-6.26314e-05,3.13384e-05,-9.39698e-05,-0.809766,-0.697008,-1.01988,-5.48006e-05,-0.0120842,0.0430444,0,0,0
2009-09-22,-0.738281,0.322812,-1.06109,-6.22715e-05,3.12974e-05,-9.35688e-05,-0.809766,-0.683151,-1.00596,-5.33897e-05,-0.00539328,0.0427003,0,0,0
2009-09-23,-0.738974,0.320086,-1.05906,-6.24941e-05,3.11078e-05,-9.36019e-05,-0.809766,-0.683139,-1.00323,-5.29651e-05,-0.00383232,0.0429426,0,0,0
2009-09-25,-0.738303,0.323221,-1.06152,-6.24545e-05,3.13361e-05,-9.37907e-05,-0.809766,-0.677945,-1.00117,-5.31593e-05,-0.00922138,0.0427448,0,0,0
2009-09-29,-0.737728,0.326317,-1.06405,-6.22858e-05,3.15641e-05,-9.38498e-05,-0.809766,-0.684459,-1.01078,-5.40611e-05,-0.00965368,0.042775,0,0,0
2009-09-30,-0.669765,0.326876,-0.996641,-5.16229e-05,3.16066e-05,-8.32294e-05,0.422555,-0.73633,-1.06321,-5.64481e-05,-0.0019962,0.0419584,0,0,0
2009-10-02,-0.672514,0.31923,-0.991744,-5.22295e-05,3.10718e-05,-8.33013e-05,0.422555,-0.746336,-1.06557,-5.76528e-05,-0.00610511,0.0418806,0,0,0
2009-10-06,-0.670695,0.328623,-0.999318,-5.18042e-05,3.17244e-05,-8.35286e-05,0.422555,-0.755357,-1.08398,-5.8358e-05,-9.75178e-05,0.0405225,0,0,0
2009-10-07,-0.671193,0.328204,-0.999397,-5.19771e-05,3.17368e-05,-8.37139e-05,0.422555,-0.755594,-1.0838,-5.82953e-05,0.0073633,0.0408701,0,0,0
2009-10-08,-0.66906,0.333033,-1.00209,-5.16829e-05,3.20986e-05,-8.37815e-05,0.422555,-0.768239,-1.10127,-5.9392e-05,0.01044,0.039756,0,0,0
2009-10-09,-0.669327,0.330642,-0.999968,-5.17986e-05,3.19567e-05,-8.37553e-05,0.422555,-0.765965,-1.09661,-5.90576e-05,0.00774883,0.039768,0,0,0
2009-10-13,-0.672882,0.33542,-1.0083,-5.20087e-05,3.23021e-05,-8.43107e-05,0.422555,-0.764405,-1.09982,-5.91797e-05,0.0100643,0.0398145,0,0,0
2009-10-14,-0.670838,0.349216,-1.02005,-5.14991e-05,3.32778e-05,-8.47769e-05,0.422555,-0.759434,-1.10865,-6.00764e-05,0.0109007,0.0398122,0,0,0
2009-10-15,-0.673466,0.348405,-1.02187,-5.14479e-05,3.32043e-05,-8.46523e-05,0.422555,-0.765079,-1.11348,-6.04777e-05,0.00736862,0.0396788,0,0,0
2009-10-16,-0.682001,0.373512,-1.05551,-5.16151e-05,3.49541e-05,-8.65692e-05,0.422555,-0.763456,-1.13697,-6.24879e-05,0.0104675,0.0400129,0,0,0
2009-10-20,-0.682039,0.372927,-1.05497,-5.16235e-05,3.49119e-05,-8.65354e-05,0.422555,-0.751682,-1.12461,-6.22253e-05,0.00466978,0.0406646,0,0,0
2009-10-21,-0.685348,0.375589,-1.06094,-5.17836e-05,3.50921e-05,-8.68757e-05,0.422555,-0.757802,-1.13339,-6.15802e-05,0.01234,0.0391833,0,0,0
2009-10-22,-0.687437,0.372898,-1.06034,-5.20161e-05,3.49557e-05,-8.69718e-05,0.422555,-0.760974,-1.13387,-6.19396e-05,0.0187276,0.0398074,0,0,0
2009-10-23,-0.686836,0.377428,-1.06426,-5.1992e-05,3.52668e-05,-8.72588e-05,0.422555,-0.763991,-1.14142,-6.27165e-05,0.0195475,0.0411358,0,0,0
2009-10-27,-0.688813,0.380451,-1.06926,-5.21075e-05,3.54749e-05,-8.75824e-05,0.422555,-0.757132,-1.13758,-6.25271e-05,0.0141653,0.0423269,0,0,0
2009-10-28,-0.689467,0.383028,-1.07249,-5.22128e-05,3.5653e-05,-8.78658e-05,0.422555,-0.760442,-1.14347,-6.27643e-05,0.0110501,0.0424907,0,0,0
2009-10-29,-0.690274,0.380988,-1.07126,-5.2373e-05,3.55317e-05,-8.79046e-05,0.422555,-0.74985,-1.13084,-6.13781e-05,0.0145177,0.0423871,0,0,0
2009-10-30,-0.713619,0.375008,-1.08863,-4.74458e-05,3.51277e-05,-8.25735e-05,0.400419,-0.688883,-1.06389,-5.5642e-05,0.0101024,0.0420766,0,0,0
2009-11-03,-0.711639,0.38771,-1.09935,-4.70417e-05,3.59898e-05,-8.30315e-05,0.400419,-0.67645,-1.06416,-5.56441e-05,0.0108904,0.0421986,0,0,0
2009-11-04,-0.712146,0.384973,-1.09712,-4.71557e-05,3.57933e-05,-8.2949e-05,0.400419,-0.677814,-1.06279,-5.5369e-05,0.00948163,0.0421521,0,0,0
2009-11-05,-0.712689,0.386959,-1.09965,-4.70647e-05,3.59129e-05,-8.29776e-05,0.400419,-0.678377,-1.06534,-5.54912e-05,0.0139161,0.0422386,0,0,0
2009-11-06,-0.713382,0.388572,-1.10195,-4.7104e-05,3.60217e-05,-8.31257e-05,0.400419,-0.689075,-1.07765,-5.61788e-05,0.00948931,0.0438327,0,0,0
2009-11-10,-0.712763,0.388065,-1.10083,-4.69523e-05,3.59761e-05,-8.29283e-05,0.400419,-0.692004,-1.08007,-5.62596e-05,0.0107134,0.0444307,0,0,0
2009-11-11,-0.71253,0.394148,-1.10668,-4.69227e-05,3.6379e-05,-8.33017e-05,0.400419,-0.690962,-1.08511,-5.6601e-05,0.00814007,0.0445112,0,0,0
2009-11-12,-0.712463,0.394368,-1.10683,-4.6907e-05,3.63918e-05,-8.32988e-05,0.400419,-0.714911,-1.10928,-5.71327e-05,0.00810946,0.0431734,0,0,0
2009-11-13,-0.711406,0.393806,-1.10521,-4.69494e-05,3.63974e-05,-8.33469e-05,0.400419,-0.714784,-1.10859,-5.71694e-05,0.00895528,0.0431243,0,0,0
2009-11-17,-0.712336,0.394002,-1.10634,-4.688e-05,3.64113e-05,-8.32914e-05,0.400419,-0.724771,-1.11877,-5.79113e-05,0.0118559,0.0432319,0,0,0
2009-11-18,-0.711681,0.39803,-1.10971,-4.68568e-05,3.6654e-05,-8.35108e-05,0.400419,-0.720822,-1.11885,-5.77701e-05,0.0103335,0.0436598,0,0,0
2009-11-19,-0.71138,0.398357,-1.10974,-4.68863e-05,3.66929e-05,-8.35791e-05,0.400419,-0.715733,-1.11409,-5.76396e-05,0.00721604,0.0438002,0,0,0
2009-11-20,-0.711735,0.404329,-1.11606,-4.68942e-05,3.70778e-05,-8.3972e-05,0.400419,-0.715642,-1.11997,-5.78882e-05,0.00924059,0.0440429,0,0,0
2009-11-24,-0.712604,0.404065,-1.11667,-4.67729e-05,3.70093e-05,-8.37822e-05,0.400419,-0.710363,-1.11443,-5.77895e-05,0.00739114,0.0437209,0,0,0
2009-11-25,-0.758603,0.410466,-1.16907,-5.67673e-05,3.74315e-05,-9.41987e-05,0.356996,-0.689569,-1.10004,-5.63757e-05,0.0212457,0.0423981,0,0,0
2009-12-01,-0.757321,0.410718,-1.16804,-5.67637e-05,3.74871e-05,-9.42508e-05,0.356996,-0.687825,-1.09854,-5.60236e-05,0.0186471,0.0423383,0,0,0
2009-12-02,-0.757165,0.409987,-1.16715,-5.68322e-05,3.74279e-05,-9.42601e-05,0.356996,-0.713523,-1.12351,-5.63895e-05,0.0146151,0.0415047,0,0,0
2009-12-03,-0.755614,0.410357,-1.16597,-5.67818e-05,3.74878e-05,-9.42696e-05,0.356996,-0.722086,-1.13244,-5.67374e-05,0.012342,0.0415889,0,0,0
2009-12-04,-0.755465,0.410496,-1.16596,-5.67774e-05,3.75112e-05,-9.42886e-05,0.356996,-0.712651,-1.12315,-5.53911e-05,0.0153831,0.0411174,0,0,0
2009-12-08,-0.755197,0.404101,-1.1593,-5.7165e-05,3.71359e-05,-9.4301e-05,0.356996,-0.706359,-1.11046,-5.44536e-05,0.0178593,0.0421251,0,0,0
2009-12-09,-0.759434,0.402496,-1.16193,-5.7429e-05,3.7031e-05,-9.446e-05,0.356996,-0.700277,-1.10277,-5.38744e-05,0.0161404,0.0420066,0,0,0
2009-12-10,-0.760314,0.402051,-1.16237,-5.7419e-05,3.69894e-05,-9.44083e-05,0.356996,-0.686761,-1.08881,-5.37817e-05,0.0154952,0.0420146,0,0,0
2009-12-11,-0.760881,0.403845,-1.16473,-5.73752e-05,3.71077e-05,-9.44829e-05,0.356996,-0.667755,-1.0716,-5.39351e-05,0.0178492,0.0423801,0,0,0
2009-12-15,-0.760858,0.403023,-1.16388,-5.73002e-05,3.69667e-05,-9.42669e-05,0.356996,-0.680826,-1.08385,-5.48383e-05,0.0191674,0.0427518,0,0,0
2009-12-16,-0.755447,0.431511,-1.18696,-5.59272e-05,3.88144e-05,-9.47416e-05,0.356996,-0.678251,-1.10976,-5.60256e-05,0.0173469,0.0421533,0,0,0
2009-12-18,-0.755194,0.428042,-1.18324,-5.6125e-05,3.86151e-05,-9.47401e-05,0.356996,-0.656353,-1.0844,-5.54462e-05,0.0167154,0.0431083,0,0,0
2009-12-22,-0.754297,0.437052,-1.19135,-5.56132e-05,3.91788e-05,-9.4792e-05,0.356996,-0.656115,-1.09317,-5.60916e-05,0.0149169,0.0431058,0,0,0
2009-12-23,-0.754965,0.439522,-1.19449,-5.55476e-05,3.93317e-05,-9.48792e-05,0.356996,-0.656399,-1.09592,-5.61572e-05,0.0159418,0.0435891,0,0,0
2009-12-24,-0.751268,0.463758,-1.21503,-5.40783e-05,4.07852e-05,-9.48635e-05,0.356996,-0.685398,-1.14916,-5.80796e-05,0.00731756,0.0429298,0,0,0
2009-12-29,-0.749893,0.466194,-1.21609,-5.39572e-05,4.09653e-05,-9.49225e-05,0.356996,-0.682231,-1.14843,-5.84779e-05,0.0080626,0.0429498,0,0,0
2009-12-30,-0.750977,0.466097,-1.21707,-5.40017e-05,4.09288e-05,-9.49305e-05,0.356996,-0.688912,-1.15501,-5.95779e-05,0.00835852,0.0430769,0,0,0
2009-12-31,-0.698535,0.468633,-1.16717,-5.05985e-05,4.10795e-05,-9.1678e-05,0.409286,-0.642009,-1.11064,-6.04577e-05,0.006587,0.0431442,0,0,0
2010-01-05,-0.701945,0.469286,-1.17123,-5.06703e-05,4.11184e-05,-9.17887e-05,0.409286,-0.65192,-1.12121,-6.1181e-05,0.00975703,0.0444508,0,0,0
2010-01-06,-0.700819,0.471592,-1.17241,-5.05579e-05,4.12728e-05,-9.18307e-05,0.409286,-0.65121,-1.1228,-6.11445e-05,0.00981897,0.0449476,0,0,0
2010-01-07,-0.701539,0.47142,-1.17296,-5.06165e-05,4.12629e-05,-9.18795e-05,0.409286,-0.648253,-1.11967,-6.10752e-05,0.0119295,0.044992,0,0,0
2010-01-12,-0.701505,0.473232,-1.17474,-5.06004e-05,4.13658e-05,-9.19661e-05,0.409286,-0.67452,-1.14775,-6.07989e-05,0.000647249,0.0425017,0,0,0
2010-01-13,-0.699907,0.468916,-1.16882,-5.07193e-05,4.1234e-05,-9.19533e-05,0.409286,-0.658836,-1.12775,-6.01017e-05,-0.000513316,0.0426991,0,0,0
2010-01-14,-0.695889,0.474985,-1.17087,-4.97625e-05,4.1596e-05,-9.13585e-05,0.409286,-0.63793,-1.11291,-6.07399e-05,-0.00489635,0.0436029,0,0,0
2010-01-20,-0.695262,0.478754,-1.17402,-4.95997e-05,4.1801e-05,-9.14007e-05,0.409286,-0.621247,-1.1,-5.99278e-05,-0.0105951,0.04385,0,0,0
2010-01-21,-0.696296,0.48006,-1.17636,-4.98731e-05,4.18785e-05,-9.17517e-05,0.409286,-0.620961,-1.10102,-6.00006e-05,-0.0155927,0.0444306,0,0,0
2010-01-26,-0.696364,0.484787,-1.18115,-4.98165e-05,4.21501e-05,-9.19666e-05,0.409286,-0.612242,-1.09703,-6.01843e-05,-0.0144496,0.0447131,0,0,0
2010-01-27,-0.695869,0.497054,-1.19292,-4.96799e-05,4.28339e-05,-9.25138e-05,0.409286,-0.596215,-1.09327,-5.97749e-05,-0.0132439,0.0448439,0,0,0
2010-01-28,-0.695527,0.517396,-1.21292,-4.93088e-05,4.3986e-05,-9.32947e-05,0.409286,-0.57129,-1.08869,-6.05133e-05,-0.0145437,0.0448427,0,0,0
2010-01-29,-0.628459,0.550519,-1.17898,-3.84562e-05,4.57786e-05,-8.42347e-05,0.564871,-0.509472,-1.05999,-5.88515e-05,-0.0160109,0.0442293,0,0,0
2010-02-02,-0.640816,0.548713,-1.18953,-3.86648e-05,4.56283e-05,-8.42931e-05,0.564871,-0.491417,-1.04013,-5.82622e-05,-0.0118725,0.0442831,0,0,0
2010-02-03,-0.645288,0.548798,-1.19409,-3.88392e-05,4.56171e-05,-8.44563e-05,0.564871,-0.48131,-1.03011,-5.79199e-05,-0.0112406,0.045358,0,0,0
2010-02-04,-0.646396,0.548167,-1.19456,-3.89698e-05,4.55792e-05,-8.4549e-05,0.564871,-0.444223,-0.99239,-5.60066e-05,-0.015988,0.0453833,0,0,0
2010-02-05,-0.648894,0.539236,-1.18813,-3.95281e-05,4.51187e-05,-8.46468e-05,0.564871,-0.40594,-0.945176,-5.38042e-05,-0.0179142,0.0457854,0,0,0
2010-02-09,-0.649797,0.534008,-1.18381,-3.99522e-05,4.48553e-05,-8.48075e-05,0.564871,-0.399625,-0.933632,-5.38989e-05,-0.0188523,0.0458388,0,0,0
2010-02-10,-0.651378,0.52891,-1.18029,-4.01736e-05,4.44458e-05,-8.46194e-05,0.564871,-0.405874,-0.934784,-5.37177e-05,-0.0152979,0.0455363,0,0,0
2010-02-11,-0.647644,0.525699,-1.17334,-3.91195e-05,4.34637e-05,-8.25832e-05,0.564871,-0.39873,-0.924428,-5.25585e-05,-0.0148418,0.0455313,0,0,0
2010-02-12,-0.650157,0.523837,-1.17399,-3.9279e-05,4.32476e-05,-8.25266e-05,0.564871,-0.398657,-0.922493,-5.23781e-05,-0.0129011,0.045514,0,0,0
2010-02-17,-0.64998,0.52419,-1.17417,-3.92492e-05,4.32677e-05,-8.25169e-05,0.564871,-0.399644,-0.923834,-5.24207e-05,-0.0082147,0.0456399,0,0,0
2010-02-18,-0.651185,0.527443,-1.17863,-3.93163e-05,4.33612e-05,-8.26775e-05,0.564871,-0.400186,-0.927628,-5.24056e-05,-0.0070516,0.0456246,0,0,0
2010-02-19,-0.651889,0.525823,-1.17771,-3.94157e-05,4.32751e-05,-8.26908e-05,0.564871,-0.392861,-0.918684,-5.19744e-05,-0.0103432,0.0455644,0,0,0
2010-02-23,-0.644756,0.536499,-1.18126,-3.71846e-05,4.29682e-05,-8.01528e-05,0.564871,-0.386071,-0.92257,-5.13459e-05,-0.0126986,0.0449604,0,0,0
2010-02-24,-0.645416,0.536412,-1.18183,-3.73197e-05,4.29824e-05,-8.03021e-05,0.564871,-0.401753,-0.938165,-5.17696e-05,-0.011897,0.0447428,0,0,0
2010-02-25,-0.635016,0.537692,-1.17271,-3.55954e-05,4.22956e-05,-7.78911e-05,0.564871,-0.405071,-0.942763,-5.11698e-05,-0.0123614,0.0449273,0,0,0
2010-02-26,0.838357,0.537685,0.300673,3.80933e-05,4.22503e-05,-4.15692e-06,0.892501,0.890253,0.352568,-2.41236e-05,-0.0110907,0.0444999,0,1,3
2010-03-02,0.838453,0.537766,0.300687,3.80515e-05,4.20499e-05,-3.99835e-06,0.892501,0.88405,0.346284,-2.43071e-05,-0.00283448,0.0435463,0,1,3
2010-03-03,0.843985,0.541448,0.302537,3.82532e-05,4.22981e-05,-4.04496e-06,0.892501,0.8792,0.337752,-2.48659e-05,0.0020058,0.0425221,0,1,3
2010-03-04,0.842023,0.550486,0.291537,3.70541e-05,4.25146e-05,-5.46058e-06,0.892501,0.882384,0.331898,-2.37093e-05,-0.00651848,0.042055,0,1,3
2010-03-05,0.843657,0.55143,0.292227,3.71102e-05,4.24819e-05,-5.37169e-06,0.892501,0.894144,0.342714,-2.12182e-05,-0.00908644,0.0427857,0,1,3
2010-03-09,0.840296,0.566744,0.273552,3.61596e-05,4.30765e-05,-6.91693e-06,0.892501,0.885977,0.319233,-2.18823e-05,-0.00616305,0.0437821,0,1,3
2010-03-10,0.840337,0.569172,0.271165,3.61774e-05,4.31852e-05,-7.00787e-06,0.892501,0.886744,0.317572,-2.19462e-05,-0.0110299,0.0440669,0,1,3
2010-03-11,0.835838,0.597339,0.238499,3.42928e-05,4.32088e-05,-8.91597e-06,0.892501,0.892705,0.295367,-2.07571e-05,-0.0175556,0.0456576,0,1,3
2010-03-12,0.841549,0.599038,0.242511,3.43791e-05,4.30295e-05,-8.65042e-06,0.892501,0.893084,0.294046,-2.05122e-05,-0.0196801,0.0455256,0,1,3
2010-03-16,0.845485,0.599126,0.246359,3.44012e-05,4.30459e-05,-8.64473e-06,0.892501,0.88783,0.288704,-2.11049e-05,-0.0180939,0.0440879,0,1,3
2010-03-17,0.847435,0.58648,0.260955,3.42407e-05,4.07856e-05,-6.54487e-06,0.892501,0.886096,0.299616,-1.89647e-05,-0.0147289,0.0438743,0,1,3
2010-03-18,0.84881,0.578125,0.270685,3.39741e-05,3.93209e-05,-5.34678e-06,0.892501,0.888568,0.310444,-1.69714e-05,-0.017011,0.044437,0,1,3
2010-03-19,0.848432,0.56551,0.282922,3.36076e-05,3.71528e-05,-3.54522e-06,0.892501,0.895873,0.330363,-1.39806e-05,-0.0133504,0.0464613,0,1,3
2010-03-23,0.847292,0.564844,0.282448,3.35146e-05,3.70969e-05,-3.58233e-06,0.892501,0.893085,0.328241,-1.38601e-05,-0.0151361,0.0468576,0,1,3
2010-03-24,0.846965,0.558311,0.288654,3.31017e-05,3.5853e-05,-2.7513e-06,0.892501,0.892015,0.333703,-1.27162e-05,-0.0164277,0.0464178,0,1,3
2010-03-25,0.845277,0.555335,0.289942,3.28108e-05,3.54277e-05,-2.61696e-06,0.892501,0.891681,0.336346,-1.26199e-05,-0.0229589,0.0454531,0,1,3
2010-03-26,0.845719,0.55685,0.288869,3.28536e-05,3.55423e-05,-2.68871e-06,0.892501,0.895424,0.338574,-1.26368e-05,-0.0196001,0.0456658,0,1,3
2010-03-30,0.850766,0.556737,0.294029,3.2968e-05,3.54054e-05,-2.43747e-06,0.892501,0.894972,0.338235,-1.25594e-05,-0.013752,0.0455275,0,1,3
2010-03-31,-0.537907,0.557159,-1.09507,-2.65022e-05,3.54375e-05,-6.19397e-05,0.238111,-0.56817,-1.12533,-5.17305e-05,-0.0131526,0.0455918,0,0,0
2010-04-01,-0.537071,0.561106,-1.09818,-2.64146e-05,3.55919e-05,-6.20065e-05,0.238111,-0.551354,-1.11246,-5.13116e-05,-0.0150784,0.0471076,0,0,0
2010-04-06,-0.541901,0.548289,-1.09019,-2.64322e-05,3.40404e-05,-6.04726e-05,0.238111,-0.562568,-1.11086,-5.05353e-05,-0.0115854,0.0480405,0,0,0
2010-04-07,-0.543689,0.547849,-1.09154,-2.62635e-05,3.40299e-05,-6.02934e-05,0.238111,-0.558081,-1.10593,-5.09922e-05,-0.00506655,0.0488447,0,0,0
2010-04-08,-0.543592,0.54524,-1.08883,-2.6226e-05,3.36959e-05,-5.99219e-05,0.238111,-0.570281,-1.11552,-5.08744e-05,-0.0111551,0.0482738,0,0,0
2010-04-09,-0.539549,0.534291,-1.07384,-2.58362e-05,3.23043e-05,-5.81405e-05,0.238111,-0.567047,-1.10134,-4.94874e-05,-0.00768618,0.0489361,0,0,0
2010-04-13,-0.539339,0.532846,-1.07219,-2.58085e-05,3.21279e-05,-5.79364e-05,0.238111,-0.577412,-1.11026,-4.96691e-05,-0.00752804,0.0490108,0,0,0
2010-04-14,-0.535191,0.531064,-1.06625,-2.5616e-05,3.1899e-05,-5.7515e-05,0.238111,-0.575341,-1.1064,-4.972e-05,-0.00861072,0.0507319,0,0,0
2010-04-15,-0.531696,0.503355,-1.03505,-2.50243e-05,2.85427e-05,-5.35669e-05,0.238111,-0.555805,-1.05916,-4.59926e-05,-0.0102139,0.0528174,0,0,0
2010-04-16,-0.520436,0.476515,-0.996951,-2.39003e-05,2.54664e-05,-4.93667e-05,0.238111,-0.553782,-1.0303,-4.24858e-05,-0.00850023,0.0528356,0,0,0
2010-04-20,-0.518287,0.469729,-0.988016,-2.38835e-05,2.51223e-05,-4.90058e-05,0.238111,-0.564482,-1.03421,-4.24651e-05,-0.00648065,0.0534054,0,0,0
2010-04-21,-0.512532,0.457231,-0.969763,-2.3408e-05,2.38765e-05,-4.72846e-05,0.238111,-0.561747,-1.01898,-4.09897e-05,-0.00175461,0.0535046,0,0,0
2010-04-22,-0.509531,0.449061,-0.958592,-2.31297e-05,2.31966e-05,-4.63263e-05,0.238111,-0.577353,-1.02641,-4.06878e-05,0.00396298,0.0528814,0,0,0
2010-04-27,-0.510265,0.448766,-0.959032,-2.28509e-05,2.31684e-05,-4.60193e-05,0.238111,-0.564406,-1.01317,-4.0154e-05,0.000545759,0.0532152,0,0,0
2010-04-28,-0.511522,0.440114,-0.951636,-2.29761e-05,2.251e-05,-4.5486e-05,0.238111,-0.568172,-1.00829,-3.95254e-05,0.00270321,0.052913,0,0,0
2010-04-29,-0.509298,0.438828,-0.948126,-2.28428e-05,2.24025e-05,-4.52453e-05,0.238111,-0.586534,-1.02536,-3.98711e-05,-0.00127095,0.0521151,0,0,0
2010-04-30,-0.171549,0.440179,-0.611728,-7.12631e-06,2.24761e-05,-2.96024e-05,0.401491,0.04725,-0.392929,-2.10268e-05,-1.58658e-05,0.0531656,0,0,0
2010-05-04,-0.170263,0.436178,-0.60644,-7.03959e-06,2.23043e-05,-2.93439e-05,0.401491,0.128513,-0.307665,-1.84791e-05,-0.000812378,0.0537653,0,0,0
2010-05-05,-0.180825,0.422117,-0.602941,-7.5797e-06,2.17486e-05,-2.93283e-05,0.401491,0.13337,-0.288747,-1.77662e-05,-0.000628185,0.0536504,0,0,0
2010-05-06,-0.16689,0.403912,-0.570802,-6.84663e-06,2.00158e-05,-2.68625e-05,0.401491,0.123327,-0.280585,-1.63927e-05,-0.00777756,0.0530337,0,0,0
2010-05-07,-0.167891,0.36886,-0.536751,-6.83576e-06,1.72793e-05,-2.41151e-05,0.401491,0.118572,-0.250289,-1.38174e-05,-0.0113737,0.0525181,0,0,0
2010-05-11,-0.142464,0.334575,-0.477039,-5.65069e-06,1.49178e-05,-2.05685e-05,0.401491,0.111846,-0.22273,-1.16394e-05,-0.013658,0.0524111,0,0,0
2010-05-12,-0.142516,0.329852,-0.472369,-5.65701e-06,1.46351e-05,-2.02921e-05,0.401491,0.128691,-0.201162,-1.07973e-05,-0.00854001,0.0525468,0,0,0
2010-05-13,-0.145253,0.323459,-0.468712,-5.75186e-06,1.42229e-05,-1.99748e-05,0.401491,0.132856,-0.190603,-1.02427e-05,-0.00853882,0.0523562,0,0,0
2010-05-14,-0.147357,0.323242,-0.470599,-5.82012e-06,1.42146e-05,-2.00347e-05,0.401491,0.134895,-0.188347,-1.02658e-05,-0.0130677,0.0517221,0,0,0
2010-05-18,-0.144949,0.31984,-0.464789,-5.71631e-06,1.40978e-05,-1.98141e-05,0.401491,0.135354,-0.184486,-1.01302e-05,-0.00986748,0.0515359,0,0,0
2010-05-19,-0.138281,0.302939,-0.44122,-5.36238e-06,1.30297e-05,-1.83921e-05,0.401491,0.135965,-0.166973,-9.1e-06,-0.0140716,0.0513516,0,0,0
2010-05-20,-0.15378,0.300634,-0.454413,-5.81527e-06,1.2953e-05,-1.87682e-05,0.401491,0.148092,-0.152542,-8.76465e-06,-0.00709485,0.050805,0,0,0
2010-05-21,-0.129725,0.292468,-0.422193,-4.81881e-06,1.25349e-05,-1.73537e-05,0.401491,0.146955,-0.145512,-8.37885e-06,-0.00949042,0.0507241,0,0,0
2010-05-25,-0.113674,0.264103,-0.377777,-4.12517e-06,1.08778e-05,-1.5003e-05,0.401491,0.164885,-0.0992181,-6.25193e-06,-0.0138769,0.0508251,0,0,1
2010-05-26,-0.116558,0.261831,-0.378388,-4.23805e-06,1.08034e-05,-1.50415e-05,0.401491,0.185986,-0.075844,-5.67867e-06,-0.00961445,0.0509063,0,0,1
2010-05-27,-0.119328,0.254373,-0.373701,-4.35186e-06,1.05e-05,-1.48519e-05,0.401491,0.194625,-0.0597479,-5.1734e-06,-0.0143252,0.0511582,0,0,1
2010-05-28,-0.484886,0.249659,-0.734545,-1.30037e-05,1.03055e-05,-2.33092e-05,-0.103951,-0.547152,-0.796811,-2.2626e-05,-0.0220282,0.0503682,0,0,0
2010-06-02,-0.485055,0.250197,-0.735251,-1.30161e-05,1.03423e-05,-2.33585e-05,-0.103951,-0.538709,-0.788905,-2.25164e-05,-0.0224812,0.0504014,0,0,0
2010-06-03,-0.485373,0.248435,-0.733808,-1.30281e-05,1.02652e-05,-2.32933e-05,-0.103951,-0.523805,-0.77224,-2.15672e-05,-0.0215735,0.0515399,0,0,0
2010-06-04,-0.487139,0.232135,-0.719274,-1.3192e-05,9.49236e-06,-2.26844e-05,-0.103951,-0.481631,-0.713766,-1.92331e-05,-0.0241783,0.0518973,0,0,0
2010-06-08,-0.488784,0.214751,-0.703535,-1.33422e-05,8.76219e-06,-2.21044e-05,-0.103951,-0.494904,-0.709655,-1.90481e-05,-0.0317673,0.0519064,1,0,0
2010-06-09,-0.489501,0.207172,-0.696673,-1.33748e-05,8.39179e-06,-2.17666e-05,-0.103951,-0.494032,-0.701203,-1.86414e-05,-0.0293485,0.0519114,1,0,0
2010-06-10,-0.490129,0.205624,-0.695753,-1.33725e-05,8.31263e-06,-2.16852e-05,-0.103951,-0.489004,-0.694628,-1.87179e-05,-0.0292252,0.0533907,1,0,0
2010-06-11,-0.491909,0.204216,-0.696125,-1.34109e-05,8.24794e-06,-2.16589e-05,-0.103951,-0.507778,-0.711994,-1.94482e-05,-0.0263519,0.0534829,1,0,0
2010-06-15,-0.504006,0.200549,-0.704556,-1.37017e-05,8.12743e-06,-2.18292e-05,-0.103951,-0.500935,-0.701484,-1.90092e-05,-0.0290336,0.0534326,1,0,0
2010-06-16,-0.505816,0.193644,-0.69946,-1.38123e-05,7.8485e-06,-2.16608e-05,-0.103951,-0.500799,-0.694443,-1.87135e-05,-0.0293,0.0535459,1,0,0
2010-06-17,-0.512535,0.191871,-0.704406,-1.39353e-05,7.75977e-06,-2.16951e-05,-0.103951,-0.500109,-0.69198,-1.86776e-05,-0.0272136,0.0535596,1,0,0
2010-06-18,-0.512537,0.174563,-0.6871,-1.38925e-05,6.90913e-06,-2.08016e-05,-0.103951,-0.50263,-0.677193,-1.78757e-05,-0.0350139,0.0536347,1,0,0
2010-06-22,-0.513677,0.171667,-0.685344,-1.3909e-05,6.80165e-06,-2.07106e-05,-0.103951,-0.515195,-0.686863,-1.82084e-05,-0.0424247,0.0535076,1,0,0
2010-06-23,-0.51386,0.167359,-0.681219,-1.38579e-05,6.60298e-06,-2.04609e-05,-0.103951,-0.516286,-0.683645,-1.80583e-05,-0.0477187,0.0535306,1,0,0
2010-06-24,-0.512961,0.166029,-0.67899,-1.38e-05,6.55444e-06,-2.03544e-05,-0.103951,-0.47182,-0.637849,-1.69235e-05,-0.0470214,0.0542601,1,0,0
2010-06-25,-0.515855,0.159927,-0.675782,-1.39539e-05,6.34794e-06,-2.03018e-05,-0.103951,-0.4635,-0.623426,-1.65675e-05,-0.05127,0.0545442,1,0,0
2010-06-29,-0.516579,0.160566,-0.677145,-1.39807e-05,6.36551e-06,-2.03462e-05,-0.103951,-0.416995,-0.577561,-1.48602e-05,-0.0586612,0.0546204,1,0,0
2010-06-30,0.269693,0.135299,0.134394,7.15959e-06,5.3177e-06,1.84189e-06,0.199922,0.531125,0.395826,7.26662e-06,-0.0485315,0.054076,1,0,3
2010-07-01,0.283566,0.126733,0.156833,7.54208e-06,4.99698e-06,2.54509e-06,0.199922,0.562813,0.43608,8.02161e-06,-0.0365383,0.0534364,1,0,3
2010-07-02,0.275009,0.124063,0.150946,7.37318e-06,4.93465e-06,2.43853e-06,0.199922,0.575082,0.451019,8.14777e-06,-0.038114,0.0530807,1,0,3
2010-07-07,0.282951,0.123597,0.159354,7.55149e-06,4.92386e-06,2.62763e-06,0.199922,0.563506,0.43991,7.55793e-06,-0.0265788,0.051419,1,0,3
2010-07-08,0.285327,0.122104,0.163223,7.59489e-06,4.84191e-06,2.75298e-06,0.199922,0.565995,0.443891,7.70692e-06,-0.0225963,0.0512625,0,0,3
2010-07-09,0.270898,0.0981725,0.172726,7.09145e-06,3.79593e-06,3.29552e-06,0.199922,0.559264,0.461092,8.85467e-06,-0.0230534,0.0514578,0,0,3
2010-07-13,0.274994,0.0981929,0.176801,7.17116e-06,3.79651e-06,3.37465e-06,0.199922,0.562778,0.464585,8.82118e-06,-0.0178139,0.0511935,0,0,3
2010-07-14,0.275924,0.0982486,0.177676,7.20239e-06,3.80236e-06,3.40003e-06,0.199922,0.549697,0.451448,8.42912e-06,-0.0126658,0.0506368,0,0,3
2010-07-15,0.285603,0.0891731,0.19643,7.4311e-06,3.41786e-06,4.01324e-06,0.199922,0.550881,0.461708,8.36065e-06,-0.00522317,0.0485178,0,0,3
2010-07-16,0.288357,0.0381468,0.25021,7.24406e-06,1.38663e-06,5.85743e-06,0.199922,0.527557,0.48941,9.99391e-06,-0.00317965,0.0482511,0,0,3
2010-07-20,0.288218,0.0389865,0.249231,7.23744e-06,1.4181e-06,5.81934e-06,0.199922,0.532956,0.493969,1.07418e-05,-7.23573e-05,0.0482203,0,0,3
2010-07-21,0.292959,0.0388096,0.25415,7.33039e-06,1.40321e-06,5.92719e-06,0.199922,0.561628,0.522819,1.22123e-05,-0.0019563,0.0483289,0,0,3
2010-07-22,0.291784,0.0338548,0.257929,7.2542e-06,1.21714e-06,6.03706e-06,0.199922,0.563786,0.529931,1.27079e-05,0.00624034,0.0486918,0,0,3
2010-07-23,0.292521,0.0340182,0.258502,7.27868e-06,1.22303e-06,6.05565e-06,0.199922,0.565077,0.531058,1.28528e-05,0.00662444,0.0487263,0,0,3
2010-07-27,0.288331,0.0213326,0.266999,7.1322e-06,7.56851e-07,6.37535e-06,0.199922,0.518624,0.497291,1.26126e-05,0.00582789,0.0487226,0,0,3
2010-07-28,0.286699,-0.0034743,0.290173,7.05629e-06,-1.20083e-07,7.17637e-06,0.199922,0.511234,0.514708,1.30494e-05,0.0080641,0.0466762,0,0,3
2010-07-29,0.290733,-0.00245604,0.293189,7.20322e-06,-8.50583e-08,7.28828e-06,0.199922,0.497063,0.499519,1.24124e-05,0.0131345,0.0454179,0,0,3
2010-07-30,-0.076014,-0.0129019,-0.0631121,-1.56204e-06,-4.38104e-07,-1.12393e-06,-0.24535,-0.274542,-0.261641,-6.7375e-06,0.0207346,0.0438911,0,0,2
2010-08-03,-0.084218,-0.0101802,-0.0740377,-1.72974e-06,-3.46698e-07,-1.38304e-06,-0.24535,-0.268766,-0.258586,-6.79328e-06,0.0185167,0.0439072,0,0,2
2010-08-04,-0.0890251,-0.0113731,-0.077652,-1.81679e-06,-3.86879e-07,-1.42991e-06,-0.24535,-0.291343,-0.27997,-7.18394e-06,0.0198515,0.0435401,0,0,2
2010-08-05,-0.0843608,-0.0118884,-0.0724724,-1.73238e-06,-4.04917e-07,-1.32746e-06,-0.24535,-0.314948,-0.30306,-7.62274e-06,0.0237229,0.0423325,0,0,2
2010-08-06,-0.0825209,-0.0116265,-0.0708944,-1.6991e-06,-3.96221e-07,-1.30288e-06,-0.24535,-0.331693,-0.320066,-7.93128e-06,0.0184427,0.041072,0,0,2
2010-08-10,-0.0809468,-0.00805606,-0.0728907,-1.65999e-06,-2.75516e-07,-1.38447e-06,-0.24535,-0.34905,-0.340994,-8.24819e-06,0.0130232,0.0391149,0,0,2
2010-08-11,-0.0767605,-0.00802486,-0.0687357,-1.59014e-06,-2.75316e-07,-1.31482e-06,-0.24535,-0.332012,-0.323987,-7.92322e-06,0.0127594,0.0395114,0,0,2
2010-08-12,-0.0736075,-0.00776266,-0.0658448,-1.51958e-06,-2.6639e-07,-1.25319e-06,-0.24535,-0.339922,-0.332159,-8.06866e-06,0.00462705,0.0402953,0,0,2
2010-08-13,-0.070292,-0.00836898,-0.061923,-1.45701e-06,-2.86764e-07,-1.17025e-06,-0.24535,-0.332361,-0.323992,-7.96086e-06,-0.000184819,0.0404581,0,0,2
2010-08-17,-0.0698025,-0.00956054,-0.0602419,-1.44647e-06,-3.27206e-07,-1.11926e-06,-0.24535,-0.314915,-0.305355,-7.67949e-06,0.000968139,0.0404686,0,0,2
2010-08-18,-0.0698823,-0.0139139,-0.0559684,-1.44821e-06,-4.74299e-07,-9.73911e-07,-0.24535,-0.308965,-0.295051,-7.46839e-06,-0.00831086,0.0404179,0,0,2
2010-08-19,-0.0691952,-0.0173898,-0.0518055,-1.43495e-06,-5.90715e-07,-8.44237e-07,-0.24535,-0.303092,-0.285702,-7.29453e-06,-0.0067838,0.0407182,0,0,2
2010-08-20,-0.0741916,-0.0204241,-0.0537675,-1.51176e-06,-6.91692e-07,-8.20064e-07,-0.24535,-0.29326,-0.272836,-6.94831e-06,-0.00649272,0.0426159,0,0,2
2010-08-24,-0.0591309,-0.0305905,-0.0285404,-1.18489e-06,-1.01697e-06,-1.67921e-07,-0.24535,-0.260567,-0.229976,-5.69385e-06,-0.0129381,0.0418485,0,0,2
2010-08-25,-0.0620227,-0.0309839,-0.0310389,-1.25187e-06,-1.03457e-06,-2.17299e-07,-0.24535,-0.264566,-0.233582,-5.76978e-06,-0.0112233,0.0412357,0,0,2
2010-08-27,-0.0601478,-0.0361975,-0.0239503,-1.21535e-06,-1.20293e-06,-1.24191e-08,-0.24535,-0.264087,-0.227889,-5.57803e-06,-0.00841763,0.0415166,0,0,2
2010-08-31,0.247379,-0.0482979,0.295677,5.34906e-06,-1.57954e-06,6.92859e-06,-0.329523,0.106296,0.154593,4.25601e-06,-0.0124125,0.0408156,0,0,3
2010-09-01,0.237577,-0.0544515,0.292028,5.11643e-06,-1.77227e-06,6.8887e-06,-0.329523,0.11828,0.172731,4.78512e-06,-0.0144383,0.0414183,0,0,3
2010-09-02,0.234827,-0.0706475,0.305475,5.04408e-06,-2.26235e-06,7.30643e-06,-0.329523,0.116913,0.18756,5.24587e-06,-0.0146909,0.0416903,0,0,3
2010-09-03,0.233692,-0.0729023,0.306594,5.01122e-06,-2.32906e-06,7.34028e-06,-0.329523,0.0985007,0.171403,4.84079e-06,-0.00852061,0.0407124,0,0,3
2010-09-08,0.233645,-0.0818422,0.315487,5.02816e-06,-2.59891e-06,7.62707e-06,-0.329523,0.101727,0.18357,5.20089e-06,-0.00715978,0.0409123,0,0,3
2010-09-09,0.234917,-0.0816344,0.316551,5.05095e-06,-2.59207e-06,7.64302e-06,-0.329523,0.0683438,0.149978,4.39322e-06,-0.00889136,0.0413418,0,0,3
2010-09-10,0.23304,-0.0992587,0.332299,5.01978e-06,-3.09913e-06,8.11891e-06,-0.329523,0.0751432,0.174402,5.06242e-06,-0.00370444,0.0414706,0,0,3
2010-09-14,0.23248,-0.099228,0.331708,5.00714e-06,-3.0999e-06,8.10704e-06,-0.329523,0.0666268,0.165855,4.81744e-06,0.00252553,0.0407681,0,0,3
2010-09-15,0.233624,-0.10109,0.334714,5.04226e-06,-3.15166e-06,8.19391e-06,-0.329523,0.0763455,0.177436,5.14029e-06,0.0063747,0.0407342,0,0,3
2010-09-16,0.233418,-0.101599,0.335017,5.03492e-06,-3.16581e-06,8.20073e-06,-0.329523,0.0806741,0.182273,5.27724e-06,0.00396103,0.0409663,0,0,3
2010-09-17,0.23302,-0.105492,0.338512,5.02066e-06,-3.27136e-06,8.29202e-06,-0.329523,0.076667,0.182159,5.28757e-06,-0.000487614,0.040938,0,0,3
2010-09-21,0.223935,-0.110175,0.33411,4.85904e-06,-3.43166e-06,8.2907e-06,-0.329523,0.0766208,0.186796,5.44601e-06,-0.00075653,0.0412626,0,0,3
2010-09-22,0.207342,-0.115892,0.323234,4.3944e-06,-3.59194e-06,7.98634e-06,-0.329523,0.0884429,0.204334,5.92935e-06,0.00394012,0.0417444,0,0,3
2010-09-23,0.213956,-0.117871,0.331828,4.53191e-06,-3.64264e-06,8.17455e-06,-0.329523,0.104645,0.222516,6.42946e-06,0.00916374,0.0422329,0,0,3
2010-09-28,0.216208,-0.127559,0.343766,4.59515e-06,-3.90112e-06,8.49627e-06,-0.329523,0.101454,0.229013,6.64333e-06,0.0101561,0.042979,0,0,3
2010-09-29,0.214886,-0.191471,0.406357,4.53241e-06,-5.54127e-06,1.00737e-05,-0.329523,0.0750207,0.266492,7.4939e-06,0.0177424,0.0408349,0,0,4
2010-09-30,-0.659786,-0.200477,-0.459309,-2.42292e-05,-5.75791e-06,-1.84713e-05,-0.652733,-0.835854,-0.635377,-4.12591e-05,0.0135188,0.0409661,0,0,0
2010-10-05,-0.657934,-0.203486,-0.454448,-2.38994e-05,-5.83445e-06,-1.80649e-05,-0.652733,-0.830015,-0.626529,-3.95319e-05,0.0152955,0.0410386,0,0,0
2010-10-06,-0.663937,-0.228871,-0.435066,-2.42216e-05,-6.61795e-06,-1.76036e-05,-0.652733,-0.833781,-0.60491,-3.91352e-05,0.0177483,0.0409717,0,0,0
2010-10-07,-0.663746,-0.233153,-0.430593,-2.41958e-05,-6.71758e-06,-1.74783e-05,-0.652733,-0.84541,-0.612257,-3.87583e-05,0.0122413,0.0396138,0,0,0
2010-10-08,-0.658753,-0.24575,-0.413003,-2.40346e-05,-7.04401e-06,-1.69906e-05,-0.652733,-0.824333,-0.578584,-3.24623e-05,0.00886719,0.0395162,0,0,0
2010-10-12,-0.665673,-0.296746,-0.368927,-2.49082e-05,-8.95522e-06,-1.5953e-05,-0.652733,-0.823925,-0.527179,-3.05002e-05,0.00376272,0.0398126,0,0,1
2010-10-13,-0.666091,-0.298624,-0.367467,-2.49444e-05,-9.0162e-06,-1.59282e-05,-0.652733,-0.828465,-0.529841,-3.06718e-05,0.00718893,0.0394899,0,0,1
2010-10-14,-0.66645,-0.299603,-0.366848,-2.49897e-05,-9.06765e-06,-1.5922e-05,-0.652733,-0.828687,-0.529085,-3.06652e-05,0.00589423,0.039907,0,0,1
2010-10-15,-0.667182,-0.299902,-0.36728,-2.50148e-05,-9.08035e-06,-1.59345e-05,-0.652733,-0.834014,-0.534112,-3.23963e-05,0.00388299,0.0399526,0,0,1
2010-10-19,-0.666468,-0.302781,-0.363687,-2.4902e-05,-9.13798e-06,-1.5764e-05,-0.652733,-0.818969,-0.516187,-3.03596e-05,0.00567397,0.0400284,0,0,1
2010-10-20,-0.669557,-0.313894,-0.355663,-2.5243e-05,-9.55953e-06,-1.56835e-05,-0.652733,-0.803518,-0.489624,-2.90984e-05,0.0053359,0.0402792,0,0,1
2010-10-21,-0.671378,-0.32051,-0.350867,-2.54504e-05,-9.83897e-06,-1.56114e-05,-0.652733,-0.805191,-0.48468,-2.82797e-05,0.00257831,0.0397176,0,0,1
2010-10-22,-0.672604,-0.325269,-0.347335,-2.55989e-05,-1.00094e-05,-1.55895e-05,-0.652733,-0.809271,-0.484002,-2.86106e-05,-0.00420214,0.0395376,0,0,1
2010-10-26,-0.672995,-0.327469,-0.345525,-2.56069e-05,-1.00593e-05,-1.55476e-05,-0.652733,-0.811539,-0.48407,-2.86446e-05,-0.00769123,0.0392117,0,0,1
2010-10-27,-0.669492,-0.347866,-0.321626,-2.49605e-05,-1.05398e-05,-1.44206e-05,-0.652733,-0.813482,-0.465615,-2.76261e-05,-0.00514426,0.0396779,0,0,1
2010-10-28,-0.670294,-0.349682,-0.320612,-2.48403e-05,-1.06373e-05,-1.4203e-05,-0.652733,-0.821806,-0.472125,-2.77019e-05,-0.00164191,0.0393782,0,0,1
2010-10-29,-0.787293,-0.350496,-0.436797,-3.555e-05,-1.06505e-05,-2.48995e-05,-0.162508,-0.83274,-0.482243,-2.73204e-05,0.000766893,0.0394766,0,0,0
2010-11-02,-0.786325,-0.351427,-0.434899,-3.53552e-05,-1.0698e-05,-2.46572e-05,-0.162508,-0.832652,-0.481225,-2.72488e-05,0.00576049,0.0394939,0,0,0
2010-11-03,-0.783469,-0.354763,-0.428706,-3.45273e-05,-1.07956e-05,-2.37318e-05,-0.162508,-0.829889,-0.475126,-2.68905e-05,0.00650659,0.0402677,0,0,0
2010-11-04,-0.782153,-0.363021,-0.419132,-3.41781e-05,-1.09972e-05,-2.31809e-05,-0.162508,-0.814044,-0.451023,-2.31956e-05,0.00409285,0.0404958,0,0,0
2010-11-05,-0.78706,-0.387634,-0.399427,-3.53034e-05,-1.22637e-05,-2.30397e-05,-0.162508,-0.815012,-0.427378,-2.21722e-05,0.0055266,0.0405051,0,0,1
2010-11-09,-0.791073,-0.388864,-0.402209,-3.546e-05,-1.23279e-05,-2.31321e-05,-0.162508,-0.838462,-0.449598,-2.71256e-05,0.0101137,0.0427486,0,0,1
2010-11-10,-0.789907,-0.392343,-0.397563,-3.51922e-05,-1.24868e-05,-2.27054e-05,-0.162508,-0.824911,-0.432567,-2.5558e-05,0.00206308,0.0427648,0,0,1
2010-11-11,-0.791942,-0.399882,-0.39206,-3.55072e-05,-1.27962e-05,-2.2711e-05,-0.162508,-0.832885,-0.433004,-2.76464e-05,-0.00075929,0.0428077,0,0,1
2010-11-12,-0.792127,-0.405122,-0.387005,-3.54528e-05,-1.30393e-05,-2.24136e-05,-0.162508,-0.798727,-0.393605,-2.26982e-05,-0.0027573,0.0428596,0,0,1
2010-11-16,-0.798112,-0.429867,-0.368244,-3.63981e-05,-1.42488e-05,-2.21493e-05,-0.162508,-0.745211,-0.315344,-1.24799e-05,-0.00370566,0.0428376,0,0,1
2010-11-17,-0.806455,-0.46311,-0.343346,-3.84808e-05,-1.63281e-05,-2.21528e-05,-0.162508,-0.766817,-0.303708,-1.08799e-05,0.00198638,0.0418039,0,0,1
2010-11-18,-0.80095,-0.460881,-0.340069,-3.81523e-05,-1.62379e-05,-2.19143e-05,-0.162508,-0.73859,-0.277709,-8.76082e-06,0.00433349,0.0420007,0,0,1
2010-11-19,-0.801937,-0.479079,-0.322858,-3.84206e-05,-1.70564e-05,-2.13642e-05,-0.162508,-0.741326,-0.262247,-8.04556e-06,0.00302895,0.0420497,0,0,1
2010-11-23,-0.80062,-0.485101,-0.315519,-3.7988e-05,-1.71435e-05,-2.08445e-05,-0.162508,-0.712759,-0.227658,-7.39446e-06,0.00509784,0.0425821,0,0,1
2010-11-24,-0.800715,-0.491492,-0.309223,-3.73124e-05,-1.72521e-05,-2.00604e-05,-0.162508,-0.710722,-0.21923,-7.2374e-06,0.000493755,0.0425198,0,0,1
2010-11-30,-0.484208,-0.497686,0.0134784,-2.03322e-05,-1.74026e-05,-2.92957e-06,-0.403863,-0.562028,-0.0643421,-5.84561e-06,-0.00308447,0.04252,0,0,2
2010-12-01,-0.487053,-0.496873,0.00981942,-2.04353e-05,-1.72941e-05,-3.14123e-06,-0.403863,-0.539896,-0.0430233,-4.14877e-06,-0.00239357,0.0424563,0,0,2
2010-12-02,-0.492061,-0.504286,0.0122248,-2.09052e-05,-1.78141e-05,-3.09114e-06,-0.403863,-0.549609,-0.0453228,-3.98394e-06,0.00133725,0.041527,0,0,2
2010-12-03,-0.497521,-0.510339,0.012818,-2.09304e-05,-1.79564e-05,-2.97406e-06,-0.403863,-0.540526,-0.0301865,-3.12844e-06,0.00143443,0.0415041,0,0,2
2010-12-07,-0.511687,-0.510613,-0.00107386,-2.14692e-05,-1.786e-05,-3.60919e-06,-0.403863,-0.536877,-0.0262634,-2.94005e-06,0.00333995,0.0415176,0,0,2
2010-12-08,-0.517441,-0.512226,-0.00521495,-2.16622e-05,-1.79251e-05,-3.73718e-06,-0.403863,-0.533569,-0.021343,-3.01099e-06,0.00395251,0.0417971,0,0,2
2010-12-09,-0.51709,-0.508801,-0.00828827,-2.16055e-05,-1.76801e-05,-3.92541e-06,-0.403863,-0.562796,-0.0539944,-5.52553e-06,-0.00204651,0.0416881,0,0,2
2010-12-10,-0.517038,-0.510853,-0.00618554,-2.16033e-05,-1.77315e-05,-3.87176e-06,-0.403863,-0.56186,-0.0510071,-5.43761e-06,-0.00314725,0.0400803,0,0,2
2010-12-14,-0.513427,-0.503135,-0.0102921,-2.13558e-05,-1.73171e-05,-4.03868e-06,-0.403863,-0.546333,-0.043198,-5.33369e-06,-0.0102796,0.0398462,0,0,2
2010-12-15,-0.51417,-0.502709,-0.0114604,-2.13936e-05,-1.73222e-05,-4.07143e-06,-0.403863,-0.541537,-0.0388278,-4.91508e-06,-0.00576668,0.0399295,0,0,2
2010-12-17,-0.52611,-0.503141,-0.022969,-2.17657e-05,-1.73222e-05,-4.44343e-06,-0.403863,-0.527289,-0.0241471,-4.15071e-06,-0.00518023,0.0399973,0,0,2
2010-12-21,-0.527336,-0.506957,-0.0203792,-2.1908e-05,-1.75181e-05,-4.38987e-06,-0.403863,-0.528671,-0.0217141,-3.83357e-06,-0.0104817,0.0394907,0,0,2
2010-12-22,-0.525514,-0.507595,-0.0179183,-2.18471e-05,-1.75133e-05,-4.33373e-06,-0.403863,-0.549774,-0.0421787,-4.4378e-06,-0.00296819,0.0378706,0,0,2
2010-12-23,-0.520842,-0.503508,-0.017334,-2.16922e-05,-1.74219e-05,-4.27036e-06,-0.403863,-0.552001,-0.0484928,-4.6863e-06,0.000994717,0.037791,0,0,2
2010-12-28,-0.522658,-0.503361,-0.0192971,-2.17463e-05,-1.74271e-05,-4.31928e-06,-0.403863,-0.535545,-0.0321837,-3.92495e-06,0.00463745,0.0376785,0,0,2
2010-12-29,-0.528111,-0.504276,-0.0238345,-2.19463e-05,-1.73397e-05,-4.60656e-06,-0.403863,-0.52263,-0.0183538,-3.86027e-06,0.00768178,0.0378005,0,0,2
2010-12-30,-0.532473,-0.508315,-0.0241573,-2.12572e-05,-1.73823e-05,-3.87494e-06,-0.445626,-0.583363,-0.0750474,-6.02317e-06,0.0100459,0.0377793,0,0,2
2011-01-05,-0.533415,-0.508405,-0.0250095,-2.1333e-05,-1.73507e-05,-3.9823e-06,-0.445626,-0.581764,-0.0733591,-6.68938e-06,0.00746464,0.0376029,0,0,2
2011-01-06,-0.531943,-0.508638,-0.0233047,-2.12912e-05,-1.73327e-05,-3.95847e-06,-0.445626,-0.602171,-0.0935325,-8.34421e-06,0.0131616,0.0374557,0,0,2
2011-01-07,-0.541047,-0.507796,-0.0332508,-2.15518e-05,-1.73298e-05,-4.22201e-06,-0.445626,-0.5847,-0.0769046,-1.02032e-05,0.0134746,0.037297,0,0,2
2011-01-11,-0.543992,-0.508482,-0.0355102,-2.16842e-05,-1.73923e-05,-4.29193e-06,-0.445626,-0.58439,-0.0759081,-1.00289e-05,0.0146781,0.0371278,0,0,2
2011-01-12,-0.557512,-0.515294,-0.042218,-2.2061e-05,-1.76027e-05,-4.45835e-06,-0.445626,-0.572677,-0.0573827,-8.40212e-06,0.016413,0.0367767,0,0,2
2011-01-13,-0.573304,-0.521752,-0.0515527,-2.27322e-05,-1.80526e-05,-4.67963e-06,-0.445626,-0.609049,-0.0872969,-1.20116e-05,0.0163399,0.0366847,0,0,2
2011-01-19,-0.576217,-0.528489,-0.0477283,-2.24309e-05,-1.81614e-05,-4.2695e-06,-0.445626,-0.607342,-0.0788527,-1.16078e-05,0.0163699,0.0367946,0,0,2
2011-01-20,-0.580948,-0.528022,-0.0529259,-2.26115e-05,-1.80859e-05,-4.52557e-06,-0.445626,-0.600645,-0.0726234,-1.14702e-05,0.0179227,0.0374047,0,0,2
2011-01-21,-0.581285,-0.531601,-0.0496841,-2.26033e-05,-1.81796e-05,-4.42371e-06,-0.445626,-0.616805,-0.085204,-1.39259e-05,0.0198812,0.0387792,0,0,2
2011-01-25,-0.579249,-0.530421,-0.0488282,-2.24165e-05,-1.81561e-05,-4.26041e-06,-0.445626,-0.609775,-0.0793539,-1.29403e-05,0.0222968,0.0389424,0,0,2
2011-01-26,-0.58156,-0.530593,-0.050967,-2.26295e-05,-1.81369e-05,-4.49252e-06,-0.445626,-0.604312,-0.0737183,-1.21469e-05,0.0240135,0.0386661,0,0,2
2011-01-27,-0.584664,-0.532956,-0.0517076,-2.28645e-05,-1.83248e-05,-4.53969e-06,-0.445626,-0.615343,-0.0823871,-1.23507e-05,0.0185598,0.03763,0,0,2
2011-01-28,-0.630104,-0.529634,-0.10047,-2.17763e-05,-1.82077e-05,-3.56867e-06,-0.537231,-0.718093,-0.188459,-1.23351e-05,0.0196453,0.0367653,0,0,1
2011-02-01,-0.628898,-0.527352,-0.101546,-2.18092e-05,-1.82065e-05,-3.60265e-06,-0.537231,-0.725936,-0.198583,-1.22367e-05,0.012758,0.0357296,0,0,1
2011-02-02,-0.625315,-0.519096,-0.106219,-2.16921e-05,-1.77226e-05,-3.96955e-06,-0.537231,-0.730403,-0.211307,-1.30441e-05,0.00959461,0.0353635,0,0,1
2011-02-03,-0.625967,-0.516807,-0.10916,-2.16381e-05,-1.75747e-05,-4.06337e-06,-0.537231,-0.734636,-0.217829,-1.35168e-05,0.00511268,0.0353799,0,0,1
2011-02-04,-0.616743,-0.514637,-0.102106,-2.08959e-05,-1.73137e-05,-3.5822e-06,-0.537231,-0.736528,-0.221891,-1.39421e-05,0.0016995,0.0355737,0,0,1
2011-02-08,-0.620596,-0.514491,-0.106105,-2.09809e-05,-1.72932e-05,-3.68766e-06,-0.537231,-0.739646,-0.225155,-1.4334e-05,0.00104327,0.0354401,0,0,1
2011-02-09,-0.619817,-0.513598,-0.106219,-2.06142e-05,-1.71461e-05,-3.46812e-06,-0.537231,-0.734945,-0.221347,-1.42016e-05,-0.001886,0.0352381,0,0,1
2011-02-10,-0.619868,-0.512809,-0.107058,-2.06506e-05,-1.71334e-05,-3.51727e-06,-0.537231,-0.729962,-0.217152,-1.40909e-05,-0.000533447,0.0356364,0,0,1
2011-02-11,-0.623964,-0.512172,-0.111793,-2.0742e-05,-1.70854e-05,-3.65657e-06,-0.537231,-0.734215,-0.222043,-1.42551e-05,-0.00592143,0.0360289,0,0,1
2011-02-15,-0.622868,-0.510248,-0.11262,-2.07273e-05,-1.70159e-05,-3.71136e-06,-0.537231,-0.734015,-0.223767,-1.42529e-05,-0.00442223,0.0359667,0,0,1
2011-02-16,-0.622657,-0.512431,-0.110226,-2.06313e-05,-1.71265e-05,-3.50475e-06,-0.537231,-0.740548,-0.228117,-1.42877e-05,-0.00916492,0.0354627,0,0,1
2011-02-17,-0.622681,-0.510107,-0.112574,-2.064e-05,-1.70555e-05,-3.58457e-06,-0.537231,-0.74129,-0.231183,-1.42211e-05,-0.0142719,0.0355646,0,0,1
2011-02-18,-0.624785,-0.513744,-0.111041,-2.08328e-05,-1.73537e-05,-3.47915e-06,-0.537231,-0.738908,-0.225163,-1.35303e-05,-0.0154563,0.0356413,0,0,1
2011-02-23,-0.620738,-0.515207,-0.105531,-2.04867e-05,-1.72744e-05,-3.2123e-06,-0.537231,-0.72786,-0.212653,-1.34174e-05,-0.0134243,0.0358259,0,0,1
2011-02-24,-0.619953,-0.514307,-0.105646,-2.04743e-05,-1.72144e-05,-3.25996e-06,-0.537231,-0.730044,-0.215737,-1.36874e-05,-0.0148836,0.0355787,0,0,1
2011-02-25,-0.827144,-0.514109,-0.313035,-4.47079e-05,-1.71946e-05,-2.75133e-05,-0.75864,-0.9038,-0.389691,-5.26277e-05,-0.013505,0.0356496,0,0,1
2011-03-01,-0.82839,-0.519002,-0.309389,-4.50746e-05,-1.74992e-05,-2.75754e-05,-0.75864,-0.905237,-0.386236,-5.32701e-05,-0.0145585,0.0355486,0,0,1
2011-03-02,-0.828345,-0.518266,-0.310078,-4.48578e-05,-1.73755e-05,-2.74824e-05,-0.75864,-0.911952,-0.393686,-5.35577e-05,-0.0180665,0.0344415,0,0,1
2011-03-03,-0.824326,-0.510391,-0.313935,-4.41248e-05,-1.69878e-05,-2.7137e-05,-0.75864,-0.91741,-0.40702,-5.53247e-05,-0.0235684,0.0338716,0,0,1
2011-03-04,-0.821288,-0.509209,-0.312079,-4.3478e-05,-1.68871e-05,-2.6591e-05,-0.75864,-0.917252,-0.408044,-5.65608e-05,-0.0253271,0.0340522,0,0,1
2011-03-08,-0.820439,-0.507188,-0.313251,-4.32869e-05,-1.67558e-05,-2.65311e-05,-0.75864,-0.920212,-0.413024,-5.96248e-05,-0.0270828,0.0357724,1,0,1
2011-03-09,-0.820625,-0.507573,-0.313052,-4.32865e-05,-1.67579e-05,-2.65287e-05,-0.75864,-0.923431,-0.415858,-5.98585e-05,-0.0246328,0.0380545,0,0,1
2011-03-10,-0.818905,-0.50499,-0.313915,-4.30802e-05,-1.6694e-05,-2.63862e-05,-0.75864,-0.922296,-0.417306,-5.81721e-05,-0.0235136,0.0378191,0,0,1
2011-03-11,-0.818999,-0.51189,-0.307109,-4.31748e-05,-1.7143e-05,-2.60318e-05,-0.75864,-0.921718,-0.409827,-5.87904e-05,-0.0259883,0.0402955,1,0,1
2011-03-15,-0.819789,-0.514182,-0.305607,-4.33501e-05,-1.72908e-05,-2.60593e-05,-0.75864,-0.913402,-0.399219,-4.67224e-05,-0.0195631,0.0382751,0,0,1
2011-03-16,-0.82702,-0.545154,-0.281865,-4.62491e-05,-2.0108e-05,-2.61411e-05,-0.75864,-0.914788,-0.369634,-4.42012e-05,-0.0191044,0.0380875,0,0,1
2011-03-17,-0.82572,-0.547548,-0.278172,-4.59795e-05,-2.00389e-05,-2.59407e-05,-0.75864,-0.907063,-0.359515,-4.0185e-05,-0.0219208,0.0387664,0,0,1
2011-03-18,-0.830878,-0.568955,-0.261923,-4.77095e-05,-2.18679e-05,-2.58415e-05,-0.75864,-0.906512,-0.337557,-3.83117e-05,-0.0213733,0.040873,0,0,1
2011-03-22,-0.831021,-0.573521,-0.257499,-4.79418e-05,-2.22393e-05,-2.57025e-05,-0.75864,-0.903241,-0.32972,-3.78142e-05,-0.0262073,0.0411001,1,0,1
2011-03-23,-0.836159,-0.573706,-0.262453,-4.80989e-05,-2.21994e-05,-2.58994e-05,-0.75864,-0.904942,-0.331236,-3.8023e-05,-0.0237171,0.0411221,0,0,1
2011-03-24,-0.835448,-0.572046,-0.263402,-4.79644e-05,-2.21079e-05,-2.58565e-05,-0.75864,-0.906438,-0.334391,-3.82716e-05,-0.023106,0.0408375,0,0,1
2011-03-25,-0.835351,-0.571869,-0.263482,-4.80154e-05,-2.21439e-05,-2.58715e-05,-0.75864,-0.906947,-0.335077,-3.83958e-05,-0.0232876,0.0410732,0,0,1
2011-03-29,-0.834505,-0.573448,-0.261057,-4.78845e-05,-2.22098e-05,-2.56747e-05,-0.75864,-0.912515,-0.339067,-3.96361e-05,-0.0198498,0.0405499,0,0,1
2011-03-30,-0.832232,-0.574824,-0.257408,-4.71232e-05,-2.2107e-05,-2.50162e-05,-0.75864,-0.913058,-0.338234,-4.01337e-05,-0.018448,0.0417421,0,0,1
2011-03-31,-0.835214,-0.574421,-0.260793,-4.71841e-05,-2.20403e-05,-2.51439e-05,-0.482306,-0.860017,-0.285596,-3.70903e-05,-0.016547,0.0417452,0,0,1
2011-04-01,-0.836869,-0.58682,-0.25005,-4.75367e-05,-2.29081e-05,-2.46286e-05,-0.482306,-0.860466,-0.273646,-3.64241e-05,-0.0188837,0.0420237,0,0,1
2011-04-05,-0.836906,-0.588239,-0.248667,-4.75243e-05,-2.29359e-05,-2.45884e-05,-0.482306,-0.859178,-0.270939,-3.61424e-05,-0.0213493,0.0420064,0,0,1
2011-04-06,-0.835684,-0.58533,-0.250354,-4.70518e-05,-2.25736e-05,-2.44782e-05,-0.482306,-0.860765,-0.275435,-3.73351e-05,-0.0182102,0.0422979,0,0,1
2011-04-07,-0.834221,-0.583299,-0.250922,-4.64962e-05,-2.23835e-05,-2.41127e-05,-0.482306,-0.860739,-0.27744,-3.7509e-05,-0.0134151,0.0423249,0,0,1
2011-04-08,-0.833819,-0.581855,-0.251965,-4.60415e-05,-2.22124e-05,-2.38291e-05,-0.482306,-0.866462,-0.284607,-3.99353e-05,-0.0132859,0.0429529,0,0,1
2011-04-12,-0.8349,-0.585515,-0.249385,-4.64398e-05,-2.25989e-05,-2.3841e-05,-0.482306,-0.86403,-0.278515,-3.74949e-05,-0.0117971,0.0428646,0,0,1
2011-04-13,-0.838059,-0.59198,-0.246079,-4.7173e-05,-2.32776e-05,-2.38954e-05,-0.482306,-0.86665,-0.27467,-3.68148e-05,-0.00714656,0.0430076,0,0,1
2011-04-14,-0.838432,-0.593109,-0.245323,-4.71918e-05,-2.3325e-05,-2.38668e-05,-0.482306,-0.867673,-0.274564,-3.6526e-05,-0.00351503,0.0431045,0,0,1
2011-04-15,-0.837832,-0.594095,-0.243737,-4.70695e-05,-2.32808e-05,-2.37887e-05,-0.482306,-0.871371,-0.277276,-3.7717e-05,-0.00293026,0.0430256,0,0,1
2011-04-19,-0.837264,-0.593763,-0.243501,-4.70638e-05,-2.32603e-05,-2.38035e-05,-0.482306,-0.872687,-0.278924,-3.72574e-05,-0.00165715,0.043066,0,0,1
2011-04-20,-0.835558,-0.593208,-0.24235,-4.7096e-05,-2.32901e-05,-2.38059e-05,-0.482306,-0.872438,-0.279229,-3.68743e-05,0.000947851,0.0430586,0,0,1
2011-04-21,-0.83524,-0.594231,-0.241009,-4.69501e-05,-2.33699e-05,-2.35803e-05,-0.482306,-0.875001,-0.28077,-3.71414e-05,0.00473558,0.0430069,0,0,1
2011-04-26,-0.835178,-0.59977,-0.235409,-4.69961e-05,-2.35431e-05,-2.34531e-05,-0.482306,-0.875132,-0.275363,-3.73836e-05,0.00752129,0.0428412,0,0,1
2011-04-27,-0.835081,-0.599835,-0.235246,-4.70108e-05,-2.35714e-05,-2.34394e-05,-0.482306,-0.878516,-0.278681,-3.91335e-05,0.00870164,0.0429185,0,0,1
2011-04-28,-0.835436,-0.599921,-0.235515,-4.70238e-05,-2.35708e-05,-2.3453e-05,-0.482306,-0.880367,-0.280446,-3.92591e-05,0.0143505,0.0431174,0,0,1
2011-04-29,-0.708917,-0.598974,-0.109943,-3.18731e-05,-2.35466e-05,-8.32652e-06,-0.248385,-0.82044,-0.221465,-2.10317e-05,0.0182811,0.0431592,0,0,1
2011-05-03,-0.710261,-0.602079,-0.108182,-3.20562e-05,-2.38043e-05,-8.25188e-06,-0.248385,-0.823819,-0.22174,-2.05058e-05,0.0150684,0.0428483,0,0,1
2011-05-04,-0.709126,-0.603383,-0.105743,-3.20893e-05,-2.40481e-05,-8.04124e-06,-0.248385,-0.816872,-0.213489,-1.85332e-05,0.0148391,0.0428423,0,0,1
2011-05-05,-0.712778,-0.609845,-0.102933,-3.26664e-05,-2.47183e-05,-7.9481e-06,-0.248385,-0.783795,-0.17395,-1.07353e-05,0.0119453,0.0430219,0,0,1
2011-05-06,-0.71596,-0.63288,-0.0830809,-3.32586e-05,-2.63064e-05,-6.95214e-06,-0.248385,-0.784154,-0.151274,-9.17484e-06,0.0136337,0.0432001,0,0,2
2011-05-10,-0.718724,-0.633233,-0.0854914,-3.34124e-05,-2.63484e-05,-7.06404e-06,-0.248385,-0.784063,-0.15083,-9.16888e-06,0.0137912,0.0435716,0,0,1
2011-05-11,-0.718663,-0.633117,-0.0855453,-3.34323e-05,-2.63923e-05,-7.03995e-06,-0.248385,-0.742956,-0.109839,-1.85026e-06,0.0152911,0.043351,0,0,1
2011-05-12,-0.726056,-0.644474,-0.0815826,-3.46041e-05,-2.77456e-05,-6.85845e-06,-0.248385,-0.746987,-0.102514,-6.46399e-07,0.0155735,0.0436326,0,0,2
2011-05-17,-0.724797,-0.643899,-0.0808979,-3.44842e-05,-2.77051e-05,-6.77913e-06,-0.248385,-0.759332,-0.115433,-2.00279e-06,0.0120959,0.0433861,0,0,2
2011-05-18,-0.725608,-0.643612,-0.0819961,-3.44637e-05,-2.76997e-05,-6.76404e-06,-0.248385,-0.745179,-0.101567,1.47295e-06,0.0072991,0.0424221,0,0,2
2011-05-19,-0.72613,-0.643881,-0.082249,-3.47974e-05,-2.81817e-05,-6.61569e-06,-0.248385,-0.748543,-0.104662,1.99712e-06,0.0108151,0.0421382,0,0,2
2011-05-20,-0.726348,-0.643786,-0.0825622,-3.48185e-05,-2.82099e-05,-6.60855e-06,-0.248385,-0.75691,-0.113124,1.15686e-06,0.0136515,0.0420141,0,0,2
2011-05-24,-0.727029,-0.645355,-0.0816747,-3.47713e-05,-2.82253e-05,-6.546e-06,-0.248385,-0.757555,-0.1122,1.15204e-06,0.00540145,0.042162,0,0,2
2011-05-25,-0.725177,-0.643471,-0.0817056,-3.44881e-05,-2.80512e-05,-6.43694e-06,-0.248385,-0.755298,-0.111827,1.55391e-06,0.010105,0.0420474,0,0,2
2011-05-26,-0.722542,-0.643514,-0.0790282,-3.40695e-05,-2.80868e-05,-5.98268e-06,-0.248385,-0.748293,-0.104779,1.57648e-06,0.00967954,0.0424624,0,0,2
2011-05-27,-0.389492,-0.639197,0.249706,-1.14397e-05,-2.75522e-05,1.61126e-05,-0.583644,-0.674541,-0.0353433,6.47152e-06,0.0181197,0.0424883,0,0,3
2011-06-01,-0.389425,-0.635688,0.246263,-1.13382e-05,-2.71427e-05,1.58045e-05,-0.583644,-0.707487,-0.0717993,2.78765e-06,0.0132399,0.0436342,0,0,3
2011-06-02,-0.389476,-0.63458,0.245104,-1.13531e-05,-2.70959e-05,1.57428e-05,-0.583644,-0.730159,-0.0955791,6.25298e-08,0.0111326,0.0450194,0,0,3
2011-06-03,-0.388839,-0.634812,0.245973,-1.13456e-05,-2.70977e-05,1.57521e-05,-0.583644,-0.711265,-0.0764528,7.03017e-07,0.0137438,0.0460565,0,0,3
2011-06-07,-0.383587,-0.634142,0.250555,-1.10964e-05,-2.70425e-05,1.59461e-05,-0.583644,-0.70459,-0.070448,3.83171e-07,0.00647126,0.0484846,0,0,3
2011-06-08,-0.381873,-0.634185,0.252312,-1.10157e-05,-2.70385e-05,1.60229e-05,-0.583644,-0.71474,-0.0805555,-5.04679e-07,0.00101596,0.0485641,0,0,3
2011-06-09,-0.384622,-0.632828,0.248206,-1.10742e-05,-2.69882e-05,1.5914e-05,-0.583644,-0.724557,-0.0917292,-1.1412e-06,-0.00020211,0.0487668,0,0,3
2011-06-10,-0.386002,-0.630086,0.244084,-1.11161e-05,-2.68692e-05,1.5753e-05,-0.583644,-0.727717,-0.0976311,-1.82173e-06,-0.000661265,0.0501053,0,0,3
2011-06-14,-0.390183,-0.631832,0.241649,-1.13141e-05,-2.70625e-05,1.57485e-05,-0.583644,-0.727626,-0.0957936,-1.70044e-06,0.0037938,0.050243,0,0,3
2011-06-15,-0.385653,-0.632311,0.246658,-1.11453e-05,-2.6992e-05,1.58467e-05,-0.583644,-0.722945,-0.0906338,-1.12533e-06,0.00697013,0.050318,0,0,3
2011-06-16,-0.389212,-0.634673,0.245461,-1.13284e-05,-2.72273e-05,1.58988e-05,-0.583644,-0.72335,-0.0886775,-1.26319e-06,0.0114444,0.0503171,0,0,3
2011-06-17,-0.386871,-0.634498,0.247627,-1.1217e-05,-2.72123e-05,1.59952e-05,-0.583644,-0.719929,-0.085431,-1.21829e-06,0.00913026,0.0508723,0,0,3
2011-06-21,-0.384839,-0.634325,0.249486,-1.1135e-05,-2.71106e-05,1.59756e-05,-0.583644,-0.722055,-0.0877295,-1.53984e-06,0.00723923,0.0524556,0,0,3
2011-06-22,-0.382215,-0.638108,0.255893,-1.10084e-05,-2.7228e-05,1.62196e-05,-0.583644,-0.722682,-0.0845738,-1.59027e-06,0.00900139,0.0527118,0,0,3
2011-06-23,-0.382262,-0.641499,0.259237,-1.10094e-05,-2.73171e-05,1.63077e-05,-0.583644,-0.707734,-0.0662347,-8.13322e-07,0.00692142,0.0527067,0,0,3
2011-06-24,-0.38394,-0.645232,0.261293,-1.10872e-05,-2.75108e-05,1.64236e-05,-0.583644,-0.723107,-0.0778747,-2.86577e-06,0.00527419,0.052759,0,0,3
2011-06-28,-0.382838,-0.645492,0.262654,-1.10356e-05,-2.7517e-05,1.64814e-05,-0.583644,-0.72974,-0.0842483,-4.84019e-06,0.00839212,0.0536859,0,0,3
2011-06-29,-0.388564,-0.64668,0.258116,-1.12069e-05,-2.76193e-05,1.64125e-05,-0.583644,-0.725123,-0.0784431,-3.9834e-06,0.00440954,0.0536519,0,0,3
2011-06-30,0.0226062,-0.648218,0.670825,6.66312e-07,-2.77799e-05,2.84462e-05,0.0435725,-0.446089,0.202129,1.02216e-05,0.0074362,0.0521852,0,0,4
2011-07-01,0.0270129,-0.644197,0.67121,8.04117e-07,-2.76804e-05,2.84845e-05,0.0435725,-0.489199,0.154998,8.42712e-06,-0.00149637,0.0514348,0,0,4
2011-07-06,0.0287072,-0.637975,0.666682,8.61949e-07,-2.76134e-05,2.84753e-05,0.0435725,-0.462266,0.175709,9.06515e-06,-0.00100359,0.0523078,0,0,4
2011-07-07,0.032942,-0.64355,0.676492,9.84608e-07,-2.77545e-05,2.87391e-05,0.0435725,-0.498709,0.144842,7.678e-06,-0.0043723,0.0560031,0,0,4
2011-07-08,0.038114,-0.638167,0.676281,1.14353e-06,-2.76098e-05,2.87533e-05,0.0435725,-0.506084,0.132082,7.07484e-06,-0.000707551,0.0557336,0,0,4
2011-07-12,0.0334871,-0.637573,0.67106,9.97396e-07,-2.76095e-05,2.86069e-05,0.0435725,-0.490075,0.147498,7.48043e-06,0.000770836,0.056211,0,0,4
2011-07-13,0.0369739,-0.637694,0.674668,1.09723e-06,-2.762e-05,2.87173e-05,0.0435725,-0.490216,0.147479,7.68235e-06,-0.00283053,0.0557537,0,0,4
2011-07-14,0.0325037,-0.63625,0.668753,9.61785e-07,-2.76429e-05,2.86047e-05,0.0435725,-0.513732,0.122517,7.05157e-06,0.00562004,0.054083,0,0,4
2011-07-15,0.0400579,-0.631423,0.671481,1.19093e-06,-2.74978e-05,2.86887e-05,0.0435725,-0.51503,0.116394,6.79375e-06,0.00485759,0.0561604,0,0,4
2011-07-19,0.0404434,-0.63321,0.673654,1.19526e-06,-2.75472e-05,2.87424e-05,0.0435725,-0.520377,0.112833,6.59456e-06,0.00157976,0.05686,0,0,4
2011-07-20,0.041114,-0.632837,0.673951,1.21438e-06,-2.75407e-05,2.87551e-05,0.0435725,-0.523938,0.108898,6.07355e-06,0.00328672,0.0570899,0,0,4
2011-07-21,0.04201,-0.633693,0.675703,1.24029e-06,-2.75635e-05,2.88038e-05,0.0435725,-0.515912,0.11778,6.35697e-06,-0.000906225,0.0571538,0,0,4
2011-07-22,0.0397977,-0.633061,0.672859,1.17609e-06,-2.75844e-05,2.87605e-05,0.0435725,-0.515863,0.117198,6.38107e-06,-0.00299073,0.0578268,0,0,4
2011-07-26,0.0407429,-0.632971,0.673714,1.20072e-06,-2.75052e-05,2.87059e-05,0.0435725,-0.545064,0.0879078,3.90643e-06,-0.00596417,0.0585633,0,0,4
2011-07-27,0.0421641,-0.628718,0.670882,1.24613e-06,-2.73921e-05,2.86382e-05,0.0435725,-0.528623,0.100095,4.19019e-06,-0.0021915,0.0585921,0,0,4
2011-07-28,0.0410778,-0.629546,0.670624,1.21527e-06,-2.74305e-05,2.86457e-05,0.0435725,-0.533739,0.0958074,3.84428e-06,0.00126887,0.0583152,0,0,4
2011-07-29,-0.78798,-0.630337,-0.157643,-4.10833e-05,-2.74187e-05,-1.36647e-05,-0.641051,-0.892435,-0.262099,-5.75248e-05,0.00471774,0.0589419,0,0,1
2011-08-02,-0.788093,-0.630214,-0.157878,-4.10929e-05,-2.74071e-05,-1.36858e-05,-0.641051,-0.893854,-0.263639,-5.71463e-05,0.00891979,0.0590066,0,0,1
2011-08-03,-0.787255,-0.632966,-0.15429,-4.11123e-05,-2.75437e-05,-1.35686e-05,-0.641051,-0.89769,-0.264724,-6.01509e-05,0.00808456,0.0591411,0,0,1
2011-08-04,-0.787034,-0.633035,-0.153999,-4.10963e-05,-2.7546e-05,-1.35503e-05,-0.641051,-0.896846,-0.263811,-5.72106e-05,0.00482694,0.0586361,0,0,1
2011-08-05,-0.788003,-0.636854,-0.151149,-4.19331e-05,-2.8337e-05,-1.35961e-05,-0.641051,-0.898746,-0.261893,-5.63608e-05,0.00706831,0.0584657,0,0,1
2011-08-09,-0.788057,-0.635894,-0.152163,-4.17173e-05,-2.81841e-05,-1.35332e-05,-0.641051,-0.901549,-0.265655,-5.66843e-05,0.00763945,0.0581447,0,0,1
2011-08-10,-0.787374,-0.636981,-0.150392,-4.16014e-05,-2.81564e-05,-1.3445e-05,-0.641051,-0.902652,-0.265671,-5.65229e-05,0.0110978,0.0591732,0,0,1
2011-08-11,-0.786995,-0.636548,-0.150448,-4.15675e-05,-2.81524e-05,-1.34151e-05,-0.641051,-0.902621,-0.266074,-5.58737e-05,0.0090688,0.0592836,0,0,1
2011-08-12,-0.791241,-0.641888,-0.149353,-4.19302e-05,-2.85145e-05,-1.34156e-05,-0.641051,-0.905499,-0.263611,-5.56742e-05,0.00813746,0.0600786,0,0,1
2011-08-16,-0.788134,-0.639155,-0.148979,-4.14428e-05,-2.83513e-05,-1.30915e-05,-0.641051,-0.904691,-0.265536,-5.58406e-05,0.00231744,0.0618614,0,0,1
2011-08-17,-0.789207,-0.641296,-0.147911,-4.14747e-05,-2.84332e-05,-1.30415e-05,-0.641051,-0.912187,-0.270891,-6.32925e-05,0.00683387,0.0713451,0,0,1
2011-08-18,-0.791324,-0.644568,-0.146756,-4.16391e-05,-2.86314e-05,-1.30077e-05,-0.641051,-0.910452,-0.265883,-6.29061e-05,0.0119106,0.071421,0,0,1
2011-08-19,-0.792708,-0.645282,-0.147425,-4.1802e-05,-2.87096e-05,-1.30924e-05,-0.641051,-0.912186,-0.266904,-6.4425e-05,0.0180687,0.0751168,0,0,1
2011-08-23,-0.791934,-0.642311,-0.149623,-4.13724e-05,-2.83325e-05,-1.30399e-05,-0.641051,-0.915228,-0.272917,-6.50393e-05,0.0247183,0.0753717,0,0,1
2011-08-24,-0.790101,-0.640769,-0.149332,-4.12773e-05,-2.82638e-05,-1.30134e-05,-0.641051,-0.913091,-0.272322,-6.26756e-05,0.0219288,0.0754702,0,0,1
2011-08-26,-0.793708,-0.65151,-0.142197,-4.19902e-05,-2.91574e-05,-1.28328e-05,-0.641051,-0.910114,-0.258603,-6.0036e-05,0.0154629,0.0754721,0,0,1
2011-08-30,-0.794941,-0.655232,-0.139709,-4.23052e-05,-2.94933e-05,-1.28119e-05,-0.641051,-0.911492,-0.25626,-5.98726e-05,0.020406,0.0754376,0,0,1
2011-08-31,-0.295757,-0.656162,0.360405,-8.7716e-06,-2.96244e-05,2.08528e-05,-0.140715,-0.473646,0.182516,1.23985e-05,0.0190289,0.0756308,0,0,4
2011-09-01,-0.294011,-0.658349,0.364338,-8.7281e-06,-2.96806e-05,2.09524e-05,-0.140715,-0.47512,0.183228,1.23737e-05,0.0175107,0.0762862,0,0,4
2011-09-02,-0.295567,-0.658687,0.36312,-8.79614e-06,-2.97902e-05,2.0994e-05,-0.140715,-0.475341,0.183346,1.33777e-05,0.0184237,0.0761099,0,0,4
2011-09-07,-0.290801,-0.65992,0.369119,-8.6354e-06,-2.98385e-05,2.12031e-05,-0.140715,-0.47044,0.18948,1.33807e-05,0.0112268,0.0802037,0,0,4
2011-09-08,-0.293133,-0.661288,0.368155,-8.72053e-06,-2.99314e-05,2.12108e-05,-0.140715,-0.481731,0.179556,1.32428e-05,0.0110353,0.0800498,0,0,4
2011-09-09,-0.29381,-0.660035,0.366226,-8.70821e-06,-2.98036e-05,2.10954e-05,-0.140715,-0.499669,0.160367,1.14799e-05,0.00900691,0.0819509,0,0,4
2011-09-13,-0.293641,-0.6614,0.367758,-8.70445e-06,-2.97744e-05,2.10699e-05,-0.140715,-0.479692,0.181707,1.19655e-05,0.0124423,0.0820957,0,0,4
2011-09-14,-0.293202,-0.661662,0.36846,-8.69437e-06,-2.97809e-05,2.10865e-05,-0.140715,-0.482718,0.178944,1.17557e-05,0.00659728,0.0842857,0,0,4
2011-09-15,-0.293802,-0.660946,0.367145,-8.6884e-06,-2.97012e-05,2.10128e-05,-0.140715,-0.474713,0.186234,1.2401e-05,0.00644184,0.0851038,0,0,4
2011-09-16,-0.302697,-0.662818,0.360121,-9.01821e-06,-2.99196e-05,2.09014e-05,-0.140715,-0.476199,0.186619,1.26101e-05,0.00922052,0.0848315,0,0,4
2011-09-20,-0.307574,-0.662355,0.354781,-9.09292e-06,-2.98457e-05,2.07528e-05,-0.140715,-0.470836,0.19152,1.25392e-05,0.00299553,0.0850143,0,0,4
2011-09-21,-0.306332,-0.665791,0.359459,-9.03762e-06,-2.99502e-05,2.09126e-05,-0.140715,-0.485992,0.179799,1.19162e-05,0.00108061,0.085807,0,0,4
2011-09-22,-0.309892,-0.664689,0.354797,-9.13198e-06,-2.98997e-05,2.07677e-05,-0.140715,-0.384094,0.280595,1.71339e-05,0.0107815,0.0870872,0,0,4
2011-09-27,-0.340079,-0.673232,0.333153,-1.0446e-05,-3.10278e-05,2.05818e-05,-0.140715,-0.378746,0.294486,1.87509e-05,0.0146311,0.0863245,0,0,3
2011-09-28,-0.332513,-0.668713,0.3362,-1.0189e-05,-3.07773e-05,2.05883e-05,-0.140715,-0.361425,0.307288,1.95404e-05,0.00504581,0.0857513,0,0,3
2011-09-29,-0.338195,-0.665964,0.327769,-1.05343e-05,-3.10564e-05,2.05221e-05,-0.140715,-0.363833,0.302131,1.97273e-05,0.000447837,0.085318,0,0,3
2011-09-30,-0.158695,-0.662022,0.503327,-4.92341e-06,-3.09519e-05,2.60285e-05,-0.297763,-0.0347848,0.627237,2.99601e-05,-0.00804474,0.0841721,0,0,4
2011-10-04,-0.157918,-0.655496,0.497577,-4.96488e-06,-3.10655e-05,2.61006e-05,-0.297763,-0.0178134,0.637682,3.05647e-05,-0.00238084,0.0841543,0,0,4
2011-10-05,-0.160369,-0.655268,0.494899,-5.05865e-06,-3.10985e-05,2.60398e-05,-0.297763,-0.0182757,0.636992,3.05878e-05,0.00652665,0.0841613,0,0,4
2011-10-06,-0.160335,-0.653348,0.493013,-5.05563e-06,-3.09769e-05,2.59212e-05,-0.297763,-0.0362415,0.617107,2.99782e-05,0.00963273,0.0833005,0,0,4
2011-10-07,-0.156597,-0.649403,0.492806,-4.95483e-06,-3.08756e-05,2.59208e-05,-0.297763,-0.0176384,0.631765,3.03999e-05,0.00428825,0.0831648,0,0,4
2011-10-11,-0.161533,-0.649358,0.487825,-5.13521e-06,-3.10222e-05,2.58869e-05,-0.297763,0.0324879,0.681846,3.18665e-05,0.0121802,0.0833134,0,0,4
2011-10-12,-0.168659,-0.650366,0.481708,-5.40733e-06,-3.12887e-05,2.58814e-05,-0.297763,0.0629326,0.713299,3.29671e-05,0.0184895,0.0845853,0,0,4
2011-10-13,-0.168966,-0.650639,0.481673,-5.41734e-06,-3.1298e-05,2.58807e-05,-0.297763,0.0696717,0.72031,3.31864e-05,0.0133192,0.0843919,0,0,4
2011-10-14,-0.166142,-0.647658,0.481516,-5.34351e-06,-3.11957e-05,2.58522e-05,-0.297763,0.0482188,0.695877,3.24737e-05,0.0199467,0.0832397,0,0,4
2011-10-18,-0.158202,-0.641427,0.483225,-5.104e-06,-3.0878e-05,2.5774e-05,-0.297763,0.0568546,0.698282,3.23989e-05,0.0212593,0.0836082,0,0,4
2011-10-19,-0.159318,-0.63985,0.480532,-5.13814e-06,-3.08369e-05,2.56987e-05,-0.297763,0.0554224,0.695273,3.23244e-05,0.0187861,0.0839362,0,0,4
2011-10-20,-0.171451,-0.637748,0.466297,-5.46544e-06,-3.04631e-05,2.49977e-05,-0.297763,0.0686293,0.706377,3.23069e-05,0.01522,0.0839499,0,0,4
2011-10-21,-0.168461,-0.639278,0.470817,-5.34979e-06,-3.0395e-05,2.50452e-05,-0.297763,0.0781853,0.717463,3.24775e-05,0.0200307,0.0832857,0,0,4
2011-10-25,-0.170986,-0.639455,0.468469,-5.4327e-06,-3.03066e-05,2.48739e-05,-0.297763,0.0792656,0.718721,3.24168e-05,0.0230339,0.0834235,0,0,4
2011-10-26,-0.173505,-0.640087,0.466582,-5.49779e-06,-3.02696e-05,2.47718e-05,-0.297763,0.0774747,0.717561,3.2364e-05,0.0215219,0.0842779,0,0,4
2011-10-27,-0.17102,-0.647106,0.476086,-5.40197e-06,-3.0486e-05,2.5084e-05,-0.297763,0.0758073,0.722913,3.25421e-05,0.0330195,0.08356,1,0,4
2011-10-28,0.467294,-0.645653,1.11295,1.6847e-05,-3.04922e-05,4.73392e-05,0.310323,0.51186,1.15751,4.50849e-05,0.0410952,0.0829417,1,0,4
2011-11-01,0.466863,-0.642656,1.10952,1.68596e-05,-3.04257e-05,4.72853e-05,0.310323,0.475437,1.11809,4.30572e-05,0.0352758,0.0799878,1,0,4
2011-11-02,0.475292,-0.623549,1.09884,1.74364e-05,-2.98635e-05,4.72999e-05,0.310323,0.470104,1.09365,4.23685e-05,0.0298348,0.0810621,1,0,4
2011-11-03,0.478371,-0.625803,1.10417,1.74588e-05,-2.9928e-05,4.73868e-05,0.310323,0.467685,1.09349,4.24251e-05,0.0519268,0.0807424,1,0,4
2011-11-04,0.472982,-0.631271,1.10425,1.70877e-05,-3.00155e-05,4.71032e-05,0.310323,0.47413,1.1054,4.28907e-05,0.0504291,0.0808764,1,0,4
2011-11-08,0.472721,-0.632086,1.10481,1.7076e-05,-3.00323e-05,4.71083e-05,0.310323,0.484036,1.11612,4.33276e-05,0.040144,0.0813272,1,0,4
2011-11-09,0.471586,-0.632436,1.10402,1.70421e-05,-3.00716e-05,4.71137e-05,0.310323,0.465536,1.09797,4.24346e-05,0.0268692,0.0802646,1,0,4
2011-11-10,0.476102,-0.622584,1.09869,1.73395e-05,-2.97834e-05,4.7123e-05,0.310323,0.462357,1.08494,4.19122e-05,0.0198235,0.0805139,0,0,4
2011-11-11,0.475624,-0.622093,1.09772,1.73927e-05,-2.98116e-05,4.72043e-05,0.310323,0.467107,1.0892,4.19619e-05,0.022563,0.0805549,0,0,4
2011-11-15,0.47358,-0.621609,1.09519,1.73554e-05,-2.982e-05,4.71754e-05,0.310323,0.478918,1.10053,4.22571e-05,0.0276332,0.0806182,1,0,4
2011-11-16,0.471956,-0.621343,1.0933,1.73208e-05,-2.9835e-05,4.71558e-05,0.310323,0.483488,1.10483,4.213e-05,0.0274414,0.0823388,1,0,4
2011-11-17,0.46771,-0.625454,1.09316,1.71089e-05,-2.99755e-05,4.70844e-05,0.310323,0.481062,1.10652,4.17954e-05,0.0158133,0.0817601,0,0,4
2011-11-18,0.465873,-0.623807,1.08968,1.70536e-05,-2.9973e-05,4.70266e-05,0.310323,0.514096,1.1379,4.30101e-05,0.0183451,0.0828564,0,0,4
2011-11-22,0.457886,-0.628766,1.08665,1.66448e-05,-3.01676e-05,4.68124e-05,0.310323,0.532335,1.1611,4.38991e-05,0.0313512,0.0842824,1,0,4
2011-11-23,0.455528,-0.62904,1.08457,1.65498e-05,-3.0196e-05,4.67457e-05,0.310323,0.527292,1.15633,4.3633e-05,0.0262508,0.084077,1,0,4
2011-11-29,0.453273,-0.629908,1.08318,1.6393e-05,-3.0196e-05,4.6589e-05,0.310323,0.520339,1.15025,4.37279e-05,0.0210288,0.0847224,0,0,4
2011-11-30,0.762211,-0.632374,1.39458,4.97217e-05,-3.0284e-05,8.00057e-05,-0.119529,0.567348,1.19972,5.13109e-05,0.027424,0.0868815,1,0,4
2011-12-01,0.76233,-0.635426,1.39776,4.95479e-05,-3.03773e-05,7.99252e-05,-0.119529,0.595941,1.23137,5.42044e-05,0.0377993,0.0922281,1,0,4
2011-12-02,0.761553,-0.640229,1.40178,4.93374e-05,-3.04569e-05,7.97943e-05,-0.119529,0.595332,1.23556,5.42394e-05,0.0423217,0.0921759,1,0,4
2011-12-06,0.76132,-0.639652,1.40097,4.92896e-05,-3.04438e-05,7.97334e-05,-0.119529,0.612371,1.25202,5.63307e-05,0.0452175,0.0928878,1,0,4
2011-12-07,0.760818,-0.641838,1.40266,4.91432e-05,-3.04972e-05,7.96404e-05,-0.119529,0.611829,1.25367,5.58986e-05,0.0368223,0.0921234,1,0,4
2011-12-08,0.760561,-0.63626,1.39682,4.93004e-05,-3.03591e-05,7.96595e-05,-0.119529,0.642378,1.27864,5.71069e-05,0.0276228,0.0920266,1,0,4
2011-12-09,0.755222,-0.636703,1.39193,4.91014e-05,-3.05458e-05,7.96472e-05,-0.119529,0.640309,1.27701,5.70504e-05,0.0147548,0.0914484,0,0,4
2011-12-13,0.758055,-0.632269,1.39032,4.93326e-05,-3.04162e-05,7.97488e-05,-0.119529,0.639553,1.27182,5.71007e-05,0.0206868,0.0912089,0,0,4
2011-12-14,0.758445,-0.626095,1.38454,4.94847e-05,-3.02307e-05,7.97154e-05,-0.119529,0.582336,1.20843,5.18353e-05,0.00153686,0.0837265,0,0,4
2011-12-16,0.763802,-0.581987,1.34579,5.08455e-05,-2.88982e-05,7.97437e-05,-0.119529,0.591195,1.17318,5.07065e-05,0.00248147,0.083856,0,0,4
2011-12-20,0.761332,-0.583808,1.34514,5.04882e-05,-2.89096e-05,7.93977e-05,-0.119529,0.559533,1.14334,4.84107e-05,0.0121222,0.0808522,0,0,4
2011-12-21,0.762228,-0.570406,1.33263,5.08193e-05,-2.84953e-05,7.93147e-05,-0.119529,0.546526,1.11693,4.73844e-05,0.0153802,0.0802063,0,0,4
2011-12-22,0.763786,-0.567658,1.33144,5.09206e-05,-2.84058e-05,7.93265e-05,-0.119529,0.562821,1.13048,4.79842e-05,0.0134829,0.0815218,0,0,4
2011-12-23,0.761464,-0.568993,1.33046,5.07477e-05,-2.84636e-05,7.92113e-05,-0.119529,0.553346,1.12234,4.82368e-05,0.012559,0.0822062,0,0,4
2011-12-28,0.76157,-0.569006,1.33058,5.06071e-05,-2.84633e-05,7.90705e-05,-0.119529,0.549493,1.1185,4.81082e-05,0.0112327,0.0820674,0,0,4
2011-12-29,0.761877,-0.568096,1.32997,5.05986e-05,-2.84407e-05,7.90393e-05,-0.119529,0.567074,1.13517,4.87112e-05,0.0119335,0.0816832,0,0,4
2011-12-30,0.787342,-0.56962,1.35696,5.42241e-05,-2.8564e-05,8.27881e-05,0.295392,0.820465,1.39008,6.10397e-05,0.0244786,0.0813544,0,0,4
2012-01-04,0.786365,-0.567151,1.35352,5.42938e-05,-2.8488e-05,8.27818e-05,0.295392,0.829476,1.39663,6.3118e-05,0.0212123,0.0819518,0,0,4
2012-01-05,0.786823,-0.56656,1.35338,5.43246e-05,-2.8416e-05,8.27406e-05,0.295392,0.818386,1.38495,6.05647e-05,0.00933207,0.0775445,0,0,4
2012-01-06,0.788326,-0.545524,1.33385,5.49712e-05,-2.77663e-05,8.27374e-05,0.295392,0.819335,1.36486,6.01557e-05,0.00576951,0.0781055,0,0,4
2012-01-10,0.787685,-0.547502,1.33519,5.47235e-05,-2.78254e-05,8.25489e-05,0.295392,0.813705,1.36121,5.90955e-05,0.0106962,0.0766172,0,0,4
2012-01-11,0.789116,-0.539549,1.32867,5.49974e-05,-2.75646e-05,8.25621e-05,0.295392,0.81246,1.35201,5.87227e-05,0.00817003,0.0762072,0,0,4
2012-01-12,0.790163,-0.537483,1.32765,5.50943e-05,-2.74984e-05,8.25927e-05,0.295392,0.798821,1.3363,5.71457e-05,0.000299141,0.0739233,0,0,4
2012-01-13,0.791266,-0.52427,1.31554,5.54162e-05,-2.69865e-05,8.24027e-05,0.295392,0.80379,1.32806,5.66721e-05,-0.00864195,0.072647,0,0,4
2012-01-18,0.789944,-0.519312,1.30926,5.5578e-05,-2.68516e-05,8.24296e-05,0.295392,0.806435,1.32575,5.72801e-05,-0.0156471,0.0725946,0,0,4
2012-01-19,0.790491,-0.520856,1.31135,5.56027e-05,-2.68994e-05,8.25021e-05,0.295392,0.819577,1.34043,5.84074e-05,-0.0121005,0.0725342,0,0,4
2012-01-24,0.789902,-0.522775,1.31268,5.55837e-05,-2.69953e-05,8.25789e-05,0.295392,0.818832,1.34161,5.82131e-05,-0.00796051,0.0715931,0,0,4
2012-01-25,0.790337,-0.518252,1.30859,5.56784e-05,-2.68444e-05,8.25228e-05,0.295392,0.826009,1.34426,5.81809e-05,0.00199827,0.0732587,0,0,4
2012-01-26,0.790338,-0.519187,1.30953,5.58594e-05,-2.68986e-05,8.2758e-05,0.295392,0.831234,1.35042,5.95984e-05,0.0104159,0.0732928,0,0,4
2012-01-27,0.789795,-0.519525,1.30932,5.58272e-05,-2.69045e-05,8.27317e-05,0.295392,0.831317,1.35084,6.09264e-05,0.0145441,0.0743156,0,0,4
2012-01-31,0.951006,-0.515118,1.46612,7.02959e-05,-2.64391e-05,9.6735e-05,0.652773,0.926056,1.44117,6.31941e-05,0.0131357,0.0743672,0,0,4
2012-02-01,0.950617,-0.515607,1.46622,7.02754e-05,-2.64556e-05,9.67311e-05,0.652773,0.927623,1.44323,6.32249e-05,0.0107604,0.0743247,0,0,4
2012-02-02,0.950578,-0.517488,1.46807,7.02073e-05,-2.64205e-05,9.66278e-05,0.652773,0.924721,1.44221,6.46928e-05,0.00907151,0.0744352,0,0,4
2012-02-03,0.948645,-0.501887,1.45053,6.71984e-05,-2.48324e-05,9.20308e-05,0.652773,0.918149,1.42004,6.2747e-05,0.0190106,0.074588,0,0,4
2012-02-07,0.948188,-0.499969,1.44816,6.71426e-05,-2.47588e-05,9.19014e-05,0.652773,0.9059,1.40587,6.37288e-05,0.0169447,0.0747042,0,0,4
2012-02-08,0.947936,-0.500153,1.44809,6.71043e-05,-2.47279e-05,9.18321e-05,0.652773,0.905842,1.40599,6.37215e-05,0.0127909,0.0746869,0,0,4
2012-02-09,0.949251,-0.499884,1.44914,6.71076e-05,-2.47165e-05,9.18241e-05,0.652773,0.913022,1.41291,6.63581e-05,0.0175897,0.0763682,0,0,4
2012-02-10,0.949031,-0.49697,1.446,6.71056e-05,-2.46194e-05,9.1725e-05,0.652773,0.910758,1.40773,6.7257e-05,0.00600485,0.0757795,0,0,4
2012-02-14,0.948796,-0.485791,1.43459,6.69252e-05,-2.40088e-05,9.09341e-05,0.652773,0.912197,1.39799,6.70391e-05,0.0150497,0.0759112,0,0,4
2012-02-15,0.948038,-0.48302,1.43106,6.60485e-05,-2.37653e-05,8.98138e-05,0.652773,0.912236,1.39526,6.68148e-05,0.0064697,0.0758365,0,0,4
2012-02-16,0.947965,-0.482731,1.4307,6.59586e-05,-2.36505e-05,8.96091e-05,0.652773,0.910454,1.39319,6.62953e-05,0.00804391,0.0755284,0,0,4
2012-02-17,0.948026,-0.481218,1.42924,6.5954e-05,-2.36022e-05,8.95563e-05,0.652773,0.910418,1.39164,6.62158e-05,0.0180606,0.0760048,0,0,4
2012-02-22,0.947898,-0.480401,1.4283,6.57668e-05,-2.35572e-05,8.9324e-05,0.652773,0.911956,1.39236,6.65057e-05,0.0270878,0.0761116,1,0,4
2012-02-23,0.947912,-0.479583,1.42749,6.55744e-05,-2.34536e-05,8.9028e-05,0.652773,0.914695,1.39428,6.87844e-05,0.00985029,0.0762602,0,0,4
2012-02-24,0.947932,-0.480231,1.42816,6.55998e-05,-2.34549e-05,8.90547e-05,0.652773,0.915735,1.39597,6.93188e-05,0.013417,0.0772326,0,0,4
2012-02-28,0.947905,-0.479301,1.42721,6.55475e-05,-2.3399e-05,8.89464e-05,0.652773,0.918597,1.3979,7.13534e-05,0.0253958,0.0775593,0,0,4
2012-02-29,0.845971,-0.475413,1.32138,4.95479e-05,-2.32455e-05,7.27934e-05,0.149905,0.745852,1.22127,5.79859e-05,0.0242415,0.0783718,0,0,4
2012-03-01,0.84613,-0.474793,1.32092,4.95807e-05,-2.31967e-05,7.27774e-05,0.149905,0.746649,1.22144,5.79007e-05,0.0281188,0.0789729,1,0,4
2012-03-02,0.844373,-0.461313,1.30569,4.87278e-05,-2.19813e-05,7.07092e-05,0.149905,0.736838,1.19815,5.6358e-05,0.0230996,0.0813971,0,0,4
2012-03-06,0.844109,-0.459407,1.30352,4.86672e-05,-2.18801e-05,7.05472e-05,0.149905,0.74956,1.20897,5.61821e-05,0.00955322,0.0802502,0,0,4
2012-03-07,0.838972,-0.453383,1.29236,4.83382e-05,-2.16978e-05,7.0036e-05,0.149905,0.792585,1.24597,6.58481e-05,0.00793044,0.0877972,0,0,4
2012-03-08,0.839485,-0.448905,1.28839,4.79312e-05,-2.13636e-05,6.92948e-05,0.149905,0.80666,1.25557,6.95907e-05,0.00697569,0.0880271,0,0,4
2012-03-09,0.839096,-0.446095,1.28519,4.77789e-05,-2.11374e-05,6.89164e-05,0.149905,0.814155,1.26025,7.20352e-05,0.00948702,0.0889812,0,0,4
2012-03-13,0.83655,-0.431247,1.2678,4.67725e-05,-1.9988e-05,6.67606e-05,0.149905,0.813647,1.24489,7.10938e-05,0.0143945,0.0889451,0,0,4
2012-03-14,0.830464,-0.403501,1.23397,4.45937e-05,-1.78697e-05,6.24633e-05,0.149905,0.813779,1.21728,6.86303e-05,0.000981351,0.0880656,0,0,4
2012-03-15,0.830008,-0.403459,1.23347,4.46589e-05,-1.78889e-05,6.25478e-05,0.149905,0.813467,1.21693,6.86419e-05,-0.00122714,0.0890596,0,0,4
2012-03-16,0.827904,-0.394846,1.22275,4.40062e-05,-1.72981e-05,6.13043e-05,0.149905,0.816522,1.21137,6.88759e-05,0.000742061,0.0893714,0,0,4
2012-03-20,0.827798,-0.394313,1.22211,4.39784e-05,-1.72893e-05,6.12677e-05,0.149905,0.815125,1.20944,6.7648e-05,-0.010621,0.087061,0,0,4
2012-03-21,0.828319,-0.383262,1.21158,4.42922e-05,-1.69698e-05,6.12621e-05,0.149905,0.807884,1.19115,6.76042e-05,-0.00981488,0.0869011,0,0,4
2012-03-22,0.827688,-0.38159,1.20928,4.40955e-05,-1.68959e-05,6.09914e-05,0.149905,0.812323,1.19391,6.84123e-05,-0.011957,0.0857664,0,0,4
2012-03-23,0.827699,-0.373878,1.20158,4.42793e-05,-1.66063e-05,6.08856e-05,0.149905,0.810047,1.18392,6.72718e-05,-0.0053098,0.0851988,0,0,4
2012-03-27,0.82431,-0.360526,1.18484,4.33518e-05,-1.59123e-05,5.92641e-05,0.149905,0.814474,1.175,6.78478e-05,0.0018353,0.0851555,0,0,4
2012-03-28,0.824351,-0.362579,1.18693,4.32819e-05,-1.59808e-05,5.92627e-05,0.149905,0.816145,1.17872,6.74126e-05,-0.00810812,0.0845811,0,0,4
2012-03-29,0.822202,-0.354873,1.17708,4.29814e-05,-1.56405e-05,5.86219e-05,0.149905,0.813767,1.16864,6.58225e-05,-0.0199886,0.0814272,0,0,4
2012-03-30,-0.00263021,-0.34164,0.339009,-6.62891e-08,-1.52095e-05,1.51432e-05,-0.123347,0.274941,0.61658,2.34707e-05,-0.000668701,0.0766184,0,0,3
2012-04-03,-0.00629751,-0.31496,0.308663,-1.58938e-07,-1.43021e-05,1.41431e-05,-0.123347,0.275595,0.590555,2.25818e-05,-0.00398001,0.0765236,0,0,3
2012-04-04,-0.00457529,-0.315625,0.311049,-1.15316e-07,-1.4323e-05,1.42077e-05,-0.123347,0.300917,0.616541,2.31697e-05,-0.0121024,0.0766488,0,0,3
2012-04-05,-0.00664261,-0.319116,0.312473,-1.69088e-07,-1.45869e-05,1.44178e-05,-0.123347,0.303111,0.622227,2.36087e-05,-0.0134912,0.0774162,0,0,3
2012-04-10,-0.00833335,-0.319676,0.311342,-2.1251e-07,-1.46126e-05,1.44001e-05,-0.123347,0.299571,0.619247,2.35031e-05,-0.0168643,0.0772807,0,0,3
2012-04-11,-0.00715712,-0.318554,0.311397,-1.82561e-07,-1.45469e-05,1.43643e-05,-0.123347,0.298109,0.616663,2.3392e-05,-0.0254102,0.0773839,0,0,3
2012-04-12,-0.00926161,-0.315424,0.306162,-2.35447e-07,-1.43391e-05,1.41036e-05,-0.123347,0.284382,0.599806,2.26671e-05,-0.0183397,0.0773222,0,0,3
2012-04-13,-0.00832173,-0.310723,0.302401,-2.11582e-07,-1.41371e-05,1.39255e-05,-0.123347,0.297206,0.607929,2.28448e-05,-0.0141121,0.0778697,0,0,3
2012-04-17,-0.00984736,-0.315788,0.305941,-2.49564e-07,-1.43354e-05,1.40858e-05,-0.123347,0.297094,0.612883,2.3051e-05,-0.0131236,0.0779524,0,0,3
2012-04-18,-0.00842588,-0.315484,0.307058,-2.1358e-07,-1.43184e-05,1.41048e-05,-0.123347,0.297998,0.613482,2.30516e-05,-0.0120489,0.0782947,0,0,3
2012-04-19,-0.00776812,-0.313021,0.305253,-1.96871e-07,-1.41482e-05,1.39513e-05,-0.123347,0.287111,0.600133,2.27018e-05,-0.0111073,0.0783049,0,0,3
2012-04-20,-0.00849142,-0.314102,0.305611,-2.14841e-07,-1.41939e-05,1.39791e-05,-0.123347,0.274621,0.588723,2.21897e-05,-0.00832322,0.0771234,0,0,3
2012-04-24,0.00472774,-0.30672,0.311447,1.20139e-07,-1.39065e-05,1.40266e-05,-0.123347,0.255146,0.561865,2.15104e-05,-0.00110217,0.0765954,0,0,3
2012-04-25,0.00756007,-0.304827,0.312387,1.92777e-07,-1.38371e-05,1.40299e-05,-0.123347,0.248036,0.552863,2.1268e-05,-0.00157805,0.0766054,0,0,3
2012-04-26,0.0826087,-0.304594,0.387203,1.788e-06,-1.37956e-05,1.55836e-05,0.0350187,0.344448,0.649042,2.17262e-05,-0.00980263,0.076698,0,0,4
2012-05-01,0.0834889,-0.304613,0.388102,1.80457e-06,-1.38002e-05,1.56047e-05,0.0350187,0.331567,0.636181,2.14588e-05,-0.000517947,0.0769308,0,0,4
2012-05-02,0.080491,-0.303005,0.383496,1.72849e-06,-1.37058e-05,1.54343e-05,0.0350187,0.326332,0.629336,2.11194e-05,-0.00348004,0.0762469,0,0,4
2012-05-03,0.0855443,-0.294917,0.380462,1.84131e-06,-1.32318e-05,1.50731e-05,0.0350187,0.347245,0.642162,2.09993e-05,-0.00320588,0.076271,0,0,4
2012-05-04,0.0778991,-0.296741,0.37464,1.676e-06,-1.3341e-05,1.5017e-05,0.0350187,0.350697,0.647437,2.1023e-05,-0.00636636,0.0772304,0,0,4
2012-05-08,0.0773138,-0.294343,0.371657,1.67282e-06,-1.32521e-05,1.49249e-05,0.0350187,0.365349,0.659693,2.11529e-05,-0.0086066,0.0775549,0,0,4
2012-05-09,0.0773585,-0.293254,0.370612,1.67948e-06,-1.32146e-05,1.48941e-05,0.0350187,0.367114,0.660368,2.11242e-05,-0.0104585,0.077565,0,0,4
2012-05-10,0.0737009,-0.292942,0.366643,1.58975e-06,-1.31875e-05,1.47772e-05,0.0350187,0.35318,0.646121,2.07557e-05,-0.018888,0.0803398,0,0,4
2012-05-11,0.0777389,-0.285875,0.363614,1.67832e-06,-1.28037e-05,1.44821e-05,0.0350187,0.376691,0.662566,2.08744e-05,-0.0110587,0.0811503,0,0,4
2012-05-15,0.0696537,-0.283087,0.352741,1.48922e-06,-1.26121e-05,1.41013e-05,0.0350187,0.384642,0.66773,2.08522e-05,-0.00340316,0.0812435,0,0,4
2012-05-16,0.072986,-0.285735,0.358721,1.55162e-06,-1.27194e-05,1.4271e-05,0.0350187,0.409434,0.69517,2.14006e-05,0.00329559,0.08239,0,0,4
2012-05-17,0.0723618,-0.28905,0.361412,1.53754e-06,-1.28444e-05,1.43819e-05,0.0350187,0.407734,0.696784,2.16161e-05,-0.000457864,0.0827067,0,0,4
2012-05-18,0.0742597,-0.288854,0.363114,1.57639e-06,-1.27895e-05,1.43659e-05,0.0350187,0.35386,0.642714,1.9888e-05,-0.000669716,0.0804706,0,0,4
2012-05-22,0.0932784,-0.277302,0.37058,2.01401e-06,-1.23982e-05,1.44122e-05,0.0350187,0.385579,0.662881,1.997e-05,0.00187171,0.0813543,0,0,4
2012-05-23,0.098889,-0.280278,0.379167,2.12424e-06,-1.25633e-05,1.46875e-05,0.0350187,0.367976,0.648253,1.96155e-05,-0.0228973,0.0803291,0,0,4
2012-05-24,0.104872,-0.276458,0.38133,2.25875e-06,-1.24319e-05,1.46906e-05,0.0350187,0.382464,0.658922,1.97116e-05,-0.0253973,0.0805098,0,0,4
2012-05-25,0.106718,-0.276958,0.383676,2.29779e-06,-1.24623e-05,1.47601e-05,0.0350187,0.383132,0.66009,1.97536e-05,-0.0186939,0.080569,0,0,4
2012-05-30,0.106676,-0.276057,0.382733,2.28982e-06,-1.23982e-05,1.4688e-05,0.0350187,0.372825,0.648882,1.9514e-05,-0.0192104,0.0808539,0,0,4
2012-05-31,0.835734,-0.275486,1.11122,3.97293e-05,-1.23816e-05,5.21108e-05,0.674194,0.824932,1.10042,4.15555e-05,-0.0176292,0.0820868,0,0,4
2012-06-01,0.836129,-0.273791,1.10992,3.97251e-05,-1.23215e-05,5.20466e-05,0.674194,0.822276,1.09607,4.13543e-05,-0.0133566,0.08221,0,0,4
2012-06-05,0.83649,-0.271648,1.10814,3.97485e-05,-1.22019e-05,5.19505e-05,0.674194,0.825813,1.09746,4.20601e-05,-0.0169672,0.0824533,0,0,4
2012-06-06,0.83647,-0.272524,1.10899,3.97362e-05,-1.22346e-05,5.19708e-05,0.674194,0.828984,1.10151,4.13265e-05,-0.00509278,0.0811519,0,0,4
2012-06-07,0.836367,-0.257804,1.09417,4.00593e-05,-1.15983e-05,5.16576e-05,0.674194,0.825574,1.08338,4.01056e-05,-0.013625,0.079896,0,0,4
2012-06-08,0.834832,-0.253032,1.08786,4.01181e-05,-1.1419e-05,5.1537e-05,0.674194,0.828117,1.08115,4.02402e-05,-0.0208427,0.0801149,0,0,4
2012-06-12,0.835157,-0.25283,1.08799,4.0084e-05,-1.14091e-05,5.14931e-05,0.674194,0.824088,1.07692,4.01537e-05,-0.0172157,0.080175,0,0,4
2012-06-13,0.835333,-0.253032,1.08837,4.00751e-05,-1.14147e-05,5.14898e-05,0.674194,0.828751,1.08178,4.0199e-05,-0.0180722,0.0802036,0,0,4
2012-06-14,0.835672,-0.246433,1.0821,3.98826e-05,-1.10235e-05,5.09061e-05,0.674194,0.828458,1.07489,3.97422e-05,-0.0188861,0.08016,0,0,4
2012-06-15,0.836192,-0.242742,1.07893,3.99702e-05,-1.08794e-05,5.08496e-05,0.674194,0.829294,1.07204,3.96551e-05,-0.0149716,0.080008,0,0,4
2012-06-19,0.835924,-0.242828,1.07875,3.99392e-05,-1.08667e-05,5.0806e-05,0.674194,0.831365,1.07419,3.97844e-05,-0.00925295,0.0801078,0,0,4
2012-06-20,0.836417,-0.241752,1.07817,4.00068e-05,-1.08195e-05,5.08264e-05,0.674194,0.820399,1.06215,3.89666e-05,-0.0148624,0.0790745,0,0,4
2012-06-21,0.836847,-0.237304,1.07415,4.0141e-05,-1.06461e-05,5.07871e-05,0.674194,0.822468,1.05977,3.82249e-05,-0.0140746,0.0779039,0,0,4
2012-06-22,0.836959,-0.233322,1.07028,4.01808e-05,-1.05045e-05,5.06853e-05,0.674194,0.81744,1.05076,3.73706e-05,-0.0262654,0.0767995,1,0,4
2012-06-26,0.837404,-0.23126,1.06866,4.03065e-05,-1.04256e-05,5.07322e-05,0.674194,0.820546,1.05181,3.79565e-05,-0.0231858,0.077141,0,0,4
2012-06-27,0.835043,-0.220935,1.05598,3.9554e-05,-9.8709e-06,4.94249e-05,0.674194,0.81252,1.03345,3.60701e-05,-0.011225,0.0747997,0,0,4
2012-06-28,0.836866,-0.205626,1.04249,4.00151e-05,-9.23927e-06,4.92544e-05,0.674194,0.824454,1.03008,3.54803e-05,-0.0105549,0.0743902,0,0,4
2012-06-29,0.330016,-0.15448,0.484496,7.97615e-06,-6.44741e-06,1.44236e-05,0.201102,0.165881,0.320361,9.45413e-06,0.0127679,0.064931,0,0,4
2012-07-03,0.332121,-0.119047,0.451168,8.14873e-06,-5.13522e-06,1.32839e-05,0.201102,0.16869,0.287737,8.12096e-06,0.0135552,0.0646832,0,0,4
2012-07-06,0.330135,-0.0800652,0.4102,8.1296e-06,-3.31435e-06,1.14439e-05,0.201102,0.208545,0.28861,6.65548e-06,0.0101285,0.0634068,0,0,4
2012-07-10,0.32528,-0.072797,0.398077,8.08181e-06,-3.01363e-06,1.10954e-05,0.201102,0.202115,0.274912,6.24687e-06,0.00979587,0.0632549,0,0,4
2012-07-11,0.325151,-0.0723091,0.39746,8.07867e-06,-2.99287e-06,1.10715e-05,0.201102,0.181693,0.254002,5.93384e-06,0.0118118,0.0630551,0,0,4
2012-07-12,0.330276,-0.0727701,0.403046,8.17934e-06,-3.01311e-06,1.11924e-05,0.201102,0.157244,0.230014,5.48973e-06,0.00598539,0.0618068,0,0,4
2012-07-13,0.333972,-0.0672218,0.401193,8.32698e-06,-2.78829e-06,1.11153e-05,0.201102,0.123369,0.190591,4.74719e-06,0.0112051,0.0611348,0,0,4
2012-07-17,0.334113,-0.0647694,0.398882,8.2902e-06,-2.69018e-06,1.09804e-05,0.201102,0.119417,0.184187,4.58365e-06,0.0109186,0.0609399,0,0,4
2012-07-18,0.330847,-0.0655078,0.396354,8.16109e-06,-2.7192e-06,1.08803e-05,0.201102,0.123004,0.188511,4.68288e-06,0.00877648,0.0608717,0,0,4
2012-07-19,0.33054,-0.0661401,0.39668,8.15325e-06,-2.74705e-06,1.09003e-05,0.201102,0.118158,0.184298,4.57715e-06,0.0156864,0.0603021,0,0,4
2012-07-20,0.331631,-0.0464359,0.378067,8.20657e-06,-1.89714e-06,1.01037e-05,0.201102,0.139855,0.186291,4.00569e-06,0.0128954,0.0599159,0,0,4
2012-07-24,0.329332,-0.0468161,0.376149,8.17051e-06,-1.91741e-06,1.00879e-05,0.201102,0.138924,0.18574,4.01414e-06,0.00384346,0.0598979,0,0,4
2012-07-26,0.328273,-0.0447846,0.373057,8.13288e-06,-1.83028e-06,9.96315e-06,0.201102,0.103447,0.148231,3.33577e-06,0.0140505,0.0587037,0,0,4
2012-07-27,0.336524,-0.0406905,0.377214,8.35644e-06,-1.66916e-06,1.00256e-05,0.201102,0.101526,0.142217,3.15683e-06,0.0137124,0.0588637,0,0,4
2012-07-31,0.764701,-0.0409107,0.805612,2.66476e-05,-1.67885e-06,2.83264e-05,0.525907,0.797967,0.838877,1.64278e-05,-0.000210989,0.0587678,0,0,4
2012-08-01,0.764862,-0.0307388,0.795601,2.66667e-05,-1.24799e-06,2.79147e-05,0.525907,0.798405,0.829143,1.61698e-05,-0.00717081,0.0587674,0,0,4
2012-08-02,0.764456,-0.0157888,0.780245,2.66392e-05,-6.29473e-07,2.72687e-05,0.525907,0.797116,0.812905,1.49343e-05,-0.0127344,0.0571509,0,0,4
2012-08-03,0.764935,-0.0115697,0.776505,2.6793e-05,-4.63434e-07,2.72564e-05,0.525907,0.813873,0.825443,1.46634e-05,-0.0140043,0.0559402,0,0,4
2012-08-07,0.762667,-0.00492968,0.767597,2.68036e-05,-1.97613e-07,2.70012e-05,0.525907,0.80551,0.810439,1.47895e-05,-0.0163107,0.0558425,0,0,4
2012-08-08,0.763805,-0.00386341,0.767668,2.67764e-05,-1.54788e-07,2.69312e-05,0.525907,0.817265,0.821128,1.60061e-05,-0.0192032,0.0563616,0,0,4
2012-08-09,0.763492,-0.0013739,0.764865,2.67301e-05,-5.48356e-08,2.67849e-05,0.525907,0.814416,0.81579,1.56392e-05,-0.0179427,0.0557049,0,0,4
2012-08-10,0.762984,0.00427259,0.758712,2.66462e-05,1.70178e-07,2.6476e-05,0.525907,0.802207,0.797934,1.49997e-05,-0.0213144,0.0550793,0,0,4
2012-08-14,0.763636,0.00780598,0.75583,2.67203e-05,3.10905e-07,2.64094e-05,0.525907,0.802905,0.795099,1.47572e-05,-0.0216512,0.0547742,0,0,4
2012-08-15,0.763343,0.00949974,0.753843,2.67118e-05,3.78255e-07,2.63336e-05,0.525907,0.812125,0.802625,1.48316e-05,-0.0238689,0.0548477,0,0,4
2012-08-16,0.761558,0.00947871,0.75208,2.66189e-05,3.7813e-07,2.62408e-05,0.525907,0.800178,0.790699,1.47157e-05,-0.0215703,0.0547047,0,0,4
2012-08-17,0.759585,0.00866055,0.750924,2.62868e-05,3.45135e-07,2.59417e-05,0.525907,0.799701,0.79104,1.47899e-05,-0.0294334,0.054875,1,0,4
2012-08-21,0.76495,0.0157469,0.749203,2.63598e-05,6.23297e-07,2.57365e-05,0.525907,0.800372,0.784626,1.45569e-05,-0.0271239,0.0548299,1,0,4
2012-08-22,0.76474,0.0222329,0.742507,2.62883e-05,8.7363e-07,2.54146e-05,0.525907,0.815876,0.793643,1.45211e-05,-0.0314976,0.055214,1,0,4
2012-08-24,0.756437,0.038597,0.71784,2.53191e-05,1.49061e-06,2.38285e-05,0.525907,0.816285,0.777688,1.39767e-05,-0.028842,0.0556822,1,0,4
2012-08-28,0.74527,0.08591,0.65936,2.37557e-05,3.17407e-06,2.05817e-05,0.525907,0.812808,0.726898,1.20105e-05,-0.0252847,0.0553288,0,0,4
2012-08-29,0.745803,0.0903949,0.655408,2.38238e-05,3.33738e-06,2.04864e-05,0.525907,0.818041,0.727646,1.18516e-05,-0.0237731,0.055101,0,0,4
2012-08-30,0.742608,0.092315,0.650293,2.34791e-05,3.40259e-06,2.00765e-05,0.525907,0.815195,0.72288,1.17787e-05,-0.0267137,0.0553265,1,0,4
2012-08-31,0.74539,0.145399,0.599991,3.29668e-05,5.09804e-06,2.78687e-05,0.696638,0.733836,0.588436,1.10964e-05,-0.0165613,0.0534555,0,0,4
2012-09-05,0.746608,0.152507,0.5941,3.3236e-05,5.38855e-06,2.78475e-05,0.696638,0.734183,0.581675,1.06143e-05,-0.0165506,0.0529902,0,0,4
2012-09-06,0.748858,0.15348,0.595378,3.3338e-05,5.42408e-06,2.79139e-05,0.696638,0.752561,0.599081,1.09756e-05,-0.0173635,0.0529794,0,0,4
2012-09-07,0.749928,0.184065,0.565863,3.28852e-05,6.28906e-06,2.65962e-05,0.696638,0.732931,0.548867,8.34035e-06,-0.00969934,0.0477899,0,0,4
2012-09-11,0.751237,0.200259,0.550978,3.3105e-05,6.93608e-06,2.61689e-05,0.696638,0.717752,0.517493,6.89189e-06,-0.00544685,0.0460815,0,0,4
2012-09-12,0.750741,0.206772,0.543969,3.30705e-05,7.18186e-06,2.58886e-05,0.696638,0.719472,0.5127,6.70147e-06,-0.00651046,0.0459905,0,0,4
2012-09-13,0.750732,0.206676,0.544057,3.29834e-05,7.17458e-06,2.58088e-05,0.696638,0.705245,0.498569,5.79898e-06,-0.00105705,0.0440143,0,0,4
2012-09-14,0.749973,0.218574,0.531399,3.28417e-05,7.58593e-06,2.52557e-05,0.696638,0.701092,0.482518,5.059e-06,0.00843402,0.0432061,0,0,4
2012-09-18,0.750294,0.220206,0.530087,3.28213e-05,7.65831e-06,2.5163e-05,0.696638,0.708805,0.488599,5.0999e-06,0.0125518,0.0433314,0,0,4
2012-09-19,0.748039,0.222648,0.525391,3.25661e-05,7.72856e-06,2.48376e-05,0.696638,0.705701,0.483053,4.71049e-06,0.00786803,0.0419842,0,0,4
2012-09-20,0.7467,0.229237,0.517464,3.24626e-05,7.96038e-06,2.45022e-05,0.696638,0.706218,0.476981,4.56405e-06,0.00904228,0.0423788,0,0,4
2012-09-21,0.747379,0.22906,0.518319,3.24649e-05,7.95153e-06,2.45133e-05,0.696638,0.702723,0.473663,4.3567e-06,0.0149779,0.0419318,0,0,4
2012-09-25,0.747177,0.232848,0.514329,3.24054e-05,8.07409e-06,2.43313e-05,0.696638,0.707321,0.474473,4.81994e-06,0.0159383,0.0420131,0,0,4
2012-09-26,0.747626,0.233117,0.514508,3.24174e-05,8.08257e-06,2.43348e-05,0.696638,0.715071,0.481954,4.90435e-06,0.0119639,0.0411918,0,0,4
2012-09-27,0.747866,0.233495,0.514371,3.24692e-05,8.10774e-06,2.43614e-05,0.696638,0.69523,0.461736,3.70569e-06,0.021615,0.0376085,0,0,4
2012-09-28,-0.421855,0.240625,-0.662479,-1.53501e-05,8.4047e-06,-2.37548e-05,0.0170145,-0.34078,-0.581405,-1.40309e-05,0.0160012,0.0371442,0,0,0
2012-10-02,-0.424286,0.244468,-0.668753,-1.55372e-05,8.5299e-06,-2.40671e-05,0.0170145,-0.352833,-0.597301,-1.41864e-05,0.0193356,0.0366771,0,0,0
2012-10-03,-0.422013,0.245813,-0.667825,-1.55276e-05,8.59087e-06,-2.41184e-05,0.0170145,-0.376584,-0.622397,-1.45579e-05,0.0144181,0.0355973,0,0,0
2012-10-04,-0.425835,0.254241,-0.680076,-1.5595e-05,8.83981e-06,-2.44348e-05,0.0170145,-0.374813,-0.629054,-1.47635e-05,0.0137288,0.0362001,0,0,0
2012-10-05,-0.423364,0.254163,-0.677527,-1.54041e-05,8.83673e-06,-2.42408e-05,0.0170145,-0.371493,-0.625656,-1.46144e-05,0.012082,0.0354411,0,0,0
2012-10-09,-0.423231,0.252383,-0.675614,-1.54345e-05,8.79828e-06,-2.42328e-05,0.0170145,-0.379,-0.631383,-1.46559e-05,0.0130225,0.0352981,0,0,0
2012-10-10,-0.422592,0.254283,-0.676875,-1.53971e-05,8.85909e-06,-2.42562e-05,0.0170145,-0.373301,-0.627584,-1.45698e-05,0.0104774,0.0351181,0,0,0
2012-10-11,-0.422655,0.25251,-0.675164,-1.53939e-05,8.8093e-06,-2.42032e-05,0.0170145,-0.376794,-0.629303,-1.42544e-05,0.00532527,0.034458,0,0,0
2012-10-12,-0.419996,0.2541,-0.674097,-1.53481e-05,8.88308e-06,-2.42312e-05,0.0170145,-0.355348,-0.609448,-1.38399e-05,0.00783093,0.0346306,0,0,0
2012-10-16,-0.422152,0.248382,-0.670534,-1.54601e-05,8.72344e-06,-2.41835e-05,0.0170145,-0.369776,-0.618158,-1.37468e-05,0.011141,0.0347035,0,0,0
2012-10-17,-0.42541,0.252959,-0.678369,-1.55321e-05,8.87734e-06,-2.44094e-05,0.0170145,-0.356335,-0.609294,-1.37624e-05,0.0138385,0.0349268,0,0,0
2012-10-18,-0.42266,0.260094,-0.682753,-1.53768e-05,9.0781e-06,-2.44549e-05,0.0170145,-0.353123,-0.613217,-1.38956e-05,0.0109704,0.03492,0,0,0
2012-10-19,-0.417715,0.254858,-0.672573,-1.50489e-05,8.87545e-06,-2.39243e-05,0.0170145,-0.345145,-0.600003,-1.35771e-05,0.0113966,0.034815,0,0,0
2012-10-23,-0.418681,0.253577,-0.672259,-1.50629e-05,8.78179e-06,-2.38447e-05,0.0170145,-0.36979,-0.623367,-1.37023e-05,0.00720379,0.0333186,0,0,0
2012-10-24,-0.415941,0.254705,-0.670647,-1.49942e-05,8.847e-06,-2.38412e-05,0.0170145,-0.375311,-0.630016,-1.38092e-05,0.00851795,0.0328746,0,0,0
2012-10-25,-0.421024,0.251039,-0.672063,-1.51335e-05,8.68418e-06,-2.38177e-05,0.0170145,-0.378935,-0.629974,-1.37716e-05,0.00594486,0.0337314,0,0,0
2012-10-26,-0.42081,0.250883,-0.671693,-1.51028e-05,8.66517e-06,-2.3768e-05,0.0170145,-0.393325,-0.644208,-1.39747e-05,0.00581522,0.0339743,0,0,0
2012-10-30,-0.419042,0.252432,-0.671474,-1.49984e-05,8.71571e-06,-2.37141e-05,0.0170145,-0.382561,-0.634993,-1.3864e-05,0.00324661,0.0335645,0,0,0
2012-10-31,-0.484582,0.255197,-0.739778,-1.2266e-05,8.77666e-06,-2.10427e-05,-0.56129,-0.59236,-0.847557,-1.56252e-05,-0.00269972,0.0342531,0,0,0
2012-11-01,-0.491218,0.249921,-0.741139,-1.23287e-05,8.56237e-06,-2.0891e-05,-0.56129,-0.59147,-0.841392,-1.53962e-05,-0.00373563,0.0342548,0,0,0
2012-11-02,-0.49077,0.248893,-0.739663,-1.22942e-05,8.51757e-06,-2.08118e-05,-0.56129,-0.558057,-0.80695,-1.44667e-05,-0.00727523,0.0341844,0,0,0
2012-11-06,-0.499118,0.240113,-0.739231,-1.25883e-05,8.26778e-06,-2.08561e-05,-0.56129,-0.547611,-0.787724,-1.38637e-05,-0.00512293,0.0340064,0,0,0
2012-11-07,-0.500091,0.237499,-0.73759,-1.26571e-05,8.20194e-06,-2.08591e-05,-0.56129,-0.553654,-0.791153,-1.39544e-05,-0.00836004,0.0345203,0,0,0
2012-11-08,-0.498277,0.237336,-0.735613,-1.25666e-05,8.19127e-06,-2.07579e-05,-0.56129,-0.557618,-0.794954,-1.41805e-05,-0.00418245,0.0348083,0,0,0
2012-11-09,-0.501414,0.237383,-0.738797,-1.26158e-05,8.19275e-06,-2.08086e-05,-0.56129,-0.55379,-0.791173,-1.4044e-05,-0.0053245,0.0348887,0,0,0
2012-11-13,-0.502929,0.23532,-0.738248,-1.26781e-05,8.09238e-06,-2.07705e-05,-0.56129,-0.56717,-0.802489,-1.40895e-05,-0.00731121,0.0348992,0,0,0
2012-11-14,-0.502049,0.23611,-0.738158,-1.26602e-05,8.12039e-06,-2.07806e-05,-0.56129,-0.560398,-0.796507,-1.39239e-05,-0.00370181,0.0350342,0,0,0
2012-11-15,-0.502417,0.233521,-0.735938,-1.26771e-05,8.03824e-06,-2.07154e-05,-0.56129,-0.541569,-0.77509,-1.37157e-05,0.000254497,0.0350328,0,0,0
2012-11-16,-0.501906,0.232733,-0.734639,-1.26504e-05,8.01768e-06,-2.06681e-05,-0.56129,-0.535015,-0.767748,-1.35178e-05,0.00356076,0.0349887,0,0,0
2012-11-20,-0.493647,0.23394,-0.727588,-1.2255e-05,8.04695e-06,-2.03019e-05,-0.56129,-0.61129,-0.845231,-1.52929e-05,0.00169166,0.0378981,0,0,0
2012-11-21,-0.494201,0.233593,-0.727794,-1.22297e-05,8.0439e-06,-2.02736e-05,-0.56129,-0.61119,-0.844783,-1.52569e-05,-0.000606066,0.0379159,0,0,0
2012-11-27,-0.490936,0.261352,-0.752288,-1.20302e-05,8.78782e-06,-2.0818e-05,-0.56129,-0.602573,-0.863925,-1.58782e-05,-0.00186061,0.0379621,0,0,0
2012-11-28,-0.492165,0.262065,-0.75423,-1.20614e-05,8.79263e-06,-2.0854e-05,-0.56129,-0.603068,-0.865133,-1.62493e-05,0.000963309,0.0377544,0,0,0
2012-11-29,-0.49357,0.26159,-0.75516,-1.20937e-05,8.77516e-06,-2.08688e-05,-0.56129,-0.611433,-0.873023,-1.64064e-05,-0.000849633,0.0377688,0,0,0
2012-11-30,0.402943,0.26316,0.139783,1.27293e-05,8.81704e-06,3.91229e-06,0.518889,0.0861986,-0.176961,-7.89211e-06,-0.00320866,0.0377371,0,0,3
2012-12-04,0.398516,0.270868,0.127649,1.25408e-05,9.02017e-06,3.52058e-06,0.518889,0.073201,-0.197667,-8.25329e-06,-0.00937516,0.0368451,0,0,3
2012-12-05,0.397117,0.270802,0.126315,1.24647e-05,9.02393e-06,3.44079e-06,0.518889,0.112184,-0.158618,-7.81974e-06,-0.00954697,0.0367843,0,0,3
2012-12-06,0.39766,0.272495,0.125165,1.24798e-05,9.07077e-06,3.40906e-06,0.518889,0.0730739,-0.199421,-8.25949e-06,-0.00875554,0.0366169,0,0,3
2012-12-07,0.397256,0.279521,0.117735,1.24601e-05,9.25584e-06,3.20429e-06,0.518889,0.0828021,-0.196719,-8.34149e-06,-0.0102163,0.0366223,0,0,3
2012-12-11,0.393397,0.284322,0.109075,1.22888e-05,9.37937e-06,2.90941e-06,0.518889,0.0702559,-0.214066,-8.63919e-06,-0.00791861,0.0361103,0,0,2
2012-12-12,0.391602,0.291759,0.0998433,1.21988e-05,9.59429e-06,2.60456e-06,0.518889,0.0897176,-0.202042,-8.62059e-06,-0.00694112,0.0363059,0,0,2
2012-12-14,0.391898,0.291055,0.100843,1.21778e-05,9.55304e-06,2.62473e-06,0.518889,0.113901,-0.177154,-8.2847e-06,-0.00635426,0.036016,0,0,2
2012-12-18,0.397006,0.321952,0.0750543,1.22485e-05,1.03246e-05,1.92395e-06,0.518889,0.149548,-0.172404,-8.52343e-06,-0.00686429,0.0360299,0,0,2
2012-12-19,0.400031,0.338008,0.0620231,1.23132e-05,1.07047e-05,1.60857e-06,0.518889,0.147242,-0.190765,-9.00324e-06,-0.000551798,0.0354034,0,0,2
2012-12-20,0.399973,0.344825,0.0551488,1.23571e-05,1.08967e-05,1.46037e-06,0.518889,0.135946,-0.208879,-9.34955e-06,-0.00304167,0.0352694,0,0,2
2012-12-21,0.400789,0.3458,0.054989,1.24004e-05,1.09414e-05,1.45898e-06,0.518889,0.17658,-0.16922,-8.80872e-06,-0.00402052,0.0349835,0,0,2
2012-12-27,0.405645,0.349977,0.0556678,1.25182e-05,1.10436e-05,1.47454e-06,0.518889,0.253801,-0.0961758,-7.66486e-06,-0.00357548,0.0350042,0,0,2
2012-12-28,-0.293329,0.359338,-0.652667,-1.02229e-05,1.1226e-05,-2.14489e-05,-0.313491,-0.26135,-0.620688,-1.54875e-05,-0.00453524,0.0357445,0,0,0
2013-01-03,-0.303046,0.361376,-0.664422,-1.04504e-05,1.1284e-05,-2.17344e-05,-0.313491,-0.276012,-0.637388,-1.57627e-05,-0.00714757,0.0351322,0,0,0
2013-01-08,-0.303267,0.361417,-0.664685,-1.04496e-05,1.12791e-05,-2.17286e-05,-0.313491,-0.282527,-0.643944,-1.58577e-05,-0.00705439,0.0348349,0,0,0
2013-01-09,-0.308269,0.362046,-0.670315,-1.05792e-05,1.12989e-05,-2.18781e-05,-0.313491,-0.271659,-0.633705,-1.56373e-05,-0.00588226,0.0349639,0,0,0
2013-01-10,-0.310235,0.358338,-0.668573,-1.06701e-05,1.12059e-05,-2.1876e-05,-0.313491,-0.289762,-0.6481,-1.59037e-05,0.00203157,0.0360745,0,0,0
2013-01-11,-0.310523,0.355423,-0.665946,-1.06958e-05,1.11563e-05,-2.18521e-05,-0.313491,-0.278477,-0.6339,-1.57276e-05,-0.000152952,0.0368098,0,0,0
2013-01-16,-0.302193,0.368152,-0.670345,-1.02577e-05,1.14467e-05,-2.17044e-05,-0.313491,-0.296743,-0.664895,-1.64589e-05,-0.000500967,0.0375766,0,0,0
2013-01-17,-0.309033,0.36695,-0.675983,-1.04463e-05,1.14075e-05,-2.18538e-05,-0.313491,-0.318143,-0.685093,-1.67825e-05,0.00137565,0.0373838,0,0,0
2013-01-18,-0.304846,0.371133,-0.675979,-1.02742e-05,1.15227e-05,-2.17969e-05,-0.313491,-0.323189,-0.694323,-1.69961e-05,0.00288069,0.0375403,0,0,0
2013-01-23,-0.307876,0.371259,-0.679135,-1.03515e-05,1.15073e-05,-2.18588e-05,-0.313491,-0.312414,-0.683673,-1.68632e-05,0.00452933,0.0373226,0,0,0
2013-01-24,-0.296071,0.425451,-0.721522,-9.41414e-06,1.26972e-05,-2.21113e-05,-0.313491,-0.305576,-0.731027,-1.80253e-05,0.0101743,0.0371212,0,0,0
2013-01-25,-0.298361,0.433998,-0.732359,-9.36139e-06,1.28354e-05,-2.21968e-05,-0.313491,-0.308375,-0.742374,-1.82279e-05,0.00371041,0.0373618,0,0,0
2013-01-29,-0.295532,0.450105,-0.745637,-9.16729e-06,1.31183e-05,-2.22856e-05,-0.313491,-0.310179,-0.760284,-1.85219e-05,0.00516128,0.0374384,0,0,0
2013-01-30,-0.298844,0.4496,-0.748444,-9.21491e-06,1.30433e-05,-2.22582e-05,-0.313491,-0.302657,-0.752257,-1.82648e-05,0.0107173,0.0374343,0,0,0
2013-01-31,0.0436717,0.456662,-0.41299,1.47095e-06,1.30581e-05,-1.15871e-05,-0.100053,-0.115098,-0.57176,-1.50057e-05,0.010836,0.0377208,0,0,0
2013-02-01,0.0493167,0.461559,-0.412243,1.65097e-06,1.31389e-05,-1.14879e-05,-0.100053,-0.105635,-0.567195,-1.49397e-05,0.0124808,0.0374689,0,0,0
2013-02-05,0.0547975,0.462265,-0.407467,1.81936e-06,1.31341e-05,-1.13147e-05,-0.100053,-0.0957093,-0.557974,-1.47817e-05,0.0115752,0.0374748,0,0,0
2013-02-06,0.0458677,0.461163,-0.415295,1.50861e-06,1.30419e-05,-1.15333e-05,-0.100053,-0.099256,-0.560419,-1.47421e-05,0.0119501,0.0372711,0,0,0
2013-02-07,0.0495124,0.468057,-0.418545,1.6237e-06,1.31702e-05,-1.15465e-05,-0.100053,-0.0790004,-0.547058,-1.45274e-05,0.0127165,0.0377307,0,0,0
2013-02-08,0.0578788,0.48488,-0.427001,1.8411e-06,1.34751e-05,-1.1634e-05,-0.100053,-0.0998974,-0.584777,-1.51824e-05,0.0177709,0.0383125,0,0,0
2013-02-12,0.0589022,0.48558,-0.426677,1.87404e-06,1.35175e-05,-1.16434e-05,-0.100053,-0.0946831,-0.580263,-1.51506e-05,0.019358,0.0388354,0,0,0
2013-02-13,0.058187,0.485669,-0.427482,1.85254e-06,1.34633e-05,-1.16107e-05,-0.100053,-0.094964,-0.580633,-1.51024e-05,0.0159915,0.0388399,0,0,0
2013-02-14,0.0544893,0.483088,-0.428598,1.71827e-06,1.33218e-05,-1.16035e-05,-0.100053,-0.0843532,-0.567441,-1.47652e-05,0.0160151,0.0389876,0,0,0
2013-02-15,0.0527423,0.479246,-0.426504,1.6659e-06,1.32225e-05,-1.15566e-05,-0.100053,-0.0883613,-0.567607,-1.47299e-05,0.0130508,0.0392348,0,0,0
2013-02-20,0.0530864,0.480019,-0.426932,1.675e-06,1.32501e-05,-1.15752e-05,-0.100053,-0.0809371,-0.560956,-1.46304e-05,0.00368526,0.0393408,0,0,0
2013-02-21,0.0408922,0.481643,-0.440751,1.27498e-06,1.32821e-05,-1.20072e-05,-0.100053,-0.119726,-0.601369,-1.53424e-05,0.000154738,0.0388061,0,0,0
2013-02-22,0.0307898,0.484283,-0.453493,9.51827e-07,1.33259e-05,-1.23741e-05,-0.100053,-0.14138,-0.625663,-1.6187e-05,0.00183547,0.0550587,0,0,0
2013-02-26,0.032801,0.484802,-0.452001,1.01485e-06,1.33583e-05,-1.23435e-05,-0.100053,-0.126701,-0.611503,-1.58791e-05,0.00300813,0.0553693,0,0,0
2013-02-27,0.0326003,0.482139,-0.449538,1.00876e-06,1.3309e-05,-1.23002e-05,-0.100053,-0.114891,-0.59703,-1.56157e-05,0.00619496,0.0556258,0,0,0
2013-02-28,-0.572222,0.486587,-1.05881,-1.72064e-05,1.33446e-05,-3.0551e-05,-0.0232804,-0.519103,-1.00569,-2.48437e-05,0.00661063,0.056876,0,0,0
2013-03-01,-0.571823,0.485522,-1.05735,-1.71882e-05,1.32567e-05,-3.04449e-05,-0.0232804,-0.517018,-1.00254,-2.47011e-05,0.0069233,0.0570259,0,0,0
2013-03-05,-0.569915,0.474611,-1.04453,-1.69571e-05,1.26802e-05,-2.96374e-05,-0.0232804,-0.510872,-0.985483,-2.40339e-05,0.00187869,0.0569976,0,0,0
2013-03-06,-0.566851,0.475925,-1.04278,-1.68777e-05,1.27393e-05,-2.9617e-05,-0.0232804,-0.519726,-0.995651,-2.4157e-05,0.00334368,0.0564777,0,0,0
2013-03-07,-0.563178,0.473904,-1.03708,-1.67349e-05,1.27016e-05,-2.94365e-05,-0.0232804,-0.503555,-0.97746,-2.37937e-05,0.00294208,0.0564806,0,0,0
2013-03-08,-0.566088,0.46524,-1.03133,-1.69125e-05,1.25427e-05,-2.94553e-05,-0.0232804,-0.513374,-0.978614,-2.37653e-05,-0.00339792,0.0562355,0,0,0
2013-03-12,-0.562792,0.466805,-1.0296,-1.67992e-05,1.26093e-05,-2.94085e-05,-0.0232804,-0.514012,-0.980817,-2.38527e-05,-0.00159772,0.0563471,0,0,0
2013-03-13,-0.562713,0.458181,-1.02089,-1.6721e-05,1.22681e-05,-2.89891e-05,-0.0232804,-0.514553,-0.972734,-2.36568e-05,-0.00230548,0.057324,0,0,0
2013-03-14,-0.564078,0.457808,-1.02189,-1.67336e-05,1.21975e-05,-2.89312e-05,-0.0232804,-0.509174,-0.966982,-2.32735e-05,-0.00115287,0.0571328,0,0,0
2013-03-15,-0.562555,0.456374,-1.01893,-1.6694e-05,1.21647e-05,-2.88588e-05,-0.0232804,-0.503096,-0.95947,-2.31759e-05,-0.00234502,0.0569594,0,0,0
2013-03-19,-0.560463,0.459168,-1.01963,-1.65517e-05,1.2223e-05,-2.87747e-05,-0.0232804,-0.510621,-0.969789,-2.3567e-05,-0.00821266,0.0569361,0,0,0
2013-03-20,-0.559379,0.459237,-1.01862,-1.65185e-05,1.21845e-05,-2.87029e-05,-0.0232804,-0.513198,-0.972436,-2.37824e-05,-0.0104958,0.05693,0,0,0
2013-03-21,-0.549585,0.459565,-1.00915,-1.58404e-05,1.20606e-05,-2.7901e-05,-0.0232804,-0.510323,-0.969888,-2.36404e-05,-0.012002,0.0568434,0,0,0
2013-03-22,-0.549083,0.464754,-1.01384,-1.5831e-05,1.21634e-05,-2.79945e-05,-0.0232804,-0.494639,-0.959393,-2.35226e-05,-0.00572223,0.0566406,0,0,0
2013-03-26,-0.545298,0.46748,-1.01278,-1.56428e-05,1.2221e-05,-2.78638e-05,-0.0232804,-0.490349,-0.957829,-2.34891e-05,-0.00597972,0.0568236,0,0,0
2013-03-27,-0.545144,0.463784,-1.00893,-1.55885e-05,1.20981e-05,-2.76866e-05,-0.0232804,-0.503152,-0.966936,-2.39069e-05,-0.00588794,0.0567762,0,0,0
2013-03-28,-0.473735,0.463743,-0.937478,-1.25152e-05,1.20755e-05,-2.45907e-05,-0.242513,-0.681849,-1.14559,-3.02051e-05,6.8117e-05,0.054594,0,0,0
2013-04-02,-0.471061,0.461453,-0.932514,-1.24286e-05,1.21893e-05,-2.46179e-05,-0.242513,-0.685208,-1.14666,-3.05608e-05,0.00449793,0.0545986,0,0,0
2013-04-04,-0.471124,0.462055,-0.933179,-1.24314e-05,1.22027e-05,-2.4634e-05,-0.242513,-0.690717,-1.15277,-3.09125e-05,0.00197141,0.0559927,0,0,0
2013-04-05,-0.473232,0.461776,-0.935008,-1.24438e-05,1.21857e-05,-2.46295e-05,-0.242513,-0.682506,-1.14428,-3.05286e-05,0.00454204,0.0562458,0,0,0
2013-04-09,-0.473727,0.458895,-0.932622,-1.24795e-05,1.21357e-05,-2.46153e-05,-0.242513,-0.677449,-1.13634,-3.01041e-05,0.0058698,0.05622,0,0,0
2013-04-10,-0.483288,0.454381,-0.937669,-1.26983e-05,1.19441e-05,-2.46423e-05,-0.242513,-0.669507,-1.12389,-2.97825e-05,0.00789042,0.0566557,0,0,0
2013-04-11,-0.480032,0.463574,-0.943606,-1.25332e-05,1.20898e-05,-2.4623e-05,-0.242513,-0.676197,-1.13977,-3.04753e-05,0.00712137,0.0587032,0,0,0
2013-04-12,-0.482119,0.460252,-0.942372,-1.25512e-05,1.19312e-05,-2.44824e-05,-0.242513,-0.663493,-1.12375,-2.90844e-05,0.00883657,0.0586308,0,0,0
2013-04-16,-0.491034,0.434909,-0.925944,-1.29664e-05,1.13725e-05,-2.43389e-05,-0.242513,-0.664375,-1.09928,-2.84394e-05,0.00718589,0.0590099,0,0,0
2013-04-17,-0.454659,0.403001,-0.85766,-1.12166e-05,9.99542e-06,-2.1212e-05,-0.242513,-0.656263,-1.05926,-2.66709e-05,0.00984656,0.059358,0,0,0
2013-04-18,-0.461771,0.397508,-0.859279,-1.1373e-05,9.89663e-06,-2.12696e-05,-0.242513,-0.646497,-1.044,-2.69441e-05,0.0106512,0.0599776,0,0,0
2013-04-23,-0.461068,0.384381,-0.845449,-1.12353e-05,9.41149e-06,-2.06468e-05,-0.242513,-0.64745,-1.03183,-2.64408e-05,0.0112082,0.0600533,0,0,0
2013-04-24,-0.461899,0.379217,-0.841116,-1.12806e-05,9.27761e-06,-2.05582e-05,-0.242513,-0.651008,-1.03022,-2.65055e-05,0.0122415,0.0601071,0,0,0
2013-04-25,-0.462168,0.38349,-0.845658,-1.12824e-05,9.35001e-06,-2.06324e-05,-0.242513,-0.605597,-0.989087,-2.4806e-05,0.0143867,0.0604978,0,0,0
2013-04-26,-0.470632,0.363683,-0.834315,-1.16639e-05,8.9954e-06,-2.06593e-05,-0.242513,-0.612747,-0.97643,-2.48642e-05,0.0117427,0.0605188,0,0,0
2013-04-30,-0.0603754,0.361793,-0.422169,-9.42071e-07,8.94887e-06,-9.89095e-06,-0.308995,-0.238185,-0.599979,-1.23405e-05,0.0124151,0.0601621,0,0,0
2013-05-01,-0.0621046,0.367304,-0.429409,-9.64597e-07,9.03567e-06,-1.00003e-05,-0.308995,-0.232205,-0.59951,-1.2347e-05,0.0180996,0.0602733,0,0,0
2013-05-02,-0.0619926,0.365497,-0.427489,-9.62253e-07,8.96458e-06,-9.92683e-06,-0.308995,-0.226889,-0.592386,-1.21945e-05,0.0210434,0.0604649,0,0,0
2013-05-03,-0.0628047,0.364854,-0.427659,-9.75151e-07,8.94587e-06,-9.92102e-06,-0.308995,-0.23759,-0.602445,-1.22869e-05,0.0181715,0.0603232,0,0,0
2013-05-07,-0.0625539,0.352141,-0.414695,-9.59039e-07,8.36047e-06,-9.31951e-06,-0.308995,-0.234766,-0.586907,-1.17199e-05,0.019808,0.0603245,0,0,0
2013-05-08,-0.0621736,0.352014,-0.414187,-9.52373e-07,8.35895e-06,-9.31133e-06,-0.308995,-0.235217,-0.587231,-1.17206e-05,0.0176947,0.0604203,0,0,0
2013-05-09,-0.0616851,0.345028,-0.406713,-9.39679e-07,8.10557e-06,-9.04525e-06,-0.308995,-0.224086,-0.569114,-1.13291e-05,0.021723,0.0608894,0,0,0
2013-05-10,-0.0623716,0.342588,-0.404959,-9.48783e-07,8.02917e-06,-8.97795e-06,-0.308995,-0.254859,-0.597447,-1.16136e-05,0.0136498,0.0601751,0,0,1
2013-05-14,-0.0579736,0.334104,-0.392078,-8.80327e-07,7.71742e-06,-8.59774e-06,-0.308995,-0.271737,-0.605842,-1.14392e-05,0.0375685,0.0597485,1,0,1
2013-05-15,-0.0572642,0.330893,-0.388157,-8.72823e-07,7.5884e-06,-8.46123e-06,-0.308995,-0.277142,-0.608035,-1.13277e-05,0.031353,0.059752,1,0,1
2013-05-16,-0.0567044,0.329151,-0.385856,-8.6854e-07,7.58516e-06,-8.4537e-06,-0.308995,-0.287319,-0.616471,-1.14475e-05,0.0255222,0.0596319,1,0,1
2013-05-17,-0.0487076,0.330836,-0.379544,-7.37015e-07,7.62982e-06,-8.36684e-06,-0.308995,-0.278679,-0.609516,-1.14116e-05,0.0295332,0.0597248,1,0,1
2013-05-21,-0.0432803,0.327646,-0.370927,-6.50787e-07,7.51848e-06,-8.16926e-06,-0.308995,-0.266858,-0.594504,-1.10822e-05,0.0334264,0.0596464,1,0,1
2013-05-22,-0.0553637,0.321889,-0.377253,-8.28905e-07,7.34272e-06,-8.17163e-06,-0.308995,-0.300228,-0.622117,-1.15895e-05,0.0303026,0.0644284,1,0,1
2013-05-23,-0.0547408,0.323236,-0.377976,-8.16283e-07,7.36617e-06,-8.18245e-06,-0.308995,-0.280722,-0.603957,-1.14192e-05,0.0349476,0.0644731,1,0,1
2013-05-24,-0.0518882,0.323957,-0.375845,-7.75656e-07,7.40194e-06,-8.1776e-06,-0.308995,-0.29364,-0.617597,-1.16806e-05,0.0341242,0.0649179,1,0,1
2013-05-29,-0.0484021,0.32452,-0.372922,-7.21964e-07,7.42249e-06,-8.14445e-06,-0.308995,-0.288451,-0.612971,-1.15912e-05,0.0343696,0.0649311,1,0,1
2013-05-30,-0.050331,0.323614,-0.373945,-7.50596e-07,7.41028e-06,-8.16088e-06,-0.308995,-0.292677,-0.616291,-1.16325e-05,0.0342362,0.0648193,1,0,1
2013-05-31,0.600436,0.323549,0.276887,1.65062e-05,7.41947e-06,9.08675e-06,0.137852,0.610927,0.287378,7.38441e-06,0.029434,0.0650607,1,0,3
2013-06-04,0.59427,0.32083,0.27344,1.62957e-05,7.34585e-06,8.94986e-06,0.137852,0.611062,0.290232,7.53915e-06,0.0287035,0.0650706,1,0,3
2013-06-05,0.595848,0.321537,0.274311,1.63154e-05,7.36274e-06,8.95271e-06,0.137852,0.607479,0.285942,7.46015e-06,0.0309849,0.0650146,1,0,3
2013-06-06,0.596263,0.32145,0.274813,1.63259e-05,7.35773e-06,8.96813e-06,0.137852,0.599364,0.277913,7.25512e-06,0.0359688,0.0647601,1,0,3
2013-06-07,0.596544,0.319149,0.277395,1.63557e-05,7.27884e-06,9.07683e-06,0.137852,0.594106,0.274957,7.05458e-06,0.0302492,0.0641058,1,0,3
2013-06-11,0.596848,0.315008,0.28184,1.63502e-05,7.13445e-06,9.21572e-06,0.137852,0.608629,0.293622,7.25719e-06,0.0274088,0.0638024,1,0,3
2013-06-12,0.59314,0.313736,0.279404,1.62776e-05,7.13177e-06,9.14584e-06,0.137852,0.608285,0.294549,7.25035e-06,0.025883,0.0641198,1,0,3
2013-06-13,0.589378,0.311289,0.27809,1.61296e-05,7.08955e-06,9.04008e-06,0.137852,0.630719,0.31943,7.80165e-06,0.0266062,0.0646059,1,0,3
2013-06-14,0.585484,0.30582,0.279665,1.60683e-05,6.97842e-06,9.08992e-06,0.137852,0.628206,0.322387,7.80983e-06,0.0299881,0.0643622,1,0,3
2013-06-18,0.58609,0.305015,0.281075,1.61006e-05,6.9598e-06,9.14083e-06,0.137852,0.630303,0.325288,7.90624e-06,0.0254514,0.0642995,1,0,3
2013-06-19,0.58717,0.305437,0.281733,1.6126e-05,6.97024e-06,9.15579e-06,0.137852,0.640134,0.334697,8.11626e-06,0.0281796,0.0651286,1,0,3
2013-06-20,0.585795,0.303423,0.282372,1.61185e-05,6.9355e-06,9.18297e-06,0.137852,0.498372,0.194949,1.49188e-06,0.0152052,0.0515689,0,0,3
2013-06-21,0.607253,0.3487,0.258554,1.76238e-05,8.54411e-06,9.07968e-06,0.137852,0.50454,0.15584,2.61078e-07,0.0156763,0.051374,0,0,3
2013-06-25,0.606932,0.345805,0.261128,1.76136e-05,8.44792e-06,9.1657e-06,0.137852,0.505873,0.160068,4.40509e-07,0.0196256,0.0511325,0,0,3
2013-06-26,0.603113,0.347087,0.256026,1.72308e-05,8.48189e-06,8.74889e-06,0.137852,0.497312,0.150226,-2.27783e-07,0.0102975,0.0494479,0,0,3
2013-06-27,0.60555,0.350871,0.254679,1.73716e-05,8.62814e-06,8.74342e-06,0.137852,0.508609,0.157737,-2.21022e-07,0.000212458,0.0492694,0,0,3
2013-06-28,0.0914558,0.348592,-0.257136,1.21434e-06,8.58092e-06,-7.36657e-06,0.504104,0.255734,-0.0928577,-5.91548e-06,0.004259,0.0490841,0,0,1
2013-07-02,0.0766215,0.352686,-0.276064,1.00344e-06,8.55454e-06,-7.5511e-06,0.504104,0.28052,-0.0721652,-5.68122e-06,0.00789367,0.0497147,0,0,1
2013-07-03,0.0705695,0.34937,-0.278801,9.24943e-07,8.47052e-06,-7.54557e-06,0.504104,0.290624,-0.0587459,-5.47677e-06,0.00378571,0.0496366,0,0,1
2013-07-09,0.0742457,0.348448,-0.274202,9.70513e-07,8.45384e-06,-7.48333e-06,0.504104,0.281955,-0.0664927,-5.54231e-06,0.000527145,0.0495971,0,0,1
2013-07-10,0.0786633,0.347176,-0.268513,1.02556e-06,8.4083e-06,-7.38274e-06,0.504104,0.279758,-0.0674188,-5.52135e-06,0.000779317,0.0493943,0,0,1
2013-07-11,0.0786971,0.347159,-0.268462,1.02608e-06,8.39922e-06,-7.37315e-06,0.504104,0.293049,-0.0541098,-5.53991e-06,0.00411364,0.0484615,0,0,1
2013-07-12,0.0819857,0.34163,-0.259644,1.0781e-06,8.27057e-06,-7.19247e-06,0.504104,0.306825,-0.0348053,-5.25155e-06,0.00030201,0.0485438,0,0,1
2013-07-16,0.0717293,0.340159,-0.26843,9.3249e-07,8.23107e-06,-7.29858e-06,0.504104,0.346394,0.0062351,-4.93539e-06,-0.00190558,0.0484713,0,0,1
2013-07-17,0.0673547,0.336755,-0.2694,8.7841e-07,8.15897e-06,-7.28056e-06,0.504104,0.356008,0.0192532,-4.74164e-06,-0.000585632,0.0489608,0,0,1
2013-07-18,0.0674303,0.328121,-0.26069,8.80445e-07,7.81471e-06,-6.93426e-06,0.504104,0.362201,0.0340803,-4.34802e-06,-0.00153065,0.0490064,0,0,1
2013-07-19,0.0655792,0.325499,-0.259919,8.57948e-07,7.74493e-06,-6.88698e-06,0.504104,0.377738,0.0522396,-4.03861e-06,0.000873217,0.04973,0,0,1
2013-07-23,0.0731764,0.319669,-0.246493,9.50412e-07,7.52798e-06,-6.57757e-06,0.504104,0.375918,0.0562485,-3.83496e-06,0.00462311,0.0499134,0,0,1
2013-07-24,0.0740079,0.31418,-0.240172,9.60615e-07,7.33617e-06,-6.37555e-06,0.504104,0.375313,0.0611332,-3.69792e-06,0.00218505,0.0495952,0,0,1
2013-07-26,0.0751011,0.313906,-0.238805,9.76485e-07,7.33697e-06,-6.36048e-06,0.504104,0.381311,0.0674054,-3.64032e-06,0.00424221,0.0496211,0,0,1
2013-07-30,0.0815538,0.310204,-0.22865,1.05083e-06,7.18425e-06,-6.13342e-06,0.504104,0.376371,0.066167,-3.4847e-06,0.00270107,0.050293,0,0,1
2013-07-31,0.61299,0.298883,0.314108,1.06555e-05,6.7759e-06,3.87956e-06,0.668334,0.554879,0.255997,-4.00137e-07,0.00196364,0.0503338,0,0,3
2013-08-01,0.625301,0.271904,0.353396,1.07036e-05,5.92766e-06,4.77589e-06,0.668334,0.546914,0.27501,-1.15548e-07,-0.00711009,0.0482545,0,0,4
2013-08-02,0.625998,0.275457,0.350541,1.08366e-05,6.07143e-06,4.76513e-06,0.668334,0.546523,0.271066,-2.80136e-07,-0.00134911,0.0481142,0,0,4
2013-08-06,0.624288,0.286032,0.338255,1.06872e-05,6.18184e-06,4.50532e-06,0.668334,0.549002,0.26297,-3.62923e-07,-0.000419689,0.0481669,0,0,3
2013-08-07,0.624059,0.288931,0.335129,1.06817e-05,6.23169e-06,4.44999e-06,0.668334,0.549951,0.261021,-3.9362e-07,0.00553014,0.0482571,0,0,3
2013-08-08,0.619246,0.290291,0.328954,1.0465e-05,6.26107e-06,4.20395e-06,0.668334,0.514703,0.224411,-1.19406e-06,0.0129823,0.0460797,0,0,3
2013-08-09,0.623625,0.296401,0.327224,1.06734e-05,6.44847e-06,4.2249e-06,0.668334,0.524141,0.22774,-1.22596e-06,-0.000138217,0.046269,0,0,3
2013-08-13,0.618493,0.292324,0.326169,1.04693e-05,6.32351e-06,4.1458e-06,0.668334,0.52041,0.228086,-1.36739e-06,-0.000253233,0.0457416,0,0,3
2013-08-14,0.617919,0.29665,0.321268,1.04937e-05,6.43107e-06,4.06267e-06,0.668334,0.52561,0.22896,-1.41996e-06,-0.00114153,0.0456469,0,0,3
2013-08-15,0.618001,0.296475,0.321526,1.05107e-05,6.43149e-06,4.07917e-06,0.668334,0.55333,0.256855,-1.44322e-06,0.00177326,0.0446937,0,0,3
2013-08-16,0.616348,0.294968,0.32138,1.05149e-05,6.44168e-06,4.07318e-06,0.668334,0.561606,0.266639,-1.42794e-06,0.000377964,0.044829,0,0,3
2013-08-20,0.617918,0.296033,0.321884,1.0542e-05,6.46663e-06,4.07539e-06,0.668334,0.570851,0.274818,-1.34697e-06,-0.000566177,0.0447231,0,0,3
2013-08-21,0.615053,0.28845,0.326603,1.05174e-05,6.25093e-06,4.26651e-06,0.668334,0.599353,0.310903,-7.73079e-07,0.00411711,0.0447225,0,0,3
2013-08-23,0.613635,0.286592,0.327043,1.05078e-05,6.1939e-06,4.3139e-06,0.668334,0.623076,0.336483,-5.80452e-07,0.0053437,0.0447224,0,0,3
2013-08-27,0.611012,0.284822,0.32619,1.04761e-05,6.16448e-06,4.31162e-06,0.668334,0.6679,0.383078,-2.62086e-07,0.000587176,0.0448766,0,0,3
2013-08-28,0.606768,0.288418,0.31835,1.04495e-05,6.24097e-06,4.20857e-06,0.668334,0.693141,0.404723,5.07527e-07,0.0034658,0.0451966,0,0,3
2013-08-29,0.606766,0.287774,0.318992,1.04494e-05,6.22144e-06,4.22795e-06,0.668334,0.692955,0.405181,5.06398e-07,0.000569292,0.0451816,0,0,3
2013-08-30,0.831737,0.287813,0.543924,1.35105e-05,6.18523e-06,7.32526e-06,0.677228,0.687702,0.399889,5.5744e-07,-0.00613761,0.0457733,0,0,4
2013-09-04,0.831146,0.294872,0.536274,1.34183e-05,6.32608e-06,7.09219e-06,0.677228,0.699434,0.404562,9.10412e-07,-0.00186584,0.0460938,0,0,4
2013-09-05,0.83138,0.294846,0.536535,1.34098e-05,6.28546e-06,7.12432e-06,0.677228,0.698051,0.403206,1.00782e-06,-0.00534898,0.0463941,0,0,4
2013-09-06,0.831815,0.298315,0.533499,1.33867e-05,6.34023e-06,7.04648e-06,0.677228,0.700267,0.401952,8.25068e-07,-0.00257874,0.0457926,0,0,4
2013-09-10,0.830868,0.299626,0.531243,1.34235e-05,6.38672e-06,7.03677e-06,0.677228,0.710614,0.410989,1.00422e-06,-0.00760913,0.046224,0,0,4
2013-09-11,0.829948,0.296992,0.532956,1.34035e-05,6.30496e-06,7.09859e-06,0.677228,0.717394,0.420402,1.59932e-06,-0.00855967,0.0464023,0,0,4
2013-09-12,0.829905,0.30047,0.529435,1.34168e-05,6.36335e-06,7.0535e-06,0.677228,0.71664,0.41617,1.46998e-06,-0.0117308,0.0464753,0,0,4
2013-09-13,0.828833,0.302748,0.526085,1.34085e-05,6.42382e-06,6.98468e-06,0.677228,0.717123,0.414374,1.45518e-06,-0.0124313,0.0463633,0,0,4
2013-09-17,0.82563,0.309468,0.516162,1.29395e-05,6.53916e-06,6.40034e-06,0.677228,0.71225,0.402781,1.39116e-06,-0.014971,0.0460192,0,0,4
2013-09-18,0.827081,0.309767,0.517314,1.29121e-05,6.55838e-06,6.35376e-06,0.677228,0.712736,0.402969,1.39495e-06,-0.0131724,0.0463422,0,0,4
2013-09-19,0.820335,0.296804,0.523531,1.23317e-05,6.15199e-06,6.17969e-06,0.677228,0.65381,0.357006,-1.69575e-07,-0.00287338,0.0401558,0,0,4
2013-09-20,0.825038,0.321888,0.50315,1.28077e-05,6.80972e-06,5.99799e-06,0.677228,0.682193,0.360305,-5.61532e-07,-0.00348175,0.0403737,0,0,4
2013-09-25,0.820165,0.3183,0.501866,1.26514e-05,6.72176e-06,5.92959e-06,0.677228,0.709488,0.391188,3.31162e-07,0.000384535,0.0403033,0,0,4
2013-09-26,0.820157,0.321602,0.498555,1.26209e-05,6.79691e-06,5.82398e-06,0.677228,0.704399,0.382797,1.81907e-07,0.00301032,0.0406195,0,0,4
2013-09-27,0.673101,0.321309,0.351792,1.13534e-05,6.798e-06,4.55539e-06,0.742476,0.776324,0.455015,7.15613e-07,0.00265549,0.0414211,0,0,4
2013-10-02,0.67417,0.32193,0.35224,1.13559e-05,6.79715e-06,4.55873e-06,0.742476,0.773967,0.452037,7.71118e-07,0.00510632,0.0412069,0,0,4
2013-10-03,0.67429,0.320337,0.353952,1.13404e-05,6.74532e-06,4.59509e-06,0.742476,0.782194,0.461857,1.16131e-06,0.00510094,0.0410957,0,0,4
2013-10-04,0.674367,0.319996,0.354371,1.13388e-05,6.73471e-06,4.60407e-06,0.742476,0.790956,0.47096,1.42222e-06,0.00476878,0.0413179,0,0,4
2013-10-08,0.676133,0.32015,0.355983,1.13503e-05,6.73519e-06,4.61508e-06,0.742476,0.805445,0.485296,2.07392e-06,0.0102189,0.0416456,0,0,4
2013-10-09,0.679796,0.310922,0.368875,1.13377e-05,6.41515e-06,4.92253e-06,0.742476,0.805034,0.494112,2.35899e-06,0.0102211,0.0427573,0,0,4
2013-10-10,0.683543,0.309222,0.374321,1.12326e-05,6.31233e-06,4.9203e-06,0.742476,0.849586,0.540364,5.88009e-06,0.00583145,0.0442814,0,0,4
2013-10-11,0.683628,0.308765,0.374863,1.1221e-05,6.29385e-06,4.92711e-06,0.742476,0.853249,0.544483,6.06977e-06,0.00674223,0.0440405,0,0,4
2013-10-15,0.683664,0.310538,0.373126,1.12631e-05,6.33931e-06,4.92383e-06,0.742476,0.852743,0.542205,5.64248e-06,0.00157221,0.0430489,0,0,4
2013-10-16,0.678678,0.313894,0.364784,1.10447e-05,6.42786e-06,4.61688e-06,0.742476,0.853849,0.539955,5.65988e-06,0.00102502,0.0435805,0,0,4
2013-10-17,0.677154,0.310213,0.366942,1.09445e-05,6.31771e-06,4.6268e-06,0.742476,0.85882,0.548607,6.05917e-06,0.00664465,0.045054,0,0,4
2013-10-18,0.680873,0.30925,0.371623,1.09254e-05,6.28869e-06,4.63667e-06,0.742476,0.858724,0.549475,5.73323e-06,0.0133286,0.0436602,0,0,4
2013-10-22,0.687511,0.312408,0.375102,1.10879e-05,6.3707e-06,4.71718e-06,0.742476,0.850091,0.537682,5.48094e-06,0.017123,0.0432535,0,0,4
2013-10-23,0.689347,0.308461,0.380886,1.11279e-05,6.25359e-06,4.87434e-06,0.742476,0.83893,0.530469,5.52805e-06,0.0159656,0.0432477,0,0,4
2013-10-24,0.694405,0.304424,0.389981,1.11186e-05,6.11759e-06,5.00106e-06,0.742476,0.845231,0.540807,5.98562e-06,0.012942,0.0443889,0,0,4
2013-10-25,0.692941,0.299525,0.393415,1.10576e-05,5.97873e-06,5.07888e-06,0.742476,0.841268,0.541742,6.122e-06,0.0154552,0.0446138,0,0,4
2013-10-29,0.69078,0.296026,0.394754,1.09303e-05,5.8777e-06,5.05264e-06,0.742476,0.845996,0.54997,6.73746e-06,0.0131345,0.0458048,0,0,4
2013-10-30,0.691187,0.281136,0.410051,1.08873e-05,5.46392e-06,5.42341e-06,0.742476,0.84554,0.564405,7.13411e-06,0.0120238,0.0462415,0,0,4
2013-10-31,0.35059,0.283519,0.0670702,5.8726e-06,5.47936e-06,3.93236e-07,-0.202097,0.0972653,-0.186254,-4.17697e-06,0.00459904,0.0485169,0,0,2
2013-11-01,0.339352,0.236857,0.102495,5.46892e-06,4.24231e-06,1.2266e-06,-0.202097,0.115464,-0.121393,-2.69036e-06,0.00654276,0.0485325,0,0,2
2013-11-05,0.326599,0.238442,0.0881574,5.15489e-06,4.24037e-06,9.1452e-07,-0.202097,0.115468,-0.122974,-2.69216e-06,0.00631191,0.0486913,0,0,2
2013-11-06,0.332584,0.245227,0.0873563,5.07584e-06,4.26732e-06,8.08521e-07,-0.202097,0.114653,-0.130575,-2.73186e-06,0.0085961,0.0489949,0,0,2
2013-11-07,0.339638,0.244374,0.0952635,5.15309e-06,4.24997e-06,9.03121e-07,-0.202097,0.115971,-0.128403,-2.6985e-06,0.00858353,0.0490048,0,0,2
2013-11-08,0.339726,0.244801,0.094925,5.14485e-06,4.24217e-06,9.02686e-07,-0.202097,0.20248,-0.0423215,-1.24609e-06,0.00390774,0.0489819,0,0,2
2013-11-12,0.340041,0.238729,0.101311,5.14957e-06,4.09699e-06,1.05259e-06,-0.202097,0.20368,-0.0350489,-1.08542e-06,0.00494029,0.0489875,0,0,2
2013-11-13,0.333465,0.238256,0.0952082,4.99327e-06,4.05366e-06,9.39606e-07,-0.202097,0.190059,-0.0481971,-1.27955e-06,0.00475056,0.0483486,0,0,2
2013-11-14,0.334618,0.241203,0.0934151,5.00399e-06,4.11044e-06,8.93549e-07,-0.202097,0.213429,-0.0277733,-8.71144e-07,0.000384202,0.0488608,0,0,2
2013-11-15,0.334151,0.242047,0.0921035,4.98919e-06,4.1181e-06,8.71096e-07,-0.202097,0.213974,-0.0280737,-8.78758e-07,0.00761228,0.0481367,0,0,2
2013-11-19,0.33154,0.244754,0.0867861,4.93839e-06,4.14637e-06,7.92022e-07,-0.202097,0.21444,-0.0303143,-8.94782e-07,0.0149719,0.0479393,0,0,2
2013-11-20,0.33221,0.247527,0.0846825,4.95552e-06,4.1725e-06,7.83024e-07,-0.202097,0.233412,-0.0141153,-5.83412e-07,0.0183852,0.0481584,0,0,2
2013-11-21,0.323918,0.245325,0.0785921,4.78758e-06,4.1428e-06,6.44777e-07,-0.202097,0.237906,-0.00741959,-4.52347e-07,0.016013,0.0481682,0,0,2
2013-11-22,0.338749,0.23839,0.100359,4.94888e-06,3.99172e-06,9.57151e-07,-0.202097,0.234763,-0.00362709,-3.48323e-07,0.012741,0.0473322,0,0,2
2013-11-26,0.347749,0.243011,0.104738,5.07549e-06,4.08365e-06,9.9184e-07,-0.202097,0.245423,0.00241193,-2.54313e-07,0.00861274,0.0476361,0,0,2
2013-11-27,0.758786,0.241962,0.516824,1.05115e-05,4.06606e-06,6.44541e-06,0.603261,0.78965,0.547687,1.26284e-05,0.0106878,0.0477835,0,0,4
2013-12-03,0.758331,0.241904,0.516428,1.04687e-05,4.06628e-06,6.40238e-06,0.603261,0.788498,0.546595,1.2657e-05,0.00748523,0.0478966,0,0,4
2013-12-04,0.755819,0.23566,0.520159,1.03179e-05,3.91054e-06,6.4074e-06,0.603261,0.7931,0.55744,1.29606e-05,0.0103522,0.0477693,0,0,4
2013-12-05,0.752658,0.231254,0.521404,1.01587e-05,3.79435e-06,6.36438e-06,0.603261,0.791479,0.560225,1.31778e-05,0.00605135,0.0478098,0,0,4
2013-12-06,0.752918,0.23218,0.520737,1.01694e-05,3.81264e-06,6.3568e-06,0.603261,0.792186,0.560006,1.32666e-05,0.00901215,0.048791,0,0,4
2013-12-10,0.752919,0.231824,0.521095,1.01499e-05,3.80529e-06,6.3446e-06,0.603261,0.79369,0.561865,1.32855e-05,0.00948073,0.0485537,0,0,4
2013-12-11,0.752945,0.229553,0.523391,1.01707e-05,3.75731e-06,6.41343e-06,0.603261,0.807577,0.578023,1.42999e-05,0.00793165,0.0485356,0,0,4
2013-12-12,0.743663,0.226873,0.51679,9.7616e-06,3.70681e-06,6.05479e-06,0.603261,0.805647,0.578774,1.43622e-05,0.00232089,0.0485623,0,0,4
2013-12-13,0.743959,0.226169,0.51779,9.77477e-06,3.68959e-06,6.08518e-06,0.603261,0.807359,0.58119,1.44438e-05,-0.00139107,0.0488316,0,0,4
2013-12-17,0.742592,0.22642,0.516172,9.76479e-06,3.67971e-06,6.08508e-06,0.603261,0.800833,0.574413,1.41638e-05,-0.000294298,0.0484189,0,0,4
2013-12-18,0.742917,0.227683,0.515234,9.79284e-06,3.70652e-06,6.08633e-06,0.603261,0.801231,0.573548,1.45264e-05,0.00109744,0.0484196,0,0,4
2013-12-20,0.742424,0.22718,0.515243,9.78912e-06,3.69878e-06,6.09034e-06,0.603261,0.798903,0.571722,1.45319e-05,0.00423575,0.0481835,0,0,4
2013-12-24,0.744621,0.228949,0.515671,9.83581e-06,3.73601e-06,6.09981e-06,0.603261,0.80375,0.5748,1.45123e-05,0.00107977,0.0481423,0,0,4
2013-12-31,0.311312,0.231558,0.0797541,4.00355e-06,3.77207e-06,2.31477e-07,-0.191011,0.15257,-0.0789879,-8.65147e-07,0.000393062,0.0477236,0,0,2
2014-01-03,0.313218,0.233461,0.0797573,4.0198e-06,3.81283e-06,2.06963e-07,-0.191011,0.152996,-0.0804654,-9.26548e-07,-0.00147868,0.047392,0,0,2
2014-01-07,0.3213,0.229728,0.0915721,4.11682e-06,3.75251e-06,3.64306e-07,-0.191011,0.150462,-0.079266,-9.48161e-07,-0.0102543,0.0470114,0,0,2
2014-01-08,0.32115,0.231172,0.0899775,4.12082e-06,3.77878e-06,3.42041e-07,-0.191011,0.136063,-0.0951096,-1.29765e-06,-0.0135,0.0458768,0,0,2
2014-01-09,0.323658,0.234229,0.0894296,4.18143e-06,3.85726e-06,3.24166e-07,-0.191011,0.126176,-0.108052,-1.56889e-06,-0.0166413,0.0454638,0,0,2
2014-01-10,0.323716,0.221316,0.1024,4.19238e-06,3.59246e-06,5.99922e-07,-0.191011,0.119819,-0.101497,-1.43526e-06,-0.00958916,0.0449553,0,0,2
2014-01-14,0.32178,0.22127,0.10051,4.15226e-06,3.58949e-06,5.62766e-07,-0.191011,0.125012,-0.0962575,-1.33594e-06,-0.00502984,0.0449072,0,0,2
2014-01-16,0.317721,0.224537,0.0931837,4.08914e-06,3.63436e-06,4.54781e-07,-0.191011,0.134535,-0.0900026,-1.17812e-06,-0.00346608,0.0445826,0,0,2
2014-01-17,0.307735,0.198101,0.109633,3.89542e-06,3.09429e-06,8.0113e-07,-0.191011,0.129314,-0.0687877,-7.61423e-07,-0.0056239,0.0441499,0,0,2
2014-01-23,0.308444,0.19059,0.117854,3.91612e-06,2.95154e-06,9.64574e-07,-0.191011,0.132311,-0.0582787,-5.54643e-07,-0.00151123,0.0441202,0,0,3
2014-01-24,0.310836,0.190884,0.119952,3.97161e-06,2.97365e-06,9.97958e-07,-0.191011,0.137915,-0.0529692,-4.94845e-07,-0.00760396,0.0441287,0,0,3
2014-01-28,0.302511,0.177359,0.125152,3.84375e-06,2.72459e-06,1.11917e-06,-0.191011,0.13848,-0.0388787,-2.3459e-07,-0.00855152,0.0441406,0,0,3
2014-01-29,0.29963,0.173504,0.126125,3.77764e-06,2.6508e-06,1.12684e-06,-0.191011,0.139464,-0.0340402,-1.84479e-07,-0.00562915,0.0437604,0,0,3
2014-01-30,0.293433,0.171877,0.121556,3.71413e-06,2.63499e-06,1.07915e-06,-0.191011,0.140014,-0.0318627,-1.67942e-07,-0.00700396,0.0436937,0,0,3
2014-01-31,0.27015,0.163836,0.106314,2.38353e-06,2.5024e-06,-1.18872e-07,0.422779,0.464277,0.300441,3.29497e-06,-0.010453,0.0426295,0,0,2
2014-02-04,0.27098,0.167734,0.103245,2.40134e-06,2.58227e-06,-1.80938e-07,0.422779,0.469607,0.301873,3.1401e-06,-0.00640995,0.0422431,0,0,2
2014-02-05,0.270848,0.166219,0.104629,2.41973e-06,2.56174e-06,-1.42008e-07,0.422779,0.478951,0.312732,3.12626e-06,-0.00123121,0.041799,0,0,2
2014-02-06,0.265096,0.165057,0.100039,2.37557e-06,2.5579e-06,-1.82329e-07,0.422779,0.470886,0.305829,2.91388e-06,-0.00266108,0.0412882,0,0,2
2014-02-07,0.269591,0.166664,0.102927,2.43448e-06,2.58069e-06,-1.46215e-07,0.422779,0.48366,0.316996,3.27859e-06,-0.00361253,0.0412824,0,0,2
2014-02-11,0.278529,0.149937,0.128592,2.50046e-06,2.27614e-06,2.24328e-07,0.422779,0.498483,0.348546,3.76413e-06,-0.00225696,0.041533,0,0,3
2014-02-12,0.271559,0.158613,0.112946,2.42898e-06,2.38162e-06,4.73627e-08,0.422779,0.497482,0.338868,3.63444e-06,-0.000575794,0.0413699,0,0,2
2014-02-13,0.275211,0.160311,0.1149,2.43986e-06,2.39165e-06,4.82051e-08,0.422779,0.473162,0.312851,3.33748e-06,-0.00281745,0.0408978,0,0,3
2014-02-14,0.276319,0.157214,0.119105,2.46293e-06,2.3395e-06,1.23431e-07,0.422779,0.452782,0.295569,2.97275e-06,0.0058306,0.0397538,0,0,3
2014-02-19,0.293363,0.163831,0.129532,2.61959e-06,2.45275e-06,1.66844e-07,0.422779,0.448529,0.284699,2.49442e-06,0.0110931,0.0382443,0,0,3
2014-02-20,0.293399,0.171153,0.122245,2.64136e-06,2.57173e-06,6.96311e-08,0.422779,0.460384,0.289231,2.52419e-06,0.00943957,0.0380385,0,0,3
2014-02-21,0.293703,0.168769,0.124934,2.64861e-06,2.53821e-06,1.10405e-07,0.422779,0.460898,0.292129,2.56695e-06,0.00738427,0.0400029,0,0,3
2014-02-25,0.293349,0.171739,0.12161,2.64068e-06,2.57272e-06,6.79615e-08,0.422779,0.459241,0.287502,2.43854e-06,0.00539411,0.0395346,0,0,3
2014-02-26,0.299415,0.177992,0.121422,2.69373e-06,2.64726e-06,4.64685e-08,0.422779,0.45111,0.273117,2.13752e-06,-0.00135797,0.0379345,0,0,3
2014-02-27,0.310268,0.195715,0.114553,2.829e-06,2.90984e-06,-8.08407e-08,0.422779,0.461559,0.265844,1.94784e-06,0.00306167,0.0378725,0,0,3
2014-02-28,0.241342,0.191654,0.0496882,2.56014e-06,2.83592e-06,-2.75783e-07,0.261866,0.124345,-0.0673095,-1.52197e-06,0.004307,0.0378538,0,0,2
2014-03-04,0.240995,0.188401,0.0525943,2.5609e-06,2.78871e-06,-2.27813e-07,0.261866,0.121769,-0.0666315,-1.49287e-06,0.00222576,0.0385537,0,0,2
2014-03-05,0.238107,0.193681,0.0444258,2.52292e-06,2.8542e-06,-3.3128e-07,0.261866,0.0836636,-0.110018,-1.98861e-06,0.00720845,0.0374242,0,0,2
2014-03-06,0.25515,0.198664,0.056486,2.69807e-06,2.94453e-06,-2.46457e-07,0.261866,0.0697807,-0.128883,-2.21992e-06,0.00613224,0.0380513,0,0,2
2014-03-07,0.258535,0.195416,0.0631186,2.73271e-06,2.8792e-06,-1.46494e-07,0.261866,0.0776845,-0.117731,-2.13372e-06,0.0053076,0.03646,0,0,2
2014-03-11,0.266194,0.193395,0.0727993,2.8426e-06,2.88261e-06,-4.00142e-08,0.261866,0.131915,-0.0614803,-1.65089e-06,0.00802376,0.0365338,0,0,2
2014-03-12,0.259712,0.188459,0.0712533,2.80844e-06,2.83684e-06,-2.83981e-08,0.261866,0.0196076,-0.168851,-2.67546e-06,0.0130868,0.0329785,0,0,2
2014-03-13,0.27798,0.203524,0.0744564,3.08627e-06,3.11304e-06,-2.67647e-08,0.261866,0.0490353,-0.154489,-2.70322e-06,0.0101863,0.0339364,0,0,2
2014-03-14,0.270653,0.196765,0.0738883,3.0223e-06,3.01956e-06,2.73425e-09,0.261866,0.0474173,-0.149347,-2.62835e-06,0.0107121,0.0337858,0,0,2
2014-03-18,0.27033,0.199705,0.0706243,3.02267e-06,3.05872e-06,-3.60486e-08,0.261866,0.0704904,-0.129215,-2.47352e-06,0.0075629,0.0344478,0,0,2
2014-03-19,0.270886,0.200381,0.0705048,3.03552e-06,3.0769e-06,-4.13774e-08,0.261866,0.0853707,-0.115011,-2.37417e-06,0.00720051,0.0345244,0,0,2
2014-03-20,0.271395,0.216399,0.0549961,3.04019e-06,3.27755e-06,-2.37362e-07,0.261866,0.0863234,-0.130076,-2.5725e-06,0.00387185,0.0347353,0,0,2
2014-03-21,0.269893,0.222217,0.0476762,3.02909e-06,3.34082e-06,-3.11737e-07,0.261866,0.101547,-0.12067,-2.48454e-06,0.00471143,0.0364263,0,0,2
2014-03-25,0.266302,0.224107,0.0421948,2.95774e-06,3.36354e-06,-4.05798e-07,0.261866,0.112012,-0.112095,-2.41195e-06,0.001492,0.0370279,0,0,2
2014-03-26,0.270294,0.223663,0.0466304,2.99162e-06,3.35887e-06,-3.67247e-07,0.261866,0.0935399,-0.130123,-2.57963e-06,-0.0014366,0.0361924,0,0,2
2014-03-27,0.272448,0.229289,0.0431594,3.01305e-06,3.44428e-06,-4.3123e-07,0.261866,0.0673022,-0.161987,-2.85477e-06,-0.00179693,0.0362845,0,0,2
2014-03-28,-0.294611,0.228957,-0.523567,-4.59083e-06,3.43607e-06,-8.0269e-06,0.227135,-0.0829081,-0.311865,-4.14911e-06,-0.000702963,0.0372515,0,0,0
2014-04-01,-0.2899,0.235745,-0.525645,-4.51398e-06,3.51477e-06,-8.02875e-06,0.227135,-0.0644948,-0.30024,-4.06196e-06,0.00105239,0.0376616,0,0,0
2014-04-02,-0.289916,0.235925,-0.525841,-4.52634e-06,3.5245e-06,-8.05084e-06,0.227135,-0.0176352,-0.25356,-3.68009e-06,-0.000887187,0.0375088,0,0,0
2014-04-04,-0.287766,0.239452,-0.527218,-4.48458e-06,3.56802e-06,-8.0526e-06,0.227135,0.020016,-0.219436,-3.39395e-06,0.000891974,0.0374929,0,0,0
2014-04-08,-0.290956,0.235147,-0.526103,-4.55194e-06,3.51109e-06,-8.06303e-06,0.227135,0.0262297,-0.208917,-3.27753e-06,-0.00097273,0.0369673,0,0,0
2014-04-09,-0.28912,0.2364,-0.52552,-4.53006e-06,3.53456e-06,-8.06462e-06,0.227135,-0.00645533,-0.242855,-3.5942e-06,-0.00405769,0.0375535,0,0,0
2014-04-10,-0.28886,0.237962,-0.526822,-4.52681e-06,3.55891e-06,-8.08572e-06,0.227135,-0.0155286,-0.253491,-3.70269e-06,0.0010253,0.0375768,0,0,0
2014-04-11,-0.289571,0.236948,-0.526519,-4.54236e-06,3.54245e-06,-8.08481e-06,0.227135,-0.0102428,-0.247191,-3.63712e-06,-0.000455929,0.0375921,0,0,0
2014-04-15,-0.297348,0.236984,-0.534331,-4.63259e-06,3.5385e-06,-8.1711e-06,0.227135,0.0646163,-0.172368,-2.9487e-06,0.00145441,0.0371452,0,0,0
2014-04-16,-0.298676,0.23686,-0.535536,-4.66823e-06,3.55099e-06,-8.21922e-06,0.227135,0.0226321,-0.214228,-3.3535e-06,-0.00323717,0.035707,0,0,0
2014-04-17,-0.28152,0.239872,-0.521392,-4.36261e-06,3.59618e-06,-7.95879e-06,0.227135,0.0471231,-0.192749,-3.18823e-06,-0.00133061,0.036423,0,0,0
2014-04-22,-0.283273,0.238314,-0.521587,-4.40144e-06,3.57337e-06,-7.97481e-06,0.227135,0.0354126,-0.202901,-3.27514e-06,0.00256469,0.0361614,0,0,0
2014-04-23,-0.280345,0.237921,-0.518266,-4.37819e-06,3.5802e-06,-7.95839e-06,0.227135,0.0529401,-0.184981,-3.13305e-06,0.00297838,0.0365056,0,0,0
2014-04-24,-0.280073,0.236969,-0.517042,-4.39527e-06,3.57856e-06,-7.97383e-06,0.227135,0.0676006,-0.169368,-3.00024e-06,0.000795781,0.0362159,0,0,0
2014-04-25,-0.284212,0.237625,-0.521837,-4.4468e-06,3.57226e-06,-8.01906e-06,0.227135,0.0702755,-0.16735,-2.97259e-06,-0.00166125,0.0362893,0,0,0
2014-04-29,-0.283617,0.237091,-0.520708,-4.41907e-06,3.56434e-06,-7.98341e-06,0.227135,0.0744284,-0.162662,-2.92502e-06,-0.000387917,0.0362808,0,0,0
2014-04-30,-0.431938,0.234935,-0.666873,-5.63496e-06,3.52679e-06,-9.16174e-06,0.0940904,0.0970107,-0.137924,-2.8403e-06,-0.000859061,0.036176,0,0,0
2014-05-01,-0.429557,0.235235,-0.664791,-5.58989e-06,3.536e-06,-9.12589e-06,0.0940904,0.14196,-0.0932748,-2.57171e-06,-0.00215331,0.0361279,0,0,0
2014-05-02,-0.422344,0.228406,-0.65075,-5.42909e-06,3.43114e-06,-8.86023e-06,0.0940904,0.153937,-0.074469,-2.36462e-06,-0.000812939,0.0380349,0,0,0
2014-05-06,-0.415505,0.227247,-0.642752,-5.29685e-06,3.40476e-06,-8.70162e-06,0.0940904,0.116828,-0.110419,-2.52143e-06,-0.001443,0.0416236,0,0,0
2014-05-07,-0.413277,0.225945,-0.639222,-5.24717e-06,3.37963e-06,-8.6268e-06,0.0940904,0.174009,-0.0519369,-2.10048e-06,-0.00248221,0.0427873,0,0,0
2014-05-08,-0.419511,0.219641,-0.639152,-5.35161e-06,3.30334e-06,-8.65495e-06,0.0940904,0.218675,-0.000966139,-1.60448e-06,-0.00387523,0.0427243,0,0,0
2014-05-13,-0.419502,0.218339,-0.637841,-5.35628e-06,3.28321e-06,-8.6395e-06,0.0940904,0.226622,0.00828359,-1.50473e-06,-0.00958593,0.0431755,0,0,0
2014-05-14,-0.42424,0.21635,-0.64059,-5.3944e-06,3.24529e-06,-8.63969e-06,0.0940904,0.240721,0.0243707,-1.31924e-06,-0.0111862,0.0431825,0,0,0
2014-05-15,-0.423763,0.215028,-0.638791,-5.37623e-06,3.22307e-06,-8.5993e-06,0.0940904,0.198164,-0.0168641,-1.57601e-06,-0.015031,0.0435843,0,0,0
2014-05-16,-0.424664,0.221962,-0.646627,-5.37856e-06,3.30852e-06,-8.68708e-06,0.0940904,0.213574,-0.00838878,-1.52838e-06,-0.0168895,0.0438657,0,0,0
2014-05-20,-0.421647,0.225109,-0.646756,-5.30553e-06,3.32819e-06,-8.63372e-06,0.0940904,0.208399,-0.0167099,-1.58769e-06,-0.0173808,0.0441107,0,0,0
2014-05-21,-0.421919,0.224379,-0.646298,-5.30986e-06,3.32028e-06,-8.63014e-06,0.0940904,0.199866,-0.0245135,-1.67824e-06,-0.0173829,0.0439185,0,0,0
2014-05-22,-0.420145,0.2253,-0.645446,-5.30749e-06,3.34775e-06,-8.65524e-06,0.0940904,0.18634,-0.03896,-1.80389e-06,-0.0159485,0.043888,0,0,0
2014-05-23,-0.418835,0.223092,-0.641927,-5.27621e-06,3.30601e-06,-8.58221e-06,0.0940904,0.180163,-0.0429284,-1.76713e-06,-0.0188162,0.0471919,0,0,0
2014-05-28,-0.418178,0.223053,-0.64123,-5.2651e-06,3.30488e-06,-8.56997e-06,0.0940904,0.18082,-0.0422326,-1.75244e-06,-0.0167794,0.0472166,0,0,0
2014-05-29,-0.419442,0.221379,-0.640821,-5.28138e-06,3.27734e-06,-8.55872e-06,0.0940904,0.164048,-0.057331,-1.82736e-06,-0.0216175,0.0471833,0,0,0
2014-05-30,0.368792,0.221633,0.14716,5.30332e-06,3.2771e-06,2.02621e-06,0.0973155,-0.160002,-0.381634,-4.85473e-06,-0.0243069,0.0471735,0,0,3
2014-06-03,0.369212,0.219346,0.149866,5.30236e-06,3.23639e-06,2.06597e-06,0.0973155,-0.171518,-0.390865,-4.95142e-06,-0.026827,0.0471774,1,0,3
2014-06-04,0.369974,0.219561,0.150412,5.31678e-06,3.24096e-06,2.07583e-06,0.0973155,-0.174625,-0.394187,-5.01345e-06,-0.0257621,0.0473231,1,0,3
2014-06-05,0.369902,0.225024,0.144878,5.31066e-06,3.30088e-06,2.00978e-06,0.0973155,-0.175991,-0.401015,-5.08397e-06,-0.0187042,0.047246,0,0,3
2014-06-06,0.369925,0.228001,0.141924,5.31461e-06,3.34948e-06,1.96513e-06,0.0973155,-0.161273,-0.389274,-4.96092e-06,-0.0190102,0.0487643,0,0,3
2014-06-10,0.366243,0.223125,0.143118,5.25776e-06,3.28639e-06,1.97137e-06,0.0973155,-0.178407,-0.401531,-5.08179e-06,-0.0195958,0.0485532,0,0,3
2014-06-11,0.366292,0.223702,0.14259,5.25492e-06,3.30067e-06,1.95426e-06,0.0973155,-0.172866,-0.396568,-5.05294e-06,-0.0135868,0.0486284,0,0,3
2014-06-12,0.366343,0.22383,0.142513,5.25603e-06,3.29481e-06,1.96121e-06,0.0973155,-0.167033,-0.390863,-4.98912e-06,-0.00934189,0.0502162,0,0,3
2014-06-13,0.365443,0.227723,0.137719,5.24632e-06,3.34061e-06,1.90571e-06,0.0973155,-0.162887,-0.390611,-4.99755e-06,-0.00892024,0.052731,0,0,3
2014-06-17,0.366041,0.225841,0.1402,5.25019e-06,3.30091e-06,1.94927e-06,0.0973155,-0.164952,-0.390793,-4.98413e-06,-0.00598332,0.05376,0,0,3
2014-06-18,0.36743,0.228941,0.138489,5.26326e-06,3.34376e-06,1.9195e-06,0.0973155,-0.171219,-0.40016,-5.1042e-06,-0.00198537,0.0548382,0,0,3
2014-06-19,0.367428,0.228604,0.138825,5.26339e-06,3.33755e-06,1.92585e-06,0.0973155,-0.231593,-0.460197,-5.54967e-06,0.000590388,0.0536881,0,0,3
2014-06-20,0.37215,0.240538,0.131612,5.41614e-06,3.54314e-06,1.873e-06,0.0973155,-0.207731,-0.448269,-5.54286e-06,0.00242502,0.0548666,0,0,3
2014-06-24,0.369925,0.237487,0.132438,5.38292e-06,3.50588e-06,1.87704e-06,0.0973155,-0.227547,-0.465033,-5.67357e-06,0.00482871,0.0545708,0,0,3
2014-06-25,0.36934,0.239368,0.129972,5.37521e-06,3.53906e-06,1.83616e-06,0.0973155,-0.155251,-0.394619,-5.1255e-06,0.00582522,0.0549112,0,0,3
2014-06-26,0.369685,0.240767,0.128918,5.3765e-06,3.52365e-06,1.85286e-06,0.0973155,-0.114554,-0.355321,-4.70867e-06,0.00279501,0.0548153,0,0,3
2014-06-27,0.763051,0.237441,0.52561,1.18519e-05,3.47537e-06,8.37648e-06,0.737185,0.754581,0.51714,5.90375e-06,0.000524299,0.0548629,0,0,4
2014-07-01,0.760222,0.246195,0.514027,1.17258e-05,3.5956e-06,8.13018e-06,0.737185,0.74873,0.502535,5.75997e-06,0.000837169,0.0565897,0,0,4
2014-07-02,0.763977,0.246644,0.517333,1.17508e-05,3.59702e-06,8.15379e-06,0.737185,0.751052,0.504408,5.74109e-06,0.00504653,0.057066,0,0,4
2014-07-03,0.764562,0.249488,0.515074,1.18291e-05,3.66031e-06,8.16876e-06,0.737185,0.755381,0.505893,5.88903e-06,0.00149204,0.0569509,0,0,4
2014-07-08,0.764273,0.251845,0.512428,1.1813e-05,3.69473e-06,8.11828e-06,0.737185,0.73959,0.487744,5.66473e-06,0.0010406,0.0571259,0,0,4
2014-07-09,0.766219,0.251606,0.514612,1.18601e-05,3.69045e-06,8.16969e-06,0.737185,0.747687,0.496081,6.04517e-06,0.00458879,0.0570566,0,0,4
2014-07-10,0.766446,0.25317,0.513276,1.18827e-05,3.69927e-06,8.18345e-06,0.737185,0.738689,0.485519,5.70273e-06,0.00545162,0.0565611,0,0,4
2014-07-11,0.76833,0.27008,0.49825,1.1971e-05,3.92709e-06,8.04389e-06,0.737185,0.734658,0.464578,5.43375e-06,0.00141738,0.0569748,0,0,4
2014-07-15,0.768295,0.268386,0.499909,1.19707e-05,3.88705e-06,8.08367e-06,0.737185,0.72894,0.460555,5.25064e-06,-0.00453611,0.0577127,0,0,4
2014-07-16,0.768982,0.277163,0.491819,1.19979e-05,4.01765e-06,7.98023e-06,0.737185,0.723965,0.446802,5.59438e-06,-0.00564142,0.0577651,0,0,4
2014-07-17,0.77028,0.277368,0.492912,1.20058e-05,4.02157e-06,7.98425e-06,0.737185,0.716391,0.439024,5.97925e-06,-0.00339605,0.0574808,0,0,4
2014-07-18,0.774064,0.284478,0.489586,1.20786e-05,4.11064e-06,7.96796e-06,0.737185,0.716754,0.432276,5.86476e-06,-0.00915227,0.0572653,0,0,4
2014-07-22,0.775911,0.287754,0.488157,1.21163e-05,4.17873e-06,7.9376e-06,0.737185,0.71704,0.429286,5.86633e-06,-0.0066041,0.0569259,0,0,4
2014-07-23,0.775369,0.288526,0.486843,1.20983e-05,4.19773e-06,7.90061e-06,0.737185,0.711129,0.422603,5.83504e-06,0.00101012,0.0570479,0,0,4
2014-07-24,0.777189,0.288656,0.488533,1.21105e-05,4.19517e-06,7.91537e-06,0.737185,0.729719,0.441063,5.9721e-06,0.00476937,0.0580577,0,0,4
2014-07-29,0.77297,0.28459,0.488379,1.20689e-05,4.14323e-06,7.92568e-06,0.737185,0.728298,0.443708,5.82755e-06,0.00165481,0.0574651,0,0,4
2014-07-30,0.773682,0.286359,0.487323,1.21134e-05,4.18262e-06,7.93078e-06,0.737185,0.733194,0.446835,5.76606e-06,0.00834493,0.058313,0,0,4
2014-07-31,0.152207,0.291232,-0.139025,2.11832e-06,4.26377e-06,-2.14545e-06,0.321935,0.461285,0.170053,2.98305e-06,0.00903729,0.0583228,0,0,1
2014-08-01,0.152127,0.287734,-0.135607,2.117e-06,4.22335e-06,-2.10635e-06,0.321935,0.416904,0.12917,2.55006e-06,0.0125981,0.0620323,0,0,1
2014-08-05,0.126708,0.288164,-0.161456,1.70941e-06,4.12599e-06,-2.41658e-06,0.321935,0.419511,0.131346,2.68314e-06,0.0150903,0.0620526,0,0,1
2014-08-06,0.126922,0.287276,-0.160354,1.70982e-06,4.11449e-06,-2.40467e-06,0.321935,0.42731,0.140034,2.8302e-06,0.0220603,0.0618608,0,0,1
2014-08-07,0.131625,0.289511,-0.157886,1.78449e-06,4.17432e-06,-2.38982e-06,0.321935,0.422323,0.132812,2.70155e-06,0.018198,0.0618696,0,0,1
2014-08-08,0.131231,0.293075,-0.161845,1.77325e-06,4.21404e-06,-2.44079e-06,0.321935,0.379823,0.0867479,2.16591e-06,0.0189105,0.0645119,0,0,1
2014-08-12,0.133727,0.298975,-0.165248,1.80277e-06,4.27541e-06,-2.47264e-06,0.321935,0.386383,0.0874085,2.33896e-06,0.0277101,0.0655996,1,0,1
2014-08-13,0.131892,0.297368,-0.165476,1.77504e-06,4.25743e-06,-2.48239e-06,0.321935,0.420197,0.122829,3.12349e-06,0.0299428,0.0655872,1,0,1
2014-08-14,0.13039,0.293849,-0.163459,1.76219e-06,4.22172e-06,-2.45952e-06,0.321935,0.425208,0.131359,3.35175e-06,0.034809,0.0651046,1,0,1
2014-08-15,0.143751,0.333645,-0.189894,1.93177e-06,4.68181e-06,-2.75004e-06,0.321935,0.42318,0.0895349,3.03313e-06,0.033383,0.0663986,1,0,1
2014-08-19,0.149173,0.334918,-0.185745,1.99585e-06,4.69169e-06,-2.69584e-06,0.321935,0.434172,0.0992533,3.32266e-06,0.0390822,0.0663949,1,0,1
2014-08-20,0.154934,0.351722,-0.196789,2.08049e-06,4.89183e-06,-2.81134e-06,0.321935,0.456013,0.104291,3.80858e-06,0.0398628,0.0662649,1,0,1
2014-08-21,0.158605,0.355491,-0.196886,2.09741e-06,4.93075e-06,-2.83334e-06,0.321935,0.457999,0.102508,3.84375e-06,0.0390911,0.066461,1,0,1
2014-08-22,0.157803,0.362369,-0.204567,2.07682e-06,4.99837e-06,-2.92155e-06,0.321935,0.448705,0.0863358,3.65911e-06,0.0330163,0.0678023,1,0,1
2014-08-26,0.145995,0.362891,-0.216896,1.88217e-06,5.00113e-06,-3.11896e-06,0.321935,0.44886,0.0859694,3.66942e-06,0.0345865,0.0679783,1,0,1
2014-08-27,0.157799,0.400107,-0.242308,2.01446e-06,5.36681e-06,-3.35235e-06,0.321935,0.42601,0.0259032,3.12475e-06,0.0336191,0.0703667,1,0,1
2014-08-29,-0.114285,0.402806,-0.517091,-1.61917e-06,5.38655e-06,-7.00571e-06,-0.0477641,0.162057,-0.240749,-2.06182e-06,0.034304,0.0706946,1,0,0
2014-09-03,-0.110202,0.406212,-0.516415,-1.56842e-06,5.46317e-06,-7.03159e-06,-0.0477641,0.134377,-0.271835,-2.79609e-06,0.0181649,0.0689911,0,0,0
2014-09-04,-0.100214,0.413703,-0.513918,-1.43523e-06,5.69006e-06,-7.12529e-06,-0.0477641,0.0989586,-0.314745,-3.73033e-06,0.0191046,0.0684683,0,0,0
2014-09-05,-0.0997922,0.417123,-0.516915,-1.42939e-06,5.77452e-06,-7.20391e-06,-0.0477641,0.101253,-0.315869,-3.7634e-06,0.0129302,0.0697529,0,0,0
2014-09-09,-0.0901743,0.417888,-0.508062,-1.27819e-06,5.7432e-06,-7.02139e-06,-0.0477641,0.0979291,-0.319959,-3.80299e-06,0.0133108,0.0694762,0,0,0
2014-09-10,-0.0882093,0.417949,-0.506158,-1.25167e-06,5.76328e-06,-7.01495e-06,-0.0477641,0.143497,-0.274452,-2.76746e-06,0.00698358,0.0701157,0,0,0
2014-09-11,-0.0839859,0.415092,-0.499078,-1.18409e-06,5.73467e-06,-6.91876e-06,-0.0477641,0.147814,-0.267279,-2.6847e-06,0.00554272,0.0703904,0,0,0
2014-09-12,-0.0925219,0.410063,-0.502585,-1.29649e-06,5.6971e-06,-6.99359e-06,-0.0477641,0.140312,-0.269751,-2.83097e-06,-0.000101792,0.0703173,0,0,0
2014-09-16,-0.0835809,0.407442,-0.491022,-1.16286e-06,5.6207e-06,-6.78356e-06,-0.0477641,0.157497,-0.249945,-2.43695e-06,-0.00187215,0.070082,0,0,0
2014-09-17,-0.0867641,0.402704,-0.489468,-1.2133e-06,5.55157e-06,-6.76487e-06,-0.0477641,0.159819,-0.242885,-2.33126e-06,-0.00227337,0.0700253,0,0,0
2014-09-18,-0.0842834,0.403711,-0.487994,-1.17608e-06,5.55103e-06,-6.72711e-06,-0.0477641,0.139968,-0.263743,-2.60515e-06,-0.0101384,0.0735989,0,0,0
2014-09-19,-0.0863505,0.400738,-0.487089,-1.20344e-06,5.50529e-06,-6.70873e-06,-0.0477641,0.0880942,-0.312644,-3.6841e-06,-0.0131527,0.0713999,0,0,0
2014-09-23,-0.0652011,0.412511,-0.477712,-9.27084e-07,5.78203e-06,-6.70911e-06,-0.0477641,0.0650773,-0.347434,-4.40527e-06,-0.0147665,0.0754455,0,0,0
2014-09-25,-0.0673169,0.417652,-0.484969,-9.49826e-07,5.83122e-06,-6.78104e-06,-0.0477641,0.118932,-0.29872,-3.18193e-06,-0.0109751,0.0763736,0,0,0
2014-09-26,-0.0720774,0.41407,-0.486147,-1.01498e-06,5.79651e-06,-6.81149e-06,-0.0477641,0.119109,-0.294961,-3.14231e-06,-0.00873078,0.0765354,0,0,0
2014-09-30,0.349787,0.41255,-0.0627635,5.2856e-06,5.75015e-06,-4.64555e-07,0.133656,0.50764,0.0950897,8.37131e-06,-0.0134625,0.0764099,0,0,2
2014-10-02,0.352261,0.408981,-0.0567204,5.34325e-06,5.71429e-06,-3.71036e-07,0.133656,0.50772,0.0987388,8.40517e-06,-0.0150149,0.0785377,0,0,2
2014-10-03,0.354168,0.412139,-0.0579707,5.36692e-06,5.74587e-06,-3.78946e-07,0.133656,0.513255,0.101117,8.50036e-06,-0.0184935,0.07886,0,0,2
2014-10-07,0.352756,0.410652,-0.0578968,5.37516e-06,5.73403e-06,-3.58868e-07,0.133656,0.504594,0.0939414,8.03086e-06,-0.0138346,0.0789732,0,0,2
2014-10-08,0.359317,0.420295,-0.0609785,5.53099e-06,5.92018e-06,-3.89196e-07,0.133656,0.498976,0.0786808,7.74342e-06,-0.0134105,0.0798092,0,0,2
2014-10-09,0.361069,0.419237,-0.0581687,5.54863e-06,5.90647e-06,-3.57843e-07,0.133656,0.510499,0.091262,8.00238e-06,-0.0161517,0.0806373,0,0,2
2014-10-10,0.358346,0.415237,-0.0568909,5.52086e-06,5.87039e-06,-3.49537e-07,0.133656,0.496946,0.0817094,7.30981e-06,-0.0217046,0.0795435,0,0,2
2014-10-14,0.36255,0.420698,-0.058148,5.62284e-06,5.99588e-06,-3.73048e-07,0.133656,0.486694,0.065996,6.65865e-06,-0.0118217,0.078525,0,0,2
2014-10-15,0.373915,0.427121,-0.0532063,5.86599e-06,6.15609e-06,-2.90106e-07,0.133656,0.475754,0.0486324,5.99575e-06,-0.023088,0.0779143,0,0,2
2014-10-16,0.380393,0.435883,-0.0554895,5.99993e-06,6.29349e-06,-2.93555e-07,0.133656,0.470941,0.0350583,5.57752e-06,-0.0178269,0.0775533,0,0,2
2014-10-17,0.385062,0.443344,-0.0582827,6.11832e-06,6.43396e-06,-3.15633e-07,0.133656,0.499768,0.056424,6.90671e-06,-0.0274563,0.0774236,1,0,2
2014-10-21,0.387067,0.451922,-0.0648553,6.15738e-06,6.53552e-06,-3.78142e-07,0.133656,0.484523,0.0326011,6.23451e-06,-0.022305,0.0766825,0,0,2
2014-10-22,0.387362,0.456947,-0.0695848,6.13917e-06,6.65546e-06,-5.16293e-07,0.133656,0.485194,0.0282465,6.14479e-06,-0.0134409,0.0773587,0,0,2
2014-10-23,0.385972,0.455245,-0.0692725,6.1219e-06,6.63191e-06,-5.10006e-07,0.133656,0.482777,0.0275322,6.57786e-06,-0.00965655,0.0771887,0,0,2
2014-10-24,0.387564,0.457667,-0.070103,6.15801e-06,6.66135e-06,-5.03344e-07,0.133656,0.485027,0.0273597,6.58678e-06,-0.0141322,0.0774003,0,0,2
2014-10-28,0.411283,0.389801,0.0214816,6.29169e-06,5.04238e-06,1.24931e-06,0.133656,0.480578,0.0907763,8.0233e-06,-0.0097526,0.0778971,0,0,2
2014-10-29,0.412049,0.391697,0.0203525,6.30833e-06,5.06816e-06,1.24017e-06,0.133656,0.463859,0.0721626,7.20961e-06,-0.0121459,0.0776255,0,0,2
2014-10-30,0.420554,0.398135,0.0224189,6.50593e-06,5.21627e-06,1.28966e-06,0.133656,0.460242,0.0621071,6.82774e-06,-0.01211,0.0771231,0,0,2
2014-10-31,0.512246,0.397993,0.114253,9.1838e-06,5.19648e-06,3.98732e-06,0.33792,0.313931,-0.0840625,3.86921e-06,-0.0125597,0.0771383,0,0,2
2014-11-04,0.50923,0.396943,0.112287,9.09311e-06,5.16914e-06,3.92397e-06,0.33792,0.319905,-0.0770383,3.99669e-06,-0.0167607,0.0776544,0,0,2
2014-11-05,0.502651,0.391197,0.111454,8.99443e-06,5.15119e-06,3.84324e-06,0.33792,0.319439,-0.0717574,3.97393e-06,-0.0123187,0.0778369,0,0,2
2014-11-06,0.502099,0.395621,0.106478,8.99742e-06,5.20167e-06,3.79576e-06,0.33792,0.309427,-0.0861938,3.67707e-06,-0.0132691,0.0785467,0,0,2
2014-11-07,0.506554,0.398524,0.10803,9.05146e-06,5.2398e-06,3.81166e-06,0.33792,0.295237,-0.103287,3.26181e-06,-0.0114632,0.0782441,0,0,2
2014-11-11,0.506516,0.398996,0.10752,9.06927e-06,5.26444e-06,3.80483e-06,0.33792,0.295093,-0.103903,3.3493e-06,-0.00855495,0.0794608,0,0,2
2014-11-12,0.513849,0.403565,0.110284,9.25968e-06,5.37334e-06,3.88634e-06,0.33792,0.308752,-0.0948134,3.5225e-06,-0.000271698,0.0794061,0,0,2
2014-11-13,0.506448,0.402872,0.103576,9.11744e-06,5.3171e-06,3.80034e-06,0.33792,0.34937,-0.0535019,4.44628e-06,-0.00398471,0.0794109,0,0,2
2014-11-14,0.491031,0.382915,0.108116,8.90637e-06,5.13009e-06,3.77627e-06,0.33792,0.343341,-0.0395738,4.45514e-06,0.00969381,0.0789584,0,0,2
2014-11-18,0.491816,0.389788,0.102027,8.96413e-06,5.2338e-06,3.73033e-06,0.33792,0.338468,-0.0513209,4.30329e-06,0.00245717,0.0793852,0,0,2
2014-11-19,0.491683,0.390159,0.101525,8.92555e-06,5.22989e-06,3.69566e-06,0.33792,0.344014,-0.0461446,4.57125e-06,0.00314544,0.0793964,0,0,2
2014-11-20,0.492636,0.39308,0.099556,8.94311e-06,5.26661e-06,3.6765e-06,0.33792,0.361643,-0.0314371,5.28391e-06,0.0108839,0.0817976,0,0,2
2014-11-21,0.498627,0.395618,0.103009,9.09279e-06,5.3583e-06,3.7345e-06,0.33792,0.363109,-0.032509,5.28516e-06,0.00411031,0.0834126,0,0,2
2014-11-25,0.496187,0.394334,0.101853,9.02838e-06,5.34583e-06,3.68255e-06,0.33792,0.326567,-0.0677671,4.14883e-06,0.00971751,0.0824536,0,0,2
2014-11-26,0.581298,0.399029,0.182269,1.15813e-05,5.45674e-06,6.12457e-06,0.118755,0.683278,0.284249,2.40989e-05,0.00546883,0.0828083,0,0,3
2014-12-02,0.582559,0.399271,0.183287,1.15469e-05,5.45829e-06,6.08858e-06,0.118755,0.667992,0.26872,2.25944e-05,-0.00988372,0.081336,0,0,3
2014-12-03,0.590183,0.417065,0.173117,1.19114e-05,5.88097e-06,6.03046e-06,0.118755,0.66854,0.251475,2.2351e-05,-0.0084812,0.0813265,0,0,3
2014-12-04,0.588826,0.416623,0.172204,1.18561e-05,5.87829e-06,5.97778e-06,0.118755,0.66686,0.250237,2.21316e-05,-0.00470982,0.0812818,0,0,3
2014-12-05,0.590223,0.415593,0.17463,1.19184e-05,5.77674e-06,6.14163e-06,0.118755,0.664829,0.249236,2.2471e-05,-0.00443975,0.0812569,0,0,3
2014-12-09,0.589458,0.414375,0.175083,1.19082e-05,5.76057e-06,6.14763e-06,0.118755,0.655125,0.24075,2.16335e-05,0.0159062,0.0803709,0,0,3
2014-12-10,0.59627,0.427461,0.168809,1.22248e-05,6.08303e-06,6.14175e-06,0.118755,0.650878,0.223417,2.08431e-05,0.0079738,0.0799024,0,0,3
2014-12-11,0.599803,0.431948,0.167855,1.23604e-05,6.19534e-06,6.16505e-06,0.118755,0.650723,0.218775,2.07524e-05,-0.00360215,0.0799016,0,0,3
2014-12-12,0.594256,0.423333,0.170923,1.21093e-05,5.99417e-06,6.11515e-06,0.118755,0.652701,0.229368,2.10801e-05,0.00150636,0.0799009,0,0,3
2014-12-16,0.593645,0.423506,0.170139,1.20761e-05,5.99079e-06,6.08529e-06,0.118755,0.648333,0.224827,2.08764e-05,-0.008317,0.080468,0,0,3
2014-12-17,0.59605,0.429936,0.166114,1.21983e-05,6.10871e-06,6.08963e-06,0.118755,0.653544,0.223608,2.07941e-05,-0.00371844,0.0802536,0,0,3
2014-12-19,0.594175,0.42762,0.166555,1.21199e-05,6.09676e-06,6.02312e-06,0.118755,0.652441,0.224821,2.09452e-05,0.00640406,0.0811817,0,0,3
2014-12-23,0.58467,0.428138,0.156533,1.17542e-05,6.05611e-06,5.69812e-06,0.118755,0.638773,0.210635,2.05687e-05,0.0131398,0.0809831,0,0,3
2014-12-24,0.585314,0.430233,0.155081,1.17933e-05,6.07901e-06,5.71427e-06,0.118755,0.633195,0.202962,1.99572e-05,-0.000177764,0.0799534,0,0,3
2014-12-30,0.58837,0.437807,0.150563,1.18946e-05,6.26451e-06,5.63014e-06,0.118755,0.637958,0.200151,2.01289e-05,-0.00404754,0.0802444,0,0,3
2014-12-31,0.892882,0.438517,0.454365,1.61918e-05,6.26304e-06,9.9288e-06,0.716686,0.7706,0.332084,1.38149e-05,-0.00792978,0.0781571,0,0,4
2015-01-06,0.892838,0.442232,0.450606,1.62001e-05,6.5084e-06,9.69168e-06,0.716686,0.768865,0.326633,1.33475e-05,-0.00395925,0.0775793,0,0,4
2015-01-07,0.893788,0.453572,0.440216,1.63681e-05,6.6906e-06,9.67755e-06,0.716686,0.778135,0.324563,1.42765e-05,-0.00290986,0.0783191,0,0,4
2015-01-08,0.893972,0.454328,0.439645,1.637e-05,6.71065e-06,9.65933e-06,0.716686,0.777472,0.323144,1.42488e-05,-0.00912225,0.0787733,0,0,4
2015-01-09,0.895259,0.453564,0.441695,1.63941e-05,6.69178e-06,9.70228e-06,0.716686,0.772406,0.318841,1.35065e-05,0.000436705,0.0777391,0,0,4
2015-01-13,0.896111,0.458066,0.438046,1.65954e-05,6.81653e-06,9.77887e-06,0.716686,0.785134,0.327068,1.35903e-05,0.00370245,0.0777718,0,0,4
2015-01-14,0.891367,0.454174,0.437193,1.63442e-05,6.7773e-06,9.56685e-06,0.716686,0.828532,0.374358,1.37697e-05,0.00673919,0.077267,0,0,4
2015-01-21,0.877336,0.443986,0.43335,1.62789e-05,6.71414e-06,9.56475e-06,0.716686,0.833063,0.389076,1.48796e-05,0.0168206,0.0783415,0,0,4
2015-01-23,0.876065,0.447077,0.428988,1.61033e-05,6.76996e-06,9.33333e-06,0.716686,0.844579,0.397502,1.49739e-05,0.0133051,0.0782977,0,0,4
2015-01-27,0.872299,0.444777,0.427522,1.6069e-05,6.75737e-06,9.31165e-06,0.716686,0.860324,0.415547,1.52198e-05,0.0161171,0.0783081,0,0,4
2015-01-28,0.867544,0.440275,0.427269,1.59982e-05,6.70214e-06,9.29604e-06,0.716686,0.862033,0.421758,1.57033e-05,0.0199081,0.0786556,0,0,4
2015-01-29,0.867916,0.439451,0.428466,1.60009e-05,6.66363e-06,9.33726e-06,0.716686,0.850379,0.410928,1.40262e-05,0.0149946,0.0756892,0,0,4
2015-01-30,0.835269,0.456605,0.378664,1.67419e-05,7.14389e-06,9.59797e-06,0.688162,0.887381,0.430776,1.87638e-05,0.0207595,0.0757622,0,0,4
2015-02-03,0.835113,0.455134,0.379979,1.66871e-05,7.1127e-06,9.57444e-06,0.688162,0.882145,0.427011,1.61292e-05,0.0348697,0.0713877,1,0,4
2015-02-04,0.838809,0.474583,0.364226,1.72753e-05,7.72295e-06,9.55238e-06,0.688162,0.888586,0.414003,1.62141e-05,0.0358263,0.0719763,1,0,4
2015-02-05,0.837287,0.463702,0.373585,1.7141e-05,7.35102e-06,9.79002e-06,0.688162,0.887312,0.423611,1.64063e-05,0.0425187,0.0721029,1,0,4
2015-02-06,0.832873,0.46544,0.367433,1.66458e-05,7.33728e-06,9.30851e-06,0.688162,0.889236,0.423797,1.64393e-05,0.0356902,0.0720856,1,0,4
2015-02-10,0.831207,0.464439,0.366768,1.64786e-05,7.29927e-06,9.17936e-06,0.688162,0.885238,0.420799,1.55786e-05,0.0266899,0.0700506,1,0,4
2015-02-11,0.833384,0.475013,0.358371,1.67526e-05,7.60013e-06,9.15244e-06,0.688162,0.87948,0.404467,1.50286e-05,0.0139237,0.0698366,0,0,4
2015-02-12,0.833752,0.477236,0.356516,1.67973e-05,7.65678e-06,9.14048e-06,0.688162,0.876353,0.399117,1.43459e-05,0.0198938,0.068894,0,0,4
2015-02-13,0.833318,0.481796,0.351522,1.67624e-05,7.79874e-06,8.96363e-06,0.688162,0.875662,0.393866,1.47421e-05,0.0251711,0.0686798,0,0,4
2015-02-18,0.834423,0.486244,0.348179,1.68997e-05,7.93972e-06,8.95997e-06,0.688162,0.870773,0.384529,1.41881e-05,0.0183572,0.0678295,0,0,4
2015-02-19,0.834936,0.490493,0.344443,1.70017e-05,8.0676e-06,8.93413e-06,0.688162,0.869213,0.37872,1.4335e-05,0.0250973,0.0676803,0,0,4
2015-02-20,0.835135,0.491156,0.34398,1.70259e-05,8.08345e-06,8.94247e-06,0.688162,0.869043,0.377887,1.4273e-05,0.0234857,0.067274,0,0,4
2015-02-24,0.834961,0.492599,0.342363,1.70003e-05,8.13166e-06,8.86859e-06,0.688162,0.865046,0.372447,1.42739e-05,0.0163218,0.0670889,0,0,3
2015-02-25,0.835184,0.493982,0.341202,1.70653e-05,8.18722e-06,8.87812e-06,0.688162,0.874061,0.380079,1.51516e-05,0.00550025,0.0671614,0,0,3
2015-02-26,0.83336,0.492903,0.340457,1.70231e-05,8.17392e-06,8.84923e-06,0.688162,0.870984,0.378081,1.50542e-05,0.00222533,0.0669522,0,0,3
2015-02-27,0.594427,0.491311,0.103116,1.0509e-05,8.1174e-06,2.39163e-06,0.451662,0.428947,-0.0623639,6.61267e-07,0.00829574,0.0672395,0,0,2
2015-03-03,0.593136,0.491603,0.101533,1.0495e-05,8.12902e-06,2.36596e-06,0.451662,0.438576,-0.053027,1.06109e-06,0.0100054,0.067035,0,0,2
2015-03-04,0.590975,0.495043,0.0959319,1.04018e-05,8.23648e-06,2.16536e-06,0.451662,0.425261,-0.0697826,7.80005e-07,0.0113882,0.0672853,0,0,2
2015-03-05,0.589857,0.48905,0.100806,1.03793e-05,8.09219e-06,2.28709e-06,0.451662,0.506381,0.0173308,4.3984e-06,0.00504478,0.0708815,0,0,2
2015-03-06,0.592156,0.488266,0.10389,1.04228e-05,8.08357e-06,2.33926e-06,0.451662,0.514287,0.0260213,4.81183e-06,-0.000478562,0.0700597,0,0,2
2015-03-10,0.597069,0.490509,0.106559,1.05357e-05,8.17961e-06,2.35609e-06,0.451662,0.50432,0.0138103,4.22381e-06,-0.0137542,0.0687458,0,0,2
2015-03-11,0.601261,0.492863,0.108399,1.06768e-05,8.30005e-06,2.37674e-06,0.451662,0.526358,0.0334953,5.39242e-06,-0.0135906,0.0688849,0,0,2
2015-03-12,0.602679,0.494301,0.108378,1.07275e-05,8.34999e-06,2.37752e-06,0.451662,0.532479,0.0381789,5.39982e-06,-0.0134723,0.0688551,0,0,2
2015-03-13,0.601323,0.491809,0.109514,1.07153e-05,8.31527e-06,2.40008e-06,0.451662,0.531311,0.0395023,5.31915e-06,-0.0195966,0.0676106,0,0,2
2015-03-17,0.601613,0.491916,0.109696,1.08124e-05,8.41716e-06,2.39525e-06,0.451662,0.520371,0.0284548,4.93075e-06,-0.0313246,0.067142,1,0,2
2015-03-18,0.596007,0.489413,0.106593,1.05963e-05,8.37748e-06,2.21877e-06,0.451662,0.522487,0.0330736,4.59094e-06,-0.0274661,0.0664819,1,0,2
2015-03-19,0.595623,0.494279,0.101344,1.0666e-05,8.5232e-06,2.14281e-06,0.451662,0.529131,0.034852,4.86418e-06,-0.0334694,0.067065,1,0,2
2015-03-20,0.597843,0.494883,0.102959,1.06821e-05,8.52886e-06,2.15327e-06,0.451662,0.537069,0.0421855,4.46817e-06,-0.023846,0.0653794,0,0,2
2015-03-24,0.590036,0.485237,0.1048,1.07695e-05,8.61627e-06,2.15318e-06,0.451662,0.537412,0.0521748,4.5008e-06,-0.0208418,0.0657097,0,0,2
2015-03-25,0.590379,0.484625,0.105754,1.07662e-05,8.60975e-06,2.15648e-06,0.451662,0.532804,0.0481791,4.48009e-06,-0.024075,0.0658314,0,0,2
2015-03-26,0.590748,0.484563,0.106185,1.07675e-05,8.60455e-06,2.16294e-06,0.451662,0.537508,0.0529454,4.49103e-06,-0.0261758,0.0661807,1,0,2
2015-03-27,0.585007,0.479666,0.105341,1.07147e-05,8.55138e-06,2.16334e-06,0.451662,0.534326,0.0546603,4.37371e-06,-0.0271528,0.0657991,1,0,2
2015-03-31,0.721472,0.479538,0.241934,1.73932e-05,8.55742e-06,8.83583e-06,0.201786,0.802875,0.323337,2.12826e-05,-0.0356232,0.0657318,1,0,3
2015-04-01,0.723658,0.47634,0.247318,1.74688e-05,8.52406e-06,8.94473e-06,0.201786,0.796755,0.320415,1.96383e-05,-0.0298154,0.0625218,1,0,3
2015-04-02,0.729022,0.486987,0.242035,1.79697e-05,8.92077e-06,9.04895e-06,0.201786,0.790966,0.303979,1.82806e-05,-0.0217161,0.0608511,0,0,3
2015-04-07,0.731742,0.493838,0.237904,1.82463e-05,9.16202e-06,9.08425e-06,0.201786,0.792995,0.299157,1.83539e-05,-0.0225867,0.0609245,0,0,3
2015-04-08,0.731975,0.495653,0.236322,1.82346e-05,9.18442e-06,9.0502e-06,0.201786,0.793556,0.297903,1.83309e-05,-0.0284635,0.0607376,1,0,3
2015-04-09,0.731968,0.497058,0.23491,1.82365e-05,9.24241e-06,8.99406e-06,0.201786,0.786601,0.289543,1.74086e-05,-0.0275936,0.0590382,1,0,3
2015-04-10,0.733768,0.500062,0.233706,1.84021e-05,9.35036e-06,9.05179e-06,0.201786,0.791104,0.291042,1.80609e-05,-0.0258678,0.059033,1,0,3
2015-04-14,0.733535,0.500887,0.232648,1.83974e-05,9.35708e-06,9.04027e-06,0.201786,0.791453,0.290566,1.81083e-05,-0.023139,0.0587856,0,0,3
2015-04-15,0.733945,0.503051,0.230894,1.84304e-05,9.41217e-06,9.01822e-06,0.201786,0.798946,0.295895,1.90069e-05,-0.0189865,0.0589297,0,0,3
2015-04-16,0.73341,0.502134,0.231276,1.84231e-05,9.40008e-06,9.02307e-06,0.201786,0.802776,0.300642,1.94402e-05,-0.00851087,0.0613133,0,0,3
2015-04-17,0.738002,0.506356,0.231646,1.86563e-05,9.57328e-06,9.08303e-06,0.201786,0.806658,0.300302,1.96922e-05,-0.00999668,0.0608383,0,0,3
2015-04-21,0.739916,0.505917,0.233998,1.87171e-05,9.5798e-06,9.13727e-06,0.201786,0.806742,0.300824,1.96716e-05,-0.0120909,0.0607568,0,0,3
2015-04-22,0.739549,0.505897,0.233652,1.86917e-05,9.58631e-06,9.10543e-06,0.201786,0.81246,0.306563,1.98243e-05,-0.0197636,0.0607489,0,0,3
2015-04-23,0.738405,0.503273,0.235132,1.86426e-05,9.53887e-06,9.10377e-06,0.201786,0.816688,0.313415,1.91578e-05,-0.00806004,0.0601227,0,0,3
2015-04-28,0.738588,0.506361,0.232227,1.88418e-05,9.71642e-06,9.12533e-06,0.201786,0.802416,0.296055,1.89582e-05,-0.00540355,0.0601122,0,0,3
2015-04-29,0.73837,0.505106,0.233264,1.88192e-05,9.69468e-06,9.12456e-06,0.201786,0.811629,0.306523,2.07806e-05,0.00296538,0.0614811,0,0,3
2015-04-30,0.567118,0.510429,0.0566889,1.05362e-05,9.86571e-06,6.70456e-07,0.26432,0.512468,0.00203849,4.37777e-07,-0.000705222,0.0619839,0,0,2
2015-05-01,0.565952,0.509408,0.0565445,1.05057e-05,9.82354e-06,6.82164e-07,0.26432,0.501147,-0.00826095,3.3454e-07,-0.000864965,0.0618747,0,0,2
2015-05-05,0.565768,0.509611,0.056157,1.05017e-05,9.84338e-06,6.58338e-07,0.26432,0.501633,-0.00797844,2.12527e-07,0.00896246,0.0623961,0,0,2
2015-05-06,0.563593,0.506687,0.0569055,1.04952e-05,9.82396e-06,6.71267e-07,0.26432,0.506841,0.000153954,1.53032e-07,0.0133736,0.0633238,0,0,2
2015-05-07,0.564417,0.506027,0.0583893,1.05398e-05,9.84323e-06,6.96534e-07,0.26432,0.49836,-0.00766787,-9.28358e-08,0.00934019,0.0630726,0,0,2
2015-05-08,0.564157,0.505907,0.0582504,1.0516e-05,9.83331e-06,6.82665e-07,0.26432,0.478932,-0.026975,-7.41838e-07,0.0153513,0.0620017,0,0,2
2015-05-12,0.566368,0.510422,0.0559463,1.0627e-05,9.97346e-06,6.53547e-07,0.26432,0.463472,-0.0469497,-1.44136e-06,0.0175897,0.0621397,0,0,2
2015-05-13,0.566682,0.513117,0.0535643,1.06482e-05,1.00537e-05,5.9453e-07,0.26432,0.471986,-0.0411309,-1.41444e-06,0.0207159,0.0627898,0,0,2
2015-05-14,0.565325,0.50919,0.0561347,1.06141e-05,9.9279e-06,6.86196e-07,0.26432,0.489063,-0.0201274,-1.11913e-06,0.0217776,0.0629106,0,0,2
2015-05-15,0.559213,0.505397,0.0538156,1.04887e-05,9.86092e-06,6.27786e-07,0.26432,0.488745,-0.0166521,-9.01143e-07,0.0198225,0.063306,0,0,2
2015-05-19,0.554633,0.504736,0.0498971,1.01792e-05,9.8269e-06,3.52294e-07,0.26432,0.462624,-0.0421121,-1.74488e-06,0.00717592,0.061688,0,0,2
2015-05-20,0.559833,0.512243,0.0475903,1.04068e-05,1.00867e-05,3.20054e-07,0.26432,0.473311,-0.0389325,-1.61743e-06,0.00202598,0.0619063,0,0,2
2015-05-21,0.559915,0.511477,0.0484381,1.04137e-05,1.00638e-05,3.49943e-07,0.26432,0.474367,-0.0371101,-1.56877e-06,-0.00921855,0.0619443,0,0,2
2015-05-22,0.559705,0.511321,0.0483831,1.03935e-05,1.0033e-05,3.605e-07,0.26432,0.452969,-0.0583526,-1.9279e-06,-0.011405,0.0619217,0,0,2
2015-05-27,0.556123,0.513271,0.0428526,1.02701e-05,1.00635e-05,2.06665e-07,0.26432,0.431744,-0.0815265,-2.27744e-06,-0.0143311,0.062988,0,0,2
2015-05-28,0.555089,0.51674,0.0383486,1.02277e-05,1.01374e-05,9.02475e-08,0.26432,0.430123,-0.086617,-2.37377e-06,-0.0124901,0.0630294,0,0,2
2015-05-29,0.428832,0.517972,-0.0891397,8.09379e-06,1.01679e-05,-2.07409e-06,0.0551858,0.230972,-0.286999,-5.58125e-06,-0.010783,0.0646918,0,0,1
2015-06-02,0.428021,0.521999,-0.0939775,8.06116e-06,1.01927e-05,-2.13149e-06,0.0551858,0.213447,-0.308552,-6.07799e-06,-0.00110882,0.0631078,0,0,1
2015-06-03,0.430894,0.526152,-0.0952582,8.20478e-06,1.03645e-05,-2.15968e-06,0.0551858,0.215711,-0.310441,-6.22015e-06,-0.00733798,0.0644212,0,0,1
2015-06-04,0.427766,0.52324,-0.0954739,8.15655e-06,1.02939e-05,-2.1373e-06,0.0551858,0.246668,-0.276572,-5.38035e-06,-0.0103941,0.0664209,0,0,1
2015-06-05,0.41933,0.523819,-0.104489,7.89118e-06,1.0277e-05,-2.3858e-06,0.0551858,0.249439,-0.27438,-5.29545e-06,-0.00874186,0.0684677,0,0,1
2015-06-09,0.419464,0.525768,-0.106304,7.89191e-06,1.02878e-05,-2.39591e-06,0.0551858,0.250154,-0.275614,-5.28459e-06,-0.00245766,0.0682426,0,0,1
2015-06-10,0.41933,0.525122,-0.105792,7.87975e-06,1.02479e-05,-2.36819e-06,0.0551858,0.246794,-0.278328,-5.33922e-06,-0.00202433,0.0681579,0,0,1
2015-06-11,0.41981,0.525007,-0.105196,7.89376e-06,1.02579e-05,-2.36412e-06,0.0551858,0.230077,-0.29493,-5.76083e-06,-0.0059974,0.0673055,0,0,1
2015-06-12,0.420232,0.527451,-0.107219,7.93567e-06,1.03709e-05,-2.43521e-06,0.0551858,0.224152,-0.303299,-5.97473e-06,-0.00387407,0.0673651,0,0,1
2015-06-16,0.419059,0.527202,-0.108143,7.89225e-06,1.036e-05,-2.46774e-06,0.0551858,0.224701,-0.302501,-5.94857e-06,-0.000434993,0.0673581,0,0,1
2015-06-17,0.418949,0.527054,-0.108105,7.87685e-06,1.0327e-05,-2.45013e-06,0.0551858,0.229525,-0.297529,-5.82869e-06,-0.00252265,0.0677979,0,0,1
2015-06-18,0.411991,0.523654,-0.111663,7.67671e-06,1.02182e-05,-2.54145e-06,0.0551858,0.243699,-0.279955,-5.36527e-06,-0.0034024,0.0677788,0,0,1
2015-06-19,0.393403,0.522643,-0.129241,7.11758e-06,1.0147e-05,-3.02946e-06,0.0551858,0.241351,-0.281293,-5.36729e-06,-0.00383894,0.0677639,0,0,1
2015-06-23,0.39206,0.521036,-0.128976,7.09621e-06,1.01409e-05,-3.04473e-06,0.0551858,0.245152,-0.275884,-5.24936e-06,-0.00196939,0.068096,0,0,1
2015-06-24,0.3918,0.520941,-0.12914,7.08626e-06,1.01399e-05,-3.05361e-06,0.0551858,0.235544,-0.285396,-5.48352e-06,-0.00208573,0.0678895,0,0,1
2015-06-25,0.394969,0.522005,-0.127036,7.13962e-06,1.01575e-05,-3.01784e-06,0.0551858,0.204604,-0.317401,-6.11544e-06,0.00357099,0.0680657,0,0,1
2015-06-26,0.394055,0.521136,-0.127081,7.06496e-06,1.01124e-05,-3.04742e-06,0.0551858,0.196882,-0.324254,-6.26097e-06,0.00674946,0.0677829,0,0,1
2015-06-30,0.446057,0.524678,-0.0786211,8.67538e-06,1.01777e-05,-1.50236e-06,0.228195,0.435897,-0.0887806,-1.50386e-06,0.0167923,0.0635369,0,0,2
2015-07-01,0.434203,0.532785,-0.0985818,8.5251e-06,1.06389e-05,-2.11382e-06,0.228195,0.450956,-0.0818284,-1.47186e-06,0.0167934,0.0635232,0,0,1
2015-07-02,0.430597,0.529296,-0.0986989,8.4681e-06,1.06069e-05,-2.13879e-06,0.228195,0.44789,-0.0814058,-1.48102e-06,0.0270519,0.0636877,1,0,1
2015-07-07,0.429194,0.527683,-0.0984896,8.43157e-06,1.05209e-05,-2.08932e-06,0.228195,0.441955,-0.0857283,-1.61883e-06,0.0236202,0.0635605,0,0,1
2015-07-08,0.432605,0.529796,-0.097191,8.51356e-06,1.05857e-05,-2.07212e-06,0.228195,0.477031,-0.0527652,-4.70617e-07,0.0223457,0.063632,0,0,1
2015-07-09,0.429298,0.531557,-0.102259,8.42679e-06,1.0534e-05,-2.10722e-06,0.228195,0.463181,-0.0683764,-6.5302e-07,0.0198792,0.0641518,0,0,1
2015-07-10,0.431488,0.538102,-0.106614,8.46729e-06,1.05979e-05,-2.13056e-06,0.228195,0.47325,-0.0648521,-3.36434e-07,0.0294123,0.0640106,1,0,1
2015-07-14,0.440113,0.532726,-0.0926129,8.57885e-06,1.03656e-05,-1.78677e-06,0.228195,0.476232,-0.0564943,-9.8628e-08,0.0298926,0.0645332,1,0,1
2015-07-15,0.44026,0.534313,-0.0940536,8.58997e-06,1.03942e-05,-1.80421e-06,0.228195,0.46088,-0.0734332,-4.72608e-07,0.0356898,0.0642391,1,0,1
2015-07-16,0.441506,0.536104,-0.0945988,8.63637e-06,1.04426e-05,-1.80625e-06,0.228195,0.457058,-0.0790465,-6.59321e-07,0.0288714,0.0640406,1,0,1
2015-07-17,0.442252,0.537059,-0.094807,8.65161e-06,1.04649e-05,-1.81334e-06,0.228195,0.456595,-0.0804639,-7.26865e-07,0.0276172,0.0640891,1,0,1
2015-07-21,0.442229,0.54005,-0.0978211,8.65293e-06,1.05253e-05,-1.87233e-06,0.228195,0.447947,-0.0921025,-7.1131e-07,0.0202299,0.0640571,0,0,1
2015-07-22,0.432101,0.540636,-0.108536,8.30539e-06,1.05339e-05,-2.22854e-06,0.228195,0.443067,-0.0975691,-8.6869e-07,0.0240473,0.0639538,0,0,1
2015-07-23,0.433141,0.541939,-0.108798,8.34e-06,1.05801e-05,-2.24012e-06,0.228195,0.456706,-0.085233,-5.82287e-07,0.0227128,0.0638824,0,0,1
2015-07-28,0.432079,0.540415,-0.108337,8.33675e-06,1.05768e-05,-2.24009e-06,0.228195,0.452729,-0.0876867,-6.9251e-07,0.0220121,0.063977,0,0,1
2015-07-29,0.434374,0.53871,-0.104336,8.37987e-06,1.05284e-05,-2.14849e-06,0.228195,0.461354,-0.0773554,-6.39437e-07,0.0328273,0.0634116,1,0,1
2015-07-30,0.428045,0.534047,-0.106001,8.28951e-06,1.0501e-05,-2.21146e-06,0.228195,0.456987,-0.07706,-7.2057e-07,0.035321,0.0632895,1,0,1
2015-07-31,-0.00149117,0.534159,-0.53565,-2.7572e-08,1.05224e-05,-1.055e-05,-0.143128,0.0328019,-0.501357,-9.6462e-06,0.0316613,0.0642234,1,0,0
2015-08-04,0.000794094,0.532653,-0.531859,1.47138e-08,1.04969e-05,-1.04821e-05,-0.143128,0.0416982,-0.490954,-9.37499e-06,0.031886,0.0648063,1,0,0
2015-08-05,0.00704735,0.532024,-0.524976,1.30551e-07,1.05137e-05,-1.03832e-05,-0.143128,0.0476772,-0.484346,-9.22273e-06,0.0310549,0.0661796,1,0,0
2015-08-06,0.00667919,0.535764,-0.529085,1.23772e-07,1.056e-05,-1.04362e-05,-0.143128,0.0332051,-0.502559,-9.6475e-06,0.028882,0.066752,1,0,0
2015-08-07,0.0039673,0.535698,-0.53173,7.32939e-08,1.05369e-05,-1.04636e-05,-0.143128,0.0286559,-0.507042,-9.75033e-06,0.0330799,0.0665888,1,0,0
2015-08-11,0.00145092,0.535327,-0.533876,2.67565e-08,1.05306e-05,-1.05039e-05,-0.143128,0.0312626,-0.504064,-9.67196e-06,0.03516,0.066539,1,0,0
2015-08-12,0.00436131,0.535714,-0.531352,8.00102e-08,1.05385e-05,-1.04585e-05,-0.143128,0.0276035,-0.50811,-9.88952e-06,0.0314207,0.0631619,1,0,0
2015-08-13,0.00595616,0.515858,-0.509902,1.14377e-07,1.06531e-05,-1.05387e-05,-0.143128,0.0379222,-0.477935,-9.7407e-06,0.0291113,0.0637229,1,0,0
2015-08-14,0.0157365,0.523978,-0.508241,2.98963e-07,1.07442e-05,-1.04452e-05,-0.143128,0.0394118,-0.484566,-9.79602e-06,0.022412,0.0642453,0,0,0
2015-08-18,0.0192897,0.521445,-0.502155,3.65088e-07,1.06451e-05,-1.028e-05,-0.143128,0.0265819,-0.494863,-9.97909e-06,0.0198465,0.0650762,0,0,0
2015-08-19,0.0108079,0.517728,-0.50692,2.04331e-07,1.05939e-05,-1.03895e-05,-0.143128,-0.0127428,-0.530471,-1.09158e-05,0.00620751,0.0655806,0,0,0
2015-08-20,0.0181719,0.52163,-0.503458,3.46566e-07,1.07523e-05,-1.04057e-05,-0.143128,-0.00634498,-0.527975,-1.09121e-05,0.000176436,0.065592,0,0,0
2015-08-21,0.0164293,0.52205,-0.505621,3.14013e-07,1.07478e-05,-1.04338e-05,-0.143128,-0.0160163,-0.538066,-1.11484e-05,-0.017689,0.0638395,0,0,0
2015-08-25,0.0357751,0.529526,-0.493751,6.94349e-07,1.10803e-05,-1.03859e-05,-0.143128,-0.0311031,-0.560629,-1.18581e-05,-0.0154785,0.0636823,0,0,0
2015-08-26,0.0383674,0.531005,-0.492638,7.47065e-07,1.11345e-05,-1.03874e-05,-0.143128,0.0110653,-0.51994,-1.08592e-05,-0.0185347,0.0654011,0,0,0
2015-08-28,0.723483,0.52174,0.201743,1.54313e-05,1.10104e-05,4.42099e-06,0.558636,0.520222,-0.00151742,1.94048e-06,-0.014518,0.0647674,0,0,3
2015-09-01,0.724635,0.523848,0.200787,1.55076e-05,1.11164e-05,4.39112e-06,0.558636,0.518741,-0.00510754,1.74267e-06,-0.0197624,0.0633961,0,0,3
2015-09-02,0.726786,0.534229,0.192557,1.55899e-05,1.13899e-05,4.20004e-06,0.558636,0.516737,-0.0174916,1.41979e-06,-0.0215017,0.0637892,0,0,3
2015-09-03,0.725376,0.533419,0.191957,1.55436e-05,1.13704e-05,4.17323e-06,0.558636,0.513416,-0.0200039,1.28073e-06,-0.0145315,0.0638265,0,0,3
2015-09-04,0.726026,0.534848,0.191178,1.5571e-05,1.14163e-05,4.15464e-06,0.558636,0.497097,-0.0377514,8.14703e-07,-0.0182698,0.0624892,0,0,3
2015-09-09,0.728327,0.544518,0.183809,1.5705e-05,1.16768e-05,4.02815e-06,0.558636,0.48593,-0.0585878,6.73817e-08,-0.0265515,0.0615436,1,0,3
2015-09-10,0.729341,0.547841,0.1815,1.57847e-05,1.17923e-05,3.99241e-06,0.558636,0.486222,-0.0616193,2.05125e-08,-0.0209035,0.0614167,0,0,3
2015-09-11,0.729707,0.548272,0.181435,1.58161e-05,1.18123e-05,4.0038e-06,0.558636,0.496173,-0.0520993,5.08455e-08,-0.0199176,0.0610839,0,0,3
2015-09-15,0.72672,0.546152,0.180569,1.58322e-05,1.18246e-05,4.0076e-06,0.558636,0.495726,-0.0504253,6.39099e-08,-0.0141404,0.0618019,0,0,3
2015-09-16,0.72632,0.545649,0.180671,1.58276e-05,1.18155e-05,4.01215e-06,0.558636,0.496562,-0.049087,2.69664e-08,-0.00962568,0.0617141,0,0,3
2015-09-17,0.723773,0.54732,0.176454,1.5734e-05,1.18523e-05,3.88174e-06,0.558636,0.495493,-0.0518266,7.79892e-08,-0.0152698,0.0623097,0,0,3
2015-09-18,0.722044,0.546727,0.175317,1.5718e-05,1.18569e-05,3.8611e-06,0.558636,0.4962,-0.050527,1.99259e-07,-0.0175338,0.0626066,0,0,3
2015-09-22,0.722342,0.550379,0.171963,1.57408e-05,1.19123e-05,3.82852e-06,0.558636,0.480223,-0.0701565,-6.15517e-07,-0.0263961,0.0612875,1,0,3
2015-09-23,0.724423,0.553474,0.170949,1.5893e-05,1.20826e-05,3.81044e-06,0.558636,0.496302,-0.0571714,-3.26333e-07,-0.0277677,0.0612774,1,0,3
2015-09-25,0.722671,0.550872,0.171799,1.58759e-05,1.205e-05,3.82587e-06,0.558636,0.497937,-0.0529345,-2.87658e-07,-0.0188826,0.0605597,0,0,3
2015-09-29,0.724264,0.554425,0.169839,1.60704e-05,1.2229e-05,3.84136e-06,0.558636,0.497905,-0.0565198,-5.25443e-07,-0.0113375,0.0606465,0,0,3
2015-09-30,0.666843,0.55435,0.112493,1.83751e-05,1.22447e-05,6.13041e-06,0.353641,0.489289,-0.0650616,3.50386e-07,-0.00199893,0.0606156,0,0,2
2015-10-02,0.662856,0.555533,0.107323,1.82714e-05,1.23997e-05,5.87173e-06,0.353641,0.455321,-0.100212,-9.96935e-07,0.0112633,0.0590636,0,0,2
2015-10-06,0.661398,0.556173,0.105225,1.84562e-05,1.25572e-05,5.89896e-06,0.353641,0.429906,-0.126267,-2.28294e-06,0.0195019,0.0581796,0,0,2
2015-10-07,0.664635,0.560723,0.103912,1.87588e-05,1.28127e-05,5.94614e-06,0.353641,0.430949,-0.129774,-2.46864e-06,0.022424,0.0595317,0,0,2
2015-10-08,0.665204,0.560385,0.104819,1.87759e-05,1.27913e-05,5.98457e-06,0.353641,0.428197,-0.132188,-2.4828e-06,0.0270484,0.0596449,1,0,2
2015-10-09,0.664423,0.564137,0.100286,1.87167e-05,1.28485e-05,5.86813e-06,0.353641,0.39767,-0.166467,-3.05032e-06,0.0287012,0.0602926,1,0,2
2015-10-13,0.662143,0.562169,0.0999742,1.86745e-05,1.28126e-05,5.86193e-06,0.353641,0.398058,-0.16411,-2.93823e-06,0.0294166,0.0611223,1,0,2
2015-10-14,0.661754,0.562359,0.0993951,1.86586e-05,1.28223e-05,5.83626e-06,0.353641,0.414625,-0.147733,-2.28665e-06,0.0281251,0.0624376,1,0,2
2015-10-15,0.660661,0.561898,0.0987632,1.85478e-05,1.28127e-05,5.73518e-06,0.353641,0.416045,-0.145853,-2.20104e-06,0.0280831,0.0619812,1,0,2
2015-10-16,0.659728,0.562871,0.096857,1.84923e-05,1.28729e-05,5.61934e-06,0.353641,0.424606,-0.138265,-2.07036e-06,0.0240256,0.0619158,0,0,2
2015-10-20,0.658764,0.562181,0.0965832,1.84805e-05,1.28788e-05,5.60175e-06,0.353641,0.420925,-0.141256,-2.2392e-06,0.0264459,0.0661032,1,0,2
2015-10-21,0.659174,0.562757,0.0964171,1.85254e-05,1.29118e-05,5.61361e-06,0.353641,0.417002,-0.145754,-2.44342e-06,0.0179049,0.0658316,0,0,2
2015-10-22,0.66119,0.563297,0.0978933,1.83526e-05,1.28347e-05,5.51785e-06,0.353641,0.408568,-0.154729,-2.56791e-06,0.0270345,0.066217,1,0,2
2015-10-23,0.662194,0.565934,0.0962596,1.83944e-05,1.28827e-05,5.51164e-06,0.353641,0.410207,-0.155727,-2.79204e-06,0.0150597,0.0655122,0,0,2
2015-10-27,0.663011,0.567666,0.0953443,1.84617e-05,1.29678e-05,5.4939e-06,0.353641,0.416234,-0.151432,-2.81068e-06,0.00888018,0.0654421,0,0,2
2015-10-28,0.661391,0.566772,0.0946189,1.83369e-05,1.29639e-05,5.37297e-06,0.353641,0.411662,-0.15511,-2.98062e-06,0.0129592,0.0656867,0,0,2
2015-10-29,0.66171,0.569547,0.0921635,1.83714e-05,1.30294e-05,5.34195e-06,0.353641,0.451309,-0.118238,-2.39119e-06,0.0113618,0.0664,0,0,2
2015-10-30,0.632212,0.560288,0.0719239,1.3422e-05,1.28622e-05,5.59779e-07,0.208243,0.463692,-0.0965963,-3.19728e-06,0.0133329,0.0700767,0,0,2
2015-11-03,0.631603,0.558355,0.0732472,1.34222e-05,1.28464e-05,5.75768e-07,0.208243,0.462109,-0.0962466,-3.26837e-06,0.020726,0.0698789,0,0,2
2015-11-04,0.631208,0.557357,0.0738508,1.34404e-05,1.28054e-05,6.35008e-07,0.208243,0.447185,-0.110172,-3.40341e-06,0.0231214,0.0701186,0,0,2
2015-11-05,0.630988,0.556539,0.074449,1.34391e-05,1.27893e-05,6.49817e-07,0.208243,0.438798,-0.117741,-3.69785e-06,0.023801,0.0700473,0,0,2
2015-11-06,0.631686,0.556802,0.0748849,1.34881e-05,1.2827e-05,6.61045e-07,0.208243,0.450951,-0.105851,-3.31354e-06,0.0137952,0.0702949,0,0,2
2015-11-10,0.632287,0.556911,0.0753753,1.35032e-05,1.28325e-05,6.7075e-07,0.208243,0.437899,-0.119012,-3.79865e-06,0.0106755,0.0697093,0,0,2
2015-11-11,0.633702,0.555975,0.0777262,1.35794e-05,1.28505e-05,7.28936e-07,0.208243,0.468515,-0.0874601,-3.22558e-06,0.00543485,0.0697621,0,0,2
2015-11-12,0.627866,0.550418,0.0774486,1.3491e-05,1.27629e-05,7.28091e-07,0.208243,0.485848,-0.0645692,-1.84813e-06,0.00107578,0.0727697,0,0,2
2015-11-13,0.628438,0.549201,0.0792373,1.35003e-05,1.27004e-05,7.99947e-07,0.208243,0.478921,-0.0702799,-1.99272e-06,-0.00968452,0.072589,0,0,2
2015-11-17,0.629023,0.549589,0.0794337,1.35055e-05,1.27305e-05,7.75048e-07,0.208243,0.498187,-0.0514016,-1.72757e-06,-0.00614596,0.0727237,0,0,2
2015-11-18,0.62426,0.544803,0.0794571,1.34366e-05,1.26335e-05,8.03168e-07,0.208243,0.535671,-0.00913221,1.63671e-07,-0.0107827,0.0767058,0,0,2
2015-11-19,0.62567,0.543303,0.0823665,1.34657e-05,1.25564e-05,9.09303e-07,0.208243,0.532318,-0.0109852,1.82567e-07,-0.0133348,0.0767417,0,0,2
2015-11-20,0.626003,0.543176,0.0828278,1.34566e-05,1.25312e-05,9.2538e-07,0.208243,0.527152,-0.0160237,-9.19331e-08,-0.0140719,0.0763683,0,0,2
2015-11-24,0.625806,0.544411,0.0813943,1.34096e-05,1.25881e-05,8.2152e-07,0.208243,0.535049,-0.00936281,2.62544e-07,-0.0107509,0.077564,0,0,2
2015-11-25,0.490241,0.546825,-0.0565834,1.27443e-05,1.26256e-05,1.18655e-07,0.156081,0.466228,-0.0805963,3.75616e-07,-0.011104,0.0778289,0,0,2
2015-12-01,0.490519,0.545757,-0.0552378,1.27773e-05,1.25684e-05,2.0887e-07,0.156081,0.473291,-0.0724652,4.0411e-07,-0.00641695,0.0773357,0,0,2
2015-12-02,0.490214,0.543617,-0.0534033,1.28411e-05,1.25596e-05,2.81567e-07,0.156081,0.467278,-0.0763388,-9.99836e-08,-0.0142382,0.0760945,0,0,2
2015-12-03,0.494525,0.549919,-0.0553936,1.30145e-05,1.27674e-05,2.47075e-07,0.156081,0.454951,-0.0949672,-8.84719e-07,-0.00346688,0.0753849,0,0,2
2015-12-04,0.495362,0.552596,-0.0572338,1.30879e-05,1.29269e-05,1.60963e-07,0.156081,0.470697,-0.0818993,-4.13049e-07,0.00196915,0.0757376,0,0,2
2015-12-08,0.496756,0.552536,-0.0557804,1.31321e-05,1.29666e-05,1.65524e-07,0.156081,0.499657,-0.0528788,1.10765e-06,-0.00371961,0.0781103,0,0,2
2015-12-09,0.494625,0.551543,-0.0569178,1.30472e-05,1.28904e-05,1.56768e-07,0.156081,0.500227,-0.0513162,1.35541e-06,-0.00902706,0.0790921,0,0,2
2015-12-10,0.493055,0.551538,-0.0584825,1.29712e-05,1.28865e-05,8.47146e-08,0.156081,0.496091,-0.0554467,1.44457e-06,-0.0133607,0.0791836,0,0,2
2015-12-11,0.491881,0.549936,-0.0580543,1.29411e-05,1.28623e-05,7.88417e-08,0.156081,0.527675,-0.022261,3.49015e-06,-0.0174554,0.0843951,0,0,2
2015-12-15,0.491425,0.552468,-0.0610432,1.29052e-05,1.29576e-05,-5.2317e-08,0.156081,0.533132,-0.019336,3.79478e-06,-0.0267092,0.0858403,1,0,2
2015-12-16,0.493038,0.556244,-0.0632065,1.29731e-05,1.3067e-05,-9.39296e-08,0.156081,0.546182,-0.0100623,3.83626e-06,-0.0299345,0.085516,1,0,2
2015-12-18,0.487792,0.547398,-0.0596056,1.295e-05,1.29841e-05,-3.41442e-08,0.156081,0.558767,0.0113694,4.11998e-06,-0.0291936,0.0873515,1,0,2
2015-12-22,0.490612,0.547065,-0.0564527,1.31449e-05,1.31168e-05,2.80807e-08,0.156081,0.559443,0.012378,4.14355e-06,-0.0285961,0.0879819,1,0,2
2015-12-23,0.489345,0.545313,-0.0559679,1.31218e-05,1.30713e-05,5.04561e-08,0.156081,0.553493,0.0081798,3.91145e-06,-0.0167293,0.087986,0,0,2
2015-12-24,0.491065,0.547143,-0.0560778,1.32236e-05,1.31675e-05,5.60262e-08,0.156081,0.555189,0.00804622,3.797e-06,-0.00732178,0.0879291,0,0,2
2015-12-29,0.489215,0.545316,-0.0561008,1.3201e-05,1.31509e-05,5.00485e-08,0.156081,0.544316,-0.000999746,3.33807e-06,0.00303901,0.0876504,0,0,2
2015-12-30,0.493898,0.549337,-0.055439,1.34424e-05,1.33873e-05,5.50573e-08,0.156081,0.557407,0.00807016,3.97737e-06,-0.00501925,0.0898082,0,0,2
2015-12-31,0.747558,0.550234,0.197324,1.72176e-05,1.34317e-05,3.78591e-06,0.348317,0.803972,0.253738,6.51679e-06,-0.00792095,0.0898471,0,0,3
2016-01-05,0.747817,0.550521,0.197296,1.72065e-05,1.34495e-05,3.757e-06,0.348317,0.792076,0.241555,6.10601e-06,-0.0102054,0.0906944,0,0,3
2016-01-06,0.749271,0.549203,0.200068,1.7294e-05,1.33843e-05,3.9097e-06,0.348317,0.790805,0.241602,6.46771e-06,-0.0124315,0.0905127,0,0,3
2016-01-07,0.746216,0.546648,0.199568,1.72555e-05,1.31696e-05,4.08592e-06,0.348317,0.7708,0.224152,6.35028e-06,-0.0120345,0.0922351,0,0,3
2016-01-08,0.746201,0.5444,0.201802,1.72761e-05,1.30841e-05,4.19203e-06,0.348317,0.770686,0.226287,6.42706e-06,0.000961633,0.0922862,0,0,3
2016-01-12,0.745837,0.544264,0.201573,1.72572e-05,1.30826e-05,4.17459e-06,0.348317,0.771067,0.226803,6.60938e-06,0.00284283,0.0922835,0,0,3
2016-01-13,0.7486,0.54441,0.20419,1.72965e-05,1.30569e-05,4.23959e-06,0.348317,0.771249,0.226839,6.65105e-06,0.00886713,0.0927014,0,0,3
2016-01-14,0.748248,0.546009,0.202239,1.72972e-05,1.3084e-05,4.2132e-06,0.348317,0.774326,0.228317,6.74042e-06,0.00722755,0.0923889,0,0,3
2016-01-20,0.748709,0.550978,0.197731,1.73456e-05,1.31807e-05,4.16484e-06,0.348317,0.776009,0.225032,6.85498e-06,0.00725808,0.0924328,0,0,3
2016-01-21,0.748665,0.550783,0.197882,1.735e-05,1.31652e-05,4.18488e-06,0.348317,0.793437,0.242654,8.43835e-06,0.0078892,0.0940657,0,0,3
2016-01-26,0.749433,0.554294,0.195138,1.74095e-05,1.32787e-05,4.13082e-06,0.348317,0.79183,0.237536,7.92647e-06,0.00830986,0.0937078,0,0,3
2016-01-27,0.750944,0.558127,0.192817,1.74992e-05,1.33926e-05,4.1066e-06,0.348317,0.779895,0.221767,7.47377e-06,0.00117355,0.0934625,0,0,3
2016-01-28,0.748367,0.56212,0.186247,1.72672e-05,1.34981e-05,3.76906e-06,0.348317,0.780177,0.218058,7.46593e-06,0.00189058,0.0938593,0,0,3
2016-01-29,0.935108,0.556422,0.378686,3.26203e-05,1.31767e-05,1.94435e-05,0.78656,0.950478,0.394057,2.97367e-05,0.00312135,0.0936989,0,0,4
2016-02-02,0.935518,0.558092,0.377425,3.28105e-05,1.32589e-05,1.95516e-05,0.78656,0.953701,0.395609,2.9588e-05,-0.00423534,0.0938428,0,0,4
2016-02-03,0.933679,0.559364,0.374315,3.25219e-05,1.3295e-05,1.92269e-05,0.78656,0.954331,0.394967,2.94114e-05,-0.0019993,0.0931556,0,0,4
2016-02-04,0.934321,0.562468,0.371853,3.27097e-05,1.34701e-05,1.92397e-05,0.78656,0.956393,0.393925,2.95835e-05,-0.00163227,0.0928749,0,0,4
2016-02-05,0.933463,0.564868,0.368595,3.25636e-05,1.35169e-05,1.90467e-05,0.78656,0.956656,0.391788,2.96911e-05,-0.00991265,0.0921676,0,0,4
2016-02-09,0.93442,0.56796,0.36646,3.27257e-05,1.3681e-05,1.90447e-05,0.78656,0.955306,0.387346,2.86436e-05,-0.02758,0.0909485,1,0,4
2016-02-10,0.934606,0.572232,0.362374,3.28116e-05,1.38663e-05,1.89453e-05,0.78656,0.955804,0.383572,3.00087e-05,-0.0281939,0.0908825,1,0,4
2016-02-11,0.934777,0.570256,0.364522,3.276e-05,1.37523e-05,1.90076e-05,0.78656,0.956267,0.386011,3.05988e-05,-0.0265362,0.0909829,1,0,4
2016-02-12,0.934915,0.572673,0.362242,3.28162e-05,1.38461e-05,1.89701e-05,0.78656,0.957934,0.385261,3.06629e-05,-0.00945907,0.090964,0,0,4
2016-02-17,0.934631,0.575806,0.358825,3.28838e-05,1.39649e-05,1.89188e-05,0.78656,0.957429,0.381623,3.01102e-05,-0.0020901,0.0903789,0,0,4
2016-02-18,0.935831,0.575878,0.359952,3.29588e-05,1.39495e-05,1.90093e-05,0.78656,0.956885,0.381007,3.03676e-05,-0.00556576,0.0903229,0,0,4
2016-02-19,0.936563,0.571682,0.364881,3.28839e-05,1.37124e-05,1.91715e-05,0.78656,0.955543,0.383861,3.04421e-05,-0.00205483,0.0901964,0,0,4
2016-02-23,0.936341,0.569371,0.36697,3.26096e-05,1.36024e-05,1.90072e-05,0.78656,0.952773,0.383402,2.88114e-05,-0.0113301,0.0866562,0,0,4
2016-02-24,0.938743,0.577995,0.360748,3.31755e-05,1.4084e-05,1.90916e-05,0.78656,0.956254,0.378259,3.16585e-05,-0.0112861,0.0873034,0,0,4
2016-02-25,0.938584,0.577814,0.36077,3.30512e-05,1.40502e-05,1.9001e-05,0.78656,0.95594,0.378126,3.13441e-05,-0.016132,0.0868531,0,0,4
2016-02-26,0.760119,0.577015,0.183104,2.54174e-05,1.4004e-05,1.14134e-05,0.343983,0.852685,0.27567,2.58604e-05,-0.0166164,0.0865334,0,0,3
2016-03-01,0.759673,0.578339,0.181334,2.53527e-05,1.40413e-05,1.13115e-05,0.343983,0.84792,0.269581,2.63789e-05,-0.0235791,0.0872558,0,0,3
2016-03-02,0.759469,0.578477,0.180992,2.51827e-05,1.40256e-05,1.11571e-05,0.343983,0.847209,0.268732,2.68237e-05,-0.0291965,0.0875813,1,0,3
2016-03-03,0.758557,0.580284,0.178274,2.50771e-05,1.41111e-05,1.09661e-05,0.343983,0.847163,0.266879,2.67197e-05,-0.0310413,0.0872908,1,0,3
2016-03-04,0.75897,0.581283,0.177687,2.51354e-05,1.41688e-05,1.09666e-05,0.343983,0.842987,0.261704,2.50983e-05,-0.0182465,0.0852204,0,0,3
2016-03-08,0.760504,0.58684,0.173665,2.53299e-05,1.44929e-05,1.08369e-05,0.343983,0.841873,0.255033,2.46791e-05,-0.0355944,0.0852209,1,0,3
2016-03-09,0.75818,0.58618,0.172,2.50129e-05,1.43776e-05,1.06353e-05,0.343983,0.842503,0.256323,2.51403e-05,-0.0425434,0.0850333,1,0,3
2016-03-10,0.757481,0.588098,0.169383,2.50491e-05,1.44492e-05,1.05999e-05,0.343983,0.847384,0.259286,2.6681e-05,-0.0330879,0.0846123,1,0,3
2016-03-11,0.757036,0.592494,0.164542,2.49656e-05,1.45309e-05,1.04347e-05,0.343983,0.849157,0.256664,2.839e-05,-0.0186975,0.0842924,0,0,3
2016-03-15,0.757341,0.594205,0.163136,2.50347e-05,1.45905e-05,1.04442e-05,0.343983,0.836642,0.242437,2.82968e-05,-0.029149,0.0839817,1,0,3
2016-03-16,0.757343,0.594063,0.16328,2.50664e-05,1.46087e-05,1.04577e-05,0.343983,0.819956,0.225893,2.8871e-05,-0.0238723,0.0842866,0,0,3
2016-03-17,0.757341,0.594337,0.163004,2.50517e-05,1.45951e-05,1.04566e-05,0.343983,0.814809,0.220472,2.73961e-05,-0.0147948,0.0816206,0,0,3
2016-03-18,0.757903,0.59925,0.158653,2.51886e-05,1.4943e-05,1.02455e-05,0.343983,0.830423,0.231174,3.00726e-05,-0.0235693,0.0814595,0,0,3
2016-03-22,0.758934,0.600883,0.158051,2.52203e-05,1.49712e-05,1.02491e-05,0.343983,0.842657,0.241774,3.33448e-05,-0.010758,0.0813135,0,0,3
2016-03-23,0.758467,0.612164,0.146302,2.5221e-05,1.51716e-05,1.00494e-05,0.343983,0.837655,0.225491,3.1687e-05,-0.0214573,0.0773743,0,0,3
2016-03-24,0.762491,0.621445,0.141046,2.57476e-05,1.57057e-05,1.0042e-05,0.343983,0.840419,0.218974,3.11955e-05,-0.0160248,0.0773401,0,0,3
2016-03-29,0.762363,0.619652,0.14271,2.56961e-05,1.56797e-05,1.00164e-05,0.343983,0.842271,0.222618,3.15755e-05,-0.0161777,0.0772909,0,0,3
2016-03-30,0.762901,0.619827,0.143074,2.57191e-05,1.56928e-05,1.00263e-05,0.343983,0.825703,0.205876,3.05178e-05,-0.0325546,0.0763498,1,0,3
2016-03-31,0.685005,0.621734,0.0632709,2.06541e-05,1.57599e-05,4.89416e-06,0.128956,0.744192,0.122458,2.29526e-05,-0.034583,0.0762261,1,0,2
2016-04-05,0.68186,0.618116,0.0637442,2.05899e-05,1.57329e-05,4.85707e-06,0.128956,0.751749,0.133633,2.31549e-05,-0.036945,0.0761836,1,0,2
2016-04-06,0.678502,0.614483,0.0640196,2.04183e-05,1.55543e-05,4.86404e-06,0.128956,0.753797,0.139314,2.38192e-05,-0.0331727,0.0762831,1,0,2
2016-04-07,0.678281,0.614842,0.0634394,2.03979e-05,1.55587e-05,4.83912e-06,0.128956,0.753852,0.13901,2.39658e-05,-0.0401258,0.0762185,1,0,2
2016-04-08,0.674035,0.608343,0.0656924,1.99847e-05,1.51456e-05,4.83911e-06,0.128956,0.751278,0.142934,2.42468e-05,-0.0327881,0.0771884,1,0,2
2016-04-12,0.674802,0.609912,0.0648898,2.00962e-05,1.52547e-05,4.84149e-06,0.128956,0.744363,0.134451,2.2802e-05,-0.013818,0.0750636,0,0,2
2016-04-13,0.67846,0.615044,0.0634159,2.04498e-05,1.55871e-05,4.86271e-06,0.128956,0.740305,0.125261,2.19376e-05,-0.0100137,0.0740141,0,0,2
2016-04-14,0.678862,0.618643,0.0602188,2.05098e-05,1.57697e-05,4.74006e-06,0.128956,0.736227,0.117584,2.17926e-05,-0.0133303,0.0739866,0,0,2
2016-04-19,0.676724,0.613868,0.0628551,2.03114e-05,1.54533e-05,4.85816e-06,0.128956,0.712335,0.0984669,1.79414e-05,-0.0021304,0.0668868,0,0,2
2016-04-20,0.686591,0.626142,0.0604484,2.12672e-05,1.6347e-05,4.92024e-06,0.128956,0.702884,0.076742,1.52983e-05,0.00460884,0.0636314,0,0,2
2016-04-21,0.692232,0.63191,0.0603227,2.17174e-05,1.6777e-05,4.94043e-06,0.128956,0.692529,0.0606191,1.43348e-05,-0.00455356,0.0629678,0,0,2
2016-04-22,0.692798,0.633566,0.0592315,2.17292e-05,1.68688e-05,4.86039e-06,0.128956,0.681606,0.0480398,1.2716e-05,-0.0170557,0.0614532,0,0,2
2016-04-26,0.695509,0.636396,0.0591125,2.20025e-05,1.70873e-05,4.91523e-06,0.128956,0.676417,0.0400207,1.17498e-05,-0.0101586,0.0600234,0,0,2
2016-04-27,0.696163,0.640323,0.05584,2.21313e-05,1.72691e-05,4.86214e-06,0.128956,0.674967,0.0346434,1.16458e-05,-0.0190353,0.0602302,0,0,2
2016-04-28,0.69613,0.6424,0.0537302,2.21486e-05,1.73346e-05,4.81399e-06,0.128956,0.693708,0.0513083,1.21181e-05,-0.0168243,0.0602696,0,0,2
2016-04-29,0.568274,0.635243,-0.066969,1.75304e-05,1.72091e-05,3.2128e-07,0.212721,0.667956,0.0327132,1.14269e-05,-0.014615,0.0589568,0,0,2
2016-05-03,0.563475,0.632251,-0.0687755,1.73903e-05,1.71544e-05,2.35939e-07,0.212721,0.656225,0.0239744,1.04727e-05,-0.0214341,0.0556321,0,0,2
2016-05-04,0.56995,0.637544,-0.0675939,1.77644e-05,1.75431e-05,2.21338e-07,0.212721,0.635945,-0.00159902,9.83156e-06,-0.0195842,0.0574512,0,0,2
2016-05-05,0.561007,0.637491,-0.0764835,1.71665e-05,1.72869e-05,-1.20412e-07,0.212721,0.64148,0.00398918,1.04013e-05,-0.0248975,0.0570368,0,0,2
2016-05-06,0.563007,0.633522,-0.0705159,1.73089e-05,1.72494e-05,5.94577e-08,0.212721,0.641305,0.00778205,1.04316e-05,-0.0230961,0.0569059,0,0,2
2016-05-10,0.563155,0.633486,-0.0703311,1.73221e-05,1.72467e-05,7.543e-08,0.212721,0.62876,-0.00472601,9.44079e-06,-0.0111527,0.053338,0,0,2
2016-05-11,0.568685,0.638057,-0.069371,1.77123e-05,1.76156e-05,9.66799e-08,0.212721,0.653955,0.0158987,9.86004e-06,-0.0162677,0.0536709,0,0,2
2016-05-12,0.562622,0.626803,-0.0641803,1.75923e-05,1.7291e-05,3.01347e-07,0.212721,0.655745,0.0289421,1.04225e-05,-0.0105774,0.0537233,0,0,2
2016-05-13,0.563159,0.629122,-0.0659623,1.75395e-05,1.73306e-05,2.08973e-07,0.212721,0.658969,0.0298471,1.04733e-05,-0.0115746,0.0542181,0,0,2
2016-05-17,0.563329,0.635179,-0.0718501,1.75591e-05,1.7399e-05,1.60143e-07,0.212721,0.630166,-0.00501261,9.89103e-06,-0.00956778,0.0536512,0,0,2
2016-05-18,0.564601,0.635107,-0.0705056,1.76448e-05,1.73891e-05,2.55612e-07,0.212721,0.63541,0.000302803,1.06509e-05,-0.00634922,0.0543469,0,0,2
2016-05-19,0.566765,0.636061,-0.0692952,1.76851e-05,1.74041e-05,2.81024e-07,0.212721,0.621438,-0.0146224,9.44409e-06,-0.0214141,0.0511518,0,0,2
2016-05-20,0.570452,0.639259,-0.0688072,1.79668e-05,1.77248e-05,2.42001e-07,0.212721,0.621193,-0.0180668,9.05271e-06,-0.0180402,0.0508786,0,0,2
2016-05-24,0.57121,0.639445,-0.0682349,1.79087e-05,1.77458e-05,1.62911e-07,0.212721,0.618165,-0.0212796,8.92674e-06,-0.0126424,0.0508208,0,0,2
2016-05-25,0.58442,0.632761,-0.0483409,1.81161e-05,1.72513e-05,8.64816e-07,0.212721,0.625264,-0.00749655,1.03615e-05,-0.00648979,0.0501701,0,0,2
2016-05-26,0.585353,0.634287,-0.0489338,1.81859e-05,1.73414e-05,8.44526e-07,0.212721,0.623835,-0.0104522,1.00829e-05,-0.00373378,0.0497433,0,0,2
2016-05-27,0.0143319,0.627316,-0.612984,2.66943e-07,1.67884e-05,-1.65215e-05,-0.4577,-0.362249,-0.989566,-2.52291e-05,0.000998097,0.0489509,0,0,0
2016-06-01,0.00905831,0.62666,-0.617602,1.68925e-07,1.6741e-05,-1.65721e-05,-0.4577,-0.367952,-0.994612,-2.52682e-05,0.00392241,0.048714,0,0,0
2016-06-02,0.0129249,0.624133,-0.611208,2.40247e-07,1.66921e-05,-1.64519e-05,-0.4577,-0.359876,-0.984008,-2.5013e-05,0.001995,0.0487634,0,0,0
2016-06-03,0.0106262,0.620513,-0.609887,1.97535e-07,1.66279e-05,-1.64304e-05,-0.4577,-0.381152,-1.00167,-2.50766e-05,0.0105112,0.0475965,0,0,0
2016-06-07,0.00284683,0.607813,-0.604966,5.3124e-08,1.62665e-05,-1.62134e-05,-0.4577,-0.444406,-1.05222,-2.72493e-05,0.00886677,0.0477619,0,0,0
2016-06-08,0.00551378,0.606971,-0.601458,1.02622e-07,1.62043e-05,-1.61017e-05,-0.4577,-0.445561,-1.05253,-2.7019e-05,0.0126535,0.0472808,0,0,0
2016-06-09,0.00575225,0.602584,-0.596832,1.07491e-07,1.60723e-05,-1.59648e-05,-0.4577,-0.443597,-1.04618,-2.68002e-05,0.00959806,0.0473366,0,0,0
2016-06-10,0.00430838,0.599722,-0.595414,8.04622e-08,1.59468e-05,-1.58663e-05,-0.4577,-0.445962,-1.04568,-2.66947e-05,0.00565384,0.0471114,0,0,0
2016-06-14,0.0120942,0.598166,-0.586072,2.24931e-07,1.58539e-05,-1.5629e-05,-0.4577,-0.446323,-1.04449,-2.66145e-05,0.00507788,0.0470708,0,0,0
2016-06-15,0.0166548,0.5978,-0.581145,3.07807e-07,1.584e-05,-1.55322e-05,-0.4577,-0.44183,-1.03963,-2.65205e-05,0.00397952,0.0481832,0,0,0
2016-06-16,0.0162959,0.596693,-0.580397,3.01131e-07,1.57772e-05,-1.5476e-05,-0.4577,-0.41252,-1.00921,-2.58516e-05,0.00493281,0.0485975,0,0,0
2016-06-17,0.0157615,0.593825,-0.578064,2.91886e-07,1.56991e-05,-1.54072e-05,-0.4577,-0.447158,-1.04098,-2.68585e-05,0.0113112,0.0479188,0,0,0
2016-06-21,0.0169299,0.593356,-0.576426,3.15501e-07,1.57115e-05,-1.5396e-05,-0.4577,-0.466136,-1.05949,-2.70163e-05,0.0075774,0.046906,0,0,0
2016-06-22,0.0142963,0.589894,-0.575598,2.6606e-07,1.57106e-05,-1.54446e-05,-0.4577,-0.472309,-1.0622,-2.69893e-05,0.00624267,0.0467911,0,0,0
2016-06-23,0.00873909,0.584681,-0.575942,1.6295e-07,1.56416e-05,-1.54786e-05,-0.4577,-0.454987,-1.03967,-2.64786e-05,0.0107645,0.0465477,0,0,0
2016-06-24,0.00165087,0.576741,-0.575091,3.09573e-08,1.54354e-05,-1.54045e-05,-0.4577,-0.350357,-0.927098,-2.22855e-05,-0.00276253,0.0454662,0,0,0
2016-06-28,-0.0484112,0.524738,-0.57315,-9.55083e-07,1.4577e-05,-1.55321e-05,-0.4577,-0.384515,-0.909254,-2.20324e-05,0.00525971,0.0439658,0,0,0
2016-06-29,-0.0432351,0.52501,-0.568245,-8.60916e-07,1.46474e-05,-1.55083e-05,-0.4577,-0.388777,-0.913787,-2.22752e-05,0.00456637,0.0441652,0,0,0
2016-06-30,-0.651961,0.522186,-1.17415,-1.10054e-05,1.45147e-05,-2.55201e-05,-0.71389,-0.750075,-1.27226,-2.81298e-05,0.00219705,0.0439707,0,0,0
2016-07-01,-0.64965,0.52076,-1.17041,-1.10079e-05,1.44153e-05,-2.54232e-05,-0.71389,-0.740612,-1.26137,-2.73907e-05,-0.000815088,0.0439164,0,0,0
2016-07-06,-0.648865,0.509702,-1.15857,-1.09953e-05,1.41738e-05,-2.51691e-05,-0.71389,-0.742233,-1.25193,-2.72122e-05,-0.0012554,0.0438855,0,0,0
2016-07-07,-0.649248,0.509124,-1.15837,-1.10304e-05,1.41556e-05,-2.51861e-05,-0.71389,-0.757976,-1.2671,-2.83347e-05,-0.00124765,0.0438973,0,0,0
2016-07-08,-0.650398,0.505137,-1.15553,-1.10401e-05,1.39643e-05,-2.50044e-05,-0.71389,-0.751531,-1.25667,-2.80109e-05,-0.0095458,0.0440014,0,0,0
2016-07-12,-0.648954,0.504068,-1.15302,-1.09665e-05,1.39065e-05,-2.4873e-05,-0.71389,-0.763673,-1.26774,-2.84606e-05,-0.00617533,0.0438915,0,0,0
2016-07-13,-0.648264,0.502682,-1.15095,-1.09626e-05,1.38096e-05,-2.47722e-05,-0.71389,-0.777819,-1.2805,-2.84822e-05,-0.014278,0.0437393,0,0,0
2016-07-14,-0.644575,0.502762,-1.14734,-1.09338e-05,1.38409e-05,-2.47748e-05,-0.71389,-0.787558,-1.29032,-2.91599e-05,-0.0113436,0.0443569,0,0,0
2016-07-15,-0.647331,0.509532,-1.15686,-1.09213e-05,1.3778e-05,-2.46993e-05,-0.71389,-0.784865,-1.2944,-2.90747e-05,-0.0119387,0.0447028,0,0,0
2016-07-19,-0.647356,0.508955,-1.15631,-1.09146e-05,1.37677e-05,-2.46823e-05,-0.71389,-0.805032,-1.31399,-3.12808e-05,-0.00923386,0.0448272,0,0,0
2016-07-20,-0.648581,0.507211,-1.15579,-1.09403e-05,1.37354e-05,-2.46756e-05,-0.71389,-0.793925,-1.30114,-3.1268e-05,-0.00141831,0.0451694,0,0,0
2016-07-21,-0.648544,0.509946,-1.15849,-1.09481e-05,1.37813e-05,-2.47294e-05,-0.71389,-0.792374,-1.30232,-3.11144e-05,0.00353344,0.0456588,0,0,0
2016-07-22,-0.649449,0.506838,-1.15629,-1.09802e-05,1.36689e-05,-2.46491e-05,-0.71389,-0.79682,-1.30366,-3.09865e-05,0.00690232,0.0455969,0,0,0
2016-07-26,-0.654281,0.506894,-1.16117,-1.10679e-05,1.36637e-05,-2.47316e-05,-0.71389,-0.807195,-1.31409,-3.11567e-05,0.00406578,0.0452668,0,0,0
2016-07-27,-0.653597,0.500222,-1.15382,-1.09556e-05,1.32607e-05,-2.42164e-05,-0.71389,-0.813259,-1.31348,-3.10424e-05,-0.00119109,0.0450283,0,0,0
2016-07-28,-0.652369,0.49524,-1.14761,-1.09567e-05,1.30249e-05,-2.39816e-05,-0.71389,-0.816343,-1.31158,-3.11995e-05,-0.00383046,0.0449352,0,0,0
2016-07-29,0.10333,0.484219,-0.380889,2.37033e-06,1.28351e-05,-1.04648e-05,0.0660628,0.0939024,-0.390317,-1.03794e-05,-0.0107918,0.0456366,0,0,1
2016-08-02,0.0945864,0.476416,-0.381829,2.16384e-06,1.26522e-05,-1.04884e-05,0.0660628,0.0869655,-0.38945,-1.03402e-05,-0.0114166,0.045396,0,0,1
2016-08-03,0.0968081,0.472689,-0.375881,2.21238e-06,1.24677e-05,-1.02554e-05,0.0660628,0.057462,-0.415227,-1.09818e-05,0.00162975,0.0425072,0,0,1
2016-08-04,0.107695,0.4772,-0.369505,2.4985e-06,1.27193e-05,-1.02208e-05,0.0660628,0.0515863,-0.425614,-1.13826e-05,0.000403282,0.0425316,0,0,1
2016-08-05,0.105628,0.474822,-0.369193,2.45232e-06,1.26607e-05,-1.02083e-05,0.0660628,0.0744724,-0.400349,-1.069e-05,0.000618557,0.0425563,0,0,1
2016-08-09,0.0971531,0.473941,-0.376788,2.24097e-06,1.26447e-05,-1.04038e-05,0.0660628,0.0920725,-0.381869,-1.00825e-05,-0.00184409,0.0424814,0,0,1
2016-08-10,0.0939445,0.471364,-0.37742,2.15522e-06,1.24865e-05,-1.03313e-05,0.0660628,0.0893475,-0.382017,-1.00007e-05,-0.00273347,0.0424692,0,0,1
2016-08-11,0.0943634,0.470631,-0.376267,2.16747e-06,1.2439e-05,-1.02715e-05,0.0660628,0.0859499,-0.384681,-1.00457e-05,-0.00294998,0.0424192,0,0,1
2016-08-12,0.0928504,0.470478,-0.377628,2.13063e-06,1.24322e-05,-1.03016e-05,0.0660628,0.0795595,-0.390919,-1.02007e-05,-0.00214134,0.0430733,0,0,1
2016-08-16,0.0920391,0.471369,-0.37933,2.11289e-06,1.24478e-05,-1.03349e-05,0.0660628,0.0508804,-0.420489,-1.10733e-05,0.0052476,0.0404385,0,0,1
2016-08-17,0.0977789,0.472281,-0.374502,2.26013e-06,1.24634e-05,-1.02033e-05,0.0660628,0.0582278,-0.414054,-1.08873e-05,0.00285368,0.0413262,0,0,1
2016-08-18,0.0960694,0.470703,-0.374633,2.22428e-06,1.24346e-05,-1.02103e-05,0.0660628,0.0644267,-0.406276,-1.07443e-05,0.00834896,0.0412571,0,0,1
2016-08-19,0.0952546,0.464123,-0.368868,2.21698e-06,1.22813e-05,-1.00643e-05,0.0660628,0.0677667,-0.396356,-1.05096e-05,0.00481769,0.0411031,0,0,1
2016-08-23,0.0969087,0.461982,-0.365073,2.23691e-06,1.22489e-05,-1.0012e-05,0.0660628,0.07109,-0.390892,-1.03867e-05,0.00319549,0.0417829,0,0,1
2016-08-24,0.0985391,0.460993,-0.362454,2.26863e-06,1.22152e-05,-9.94654e-06,0.0660628,0.0832792,-0.377714,-1.00608e-05,0.00375454,0.0424183,0,0,1
2016-08-26,0.0937275,0.455914,-0.362187,2.16836e-06,1.21066e-05,-9.93819e-06,0.0660628,0.0536791,-0.402235,-1.0741e-05,-0.00546615,0.0405196,0,0,1
2016-08-30,0.0992668,0.459815,-0.360548,2.31958e-06,1.22786e-05,-9.95904e-06,0.0660628,0.0494352,-0.41038,-1.10445e-05,-0.0103101,0.0389089,0,0,1
2016-08-31,-0.460502,0.456437,-0.916938,-1.17395e-05,1.22667e-05,-2.40063e-05,-0.71861,-0.541343,-0.99778,-2.56013e-05,-0.00640757,0.0393805,0,0,0
2016-09-01,-0.463648,0.453618,-0.917266,-1.17922e-05,1.21231e-05,-2.39154e-05,-0.71861,-0.522004,-0.975621,-2.45472e-05,-0.010094,0.0398758,0,0,0
2016-09-02,-0.469481,0.440662,-0.910143,-1.20183e-05,1.18158e-05,-2.38342e-05,-0.71861,-0.502857,-0.943519,-2.31142e-05,-0.00837795,0.0399176,0,0,0
2016-09-07,-0.47231,0.427463,-0.899773,-1.21936e-05,1.15931e-05,-2.37867e-05,-0.71861,-0.504093,-0.931556,-2.29014e-05,-0.00662429,0.0399896,0,0,0
2016-09-08,-0.476105,0.428473,-0.904579,-1.22863e-05,1.16121e-05,-2.38984e-05,-0.71861,-0.544614,-0.973087,-2.37868e-05,0.00114034,0.0385375,0,0,0
2016-09-09,-0.468714,0.430777,-0.899492,-1.21561e-05,1.1722e-05,-2.38781e-05,-0.71861,-0.52903,-0.959808,-2.36643e-05,6.60878e-05,0.0384055,0,0,0
2016-09-13,-0.464018,0.425012,-0.88903,-1.18423e-05,1.14685e-05,-2.33108e-05,-0.71861,-0.553756,-0.978768,-2.37165e-05,-0.00323735,0.0371561,0,0,0
2016-09-14,-0.458416,0.426388,-0.884804,-1.17286e-05,1.15385e-05,-2.32671e-05,-0.71861,-0.539398,-0.965786,-2.34654e-05,-0.00555772,0.0371423,0,0,0
2016-09-15,-0.458349,0.424582,-0.882931,-1.15829e-05,1.15049e-05,-2.30878e-05,-0.71861,-0.540018,-0.9646,-2.34635e-05,-0.00775321,0.0371495,0,0,0
2016-09-16,-0.458696,0.423564,-0.88226,-1.15501e-05,1.14463e-05,-2.29964e-05,-0.71861,-0.546624,-0.970189,-2.3692e-05,-0.0097133,0.0376392,0,0,0
2016-09-20,-0.45827,0.422268,-0.880538,-1.15204e-05,1.1394e-05,-2.29144e-05,-0.71861,-0.543231,-0.965499,-2.32968e-05,-0.00636555,0.0379342,0,0,0
2016-09-21,-0.459009,0.417281,-0.87629,-1.15766e-05,1.12999e-05,-2.28765e-05,-0.71861,-0.548749,-0.96603,-2.33977e-05,-0.00491622,0.0378693,0,0,0
2016-09-22,-0.458546,0.416739,-0.875285,-1.15618e-05,1.12947e-05,-2.28566e-05,-0.71861,-0.544243,-0.960982,-2.31983e-05,-0.00541799,0.038487,0,0,0
2016-09-27,-0.463878,0.412827,-0.876705,-1.16668e-05,1.11059e-05,-2.27727e-05,-0.71861,-0.545092,-0.957918,-2.31607e-05,-0.00347647,0.0385228,0,0,0
2016-09-28,-0.465137,0.413993,-0.87913,-1.16891e-05,1.10954e-05,-2.27845e-05,-0.71861,-0.557013,-0.971006,-2.3699e-05,-0.00370069,0.0394421,0,0,0
2016-09-29,-0.283156,0.414337,-0.697492,-6.76059e-06,1.11019e-05,-1.78625e-05,-0.294443,-0.364443,-0.77878,-1.79903e-05,-0.00729487,0.0406743,0,0,0
2016-10-04,-0.281584,0.414123,-0.695707,-6.71164e-06,1.10873e-05,-1.7799e-05,-0.294443,-0.338067,-0.75219,-1.7156e-05,-0.0016475,0.040546,0,0,0
2016-10-05,-0.289896,0.401281,-0.691177,-6.99205e-06,1.08308e-05,-1.78228e-05,-0.294443,-0.302437,-0.703718,-1.64131e-05,-0.0017984,0.0403665,0,0,0
2016-10-06,-0.288668,0.401258,-0.689926,-6.96753e-06,1.08315e-05,-1.7799e-05,-0.294443,-0.287339,-0.688597,-1.59854e-05,-0.00360804,0.0403418,0,0,0
2016-10-07,-0.292247,0.394011,-0.686258,-7.04064e-06,1.06422e-05,-1.76828e-05,-0.294443,-0.294158,-0.688169,-1.59321e-05,-0.00445183,0.0407178,0,0,0
2016-10-11,-0.292485,0.394072,-0.686557,-7.0449e-06,1.06488e-05,-1.76937e-05,-0.294443,-0.29259,-0.686662,-1.58907e-05,-0.00887318,0.0406835,0,0,0
2016-10-12,-0.293526,0.392419,-0.685945,-7.0804e-06,1.06184e-05,-1.76988e-05,-0.294443,-0.327134,-0.719553,-1.63902e-05,-0.0156868,0.0401878,0,0,0
2016-10-13,-0.287749,0.395785,-0.683534,-6.96811e-06,1.07494e-05,-1.77176e-05,-0.294443,-0.331375,-0.72716,-1.6578e-05,-0.0138517,0.0398643,0,0,0
2016-10-14,-0.283707,0.397399,-0.681106,-6.84301e-06,1.07899e-05,-1.76329e-05,-0.294443,-0.320186,-0.717584,-1.6342e-05,-0.0134156,0.0406718,0,0,0
2016-10-18,-0.284607,0.396191,-0.680798,-6.87462e-06,1.07435e-05,-1.76181e-05,-0.294443,-0.293919,-0.69011,-1.59139e-05,-0.0135463,0.0414209,0,0,0
2016-10-19,-0.291646,0.395595,-0.68724,-6.95024e-06,1.07322e-05,-1.76824e-05,-0.294443,-0.295465,-0.691059,-1.58974e-05,-0.0117617,0.0422647,0,0,0
2016-10-20,-0.290368,0.394555,-0.684923,-6.92484e-06,1.06975e-05,-1.76223e-05,-0.294443,-0.281932,-0.676486,-1.55501e-05,-0.0131818,0.0425338,0,0,0
2016-10-21,-0.297149,0.388359,-0.685508,-7.09337e-06,1.05285e-05,-1.76219e-05,-0.294443,-0.259132,-0.647491,-1.50797e-05,-0.0135582,0.0427055,0,0,0
2016-10-25,-0.302944,0.387495,-0.690439,-7.198e-06,1.04941e-05,-1.76921e-05,-0.294443,-0.257,-0.644495,-1.49969e-05,-0.0146837,0.0428239,0,0,0
2016-10-26,-0.314416,0.38059,-0.695006,-7.3831e-06,1.00512e-05,-1.74343e-05,-0.294443,-0.244703,-0.625293,-1.4512e-05,-0.013564,0.0427389,0,0,0
2016-10-27,-0.307863,0.383083,-0.690946,-7.18598e-06,1.01015e-05,-1.72874e-05,-0.294443,-0.243228,-0.626311,-1.46051e-05,-0.00976979,0.0432452,0,0,0
2016-10-28,-0.586214,0.384015,-0.970228,-1.93545e-05,1.01393e-05,-2.94938e-05,-0.418635,-0.455846,-0.83986,-2.01973e-05,-0.00932568,0.0438515,0,0,0
2016-11-01,-0.574771,0.381823,-0.956595,-1.84608e-05,1.00559e-05,-2.85167e-05,-0.418635,-0.453096,-0.834919,-2.00821e-05,-0.0098911,0.0438716,0,0,0
2016-11-02,-0.574842,0.382796,-0.957637,-1.84381e-05,1.0071e-05,-2.85091e-05,-0.418635,-0.469142,-0.851938,-2.08786e-05,-0.0143994,0.043869,0,0,0
2016-11-03,-0.571532,0.382457,-0.953989,-1.81887e-05,1.00502e-05,-2.82389e-05,-0.418635,-0.473934,-0.856391,-2.10277e-05,-0.0175424,0.0456264,0,0,0
2016-11-04,-0.571364,0.382026,-0.95339,-1.81836e-05,1.00343e-05,-2.8218e-05,-0.418635,-0.476466,-0.858493,-2.11228e-05,-0.0210365,0.0460379,0,0,0
2016-11-08,-0.572474,0.383483,-0.955956,-1.82308e-05,1.00549e-05,-2.82856e-05,-0.418635,-0.472683,-0.856166,-2.10757e-05,-0.0138581,0.0462995,0,0,0
2016-11-09,-0.56883,0.382819,-0.951649,-1.80656e-05,1.0028e-05,-2.80937e-05,-0.418635,-0.486237,-0.869056,-2.11657e-05,-0.0175038,0.0456794,0,0,0
2016-11-10,-0.566532,0.380737,-0.947268,-1.80281e-05,9.99586e-06,-2.80239e-05,-0.418635,-0.493377,-0.874114,-2.13391e-05,-0.0108504,0.0453945,0,0,0
2016-11-11,-0.564005,0.38057,-0.944575,-1.79354e-05,9.99033e-06,-2.79257e-05,-0.418635,-0.401773,-0.782343,-1.78145e-05,-0.00783847,0.0452925,0,0,0
2016-11-15,-0.577184,0.330324,-0.907508,-1.89379e-05,8.99603e-06,-2.7934e-05,-0.418635,-0.399019,-0.729343,-1.66565e-05,-0.00142448,0.0449228,0,0,0
2016-11-16,-0.574748,0.326166,-0.900915,-1.88351e-05,8.90343e-06,-2.77385e-05,-0.418635,-0.407129,-0.733295,-1.66582e-05,0.00340013,0.0445021,0,0,0
2016-11-17,-0.569378,0.328197,-0.897575,-1.85785e-05,8.94935e-06,-2.75278e-05,-0.418635,-0.408891,-0.737088,-1.67395e-05,0.00121476,0.0447937,0,0,0
2016-11-18,-0.570087,0.328399,-0.898485,-1.85234e-05,8.94771e-06,-2.74711e-05,-0.418635,-0.404126,-0.732525,-1.66759e-05,-0.000479007,0.044697,0,0,0
2016-11-22,-0.572972,0.332079,-0.905051,-1.85703e-05,8.99916e-06,-2.75694e-05,-0.418635,-0.402852,-0.73493,-1.66916e-05,0.00318448,0.0448059,0,0,0
2016-11-23,-0.573302,0.330677,-0.903979,-1.85747e-05,8.95314e-06,-2.75278e-05,-0.418635,-0.405213,-0.735891,-1.67321e-05,0.00446067,0.0449307,0,0,0
2016-11-29,-0.573425,0.332081,-0.905506,-1.85828e-05,8.97536e-06,-2.75581e-05,-0.418635,-0.378793,-0.710874,-1.58024e-05,0.000402503,0.0447071,0,0,0
2016-11-30,-0.321098,0.320438,-0.641536,-8.58096e-06,8.74151e-06,-1.73225e-05,-0.0179139,-0.219442,-0.539879,-1.16301e-05,0.0015737,0.0449558,0,0,0
2016-12-01,-0.322302,0.320813,-0.643115,-8.60609e-06,8.74834e-06,-1.73544e-05,-0.0179139,-0.223286,-0.544099,-1.17017e-05,0.000811014,0.0449688,0,0,0
2016-12-02,-0.321969,0.32098,-0.642949,-8.59469e-06,8.75446e-06,-1.73492e-05,-0.0179139,-0.243586,-0.564566,-1.20066e-05,0.00412446,0.0448028,0,0,0
2016-12-06,-0.321159,0.32146,-0.642619,-8.55884e-06,8.77074e-06,-1.73296e-05,-0.0179139,-0.23734,-0.558799,-1.18992e-05,0.00538304,0.0447774,0,0,0
2016-12-07,-0.324833,0.319837,-0.644669,-8.61139e-06,8.73154e-06,-1.73429e-05,-0.0179139,-0.229064,-0.548901,-1.17846e-05,0.00132349,0.0448918,0,0,0
2016-12-08,-0.343906,0.325358,-0.669264,-8.93687e-06,8.618e-06,-1.75549e-05,-0.0179139,-0.210699,-0.536057,-1.1449e-05,0.00339967,0.0450432,0,0,0
2016-12-09,-0.347813,0.325161,-0.672974,-9.02187e-06,8.61481e-06,-1.76367e-05,-0.0179139,-0.202064,-0.527225,-1.13552e-05,0.00303616,0.0455714,0,0,0
2016-12-13,-0.347519,0.325437,-0.672957,-9.01119e-06,8.62078e-06,-1.7632e-05,-0.0179139,-0.22439,-0.549827,-1.15577e-05,0.0105537,0.0449236,0,0,0
2016-12-14,-0.342182,0.3302,-0.672382,-8.88583e-06,8.74521e-06,-1.7631e-05,-0.0179139,-0.22815,-0.55835,-1.18354e-05,0.0129549,0.0449177,0,0,0
2016-12-16,-0.341024,0.325571,-0.666595,-8.8436e-06,8.55468e-06,-1.73983e-05,-0.0179139,-0.26012,-0.585691,-1.20294e-05,0.0132974,0.0439147,0,0,0
2016-12-20,-0.332717,0.328739,-0.661456,-8.60882e-06,8.6534e-06,-1.72622e-05,-0.0179139,-0.27307,-0.601809,-1.22585e-05,0.00384681,0.0470094,0,0,0
2016-12-21,-0.328814,0.317345,-0.646159,-8.4393e-06,8.27619e-06,-1.67155e-05,-0.0179139,-0.211181,-0.528526,-1.12157e-05,0.00402745,0.0523061,0,0,0
2016-12-22,-0.329227,0.315403,-0.64463,-8.45395e-06,8.21816e-06,-1.66721e-05,-0.0179139,-0.210784,-0.526187,-1.11227e-05,0.00189973,0.0519421,0,0,0
2016-12-28,-0.323256,0.320925,-0.644181,-8.26396e-06,8.34835e-06,-1.66123e-05,-0.0179139,-0.19301,-0.513935,-1.10729e-05,-0.00636268,0.051464,0,0,0
2016-12-29,-0.315654,0.321486,-0.63714,-8.04796e-06,8.34676e-06,-1.63947e-05,-0.0179139,-0.186592,-0.508078,-1.10081e-05,-0.0134013,0.0532858,0,0,0
2016-12-30,-0.256151,0.31765,-0.573801,-5.74671e-06,8.19412e-06,-1.39408e-05,-0.293731,-0.438032,-0.755682,-1.44311e-05,-0.0142046,0.0533188,0,0,0
2017-01-04,-0.255758,0.317347,-0.573105,-5.74599e-06,8.18542e-06,-1.39314e-05,-0.293731,-0.398986,-0.716333,-1.35394e-05,-0.0155321,0.0533734,0,0,0
2017-01-05,-0.279643,0.304608,-0.584251,-6.23919e-06,7.93855e-06,-1.41777e-05,-0.293731,-0.423537,-0.728144,-1.36118e-05,-0.0104724,0.0530534,0,0,0
2017-01-06,-0.274398,0.300539,-0.574937,-6.10609e-06,7.77959e-06,-1.38857e-05,-0.293731,-0.441928,-0.742468,-1.37844e-05,-0.0176937,0.0529967,0,0,0
2017-01-10,-0.272527,0.297501,-0.570028,-6.0483e-06,7.67552e-06,-1.37238e-05,-0.293731,-0.458779,-0.75628,-1.42329e-05,-0.0155538,0.0558922,0,0,0
2017-01-11,-0.273711,0.297192,-0.570903,-6.07068e-06,7.66905e-06,-1.37397e-05,-0.293731,-0.45001,-0.747202,-1.40223e-05,-0.0109344,0.0560551,0,0,0
2017-01-12,-0.2752,0.295714,-0.570914,-6.11564e-06,7.62251e-06,-1.37382e-05,-0.293731,-0.444593,-0.740307,-1.38267e-05,-0.00890618,0.0568002,0,0,0
2017-01-13,-0.275995,0.294406,-0.570401,-6.13578e-06,7.59678e-06,-1.37326e-05,-0.293731,-0.453364,-0.74777,-1.40598e-05,-0.00689977,0.0568069,0,0,0
2017-01-18,-0.27166,0.29496,-0.56662,-5.99673e-06,7.60175e-06,-1.35985e-05,-0.293731,-0.458069,-0.753029,-1.41801e-05,-0.00987046,0.0568257,0,0,0
2017-01-19,-0.271735,0.294993,-0.566728,-5.99909e-06,7.59219e-06,-1.35913e-05,-0.293731,-0.456553,-0.751546,-1.42681e-05,-0.0116692,0.0569473,0,0,0
2017-01-20,-0.270302,0.292629,-0.562931,-5.78837e-06,7.51379e-06,-1.33022e-05,-0.293731,-0.45211,-0.74474,-1.39927e-05,-0.0129141,0.0574176,0,0,0
2017-01-24,-0.258994,0.285611,-0.544605,-5.48662e-06,7.29002e-06,-1.27766e-05,-0.293731,-0.512959,-0.79857,-1.51988e-05,-0.012639,0.0595343,0,0,0
2017-01-25,-0.2589,0.288364,-0.547264,-5.48648e-06,7.36418e-06,-1.28507e-05,-0.293731,-0.531737,-0.820101,-1.58621e-05,-0.0125016,0.0605485,0,0,0
2017-01-26,-0.257222,0.284979,-0.542201,-5.44343e-06,7.22219e-06,-1.26656e-05,-0.293731,-0.553239,-0.838218,-1.58877e-05,-0.0169668,0.0610577,0,0,0
2017-01-27,-0.249722,0.286007,-0.535729,-5.26489e-06,7.25912e-06,-1.2524e-05,-0.293731,-0.559737,-0.845744,-1.6048e-05,-0.0114901,0.0610565,0,0,0
2017-01-31,0.187992,0.281608,-0.0936159,5.01028e-06,7.10516e-06,-2.09488e-06,0.238298,0.000295761,-0.281313,-7.10024e-06,-0.00394346,0.0602626,0,0,1
2017-02-01,0.192011,0.278637,-0.0866266,5.12496e-06,6.9746e-06,-1.84964e-06,0.238298,0.0189852,-0.259652,-6.65311e-06,0.00495871,0.059487,0,0,1
2017-02-02,0.19178,0.271964,-0.0801839,5.13023e-06,6.76966e-06,-1.63943e-06,0.238298,0.0152789,-0.256685,-6.50487e-06,0.00511209,0.0596254,0,0,2
2017-02-03,0.189251,0.270812,-0.0815611,5.05759e-06,6.74526e-06,-1.68767e-06,0.238298,0.025207,-0.245605,-6.3046e-06,0.00217198,0.0613723,0,0,2
2017-02-07,0.185766,0.270286,-0.0845202,4.94078e-06,6.73746e-06,-1.79668e-06,0.238298,-0.0011729,-0.271459,-6.75818e-06,0.00640513,0.0607073,0,0,1
2017-02-08,0.190661,0.272207,-0.0815458,5.06906e-06,6.79322e-06,-1.72416e-06,0.238298,0.0307913,-0.241416,-6.23172e-06,0.0101937,0.0610389,0,0,2
2017-02-09,0.18681,0.272859,-0.0860486,4.93988e-06,6.81748e-06,-1.8776e-06,0.238298,0.0432075,-0.229651,-6.02245e-06,0.0117437,0.0611622,0,0,1
2017-02-10,0.186892,0.273195,-0.0863036,4.93584e-06,6.82488e-06,-1.88903e-06,0.238298,0.0149954,-0.2582,-6.55186e-06,0.0198848,0.0599894,0,0,1
2017-02-14,0.188665,0.271809,-0.083144,5.00093e-06,6.80578e-06,-1.80485e-06,0.238298,0.0137286,-0.258081,-6.55608e-06,0.0197146,0.0600653,0,0,2
2017-02-15,0.18706,0.271812,-0.084752,4.93954e-06,6.78966e-06,-1.85012e-06,0.238298,-0.00123009,-0.273042,-6.81174e-06,0.0264248,0.0590984,1,0,1
2017-02-16,0.186985,0.272198,-0.085213,4.95434e-06,6.81802e-06,-1.86368e-06,0.238298,-0.0191864,-0.291384,-7.17532e-06,0.0213621,0.0592987,0,0,1
2017-02-17,0.187668,0.27052,-0.0828514,4.98209e-06,6.78413e-06,-1.80204e-06,0.238298,-0.0358779,-0.306398,-7.44327e-06,0.0137178,0.0588683,0,0,2
2017-02-22,0.189622,0.272375,-0.0827528,5.04463e-06,6.85081e-06,-1.80618e-06,0.238298,-0.0297501,-0.302125,-7.40042e-06,0.00900509,0.0588489,0,0,2
2017-02-23,0.193041,0.269947,-0.0769059,5.12281e-06,6.74586e-06,-1.62305e-06,0.238298,-0.0250651,-0.295012,-7.20707e-06,0.0056817,0.0590074,0,0,2
2017-02-24,0.191458,0.268523,-0.077065,5.09032e-06,6.71481e-06,-1.62449e-06,0.238298,-0.0324512,-0.300974,-7.31032e-06,0.0061647,0.0595138,0,0,2
2017-02-28,-0.0268633,0.26803,-0.294893,-7.16004e-07,6.69611e-06,-7.41211e-06,-0.14834,-0.0979752,-0.366005,-8.26497e-06,0.00855763,0.0594921,0,0,1
2017-03-01,-0.014943,0.271298,-0.286241,-3.92758e-07,6.75355e-06,-7.14631e-06,-0.14834,-0.148637,-0.419935,-9.22805e-06,0.0115505,0.0597824,0,0,1
2017-03-02,-0.0140923,0.272481,-0.286574,-3.71407e-07,6.80375e-06,-7.17515e-06,-0.14834,-0.0732959,-0.345777,-7.95707e-06,0.0102557,0.0604395,0,0,1
2017-03-03,-0.0249265,0.257771,-0.282697,-6.61608e-07,6.51826e-06,-7.17987e-06,-0.14834,-0.0716178,-0.329389,-7.64794e-06,0.00768655,0.0605359,0,0,1
2017-03-07,-0.0256194,0.257885,-0.283505,-6.77711e-07,6.51108e-06,-7.18879e-06,-0.14834,-0.0475732,-0.305458,-7.24029e-06,0.0101854,0.0605624,0,0,1
2017-03-08,-0.0334309,0.249445,-0.282876,-8.85963e-07,6.29913e-06,-7.1851e-06,-0.14834,0.033384,-0.216061,-5.74306e-06,0.00234636,0.0607969,0,0,1
2017-03-09,-0.0217596,0.253516,-0.275275,-5.76562e-07,6.43383e-06,-7.01039e-06,-0.14834,0.0448969,-0.208619,-5.6737e-06,0.000903358,0.0606324,0,0,1
2017-03-10,-0.023502,0.250378,-0.273881,-6.22222e-07,6.3343e-06,-6.95653e-06,-0.14834,0.0176994,-0.232679,-6.03365e-06,0.00675483,0.0614414,0,0,1
2017-03-14,-0.0211206,0.25609,-0.277211,-5.5992e-07,6.4731e-06,-7.03302e-06,-0.14834,0.0171648,-0.238926,-6.17999e-06,0.0181761,0.0614432,0,0,1
2017-03-15,-0.0222285,0.254661,-0.27689,-5.87976e-07,6.43867e-06,-7.02664e-06,-0.14834,0.0633604,-0.191301,-5.30808e-06,0.0210883,0.0613032,0,0,1
2017-03-16,-0.0241245,0.252736,-0.27686,-6.37086e-07,6.38196e-06,-7.01904e-06,-0.14834,0.191534,-0.0612014,-2.64222e-06,0.0186394,0.061337,0,0,1
2017-03-17,-0.026829,0.249856,-0.276685,-7.09879e-07,6.32553e-06,-7.03541e-06,-0.14834,0.180661,-0.0691952,-2.76572e-06,0.0263701,0.0643417,1,0,1
2017-03-21,-0.0265749,0.247804,-0.274379,-7.02839e-07,6.27212e-06,-6.97496e-06,-0.14834,0.165857,-0.0819471,-2.9586e-06,0.0260576,0.064976,1,0,1
2017-03-22,-0.0235772,0.248227,-0.271804,-6.22404e-07,6.28672e-06,-6.90912e-06,-0.14834,0.16169,-0.0865368,-3.07439e-06,0.0190706,0.0648575,0,0,1
2017-03-23,-0.0211477,0.247187,-0.268334,-5.58321e-07,6.25507e-06,-6.81339e-06,-0.14834,0.16675,-0.0804369,-2.91721e-06,0.0207696,0.0652661,0,0,1
2017-03-24,-0.0196494,0.247536,-0.267185,-5.18065e-07,6.26589e-06,-6.78395e-06,-0.14834,0.185121,-0.0624148,-2.47305e-06,0.0209004,0.0652977,0,0,1
2017-03-28,-0.0187207,0.248154,-0.266875,-4.93623e-07,6.28802e-06,-6.78164e-06,-0.14834,0.189946,-0.0582086,-2.40248e-06,0.0318548,0.0654615,1,0,1
2017-03-29,-0.0186863,0.248348,-0.267035,-4.92914e-07,6.25308e-06,-6.74599e-06,-0.14834,0.182317,-0.0660316,-2.54481e-06,0.0332915,0.0662683,1,0,1
2017-03-30,-0.0160358,0.243881,-0.259917,-4.22528e-07,6.09749e-06,-6.52001e-06,-0.14834,0.182435,-0.0614465,-2.41278e-06,0.0317867,0.0674979,1,0,1
2017-03-31,0.897805,0.240086,0.657719,3.0317e-05,5.97945e-06,2.43375e-05,0.691105,0.881177,0.641091,2.33829e-05,0.0328695,0.0677856,1,0,4
2017-04-04,0.897058,0.240234,0.656824,3.00713e-05,5.96014e-06,2.41112e-05,0.691105,0.880595,0.640361,2.35143e-05,0.0344638,0.0677666,1,0,4
2017-04-05,0.896772,0.240923,0.655849,3.00268e-05,5.9766e-06,2.40502e-05,0.691105,0.884793,0.64387,2.41238e-05,0.0322639,0.0680565,1,0,4
2017-04-06,0.895799,0.240906,0.654893,2.98692e-05,5.9782e-06,2.3891e-05,0.691105,0.885253,0.644347,2.41845e-05,0.0290606,0.0690761,1,0,4
2017-04-07,0.895501,0.242219,0.653282,2.98014e-05,6.00705e-06,2.37943e-05,0.691105,0.885313,0.643094,2.41196e-05,0.0357091,0.0690522,1,0,4
2017-04-11,0.895147,0.239629,0.655518,2.9647e-05,5.92744e-06,2.37196e-05,0.691105,0.887252,0.647623,2.48961e-05,0.0340014,0.0700053,1,0,4
2017-04-12,0.89538,0.238186,0.657195,2.96232e-05,5.87981e-06,2.37434e-05,0.691105,0.881872,0.643686,2.63849e-05,0.037932,0.0702232,1,0,4
2017-04-13,0.894551,0.239931,0.65462,2.95393e-05,5.87017e-06,2.36692e-05,0.691105,0.884153,0.644222,2.6536e-05,0.0398625,0.0701268,1,0,4
2017-04-18,0.894784,0.238765,0.656019,2.94024e-05,5.76626e-06,2.36361e-05,0.691105,0.894741,0.655977,2.97634e-05,0.039911,0.0734519,1,0,4
2017-04-19,0.894276,0.238763,0.655513,2.93458e-05,5.76101e-06,2.35848e-05,0.691105,0.891677,0.652915,2.88561e-05,0.027675,0.0713132,1,0,4
2017-04-20,0.895039,0.247712,0.647327,2.96435e-05,6.04907e-06,2.35944e-05,0.691105,0.888727,0.641015,2.67086e-05,0.0185788,0.0693591,0,0,4
2017-04-21,0.89617,0.266233,0.629938,3.01988e-05,6.64182e-06,2.3557e-05,0.691105,0.888853,0.62262,2.61802e-05,0.0250746,0.0694121,0,0,4
2017-04-25,0.89515,0.260293,0.634857,2.98567e-05,6.44128e-06,2.34154e-05,0.691105,0.890276,0.629983,2.67175e-05,0.027427,0.069425,1,0,4
2017-04-26,0.894752,0.258739,0.636012,2.97509e-05,6.39228e-06,2.33586e-05,0.691105,0.886971,0.628232,2.58918e-05,0.0148899,0.0677138,0,0,4
2017-04-27,0.89585,0.266106,0.629744,2.99343e-05,6.63964e-06,2.32947e-05,0.691105,0.884989,0.618883,2.56995e-05,0.0161243,0.0685952,0,0,4
2017-04-28,0.481499,0.264051,0.217448,1.07236e-05,6.57953e-06,4.14406e-06,0.273884,0.49657,0.232519,4.26441e-06,0.0214342,0.068149,0,0,3
2017-05-02,0.48293,0.26544,0.21749,1.07736e-05,6.61318e-06,4.1604e-06,0.273884,0.500068,0.234627,4.22939e-06,0.017678,0.0688643,0,0,3
2017-05-03,0.479978,0.265729,0.214249,1.05245e-05,6.6246e-06,3.89989e-06,0.273884,0.504231,0.238502,4.78904e-06,0.0178601,0.0705575,0,0,3
2017-05-04,0.480409,0.26643,0.213979,1.05441e-05,6.64766e-06,3.89643e-06,0.273884,0.503217,0.236787,4.00056e-06,0.00584248,0.068151,0,0,3
2017-05-09,0.480616,0.270006,0.21061,1.07359e-05,6.85992e-06,3.87594e-06,0.273884,0.495724,0.225718,3.67019e-06,0.00917368,0.0683521,0,0,3
2017-05-10,0.479897,0.270562,0.209335,1.06784e-05,6.87277e-06,3.80565e-06,0.273884,0.496786,0.226224,3.55467e-06,0.0151402,0.0679163,0,0,3
2017-05-11,0.47961,0.267641,0.211969,1.0632e-05,6.79506e-06,3.83692e-06,0.273884,0.493214,0.225573,3.59949e-06,0.0185904,0.0684047,0,0,3
2017-05-12,0.476511,0.265026,0.211485,1.05805e-05,6.73808e-06,3.84247e-06,0.273884,0.509883,0.244858,3.92211e-06,0.0249025,0.0692916,0,0,3
2017-05-16,0.477658,0.259907,0.217751,1.05994e-05,6.59818e-06,4.00126e-06,0.273884,0.545124,0.285217,4.63512e-06,0.0299461,0.0699198,1,0,3
2017-05-17,0.472382,0.25073,0.221651,1.05083e-05,6.37037e-06,4.13793e-06,0.273884,0.543493,0.292762,4.70105e-06,0.0294534,0.0694617,1,0,3
2017-05-18,0.480148,0.250852,0.229296,1.06433e-05,6.38125e-06,4.26208e-06,0.273884,0.512497,0.261645,3.42817e-06,0.016665,0.0670599,0,0,3
2017-05-19,0.486536,0.260385,0.226151,1.09076e-05,6.70225e-06,4.20534e-06,0.273884,0.540007,0.279621,3.4176e-06,0.0203031,0.0673178,0,0,3
2017-05-23,0.486076,0.256759,0.229317,1.0931e-05,6.62691e-06,4.30411e-06,0.273884,0.530035,0.273276,3.04885e-06,0.0136834,0.0668188,0,0,3
2017-05-24,0.490271,0.26062,0.229652,1.10746e-05,6.74859e-06,4.32606e-06,0.273884,0.546317,0.285698,3.36307e-06,0.00829105,0.0668854,0,0,3
2017-05-25,0.492569,0.254852,0.237716,1.10896e-05,6.56303e-06,4.52659e-06,0.273884,0.545559,0.290707,3.51468e-06,0.00701622,0.0668563,0,0,3
2017-05-26,0.49685,0.254366,0.242484,1.11595e-05,6.54332e-06,4.61617e-06,0.273884,0.547874,0.293508,3.61219e-06,0.016276,0.0668609,0,0,3
2017-05-31,0.491751,0.250035,0.241716,1.27142e-05,6.39229e-06,6.32195e-06,0.462114,0.290387,0.0403517,5.42417e-07,0.0138891,0.0666547,0,0,3
2017-06-01,0.490669,0.24531,0.245359,1.27098e-05,6.23682e-06,6.47295e-06,0.462114,0.259893,0.0145827,-2.84004e-07,0.00742043,0.0645667,0,0,3
2017-06-02,0.494167,0.252112,0.242055,1.2895e-05,6.468e-06,6.427e-06,0.462114,0.259883,0.00777078,-5.09259e-07,0.00894383,0.0645458,0,0,3
2017-06-06,0.491558,0.249875,0.241683,1.27496e-05,6.39077e-06,6.35884e-06,0.462114,0.257497,0.00762181,-5.45951e-07,0.00464844,0.0641958,0,0,3
2017-06-07,0.489371,0.249072,0.2403,1.26588e-05,6.36793e-06,6.29086e-06,0.462114,0.261096,0.0120242,-5.33099e-07,-0.00219644,0.063981,0,0,3
2017-06-08,0.488283,0.244041,0.244243,1.26292e-05,6.21981e-06,6.40939e-06,0.462114,0.265397,0.021356,-3.12236e-07,-0.00448,0.0643367,0,0,3
2017-06-09,0.485904,0.242036,0.243868,1.25921e-05,6.18179e-06,6.41036e-06,0.462114,0.268662,0.0266264,-1.88871e-07,-0.00700118,0.0650277,0,0,3
2017-06-13,0.4848,0.241145,0.243656,1.25373e-05,6.15193e-06,6.38534e-06,0.462114,0.280855,0.0397104,1.16105e-07,-0.0109135,0.0650966,0,0,3
2017-06-14,0.485488,0.223039,0.26245,1.25665e-05,5.56844e-06,6.99805e-06,0.462114,0.279077,0.0560378,6.31286e-07,-0.0109329,0.065023,0,0,3
2017-06-15,0.484814,0.222762,0.262052,1.2565e-05,5.56878e-06,6.9962e-06,0.462114,0.297822,0.0750594,1.19792e-06,-0.0184383,0.0651244,0,0,3
2017-06-16,0.485096,0.220051,0.265045,1.25673e-05,5.48343e-06,7.08387e-06,0.462114,0.298833,0.0787818,1.28321e-06,-0.027033,0.0653144,1,0,3
2017-06-20,0.480295,0.218155,0.26214,1.23674e-05,5.43901e-06,6.92837e-06,0.462114,0.294743,0.0765883,1.25045e-06,-0.0266693,0.0650612,1,0,3
2017-06-21,0.481015,0.219321,0.261695,1.24063e-05,5.47554e-06,6.93073e-06,0.462114,0.277602,0.0582815,6.4333e-07,-0.0301772,0.0637723,1,0,3
2017-06-22,0.482553,0.22201,0.260543,1.2485e-05,5.56136e-06,6.92364e-06,0.462114,0.28956,0.06755,8.32273e-07,-0.0301769,0.0632317,1,0,3
2017-06-23,0.481198,0.218057,0.263141,1.24608e-05,5.46378e-06,6.99698e-06,0.462114,0.286344,0.0682871,7.79984e-07,-0.017879,0.0627195,0,0,3
2017-06-27,0.474879,0.205976,0.268903,1.21777e-05,5.07674e-06,7.10093e-06,0.462114,0.28317,0.0771946,1.12276e-06,-0.0144872,0.0623973,0,0,3
2017-06-28,0.476014,0.207692,0.268322,1.22311e-05,5.13035e-06,7.10072e-06,0.462114,0.285261,0.0775695,1.10796e-06,-0.0193758,0.0624872,0,0,3
2017-06-29,0.476331,0.207105,0.269226,1.22121e-05,5.10642e-06,7.10566e-06,0.462114,0.324871,0.117766,1.80359e-06,-0.0205561,0.0624736,0,0,3
2017-06-30,0.643364,0.198118,0.445246,1.54247e-05,4.88916e-06,1.05355e-05,0.582674,0.763925,0.565806,9.77888e-06,-0.0160212,0.061807,0,0,4
2017-07-06,0.643101,0.182773,0.460328,1.54936e-05,4.56603e-06,1.09276e-05,0.582674,0.775191,0.592418,1.10479e-05,-0.00484055,0.0618096,0,0,4
2017-07-07,0.640507,0.181227,0.45928,1.53347e-05,4.52014e-06,1.08146e-05,0.582674,0.76754,0.586313,1.06319e-05,-0.0121262,0.0602152,0,0,4
2017-07-11,0.642316,0.186355,0.455961,1.54661e-05,4.6785e-06,1.07876e-05,0.582674,0.769719,0.583364,1.05332e-05,-0.0200165,0.0603898,0,0,4
2017-07-12,0.629517,0.170144,0.459374,1.46394e-05,4.19151e-06,1.04479e-05,0.582674,0.770455,0.600311,1.12042e-05,-0.0233369,0.0606127,0,0,4
2017-07-13,0.629023,0.171462,0.457561,1.46358e-05,4.21421e-06,1.04216e-05,0.582674,0.777847,0.606385,1.12052e-05,-0.0228756,0.0606849,0,0,4
2017-07-14,0.626027,0.169134,0.456893,1.45678e-05,4.15947e-06,1.04084e-05,0.582674,0.768929,0.599795,1.03578e-05,-0.0149978,0.0583925,0,0,4
2017-07-18,0.624327,0.160414,0.463913,1.44595e-05,3.8983e-06,1.05612e-05,0.582674,0.759366,0.598953,1.03164e-05,-0.0166781,0.0582916,0,0,4
2017-07-19,0.625147,0.16353,0.461617,1.45221e-05,3.98114e-06,1.05409e-05,0.582674,0.760711,0.597181,1.02465e-05,-0.0157444,0.0582841,0,0,4
2017-07-20,0.626469,0.162795,0.463674,1.45334e-05,3.95973e-06,1.05736e-05,0.582674,0.765582,0.602787,1.02761e-05,-0.00669379,0.0588621,0,0,4
2017-07-21,0.627619,0.157752,0.469867,1.4581e-05,3.81843e-06,1.07626e-05,0.582674,0.769386,0.611634,1.07371e-05,-0.0132523,0.0588609,0,0,4
2017-07-26,0.629426,0.160134,0.469293,1.46056e-05,3.86365e-06,1.07419e-05,0.582674,0.775966,0.615833,1.07559e-05,-0.00784279,0.0587096,0,0,4
2017-07-27,0.629199,0.162519,0.46668,1.46063e-05,3.9145e-06,1.06918e-05,0.582674,0.773265,0.610746,1.06244e-05,-0.00522479,0.0594046,0,0,4
2017-07-28,0.663299,0.166929,0.496369,1.45429e-05,4.04369e-06,1.04992e-05,0.664693,0.772077,0.605148,9.42429e-06,0.000994642,0.0579585,0,0,4
2017-08-01,0.668366,0.171849,0.496518,1.47181e-05,4.18799e-06,1.05301e-05,0.664693,0.776695,0.604846,9.13307e-06,0.00113839,0.0580501,0,0,4
2017-08-02,0.666364,0.169268,0.497096,1.46904e-05,4.11497e-06,1.05755e-05,0.664693,0.772004,0.602736,9.06614e-06,-0.0070957,0.0577754,0,0,4
2017-08-03,0.666656,0.157656,0.508999,1.45509e-05,3.7695e-06,1.07814e-05,0.664693,0.770336,0.612679,9.35733e-06,-0.015782,0.0572448,0,0,4
2017-08-04,0.670642,0.153716,0.516925,1.46376e-05,3.6526e-06,1.0985e-05,0.664693,0.767776,0.61406,9.05841e-06,-0.0253256,0.0566779,0,0,4
2017-08-08,0.672773,0.160128,0.512645,1.47954e-05,3.83531e-06,1.09601e-05,0.664693,0.762582,0.602455,8.89238e-06,-0.0243124,0.0570752,0,0,4
2017-08-09,0.664353,0.122175,0.542177,1.40975e-05,2.79895e-06,1.12985e-05,0.664693,0.73198,0.609804,9.35578e-06,-0.0122865,0.0561789,0,0,4
2017-08-10,0.669539,0.11186,0.557679,1.42519e-05,2.53347e-06,1.17184e-05,0.664693,0.775803,0.663943,1.00108e-05,-0.0140539,0.0566342,0,0,4
2017-08-11,0.662184,0.104293,0.557891,1.41743e-05,2.3698e-06,1.18045e-05,0.664693,0.793193,0.6889,1.16246e-05,-0.0122148,0.0581595,0,0,4
2017-08-15,0.666862,0.0882431,0.578619,1.42347e-05,1.96935e-06,1.22653e-05,0.664693,0.767969,0.679726,9.99932e-06,-0.0258644,0.0532313,1,0,4
2017-08-16,0.671751,0.100549,0.571202,1.46206e-05,2.27154e-06,1.23491e-05,0.664693,0.781842,0.681293,1.08405e-05,-0.0229875,0.0540797,0,0,4
2017-08-17,0.672444,0.0992163,0.573228,1.46277e-05,2.23455e-06,1.23932e-05,0.664693,0.77319,0.673974,1.00101e-05,-0.0142275,0.0525601,0,0,4
2017-08-18,0.674523,0.112631,0.561892,1.48108e-05,2.55404e-06,1.22568e-05,0.664693,0.767187,0.654555,9.82238e-06,-0.0113421,0.0524585,0,0,4
2017-08-22,0.671856,0.108402,0.563454,1.45457e-05,2.43925e-06,1.21064e-05,0.664693,0.766982,0.65858,9.88617e-06,-0.0139533,0.0523809,0,0,4
2017-08-23,0.680539,0.0934412,0.587098,1.46699e-05,2.06865e-06,1.26012e-05,0.664693,0.760146,0.666705,1.01726e-05,-0.010671,0.0525316,0,0,4
2017-08-25,0.681766,0.0947114,0.587055,1.46896e-05,2.09455e-06,1.2595e-05,0.664693,0.751924,0.657213,9.8926e-06,-0.00353005,0.0513125,0,0,4
2017-08-29,0.683677,0.0957365,0.58794,1.47649e-05,2.11193e-06,1.2653e-05,0.664693,0.751661,0.655924,9.87284e-06,-0.00779602,0.0514313,0,0,4
2017-08-30,0.681219,0.094566,0.586653,1.46e-05,2.08325e-06,1.25167e-05,0.664693,0.746772,0.652206,9.60192e-06,-0.00931047,0.0504727,0,0,4
2017-08-31,0.0778564,0.0834211,-0.00556476,1.47628e-06,1.81568e-06,-3.39397e-07,-0.324979,-0.101335,-0.184756,-3.30135e-06,-0.00491484,0.048116,0,0,2
2017-09-01,0.0909208,0.0999279,-0.00900715,1.74475e-06,2.18403e-06,-4.39273e-07,-0.324979,-0.097619,-0.197547,-3.59985e-06,-0.00671684,0.0479504,0,0,2
2017-09-06,0.0900576,0.0991745,-0.00911694,1.73187e-06,2.17587e-06,-4.43999e-07,-0.324979,-0.109884,-0.209059,-3.75572e-06,-0.00676016,0.0475678,0,0,2
2017-09-07,0.0917099,0.0996386,-0.00792869,1.76296e-06,2.18384e-06,-4.20882e-07,-0.324979,-0.0867987,-0.186437,-3.43909e-06,-0.0102967,0.0475638,0,0,2
2017-09-08,0.0912419,0.0953113,-0.00406944,1.75459e-06,2.08316e-06,-3.28566e-07,-0.324979,-0.100132,-0.195444,-3.51496e-06,-0.0120126,0.0469254,0,0,2
2017-09-12,0.0926806,0.0964066,-0.00372603,1.78761e-06,2.1122e-06,-3.24592e-07,-0.324979,-0.132502,-0.228908,-3.93995e-06,-0.00514066,0.0455815,0,0,2
2017-09-13,0.113312,0.0898754,0.0234363,2.17288e-06,1.95368e-06,2.19193e-07,-0.324979,-0.161751,-0.251627,-4.09755e-06,-0.00216078,0.0445018,0,0,2
2017-09-14,0.11628,0.091427,0.0248527,2.24384e-06,1.99811e-06,2.45736e-07,-0.324979,-0.174003,-0.26543,-4.28162e-06,0.00217032,0.0443604,0,0,2
2017-09-15,0.117673,0.0923361,0.0253366,2.25725e-06,2.0186e-06,2.38651e-07,-0.324979,-0.148032,-0.240368,-3.99553e-06,2.66684e-05,0.045186,0,0,2
2017-09-19,0.110843,0.0878269,0.023016,2.1123e-06,1.91301e-06,1.99286e-07,-0.324979,-0.171961,-0.259788,-4.15025e-06,-0.00412648,0.0441039,0,0,2
2017-09-20,0.116268,0.0905248,0.0257432,2.22247e-06,1.97926e-06,2.43213e-07,-0.324979,-0.191369,-0.281894,-4.40241e-06,-0.000577138,0.0433275,0,0,2
2017-09-21,0.117954,0.0890001,0.0289536,2.26197e-06,1.94345e-06,3.18519e-07,-0.324979,-0.104642,-0.193642,-3.2745e-06,-0.00226944,0.0434564,0,0,2
2017-09-22,0.104134,0.0816394,0.0224943,2.005e-06,1.7923e-06,2.12698e-07,-0.324979,-0.189558,-0.271197,-4.46971e-06,0.000244652,0.0474953,0,0,2
2017-09-26,0.0991647,0.084575,0.0145897,1.90185e-06,1.85389e-06,4.79657e-08,-0.324979,-0.178106,-0.262681,-4.33194e-06,-0.00351182,0.0472983,0,0,2
2017-09-27,0.116678,0.0849922,0.0316861,2.20504e-06,1.85018e-06,3.54867e-07,-0.324979,-0.159635,-0.244627,-4.11672e-06,-0.0078415,0.047266,0,0,2
2017-09-28,0.119802,0.0849744,0.0348276,2.25351e-06,1.85046e-06,4.03052e-07,-0.324979,-0.158374,-0.243349,-4.08501e-06,-0.00621192,0.0471978,0,0,2
2017-09-29,0.344037,0.0833915,0.260646,7.78209e-06,1.8094e-06,5.97269e-06,-0.162025,0.191151,0.107759,1.09972e-06,-0.00366851,0.0471983,0,0,3
2017-10-03,0.341738,0.0794861,0.262252,7.75652e-06,1.72461e-06,6.03191e-06,-0.162025,0.18854,0.109054,1.16989e-06,-0.00769488,0.0472882,0,0,3
2017-10-04,0.340621,0.0791093,0.261512,7.71495e-06,1.71336e-06,6.0016e-06,-0.162025,0.155063,0.0759539,7.31874e-07,-0.0065327,0.0472679,0,0,3
2017-10-05,0.340758,0.0794497,0.261308,7.71951e-06,1.72038e-06,5.99913e-06,-0.162025,0.147307,0.067857,5.97441e-07,-0.00277694,0.0493895,0,0,3
2017-10-06,0.341787,0.081223,0.260564,7.77708e-06,1.76509e-06,6.01199e-06,-0.162025,0.098716,0.017493,-1.9961e-07,-0.00245825,0.0500877,0,0,3
2017-10-10,0.339828,0.0859122,0.253916,7.70681e-06,1.8681e-06,5.8387e-06,-0.162025,0.10566,0.019748,-2.12032e-07,0.00208737,0.0497279,0,0,3
2017-10-11,0.333482,0.0849703,0.248511,7.49852e-06,1.84268e-06,5.65584e-06,-0.162025,0.141326,0.0563557,4.7449e-07,0.00187298,0.0496818,0,0,3
2017-10-12,0.329086,0.0840938,0.244992,7.34472e-06,1.81331e-06,5.53141e-06,-0.162025,0.131545,0.0474511,3.21899e-07,-0.00230361,0.0493992,0,0,3
2017-10-13,0.327632,0.0885739,0.239058,7.30435e-06,1.90499e-06,5.39935e-06,-0.162025,0.0854979,-0.00307601,-4.9158e-07,0.00135827,0.0491785,0,0,3
2017-10-17,0.329402,0.0954936,0.233908,7.37068e-06,2.0447e-06,5.32599e-06,-0.162025,0.120584,0.02509,-1.01757e-07,-0.00536654,0.049064,0,0,3
2017-10-18,0.328527,0.139187,0.18934,7.25711e-06,2.81989e-06,4.43722e-06,-0.162025,0.137442,-0.00174528,-5.60082e-07,-0.00715523,0.0492878,0,0,3
2017-10-19,0.320602,0.135508,0.185094,6.99412e-06,2.71563e-06,4.27849e-06,-0.162025,0.132613,-0.00289543,-5.48708e-07,-0.00469921,0.0491621,0,0,3
2017-10-20,0.325655,0.137725,0.187929,7.08821e-06,2.75853e-06,4.32968e-06,-0.162025,0.154818,0.0170923,-1.71384e-07,-0.000696376,0.0490095,0,0,3
2017-10-24,0.326602,0.136773,0.189829,7.1074e-06,2.7288e-06,4.3786e-06,-0.162025,0.148173,0.0114005,-2.50412e-07,-0.00273599,0.048965,0,0,3
2017-10-25,0.333137,0.147379,0.185758,7.22152e-06,2.91035e-06,4.31117e-06,-0.162025,0.134312,-0.0130674,-6.34506e-07,-0.000931261,0.0488604,0,0,3
2017-10-26,0.330898,0.149288,0.181609,7.15145e-06,2.94297e-06,4.20848e-06,-0.162025,0.138236,-0.0110526,-5.9221e-07,0.00365096,0.0534904,0,0,3
2017-10-27,0.322161,0.151686,0.170475,6.81133e-06,2.98471e-06,3.82661e-06,-0.162025,0.169391,0.0177048,7.70557e-08,0.0105544,0.0542673,0,0,3
2017-10-31,0.629706,0.152605,0.477102,1.34187e-05,3.00004e-06,1.04187e-05,0.014027,0.573071,0.420467,5.72033e-06,0.0101064,0.0544449,0,0,4
2017-11-01,0.632141,0.152354,0.479786,1.33406e-05,2.99042e-06,1.03501e-05,0.014027,0.540833,0.388479,5.42051e-06,0.0163602,0.0544876,0,0,4
2017-11-02,0.630291,0.151461,0.47883,1.32695e-05,2.9639e-06,1.03056e-05,0.014027,0.560052,0.408591,6.11293e-06,0.0155276,0.0543352,0,0,4
2017-11-03,0.631495,0.152738,0.478757,1.33226e-05,2.9945e-06,1.03281e-05,0.014027,0.513877,0.36114,5.52232e-06,0.0130096,0.0542516,0,0,4
2017-11-07,0.625683,0.155002,0.470681,1.29763e-05,3.04109e-06,9.93518e-06,0.014027,0.493654,0.338652,5.27452e-06,0.0126254,0.0545168,0,0,4
2017-11-08,0.614281,0.155713,0.458568,1.24516e-05,3.05712e-06,9.39445e-06,0.014027,0.487845,0.332132,5.14864e-06,0.0121268,0.0545595,0,0,4
2017-11-09,0.611012,0.156331,0.454681,1.23077e-05,3.07101e-06,9.23664e-06,0.014027,0.486247,0.329916,5.0699e-06,0.00986122,0.054378,0,0,4
2017-11-10,0.611447,0.159669,0.451777,1.23294e-05,3.13411e-06,9.19529e-06,0.014027,0.524031,0.364362,5.7277e-06,0.00856393,0.0560671,0,0,4
2017-11-14,0.604612,0.156747,0.447865,1.2237e-05,3.07913e-06,9.1579e-06,0.014027,0.517223,0.360477,5.51603e-06,0.00049399,0.0561554,0,0,4
2017-11-15,0.605257,0.159265,0.445992,1.22692e-05,3.13775e-06,9.13149e-06,0.014027,0.485286,0.326021,5.10694e-06,-0.0026219,0.0562301,0,0,4
2017-11-16,0.605225,0.159321,0.445904,1.22674e-05,3.13592e-06,9.13149e-06,0.014027,0.489221,0.3299,5.22721e-06,-0.00574472,0.05626,0,0,4
2017-11-17,0.605107,0.170368,0.434739,1.22656e-05,3.32216e-06,8.94345e-06,0.014027,0.464748,0.29438,4.22927e-06,0.00201599,0.0544395,0,0,4
2017-11-21,0.605366,0.186283,0.419082,1.23173e-05,3.64158e-06,8.6757e-06,0.014027,0.475723,0.289439,4.04106e-06,0.00245182,0.054586,0,0,4
2017-11-22,0.605729,0.18442,0.421309,1.23031e-05,3.60438e-06,8.69873e-06,0.014027,0.46312,0.2787,3.72468e-06,0.00803109,0.0538984,0,0,4
2017-11-28,0.609241,0.177688,0.431553,1.23797e-05,3.42299e-06,8.9567e-06,0.014027,0.473078,0.29539,4.1355e-06,0.00864551,0.0538942,0,0,4
2017-11-29,0.609877,0.178568,0.431309,1.23876e-05,3.43046e-06,8.95714e-06,0.014027,0.524172,0.345604,5.48875e-06,0.0072804,0.0550631,0,0,4
2017-11-30,0.402295,0.175579,0.226716,7.23081e-06,3.38132e-06,3.84949e-06,-0.0975176,0.0679654,-0.107614,-2.15984e-06,0.00363243,0.0538742,0,0,3
2017-12-01,0.405968,0.180799,0.225168,7.32603e-06,3.50551e-06,3.82052e-06,-0.0975176,0.0822277,-0.0985716,-2.00331e-06,0.00313225,0.0539176,0,0,3
2017-12-05,0.413768,0.183162,0.230605,7.46224e-06,3.55676e-06,3.90548e-06,-0.0975176,0.0958226,-0.0873396,-1.84667e-06,0.00249828,0.0535266,0,0,3
2017-12-06,0.403817,0.176322,0.227495,7.33533e-06,3.44713e-06,3.8882e-06,-0.0975176,0.0723724,-0.10395,-2.15846e-06,-0.000873279,0.0536885,0,0,3
2017-12-07,0.404842,0.179626,0.225217,7.37347e-06,3.51961e-06,3.85386e-06,-0.0975176,0.0366291,-0.142997,-2.89455e-06,-0.00524994,0.0518879,0,0,3
2017-12-08,0.409694,0.17615,0.233545,7.52268e-06,3.43843e-06,4.08424e-06,-0.0975176,0.0387411,-0.137408,-2.77869e-06,-0.0150462,0.0519247,0,0,3
2017-12-12,0.408282,0.177052,0.23123,7.50005e-06,3.45285e-06,4.0472e-06,-0.0975176,0.0193898,-0.157662,-3.12936e-06,-0.0201507,0.0509256,0,0,3
2017-12-13,0.409929,0.181751,0.228178,7.54421e-06,3.53305e-06,4.01115e-06,-0.0975176,0.00299396,-0.178757,-3.48365e-06,-0.0173275,0.0506742,0,0,3
2017-12-15,0.411505,0.186396,0.225109,7.59822e-06,3.63023e-06,3.96798e-06,-0.0975176,0.00141559,-0.18498,-3.60574e-06,-0.0180029,0.0513706,0,0,3
2017-12-19,0.409904,0.186031,0.223873,7.57223e-06,3.62351e-06,3.94872e-06,-0.0975176,-0.00209595,-0.188127,-3.66e-06,-0.0200148,0.0514108,0,0,3
2017-12-20,0.409613,0.191577,0.218036,7.53763e-06,3.7127e-06,3.82493e-06,-0.0975176,-0.0180798,-0.209657,-4.03573e-06,-0.0150814,0.0516344,0,0,3
2017-12-21,0.409465,0.186678,0.222787,7.52529e-06,3.56868e-06,3.9566e-06,-0.0975176,-0.00820225,-0.19488,-3.71546e-06,-0.0141336,0.0516137,0,0,3
2017-12-22,0.40282,0.184706,0.218114,7.35727e-06,3.50686e-06,3.85041e-06,-0.0975176,-0.0221943,-0.2069,-3.90875e-06,-0.0207839,0.0515585,0,0,3
2017-12-27,0.403184,0.184686,0.218498,7.3712e-06,3.50932e-06,3.86188e-06,-0.0975176,-0.0119651,-0.196651,-3.7245e-06,-0.0239359,0.0513084,0,0,3
2017-12-28,0.408649,0.197966,0.210684,7.37167e-06,3.7378e-06,3.63387e-06,-0.0975176,0.0023308,-0.195635,-3.69499e-06,-0.0208208,0.051714,0,0,3
2017-12-29,0.346609,0.213094,0.133515,6.21577e-06,3.97246e-06,2.2433e-06,0.142182,0.149087,-0.0640062,-1.59005e-06,-0.0179983,0.0517311,0,0,3
2018-01-03,0.346805,0.215599,0.131206,6.21357e-06,4.01309e-06,2.20048e-06,0.142182,0.170797,-0.044802,-1.25233e-06,-0.0198846,0.0518059,0,0,3
2018-01-04,0.34576,0.20808,0.13768,6.19992e-06,3.85447e-06,2.34545e-06,0.142182,0.184397,-0.0236828,-8.22872e-07,-0.0173131,0.0535835,0,0,3
2018-01-05,0.341759,0.205575,0.136185,6.10244e-06,3.8148e-06,2.28764e-06,0.142182,0.164735,-0.0408397,-1.07164e-06,-0.0204575,0.0547395,0,0,3
2018-01-09,0.334132,0.202762,0.13137,5.88021e-06,3.74036e-06,2.13986e-06,0.142182,0.155249,-0.0475124,-1.1244e-06,-0.0179822,0.0554474,0,0,3
2018-01-10,0.333872,0.205259,0.128612,5.87334e-06,3.7764e-06,2.09694e-06,0.142182,0.155555,-0.0497039,-1.15087e-06,-0.0167661,0.0561113,0,0,3
2018-01-11,0.332398,0.204307,0.128091,5.85066e-06,3.76234e-06,2.08832e-06,0.142182,0.171788,-0.0325193,-7.98284e-07,-0.0191695,0.0578855,0,0,3
2018-01-17,0.337154,0.203799,0.133355,5.90925e-06,3.76108e-06,2.14817e-06,0.142182,0.177987,-0.0258116,-6.96379e-07,-0.0140678,0.0573756,0,0,3
2018-01-18,0.341296,0.211224,0.130072,5.99011e-06,3.89705e-06,2.09307e-06,0.142182,0.176977,-0.0342468,-8.85975e-07,-0.0169177,0.0573227,0,0,3
2018-01-19,0.339078,0.211244,0.127835,5.96161e-06,3.90687e-06,2.05474e-06,0.142182,0.177158,-0.0340856,-8.87576e-07,-0.0287283,0.0574347,1,0,3
2018-01-23,0.344796,0.214708,0.130089,6.0353e-06,3.95714e-06,2.07816e-06,0.142182,0.207286,-0.00742138,-4.32483e-07,-0.0358867,0.0572136,1,0,3
2018-01-24,0.340274,0.211885,0.128388,5.97396e-06,3.91744e-06,2.05652e-06,0.142182,0.147092,-0.0647934,-1.6117e-06,-0.0241679,0.0549737,0,0,3
2018-01-25,0.352736,0.225306,0.127431,6.31326e-06,4.2468e-06,2.06647e-06,0.142182,0.136369,-0.0889364,-2.07626e-06,-0.0257338,0.0550428,1,0,3
2018-01-26,0.353913,0.225145,0.128768,6.30933e-06,4.24371e-06,2.06562e-06,0.142182,0.160013,-0.0651322,-1.74329e-06,-0.0232562,0.0551551,0,0,3
2018-01-30,0.344405,0.23639,0.108015,6.09161e-06,4.40472e-06,1.68688e-06,0.142182,0.15459,-0.0817995,-1.97251e-06,-0.0260992,0.0557577,1,0,2
2018-01-31,0.39243,0.235184,0.157246,7.5477e-06,4.37652e-06,3.17118e-06,0.210006,0.468256,0.233072,7.33917e-06,-0.0226279,0.056291,0,0,3
2018-02-01,0.381001,0.236071,0.14493,7.23693e-06,4.38132e-06,2.8556e-06,0.210006,0.471153,0.235081,7.50848e-06,-0.0274467,0.056601,1,0,3
2018-02-02,0.380936,0.236289,0.144646,7.23323e-06,4.39049e-06,2.84274e-06,0.210006,0.482921,0.246632,7.70445e-06,-0.0270675,0.0565302,1,0,3
2018-02-06,0.378039,0.23615,0.141889,7.1891e-06,4.38925e-06,2.79984e-06,0.210006,0.461479,0.225329,6.71583e-06,-0.0122655,0.0542983,0,0,3
2018-02-07,0.382184,0.241898,0.140286,7.31639e-06,4.54949e-06,2.7669e-06,0.210006,0.468945,0.227047,6.43024e-06,-0.000803379,0.05338,0,0,3
2018-02-08,0.370596,0.239924,0.130671,7.09659e-06,4.58041e-06,2.51618e-06,0.210006,0.485128,0.245203,7.08694e-06,-0.000152402,0.0547142,0,0,3
2018-02-09,0.361653,0.24263,0.119023,6.84904e-06,4.62333e-06,2.2257e-06,0.210006,0.48691,0.24428,7.07728e-06,0.00046129,0.0553286,0,0,3
2018-02-13,0.361743,0.243394,0.118349,6.84956e-06,4.63475e-06,2.21481e-06,0.210006,0.495073,0.251678,7.38265e-06,0.0021197,0.0553152,0,0,3
2018-02-14,0.363794,0.243009,0.120784,6.88371e-06,4.62111e-06,2.2626e-06,0.210006,0.535271,0.292262,8.42134e-06,0.00122864,0.0550499,0,0,3
2018-02-15,0.35668,0.23987,0.11681,6.78477e-06,4.59249e-06,2.19228e-06,0.210006,0.551644,0.311774,9.58414e-06,0.00314832,0.055075,0,0,3
2018-02-16,0.357494,0.240234,0.11726,6.80817e-06,4.60237e-06,2.20579e-06,0.210006,0.448395,0.208161,7.787e-06,0.000820182,0.0559911,0,0,3
2018-02-21,0.361313,0.241508,0.119805,6.86908e-06,4.62989e-06,2.23919e-06,0.210006,0.438974,0.197467,7.72807e-06,-0.00527543,0.0561478,0,0,3
2018-02-22,0.352393,0.238093,0.1143,6.65469e-06,4.57012e-06,2.08457e-06,0.210006,0.441033,0.20294,7.90886e-06,-0.00339441,0.0563353,0,0,3
2018-02-23,0.352404,0.236985,0.115419,6.65516e-06,4.53966e-06,2.1155e-06,0.210006,0.441971,0.204986,7.95538e-06,-0.0081605,0.0562915,0,0,3
2018-02-27,0.353969,0.237238,0.116732,6.63301e-06,4.54501e-06,2.08801e-06,0.210006,0.446183,0.208945,8.03209e-06,-0.00956185,0.0564319,0,0,3
2018-02-28,0.144146,0.235147,-0.0910008,2.00691e-06,4.51317e-06,-2.50626e-06,-0.119135,0.0223558,-0.212791,-4.13489e-06,0.00609385,0.0519878,0,0,1
2018-03-01,0.143971,0.254231,-0.110261,2.00568e-06,5.00929e-06,-3.00361e-06,-0.119135,-0.00727961,-0.261511,-5.12996e-06,0.011435,0.0516885,0,0,1
2018-03-02,0.148247,0.255475,-0.107229,2.09222e-06,5.07076e-06,-2.97854e-06,-0.119135,-0.0121497,-0.267625,-5.27958e-06,0.0101427,0.0518158,0,0,1
2018-03-06,0.150103,0.256871,-0.106768,2.11579e-06,5.10033e-06,-2.98453e-06,-0.119135,-0.00778616,-0.264658,-5.23776e-06,0.0122675,0.0516416,0,0,1
2018-03-07,0.15343,0.256437,-0.103008,2.16188e-06,5.08479e-06,-2.92291e-06,-0.119135,0.0124837,-0.243954,-4.85896e-06,0.0128321,0.0516227,0,0,1
2018-03-08,0.147353,0.258094,-0.110741,2.06092e-06,5.0846e-06,-3.02368e-06,-0.119135,-0.0179015,-0.275996,-5.42649e-06,0.0113513,0.0534108,0,0,1
2018-03-09,0.154191,0.258369,-0.104178,2.15784e-06,5.09426e-06,-2.93642e-06,-0.119135,0.0231661,-0.235202,-4.63424e-06,0.0100931,0.0532049,0,0,1
2018-03-13,0.169124,0.324519,-0.155395,2.3188e-06,6.09956e-06,-3.78077e-06,-0.119135,0.0314503,-0.293068,-5.45645e-06,0.00876824,0.0538148,0,0,1
2018-03-14,0.174473,0.327628,-0.153155,2.3806e-06,6.13899e-06,-3.7584e-06,-0.119135,0.0383765,-0.289251,-5.33858e-06,0.00705559,0.0538947,0,0,1
2018-03-15,0.172941,0.325054,-0.152113,2.36295e-06,6.07922e-06,-3.71627e-06,-0.119135,0.0241943,-0.30086,-5.58177e-06,0.000463791,0.0536707,0,0,1
2018-03-16,0.182151,0.33067,-0.148519,2.51933e-06,6.23805e-06,-3.71872e-06,-0.119135,0.00482624,-0.325844,-6.14102e-06,-0.00636828,0.0527823,0,0,1
2018-03-20,0.185831,0.333344,-0.147513,2.58106e-06,6.31971e-06,-3.73865e-06,-0.119135,0.00913203,-0.324211,-6.13705e-06,-0.0120884,0.0527391,0,0,1
2018-03-21,0.187308,0.334073,-0.146765,2.6015e-06,6.33568e-06,-3.73418e-06,-0.119135,0.0128176,-0.321255,-6.07919e-06,-0.0117768,0.0526918,0,0,1
2018-03-22,0.18552,0.335448,-0.149928,2.57232e-06,6.35821e-06,-3.78589e-06,-0.119135,0.0175013,-0.317947,-6.00713e-06,-0.0139911,0.0532177,0,0,1
2018-03-23,0.179594,0.351407,-0.171813,2.47023e-06,6.56358e-06,-4.09334e-06,-0.119135,0.0120742,-0.339332,-6.31654e-06,-0.00934831,0.0530833,0,0,1
2018-03-27,0.171435,0.351051,-0.179615,2.33321e-06,6.5646e-06,-4.23139e-06,-0.119135,0.0197589,-0.331292,-6.15726e-06,-0.0154677,0.0533032,0,0,1
2018-03-28,0.158083,0.351092,-0.193009,2.11581e-06,6.5628e-06,-4.44699e-06,-0.119135,0.017616,-0.333476,-6.19837e-06,-0.0116773,0.0533875,0,0,1
2018-03-29,0.181734,0.348217,-0.166483,2.6617e-06,6.5096e-06,-3.8479e-06,-0.102485,0.078708,-0.269509,-5.07063e-06,-0.0106397,0.052282,0,0,1
2018-04-04,0.180282,0.343976,-0.163694,2.64606e-06,6.49901e-06,-3.85295e-06,-0.102485,0.0666384,-0.277337,-5.26227e-06,-0.00510026,0.0533021,0,0,1
2018-04-05,0.155846,0.326363,-0.170517,2.30482e-06,6.24793e-06,-3.94311e-06,-0.102485,0.0671927,-0.25917,-5.02021e-06,-0.00202396,0.0531647,0,0,1
2018-04-06,0.16161,0.327104,-0.165494,2.39189e-06,6.28179e-06,-3.8899e-06,-0.102485,0.0859989,-0.241105,-4.67552e-06,0.00195529,0.0548652,0,0,1
2018-04-10,0.163976,0.327187,-0.163211,2.41885e-06,6.28682e-06,-3.86797e-06,-0.102485,0.0779743,-0.249213,-4.87738e-06,-0.00495472,0.0541771,0,0,1
2018-04-11,0.163576,0.326955,-0.163379,2.43414e-06,6.29164e-06,-3.8575e-06,-0.102485,0.0852093,-0.241746,-4.76369e-06,-0.00637842,0.0543441,0,0,1
2018-04-12,0.161339,0.32512,-0.163781,2.4038e-06,6.26065e-06,-3.85685e-06,-0.102485,0.102537,-0.222583,-4.431e-06,-0.012427,0.054453,0,0,1
2018-04-13,0.156838,0.318156,-0.161319,2.34158e-06,6.1177e-06,-3.77612e-06,-0.102485,0.112844,-0.205312,-3.96706e-06,-0.014294,0.0567684,0,0,1
2018-04-17,0.155116,0.319898,-0.164782,2.30274e-06,6.11716e-06,-3.81442e-06,-0.102485,0.117485,-0.202412,-3.86617e-06,-0.0185351,0.0567009,0,0,1
2018-04-18,0.15212,0.321824,-0.169704,2.25057e-06,6.15098e-06,-3.90042e-06,-0.102485,0.0737615,-0.248063,-4.70017e-06,-0.0183594,0.0586115,0,0,1
2018-04-19,0.155841,0.324394,-0.168553,2.30669e-06,6.20531e-06,-3.89861e-06,-0.102485,0.0606922,-0.263702,-4.97609e-06,-0.0171172,0.0593029,0,0,1
2018-04-24,0.159143,0.322255,-0.163112,2.35216e-06,6.14178e-06,-3.78962e-06,-0.102485,0.0616396,-0.260616,-4.88586e-06,-0.0184662,0.0588588,0,0,1
2018-04-25,0.160708,0.322108,-0.1614,2.37951e-06,6.13732e-06,-3.75781e-06,-0.102485,0.056604,-0.265504,-4.97382e-06,-0.0177694,0.058919,0,0,1
2018-04-26,0.159554,0.322252,-0.162698,2.36155e-06,6.13759e-06,-3.77604e-06,-0.102485,0.091745,-0.230507,-4.16326e-06,-0.0185284,0.0596512,0,0,1
2018-04-27,0.708217,0.337804,0.370413,1.11578e-05,6.3443e-06,4.81348e-06,0.378696,0.740336,0.402533,1.08066e-05,-0.0206004,0.0609955,0,0,4
2018-05-01,0.705282,0.33643,0.368852,1.11457e-05,6.30823e-06,4.83748e-06,0.378696,0.752388,0.415958,1.19913e-05,-0.010697,0.0613133,0,0,4
2018-05-02,0.703255,0.337138,0.366118,1.11275e-05,6.3442e-06,4.78329e-06,0.378696,0.754574,0.417436,1.20116e-05,-0.0167522,0.061291,0,0,4
2018-05-03,0.695929,0.33707,0.358859,1.07838e-05,6.34342e-06,4.44043e-06,0.378696,0.753966,0.416896,1.20493e-05,-0.0141428,0.0612061,0,0,4
2018-05-04,0.697118,0.341386,0.355732,1.08141e-05,6.41231e-06,4.40176e-06,0.378696,0.75399,0.412604,1.1895e-05,-0.0225362,0.0600486,0,0,4
2018-05-08,0.699862,0.349385,0.350477,1.08539e-05,6.61232e-06,4.24161e-06,0.378696,0.750631,0.401247,1.12787e-05,-0.0149221,0.0590985,0,0,4
2018-05-09,0.702043,0.353822,0.348221,1.10132e-05,6.75948e-06,4.25373e-06,0.378696,0.748292,0.39447,1.09889e-05,-0.013468,0.0587047,0,0,4
2018-05-10,0.703103,0.35617,0.346933,1.10654e-05,6.82658e-06,4.2388e-06,0.378696,0.744156,0.387986,1.06451e-05,-0.00683943,0.0580005,0,0,4
2018-05-11,0.705728,0.359729,0.345999,1.11768e-05,6.92248e-06,4.25434e-06,0.378696,0.738822,0.379093,1.01638e-05,-0.0119548,0.0571754,0,0,4
2018-05-15,0.709657,0.368666,0.34099,1.13565e-05,7.13888e-06,4.21758e-06,0.378696,0.742408,0.373742,9.9822e-06,-0.0110827,0.0595178,0,0,3
2018-05-16,0.708029,0.365943,0.342086,1.13026e-05,7.08216e-06,4.2204e-06,0.378696,0.744594,0.378651,1.00363e-05,-0.011685,0.059432,0,0,3
2018-05-17,0.707762,0.366088,0.341674,1.12806e-05,7.09439e-06,4.18621e-06,0.378696,0.731842,0.365754,9.76969e-06,-0.00864382,0.0601927,0,0,3
2018-05-18,0.707652,0.365786,0.341866,1.12671e-05,7.07494e-06,4.19219e-06,0.378696,0.72903,0.363244,9.83911e-06,-0.00345935,0.0601664,0,0,3
2018-05-22,0.706675,0.3689,0.337775,1.12278e-05,7.1178e-06,4.10999e-06,0.378696,0.72809,0.35919,9.68722e-06,0.00461773,0.0592565,0,0,3
2018-05-23,0.715706,0.373666,0.34204,1.14217e-05,7.21063e-06,4.21103e-06,0.378696,0.753846,0.38018,1.10975e-05,0.00646054,0.0603272,0,0,3
2018-05-24,0.710638,0.372305,0.338333,1.13344e-05,7.1519e-06,4.18245e-06,0.378696,0.756357,0.384052,1.11191e-05,0.00777233,0.0602129,0,0,3
2018-05-25,0.708278,0.372469,0.335809,1.13237e-05,7.16292e-06,4.16078e-06,0.378696,0.75434,0.381871,1.08231e-05,0.00475734,0.0594119,0,0,3
2018-05-30,0.710686,0.37537,0.335316,1.14226e-05,7.24523e-06,4.17734e-06,0.378696,0.752892,0.377522,1.05967e-05,0.00385625,0.0591522,0,0,3
2018-05-31,0.305406,0.376511,-0.0711053,5.1603e-06,7.25204e-06,-2.09174e-06,0.397375,0.267116,-0.109395,-1.34834e-06,0.0133149,0.0586898,0,0,2
2018-06-01,0.309478,0.378519,-0.0690412,5.23663e-06,7.3056e-06,-2.06897e-06,0.397375,0.300548,-0.0779712,5.96473e-08,0.0148985,0.0598431,0,0,2
2018-06-05,0.309451,0.379491,-0.0700401,5.23605e-06,7.31942e-06,-2.08337e-06,0.397375,0.343764,-0.0357268,1.82659e-06,0.0217535,0.0634031,0,0,2
2018-06-06,0.311405,0.379527,-0.0681221,5.26401e-06,7.27476e-06,-2.01074e-06,0.397375,0.335896,-0.0436311,1.57973e-06,0.0260212,0.0630029,1,0,2
2018-06-07,0.315813,0.380626,-0.0648133,5.35695e-06,7.3214e-06,-1.96444e-06,0.397375,0.325891,-0.0547352,1.14144e-06,0.0214222,0.0620959,0,0,2
2018-06-08,0.325922,0.383033,-0.0571115,5.52784e-06,7.37438e-06,-1.84654e-06,0.397375,0.325571,-0.0574621,1.11929e-06,0.0256941,0.0618329,1,0,2
2018-06-12,0.331322,0.386047,-0.054725,5.64611e-06,7.438e-06,-1.79189e-06,0.397375,0.348549,-0.0374976,1.52625e-06,0.0213741,0.0618361,0,0,2
2018-06-13,0.330928,0.377194,-0.0462663,5.6349e-06,7.27163e-06,-1.63673e-06,0.397375,0.358772,-0.0184219,1.83858e-06,0.0232885,0.0617697,0,0,2
2018-06-14,0.325213,0.371993,-0.04678,5.56887e-06,7.20075e-06,-1.63188e-06,0.397375,0.377252,0.00525866,2.54559e-06,0.0242414,0.0659523,0,0,2
2018-06-15,0.321197,0.371488,-0.0502906,5.49451e-06,7.1877e-06,-1.69318e-06,0.397375,0.353308,-0.01818,1.88001e-06,0.0171945,0.0652789,0,0,2
2018-06-19,0.322751,0.372631,-0.0498803,5.55562e-06,7.25164e-06,-1.69602e-06,0.397375,0.371854,-0.000777478,2.19209e-06,0.013295,0.065483,0,0,2
2018-06-20,0.315123,0.371664,-0.0565411,5.44078e-06,7.23951e-06,-1.79873e-06,0.397375,0.394025,0.0223603,2.94559e-06,0.0167258,0.0661734,0,0,2
2018-06-21,0.317965,0.370426,-0.0524602,5.47106e-06,7.19323e-06,-1.72216e-06,0.397375,0.384382,0.0139567,2.9623e-06,0.0202678,0.0662629,0,0,2
2018-06-22,0.316215,0.391084,-0.0748697,5.4258e-06,7.46598e-06,-2.04019e-06,0.397375,0.385299,-0.00578544,2.67778e-06,0.0116656,0.0662109,0,0,2
2018-06-26,0.314384,0.390739,-0.0763555,5.37702e-06,7.46688e-06,-2.08986e-06,0.397375,0.418713,0.0279734,4.20848e-06,0.0100493,0.0672032,0,0,2
2018-06-27,0.310213,0.398484,-0.0882709,5.2641e-06,7.56836e-06,-2.30426e-06,0.397375,0.402949,0.00446562,3.66444e-06,0.00372964,0.0667218,0,0,1
2018-06-28,0.31258,0.395667,-0.0830872,5.29171e-06,7.48024e-06,-2.18853e-06,0.397375,0.400157,0.00448987,3.62663e-06,0.00286169,0.0668464,0,0,2
2018-06-29,0.145798,0.39603,-0.250232,1.95589e-06,7.48075e-06,-5.52486e-06,-0.0733217,0.256538,-0.139492,-2.14676e-06,0.0108389,0.0668967,0,0,1
2018-07-03,0.145385,0.393403,-0.248017,1.94844e-06,7.41625e-06,-5.4678e-06,-0.0733217,0.257676,-0.135726,-2.02756e-06,0.0106189,0.0673834,0,0,1
2018-07-06,0.150367,0.395104,-0.244737,2.00572e-06,7.44139e-06,-5.43568e-06,-0.0733217,0.222056,-0.173047,-2.98162e-06,0.0271943,0.0658261,1,0,1
2018-07-10,0.16575,0.402929,-0.237178,2.25355e-06,7.67416e-06,-5.42061e-06,-0.0733217,0.243614,-0.159315,-2.41944e-06,0.0199319,0.0699873,0,0,1
2018-07-11,0.168308,0.411152,-0.242844,2.28112e-06,7.80041e-06,-5.51929e-06,-0.0733217,0.263012,-0.148139,-2.21791e-06,0.0159184,0.0694488,0,0,1
2018-07-12,0.162909,0.407688,-0.24478,2.23147e-06,7.79357e-06,-5.5621e-06,-0.0733217,0.258053,-0.149635,-2.24786e-06,0.0124918,0.0701268,0,0,1
2018-07-13,0.163448,0.407284,-0.243836,2.24227e-06,7.79248e-06,-5.55021e-06,-0.0733217,0.236679,-0.170605,-2.89355e-06,0.0114703,0.0690939,0,0,1
2018-07-17,0.168314,0.410014,-0.2417,2.32781e-06,7.89447e-06,-5.56666e-06,-0.0733217,0.229513,-0.180501,-3.12319e-06,0.00469647,0.0695143,0,0,1
2018-07-18,0.168009,0.409285,-0.241275,2.32419e-06,7.88037e-06,-5.55618e-06,-0.0733217,0.20214,-0.207145,-3.56039e-06,0.00918048,0.0703855,0,0,1
2018-07-19,0.16574,0.408406,-0.242666,2.29043e-06,7.85912e-06,-5.56868e-06,-0.0733217,0.17325,-0.235157,-4.065e-06,0.0106006,0.070754,0,0,1
2018-07-20,0.160951,0.405235,-0.244284,2.23514e-06,7.81316e-06,-5.57802e-06,-0.0733217,0.115524,-0.289711,-5.12248e-06,0.0165967,0.0706166,0,0,1
2018-07-24,0.157187,0.396886,-0.239698,2.20173e-06,7.70182e-06,-5.5001e-06,-0.0733217,-0.00640284,-0.403288,-7.87026e-06,0.0155566,0.070743,0,0,1
2018-07-26,0.155522,0.397182,-0.24166,2.17516e-06,7.68922e-06,-5.51405e-06,-0.0733217,-0.0102974,-0.40748,-7.95947e-06,0.00972128,0.0710211,0,0,1
2018-07-27,0.154149,0.396259,-0.24211,2.16315e-06,7.68961e-06,-5.52646e-06,-0.0733217,-0.0126202,-0.40888,-8.02097e-06,0.0101884,0.0715825,0,0,1
2018-07-31,0.482262,0.393584,0.0886781,7.91198e-06,7.65252e-06,2.59465e-07,0.70958,0.288032,-0.105551,1.75116e-06,0.0102675,0.0715657,0,0,2
2018-08-01,0.482952,0.393686,0.0892657,7.93949e-06,7.65972e-06,2.79769e-07,0.70958,0.278978,-0.114708,1.26261e-06,0.00990204,0.0706257,0,0,2
2018-08-02,0.484297,0.395924,0.0883735,8.01269e-06,7.74504e-06,2.67642e-07,0.70958,0.271842,-0.124082,1.43765e-06,-0.00180905,0.0712215,0,0,2
2018-08-03,0.483467,0.394339,0.0891278,7.9951e-06,7.74746e-06,2.47641e-07,0.70958,0.260182,-0.134157,9.83757e-07,0.00668852,0.0700752,0,0,2
2018-08-07,0.486781,0.398247,0.0885345,8.08039e-06,7.88591e-06,1.94479e-07,0.70958,0.26316,-0.135087,1.01245e-06,0.0133556,0.07015,0,0,2
2018-08-08,0.487853,0.398908,0.0889448,8.09707e-06,7.8935e-06,2.03578e-07,0.70958,0.26438,-0.134528,1.0271e-06,0.0168793,0.0700812,0,0,2
2018-08-09,0.483666,0.397007,0.0866593,8.0251e-06,7.87023e-06,1.54864e-07,0.70958,0.265995,-0.131012,1.07656e-06,0.0130071,0.0699383,0,0,2
2018-08-10,0.478979,0.394193,0.084786,7.97081e-06,7.83004e-06,1.40776e-07,0.70958,0.234933,-0.15926,-2.06091e-07,-0.000744332,0.0689085,0,0,2
2018-08-14,0.48505,0.390831,0.0942192,8.1707e-06,7.71654e-06,4.54162e-07,0.70958,0.219825,-0.171006,-4.94841e-07,-0.00106064,0.0703691,0,0,2
2018-08-15,0.4845,0.373727,0.110773,8.11498e-06,7.15888e-06,9.561e-07,0.70958,0.17451,-0.199217,-1.67361e-06,-0.00960999,0.0676604,0,0,2
2018-08-16,0.492389,0.383215,0.109173,8.39128e-06,7.45893e-06,9.3235e-07,0.70958,0.164476,-0.21874,-2.28096e-06,-0.00322857,0.068016,0,0,2
2018-08-17,0.492812,0.383851,0.108961,8.46825e-06,7.51599e-06,9.52258e-07,0.70958,0.149724,-0.234126,-2.68791e-06,0.000329023,0.0683622,0,0,2
2018-08-21,0.49571,0.375978,0.119731,8.44307e-06,7.26369e-06,1.17938e-06,0.70958,0.114187,-0.261792,-3.46345e-06,-0.00391553,0.0689607,0,0,3
2018-08-22,0.4958,0.376115,0.119686,8.42433e-06,7.26249e-06,1.16184e-06,0.70958,0.0998167,-0.276298,-3.99872e-06,-0.0190346,0.0680474,0,0,3
2018-08-24,0.492245,0.375415,0.11683,8.36887e-06,7.28286e-06,1.086e-06,0.70958,0.0848347,-0.29058,-4.52496e-06,-0.00983107,0.0675034,0,0,3
2018-08-28,0.496546,0.379818,0.116727,8.54632e-06,7.42277e-06,1.12355e-06,0.70958,0.0600264,-0.319792,-5.46696e-06,-0.0164081,0.0687841,0,0,3
2018-08-29,0.498806,0.382549,0.116257,8.64262e-06,7.5249e-06,1.11772e-06,0.70958,0.0650816,-0.317468,-5.42032e-06,-0.0211712,0.0689008,0,0,3
2018-08-30,0.491783,0.377053,0.11473,8.48155e-06,7.27182e-06,1.20972e-06,0.70958,0.0595885,-0.317465,-5.35599e-06,-0.0235369,0.0689295,0,0,3
2018-08-31,0.580557,0.377548,0.203009,1.17e-05,7.28504e-06,4.415e-06,0.692715,0.198681,-0.178867,-2.67211e-07,-0.0204429,0.0692389,0,0,3
2018-09-05,0.58043,0.379266,0.201164,1.17175e-05,7.28166e-06,4.43588e-06,0.692715,0.199203,-0.180063,-2.87947e-07,-0.0283328,0.0690527,1,0,3
2018-09-06,0.585798,0.382036,0.203762,1.18071e-05,7.34896e-06,4.45812e-06,0.692715,0.201047,-0.180989,-2.74836e-07,-0.0297631,0.0696545,1,0,3
2018-09-07,0.586591,0.384934,0.201657,1.17705e-05,7.39196e-06,4.37852e-06,0.692715,0.21236,-0.172574,1.95966e-07,-0.0246098,0.0707841,0,0,3
2018-09-11,0.598925,0.394502,0.204423,1.18968e-05,7.5297e-06,4.36709e-06,0.692715,0.1927,-0.201802,-7.09076e-07,-0.0348823,0.0698906,1,0,3
2018-09-12,0.596302,0.395801,0.200501,1.1696e-05,7.55668e-06,4.1393e-06,0.692715,0.174207,-0.221594,-1.53058e-06,-0.0251184,0.0688073,0,0,3
2018-09-13,0.597053,0.393294,0.203759,1.17796e-05,7.4941e-06,4.28552e-06,0.692715,0.173133,-0.220161,-1.51409e-06,-0.025592,0.0687178,1,0,3
2018-09-14,0.595521,0.396446,0.199075,1.16822e-05,7.49115e-06,4.19109e-06,0.692715,0.155647,-0.240799,-2.2199e-06,-0.0371807,0.0675899,1,0,3
2018-09-18,0.598937,0.397131,0.201805,1.16872e-05,7.50371e-06,4.18351e-06,0.692715,0.153864,-0.243268,-2.31099e-06,-0.037113,0.0674752,1,0,3
2018-09-19,0.595382,0.39858,0.196801,1.15335e-05,7.52759e-06,4.0059e-06,0.692715,0.154682,-0.243898,-2.29062e-06,-0.0317264,0.0674996,1,0,3
2018-09-20,0.594613,0.398908,0.195705,1.1467e-05,7.53392e-06,3.93307e-06,0.692715,0.145779,-0.253129,-2.62702e-06,-0.0275785,0.0673011,1,0,3
2018-09-21,0.598171,0.401591,0.196579,1.16009e-05,7.62426e-06,3.97669e-06,0.692715,0.147117,-0.254474,-2.66247e-06,-0.0221342,0.0672965,0,0,3
2018-09-25,0.598838,0.401306,0.197532,1.1546e-05,7.60468e-06,3.94136e-06,0.692715,0.147311,-0.253995,-2.63442e-06,-0.0207006,0.0672761,0,0,3
2018-09-26,0.597605,0.392408,0.205198,1.14905e-05,7.33297e-06,4.1575e-06,0.692715,0.14804,-0.244367,-2.34944e-06,-0.0346568,0.0671712,1,0,3
2018-09-27,0.596449,0.391369,0.20508,1.14777e-05,7.32428e-06,4.15341e-06,0.692715,0.147184,-0.244185,-2.35328e-06,-0.041519,0.0664507,1,0,3
2018-09-28,0.341545,0.392562,-0.0510172,5.44829e-06,7.34138e-06,-1.89308e-06,0.558588,0.138151,-0.254411,-3.5939e-06,-0.0309431,0.0658598,1,0,2
2018-10-02,0.327386,0.395022,-0.0676356,5.27622e-06,7.41828e-06,-2.14206e-06,0.558588,0.10863,-0.286392,-4.61822e-06,-0.0230838,0.0630661,0,0,2
2018-10-03,0.339092,0.40405,-0.0649574,5.61385e-06,7.7462e-06,-2.13235e-06,0.558588,0.0851649,-0.318885,-5.53091e-06,-0.0223451,0.0639323,0,0,2
2018-10-04,0.339795,0.405423,-0.0656287,5.63422e-06,7.7849e-06,-2.15068e-06,0.558588,0.0856967,-0.319727,-5.55419e-06,-0.016067,0.0639658,0,0,2
2018-10-05,0.339024,0.406145,-0.0671207,5.61362e-06,7.77742e-06,-2.1638e-06,0.558588,0.0821487,-0.323996,-5.65275e-06,-0.0091139,0.0639188,0,0,2
2018-10-09,0.342015,0.407562,-0.0655473,5.68282e-06,7.8114e-06,-2.12858e-06,0.558588,0.0868016,-0.320761,-5.54898e-06,-0.0119653,0.0639214,0,0,2
2018-10-10,0.341245,0.407177,-0.0659315,5.62462e-06,7.79689e-06,-2.17227e-06,0.558588,0.0937591,-0.313417,-5.33386e-06,-0.0163989,0.0649819,0,0,2
2018-10-11,0.341596,0.409873,-0.0682769,5.63466e-06,7.83133e-06,-2.19667e-06,0.558588,0.0297368,-0.380136,-7.10387e-06,-0.00950397,0.062378,0,0,2
2018-10-12,0.360735,0.423105,-0.0623702,6.14867e-06,8.27549e-06,-2.12681e-06,0.558588,0.0355812,-0.387524,-7.40445e-06,-0.00266155,0.0622884,0,0,2
2018-10-16,0.363817,0.416976,-0.0531595,6.1933e-06,8.10374e-06,-1.91044e-06,0.558588,0.0481872,-0.368789,-6.89889e-06,-0.00771064,0.0622919,0,0,2
2018-10-17,0.360216,0.419956,-0.05974,6.09885e-06,8.1417e-06,-2.04285e-06,0.558588,0.0415487,-0.378407,-7.11356e-06,-0.00288522,0.0615592,0,0,2
2018-10-18,0.363188,0.419165,-0.0559769,6.1309e-06,8.12039e-06,-1.98949e-06,0.558588,0.0536548,-0.36551,-6.78943e-06,-0.0111618,0.0626035,0,0,2
2018-10-19,0.360488,0.415198,-0.0547097,6.08539e-06,8.04267e-06,-1.95728e-06,0.558588,0.0576531,-0.357545,-6.6147e-06,-0.0132352,0.0625712,0,0,2
2018-10-23,0.359954,0.414448,-0.0544942,6.08172e-06,8.03477e-06,-1.95305e-06,0.558588,0.0483291,-0.366119,-6.85268e-06,-0.00604877,0.0625532,0,0,2
2018-10-24,0.361474,0.428156,-0.0666823,6.1353e-06,8.29907e-06,-2.16377e-06,0.558588,0.0850859,-0.34307,-6.2693e-06,-0.0087237,0.0627437,0,0,2
2018-10-25,0.355953,0.439515,-0.0835622,6.05772e-06,8.41543e-06,-2.35771e-06,0.558588,0.0763442,-0.363171,-6.61133e-06,-0.0127173,0.0629032,0,0,1
2018-10-26,0.355177,0.439402,-0.0842252,6.066e-06,8.44723e-06,-2.38123e-06,0.558588,0.0874163,-0.351986,-6.37706e-06,-0.00556101,0.0638023,0,0,1
2018-10-30,0.354601,0.431554,-0.0769527,6.0608e-06,8.23114e-06,-2.17034e-06,0.558588,0.0770782,-0.354475,-6.40104e-06,-0.0171924,0.0645641,0,0,2
2018-10-31,0.347023,0.433387,-0.0863634,6.40683e-06,8.29518e-06,-1.88835e-06,0.173224,0.158944,-0.274443,-5.21288e-06,-0.0190839,0.0650172,0,0,1
2018-11-01,0.347309,0.432279,-0.08497,6.41828e-06,8.28611e-06,-1.86783e-06,0.173224,0.0347863,-0.397493,-7.69035e-06,-0.0128119,0.0644428,0,0,1
2018-11-02,0.371153,0.451329,-0.0801766,7.05855e-06,8.88525e-06,-1.8267e-06,0.173224,0.0326663,-0.418663,-8.32904e-06,-0.00717947,0.064659,0,0,2
2018-11-06,0.365682,0.442962,-0.07728,6.92297e-06,8.60981e-06,-1.68684e-06,0.173224,0.00626534,-0.436697,-8.50461e-06,-0.00849773,0.0639108,0,0,2
2018-11-07,0.36734,0.444625,-0.0772845,6.97584e-06,8.66953e-06,-1.69369e-06,0.173224,0.0170604,-0.427564,-8.37909e-06,-0.00719818,0.0643769,0,0,2
2018-11-08,0.365487,0.444935,-0.0794483,6.90227e-06,8.68293e-06,-1.78066e-06,0.173224,0.00569463,-0.439241,-8.58706e-06,-0.00740363,0.0639371,0,0,2
2018-11-09,0.366316,0.447085,-0.0807694,6.92067e-06,8.72696e-06,-1.80629e-06,0.173224,-0.0209704,-0.468056,-9.07227e-06,-0.00425598,0.0630305,0,0,2
2018-11-13,0.375974,0.450539,-0.0745656,7.11175e-06,8.84727e-06,-1.73552e-06,0.173224,-0.0274964,-0.478036,-9.29964e-06,-0.00550052,0.0631068,0,0,2
2018-11-14,0.374543,0.451787,-0.0772441,7.08192e-06,8.88084e-06,-1.79892e-06,0.173224,0.0204645,-0.431322,-8.56081e-06,-0.00604961,0.06305,0,0,2
2018-11-15,0.355338,0.431307,-0.0759684,6.74992e-06,8.53617e-06,-1.78625e-06,0.173224,0.123437,-0.307869,-6.83658e-06,-0.00758152,0.062937,0,0,2
2018-11-16,0.329496,0.402756,-0.0732602,6.38614e-06,8.05618e-06,-1.67003e-06,0.173224,0.110648,-0.292108,-6.53079e-06,-0.0024016,0.0631723,0,0,2
2018-11-20,0.326498,0.403818,-0.0773202,6.30731e-06,8.07737e-06,-1.77006e-06,0.173224,0.149906,-0.253912,-6.03311e-06,-0.0119106,0.0641471,0,0,2
2018-11-21,0.322,0.398001,-0.0760008,6.25154e-06,8.01466e-06,-1.76312e-06,0.173224,0.158057,-0.239944,-5.84813e-06,-0.00420145,0.0642071,0,0,2
2018-11-27,0.319,0.395447,-0.0764463,6.17354e-06,7.9496e-06,-1.77605e-06,0.173224,0.160656,-0.234791,-5.7447e-06,-0.00378557,0.0642599,0,0,2
2018-11-28,0.316223,0.389334,-0.0731111,6.09783e-06,7.74442e-06,-1.6466e-06,0.173224,0.130784,-0.25855,-6.00574e-06,-0.0021115,0.0629368,0,0,2
2018-11-29,0.321828,0.392384,-0.0705554,6.26222e-06,7.87373e-06,-1.61151e-06,0.173224,0.130284,-0.2621,-6.13438e-06,-0.00309227,0.0629166,0,0,2
2018-11-30,0.943891,0.387771,0.55612,2.64495e-05,7.72238e-06,1.87272e-05,0.933069,0.892767,0.504996,7.73405e-06,-0.0064038,0.0628927,0,1,4
2018-12-04,0.940397,0.393212,0.547185,2.51615e-05,7.79232e-06,1.73692e-05,0.933069,0.892439,0.499228,7.65624e-06,-0.00659923,0.0629871,0,1,4
2018-12-05,0.940279,0.393527,0.546752,2.50923e-05,7.79916e-06,1.72931e-05,0.933069,0.898212,0.504684,8.8999e-06,-0.00511809,0.0651157,0,1,4
2018-12-06,0.939732,0.377708,0.562023,2.47797e-05,7.27422e-06,1.75055e-05,0.933069,0.899918,0.522209,9.63107e-06,-0.0156947,0.0643838,0,1,4
2018-12-07,0.939845,0.382215,0.55763,2.48784e-05,7.41174e-06,1.74666e-05,0.933069,0.893283,0.511068,8.85683e-06,-0.00801016,0.063281,0,1,4
2018-12-11,0.940488,0.383255,0.557233,2.51027e-05,7.42868e-06,1.7674e-05,0.933069,0.893898,0.510642,8.85491e-06,-0.00961775,0.0636403,0,1,4
2018-12-12,0.940644,0.382793,0.557851,2.50997e-05,7.41801e-06,1.76817e-05,0.933069,0.892128,0.509335,8.3453e-06,-0.00589229,0.0627457,0,1,4
2018-12-14,0.941042,0.386126,0.554917,2.52451e-05,7.52424e-06,1.77208e-05,0.933069,0.897218,0.511093,8.6204e-06,-0.00861553,0.0626955,0,1,4
2018-12-18,0.940763,0.387186,0.553577,2.52668e-05,7.55983e-06,1.7707e-05,0.933069,0.919342,0.532156,9.25003e-06,-0.0121693,0.0622611,0,1,4
2018-12-19,0.937989,0.383118,0.554871,2.52845e-05,7.47031e-06,1.78142e-05,0.933069,0.92241,0.539292,9.64187e-06,-0.0111637,0.0624478,0,1,4
2018-12-20,0.936624,0.382473,0.554152,2.49933e-05,7.462e-06,1.75313e-05,0.933069,0.924111,0.541638,9.59581e-06,-0.00880914,0.0621532,0,1,4
2018-12-21,0.936019,0.378808,0.55721,2.50214e-05,7.35464e-06,1.76668e-05,0.933069,0.918198,0.539389,8.56539e-06,-0.0167946,0.0597817,0,1,4
2018-12-27,0.548668,0.383575,0.165092,1.30758e-05,7.46548e-06,5.61035e-06,0.355527,0.46333,0.079755,6.52919e-07,-0.0222507,0.0596319,0,0,3
2019-01-03,0.548843,0.385834,0.163008,1.31244e-05,7.48323e-06,5.64121e-06,0.355527,0.459282,0.0734479,5.68099e-07,-0.0197595,0.0598423,0,0,3
2019-01-04,0.549857,0.3855,0.164357,1.31709e-05,7.4822e-06,5.68874e-06,0.355527,0.45856,0.0730594,4.46911e-07,-0.0099691,0.0593738,0,0,3
2019-01-08,0.54931,0.38793,0.16138,1.32101e-05,7.55021e-06,5.65984e-06,0.355527,0.47282,0.0848901,5.73246e-07,-0.0171548,0.0593744,0,0,3
2019-01-09,0.549408,0.384859,0.164549,1.32135e-05,7.47444e-06,5.73904e-06,0.355527,0.464156,0.079297,4.31749e-07,-0.013689,0.0584052,0,0,3
2019-01-10,0.549042,0.385143,0.1639,1.31749e-05,7.46493e-06,5.71e-06,0.355527,0.458535,0.0733917,2.90145e-07,-0.016334,0.0596454,0,0,3
2019-01-11,0.552308,0.388542,0.163766,1.32937e-05,7.53768e-06,5.75598e-06,0.355527,0.503576,0.115034,1.82632e-06,-0.0175805,0.0633243,0,0,3
2019-01-16,0.551945,0.387773,0.164173,1.32775e-05,7.51366e-06,5.7638e-06,0.355527,0.491999,0.104226,1.42833e-06,-0.00691708,0.0625226,0,0,3
2019-01-17,0.554068,0.390761,0.163308,1.33741e-05,7.60823e-06,5.76591e-06,0.355527,0.475563,0.0848023,1.12797e-06,-0.00630699,0.062636,0,0,3
2019-01-18,0.552131,0.387533,0.164599,1.3264e-05,7.49313e-06,5.77084e-06,0.355527,0.488012,0.100479,1.80923e-06,0.00116422,0.0633965,0,0,3
2019-01-23,0.553924,0.388443,0.165481,1.32277e-05,7.48252e-06,5.74515e-06,0.355527,0.489343,0.1009,1.91497e-06,0.00539265,0.0633128,0,0,3
2019-01-24,0.553203,0.399804,0.153398,1.31697e-05,7.63971e-06,5.52999e-06,0.355527,0.492882,0.0930779,1.8587e-06,0.000247807,0.0633445,0,0,3
2019-01-25,0.55271,0.400659,0.15205,1.31577e-05,7.64693e-06,5.51078e-06,0.355527,0.484964,0.0843042,1.43242e-06,0.0105483,0.0628497,0,0,3
2019-01-29,0.550556,0.405892,0.144665,1.30788e-05,7.7623e-06,5.31647e-06,0.355527,0.509223,0.103331,2.2338e-06,0.0168433,0.064284,0,0,3
2019-01-30,0.554525,0.40585,0.148675,1.31306e-05,7.75727e-06,5.3733e-06,0.355527,0.512291,0.106441,2.36797e-06,0.0139509,0.0643353,0,0,3
2019-01-31,0.683614,0.407522,0.276092,1.61329e-05,7.77848e-06,8.35438e-06,0.49829,0.639219,0.231697,6.21882e-06,0.00474627,0.0671865,0,0,3
2019-02-01,0.681417,0.408968,0.272449,1.61208e-05,7.81035e-06,8.3105e-06,0.49829,0.625844,0.216876,6.04954e-06,0.000696556,0.0679615,0,0,3
2019-02-05,0.681978,0.408196,0.273782,1.6124e-05,7.78578e-06,8.33824e-06,0.49829,0.624112,0.215915,6.06352e-06,0.00244392,0.0679779,0,0,3
2019-02-06,0.681642,0.407606,0.274036,1.61195e-05,7.77114e-06,8.34834e-06,0.49829,0.64418,0.236574,7.34479e-06,-0.00216995,0.0694923,0,0,3
2019-02-07,0.680805,0.407345,0.27346,1.60911e-05,7.73527e-06,8.35579e-06,0.49829,0.6617,0.254355,8.42623e-06,-0.00853097,0.0690298,0,0,3
2019-02-08,0.681815,0.409216,0.2726,1.62046e-05,7.78687e-06,8.41772e-06,0.49829,0.651563,0.242347,8.40356e-06,-0.0073697,0.0691678,0,0,3
2019-02-12,0.682303,0.410907,0.271396,1.61616e-05,7.78823e-06,8.37334e-06,0.49829,0.652748,0.241841,8.46174e-06,-0.00853187,0.0689608,0,0,3
2019-02-13,0.68222,0.412106,0.270114,1.61828e-05,7.82306e-06,8.35978e-06,0.49829,0.658937,0.24683,8.94986e-06,-0.00587543,0.0694877,0,0,3
2019-02-14,0.683215,0.411443,0.271772,1.6186e-05,7.79707e-06,8.38893e-06,0.49829,0.662998,0.251555,9.23256e-06,-0.0116213,0.0686465,0,0,3
2019-02-15,0.682689,0.41551,0.267179,1.61556e-05,7.90653e-06,8.24902e-06,0.49829,0.651871,0.236361,8.43393e-06,-0.000524014,0.0679231,0,0,3
2019-02-20,0.68439,0.429135,0.255255,1.62415e-05,8.17148e-06,8.07e-06,0.49829,0.663067,0.233932,8.31655e-06,0.00816509,0.0680308,0,0,3
2019-02-21,0.682567,0.42538,0.257186,1.62227e-05,8.12357e-06,8.0991e-06,0.49829,0.670891,0.24551,8.51566e-06,0.00692438,0.0678397,0,0,3
2019-02-22,0.67984,0.423656,0.256183,1.61444e-05,8.12342e-06,8.02094e-06,0.49829,0.699659,0.276003,1.11701e-05,0.00664023,0.0679939,0,0,3
2019-02-26,0.677081,0.42345,0.253632,1.59565e-05,8.11485e-06,7.84162e-06,0.49829,0.688174,0.264724,1.10947e-05,0.000840466,0.0670809,0,0,3
2019-02-27,0.680324,0.426641,0.253683,1.61037e-05,8.24136e-06,7.86237e-06,0.49829,0.685054,0.258413,1.09045e-05,0.00174809,0.0670494,0,0,3
2019-02-28,0.987856,0.426523,0.561334,2.86459e-05,8.23669e-06,2.04093e-05,0.97221,0.991351,0.564828,2.00962e-05,-0.0027295,0.0662538,0,1,4
2019-03-01,0.987873,0.431281,0.556592,2.86855e-05,8.37715e-06,2.03084e-05,0.97221,0.991314,0.560033,1.98175e-05,-0.00766679,0.0660355,0,1,4
2019-03-05,0.988068,0.433007,0.555061,2.87171e-05,8.42133e-06,2.02957e-05,0.97221,0.991451,0.558444,1.99846e-05,0.00491861,0.0657584,0,1,4
2019-03-06,0.988038,0.43494,0.553098,2.86441e-05,8.4881e-06,2.0156e-05,0.97221,0.991388,0.556448,1.97683e-05,-0.00325695,0.0651035,0,1,4
2019-03-07,0.988113,0.439222,0.54889,2.87354e-05,8.61606e-06,2.01194e-05,0.97221,0.991676,0.552453,2.06268e-05,-0.00458097,0.064499,0,1,4
2019-03-08,0.988143,0.44299,0.545153,2.88082e-05,8.74684e-06,2.00614e-05,0.97221,0.991785,0.548795,2.08274e-05,0.00342025,0.0639377,0,1,4
2019-03-12,0.988046,0.444262,0.543785,2.86791e-05,8.78809e-06,1.9891e-05,0.97221,0.990927,0.546666,1.99046e-05,0.0118895,0.0613653,0,1,4
2019-03-13,0.98837,0.459675,0.528695,2.91847e-05,9.30414e-06,1.98805e-05,0.97221,0.990858,0.531182,1.92269e-05,0.0183593,0.0609851,0,1,4
2019-03-14,0.988337,0.461484,0.526853,2.9094e-05,9.35513e-06,1.97388e-05,0.97221,0.991056,0.529572,1.91716e-05,0.0162062,0.0609042,0,1,4
2019-03-15,0.988276,0.461097,0.527179,2.90868e-05,9.34214e-06,1.97447e-05,0.97221,0.991282,0.530186,1.99062e-05,0.0183095,0.06167,0,1,4
2019-03-19,0.988313,0.468713,0.5196,2.91467e-05,9.49657e-06,1.96501e-05,0.97221,0.991326,0.522613,1.9856e-05,0.020042,0.0617492,0,1,4
2019-03-20,0.988317,0.466181,0.522136,2.90614e-05,9.40006e-06,1.96614e-05,0.97221,0.991393,0.525212,2.01947e-05,0.0182856,0.0617649,0,1,4
2019-03-21,0.988309,0.466429,0.52188,2.90409e-05,9.40947e-06,1.96314e-05,0.97221,0.991396,0.524967,2.05716e-05,0.0224943,0.0616854,0,1,4
2019-03-22,0.988305,0.468514,0.51979,2.91196e-05,9.48145e-06,1.96382e-05,0.97221,0.991848,0.523334,2.0459e-05,0.0251755,0.061748,0,1,4
2019-03-26,0.988019,0.464515,0.523504,2.87466e-05,9.31104e-06,1.94355e-05,0.97221,0.991818,0.527303,2.06322e-05,0.0237163,0.0617482,0,1,4
2019-03-27,0.988061,0.466392,0.521669,2.87471e-05,9.33702e-06,1.94101e-05,0.97221,0.991808,0.525416,2.03547e-05,0.0198171,0.0611517,0,1,4
2019-03-28,0.988028,0.467154,0.520874,2.8713e-05,9.362e-06,1.9351e-05,0.97221,0.991614,0.524461,1.96809e-05,0.0131589,0.0602121,0,1,4
2019-03-29,0.727737,0.473476,0.254261,1.76698e-05,9.57732e-06,8.09248e-06,0.464995,0.835828,0.362351,1.21347e-05,0.0196691,0.0602157,0,0,3
2019-04-02,0.727859,0.479023,0.248836,1.76732e-05,9.66417e-06,8.00903e-06,0.464995,0.860364,0.381341,1.65379e-05,0.0106562,0.0617434,0,0,3
2019-04-04,0.728531,0.475496,0.253035,1.76755e-05,9.52989e-06,8.14559e-06,0.464995,0.857817,0.382321,1.66482e-05,0.0105798,0.0620495,0,0,3
2019-04-05,0.725907,0.473944,0.251963,1.74507e-05,9.4769e-06,7.97381e-06,0.464995,0.853247,0.379303,1.66565e-05,0.0083228,0.0620997,0,0,3
2019-04-09,0.725864,0.482798,0.243066,1.74081e-05,9.5705e-06,7.83757e-06,0.464995,0.845612,0.362813,1.64321e-05,0.0129129,0.0625566,0,0,3
2019-04-10,0.724779,0.481366,0.243413,1.73039e-05,9.50975e-06,7.79419e-06,0.464995,0.84885,0.367483,1.71785e-05,0.0158917,0.0631899,0,0,3
2019-04-11,0.727994,0.478697,0.249297,1.73508e-05,9.36837e-06,7.98243e-06,0.464995,0.846346,0.367649,1.65699e-05,0.0090435,0.0613595,0,0,3
2019-04-12,0.730787,0.487234,0.243553,1.76118e-05,9.66634e-06,7.94549e-06,0.464995,0.855212,0.367978,1.76344e-05,0.0157795,0.0611561,0,0,3
2019-04-16,0.730289,0.485039,0.24525,1.75208e-05,9.59405e-06,7.92674e-06,0.464995,0.852487,0.367447,1.74453e-05,0.00442821,0.0606924,0,0,3
2019-04-17,0.729969,0.486533,0.243436,1.74984e-05,9.64695e-06,7.85145e-06,0.464995,0.858149,0.371616,1.74652e-05,-0.00107404,0.0603222,0,0,3
2019-04-18,0.72879,0.487101,0.241688,1.75186e-05,9.6875e-06,7.83114e-06,0.464995,0.856133,0.369032,1.73275e-05,-0.00780212,0.0600391,0,0,3
2019-04-23,0.729084,0.488649,0.240435,1.75394e-05,9.71698e-06,7.82237e-06,0.464995,0.855975,0.367327,1.7314e-05,-0.0051139,0.0598605,0,0,3
2019-04-24,0.728049,0.489032,0.239017,1.73949e-05,9.7324e-06,7.66245e-06,0.464995,0.852168,0.363135,1.72445e-05,-0.00400622,0.0598613,0,0,3
2019-04-25,0.727189,0.490007,0.237182,1.73659e-05,9.74488e-06,7.62105e-06,0.464995,0.847882,0.357875,1.7206e-05,0.00610696,0.0601352,0,0,3
2019-04-26,0.733282,0.49039,0.242892,1.74642e-05,9.75757e-06,7.70663e-06,0.464995,0.848216,0.357826,1.72633e-05,0.00199328,0.0602255,0,0,3
2019-04-30,0.304256,0.491553,-0.187296,6.21565e-06,9.74833e-06,-3.53268e-06,0.231158,0.696967,0.205415,9.31928e-06,8.74963e-05,0.0604759,0,0,1
2019-05-01,0.31249,0.493861,-0.181371,6.31833e-06,9.77005e-06,-3.45172e-06,0.231158,0.69815,0.204289,9.31623e-06,-0.00177989,0.0604784,0,0,1
2019-05-02,0.311916,0.492961,-0.181045,6.29289e-06,9.74689e-06,-3.454e-06,0.231158,0.692498,0.199537,9.1456e-06,-0.0103101,0.0604029,0,0,1
2019-05-03,0.312778,0.496987,-0.184209,6.31034e-06,9.84969e-06,-3.53935e-06,0.231158,0.687205,0.190217,9.27543e-06,-0.0107773,0.0611351,0,0,1
2019-05-07,0.314287,0.501034,-0.186747,6.32925e-06,9.90629e-06,-3.57703e-06,0.231158,0.684277,0.183243,9.21495e-06,-0.0157043,0.0611746,0,0,1
2019-05-08,0.317231,0.501233,-0.184002,6.37205e-06,9.90612e-06,-3.53406e-06,0.231158,0.685791,0.184557,9.31204e-06,-0.0131487,0.0613688,0,0,1
2019-05-09,0.316911,0.501041,-0.18413,6.3638e-06,9.90386e-06,-3.54006e-06,0.231158,0.677424,0.176383,8.2795e-06,-0.0198,0.0593924,0,0,1
2019-05-14,0.324991,0.509255,-0.184264,6.63543e-06,1.02127e-05,-3.57729e-06,0.231158,0.661958,0.152703,6.87925e-06,-0.0118066,0.0556796,0,0,1
2019-05-15,0.338973,0.519606,-0.180632,7.06512e-06,1.06221e-05,-3.55693e-06,0.231158,0.668811,0.149205,7.2497e-06,-0.0125197,0.0569909,0,0,1
2019-05-16,0.338967,0.518588,-0.179622,7.06501e-06,1.05621e-05,-3.49711e-06,0.231158,0.643189,0.124601,6.99715e-06,-0.00893252,0.0573268,0,0,1
2019-05-17,0.342163,0.520492,-0.178329,7.13036e-06,1.05821e-05,-3.45178e-06,0.231158,0.660675,0.140183,8.20843e-06,-0.0128385,0.056428,0,0,1
2019-05-21,0.343655,0.521755,-0.1781,7.18981e-06,1.06822e-05,-3.49243e-06,0.231158,0.665271,0.143516,8.36713e-06,-0.0143599,0.0563949,0,0,1
2019-05-22,0.344229,0.525054,-0.180825,7.19093e-06,1.0716e-05,-3.5251e-06,0.231158,0.667853,0.1428,8.38533e-06,-0.0126517,0.0563374,0,0,1
2019-05-23,0.34363,0.515659,-0.17203,7.11777e-06,1.03515e-05,-3.23377e-06,0.231158,0.670172,0.154512,8.57658e-06,-0.0139449,0.0557811,0,0,1
2019-05-24,0.344079,0.516448,-0.172369,7.14538e-06,1.0407e-05,-3.26161e-06,0.231158,0.667439,0.150991,8.3727e-06,-0.0121423,0.0547189,0,0,1
2019-05-29,0.348551,0.524483,-0.175932,7.28907e-06,1.06178e-05,-3.32871e-06,0.231158,0.662139,0.137657,8.06231e-06,-0.0112707,0.0546496,0,0,1
2019-05-30,0.348163,0.523592,-0.175429,7.28815e-06,1.06141e-05,-3.32599e-06,0.231158,0.657874,0.134282,6.69857e-06,-0.00866782,0.0511687,0,0,1
2019-05-31,0.214552,0.537029,-0.322477,3.75184e-06,1.10544e-05,-7.30256e-06,-0.0765077,0.0911979,-0.445831,-9.1114e-06,-0.0122462,0.0501107,0,0,1
2019-06-04,0.209805,0.539364,-0.329559,3.69688e-06,1.11475e-05,-7.4506e-06,-0.0765077,0.10373,-0.435634,-8.91775e-06,-0.014522,0.0502886,0,0,1
2019-06-05,0.208288,0.539764,-0.331476,3.67608e-06,1.11522e-05,-7.47614e-06,-0.0765077,0.0667881,-0.472976,-9.77017e-06,-0.0151964,0.0483971,0,0,1
2019-06-06,0.215626,0.539777,-0.324151,3.82874e-06,1.11253e-05,-7.29658e-06,-0.0765077,0.0668993,-0.472878,-9.74309e-06,-0.0137037,0.0485634,0,0,1
2019-06-07,0.218244,0.540105,-0.321861,3.87749e-06,1.10291e-05,-7.1516e-06,-0.0765077,0.0719252,-0.46818,-9.54641e-06,-0.00988938,0.048508,0,0,1
2019-06-11,0.217053,0.539156,-0.322103,3.86573e-06,1.10212e-05,-7.15545e-06,-0.0765077,0.0712305,-0.467925,-9.54121e-06,-0.0119643,0.0489828,0,0,1
2019-06-12,0.21479,0.539565,-0.324775,3.81007e-06,1.10375e-05,-7.22741e-06,-0.0765077,0.0744614,-0.465104,-9.44505e-06,-0.00957976,0.0535512,0,0,1
2019-06-13,0.21863,0.541907,-0.323277,3.89125e-06,1.11119e-05,-7.22067e-06,-0.0765077,0.0714091,-0.470498,-9.58518e-06,-0.00771444,0.0542192,0,0,1
2019-06-14,0.227851,0.550837,-0.322986,4.02978e-06,1.1209e-05,-7.17922e-06,-0.0765077,0.0533974,-0.49744,-1.00819e-05,-0.00488946,0.0542673,0,0,1
2019-06-18,0.23061,0.551923,-0.321312,4.09431e-06,1.1261e-05,-7.16666e-06,-0.0765077,0.0523277,-0.499595,-1.01615e-05,-0.00330445,0.0539362,0,0,1
2019-06-19,0.232129,0.550674,-0.318546,4.11812e-06,1.1251e-05,-7.13289e-06,-0.0765077,0.0513549,-0.499319,-1.01727e-05,-0.00313599,0.054251,0,0,1
2019-06-20,0.232015,0.554511,-0.322496,4.11556e-06,1.13112e-05,-7.19569e-06,-0.0765077,0.12977,-0.424741,-8.78604e-06,0.00644316,0.054223,0,0,1
2019-06-21,0.209708,0.526414,-0.316706,3.79649e-06,1.09449e-05,-7.14845e-06,-0.0765077,0.128638,-0.397775,-8.44311e-06,0.0105618,0.0542622,0,0,1
2019-06-25,0.210286,0.526603,-0.316317,3.7917e-06,1.09459e-05,-7.15419e-06,-0.0765077,0.124986,-0.401617,-8.50599e-06,0.011216,0.0543224,0,0,1
2019-06-26,0.218679,0.528471,-0.309792,3.91434e-06,1.09748e-05,-7.06044e-06,-0.0765077,0.135454,-0.393017,-8.3565e-06,0.0136631,0.0542288,0,0,1
2019-06-27,0.212482,0.513837,-0.301354,3.80275e-06,1.04492e-05,-6.64648e-06,-0.0765077,0.14335,-0.370487,-7.67429e-06,0.00955333,0.0542702,0,0,1
2019-06-28,0.106983,0.51131,-0.404326,2.06695e-06,1.03468e-05,-8.27984e-06,-0.223981,0.316238,-0.195071,-3.94208e-06,0.00356983,0.0539348,0,0,1
2019-07-02,0.109983,0.51345,-0.403467,2.11805e-06,1.03892e-05,-8.27114e-06,-0.223981,0.29324,-0.22021,-4.38369e-06,-0.000450648,0.0542492,0,0,1
2019-07-03,0.110926,0.511475,-0.400549,2.1376e-06,1.03742e-05,-8.23662e-06,-0.223981,0.26027,-0.251205,-5.05704e-06,0.00733992,0.0551699,0,0,1
2019-07-09,0.120956,0.512881,-0.391926,2.32497e-06,1.04409e-05,-8.11596e-06,-0.223981,0.255524,-0.257357,-5.0855e-06,0.00737513,0.0562443,0,0,1
2019-07-10,0.120055,0.510479,-0.390425,2.30671e-06,1.03847e-05,-8.07794e-06,-0.223981,0.236521,-0.273958,-5.66429e-06,0.0153747,0.0557745,0,0,1
2019-07-11,0.127737,0.513436,-0.385699,2.48e-06,1.05221e-05,-8.04212e-06,-0.223981,0.228341,-0.285096,-5.82332e-06,0.0122965,0.0556776,0,0,1
2019-07-12,0.126975,0.514272,-0.387297,2.46662e-06,1.05322e-05,-8.06559e-06,-0.223981,0.232356,-0.281916,-5.72221e-06,0.0133524,0.0556435,0,0,1
2019-07-16,0.127195,0.515712,-0.388517,2.47099e-06,1.0548e-05,-8.07698e-06,-0.223981,0.21737,-0.298342,-6.19688e-06,0.0103252,0.0538665,0,0,1
2019-07-17,0.133062,0.512752,-0.37969,2.61735e-06,1.05313e-05,-7.9139e-06,-0.223981,0.193349,-0.319403,-6.59681e-06,0.0139167,0.0539341,0,0,1
2019-07-18,0.132407,0.508979,-0.376571,2.60785e-06,1.04148e-05,-7.807e-06,-0.223981,0.194481,-0.314498,-6.46181e-06,0.00937457,0.0537622,0,0,1
2019-07-19,0.134514,0.509827,-0.375313,2.64738e-06,1.04284e-05,-7.781e-06,-0.223981,0.178595,-0.331232,-6.85345e-06,0.0132274,0.0531946,0,0,1
2019-07-23,0.144102,0.511474,-0.367371,2.83046e-06,1.04914e-05,-7.66092e-06,-0.223981,0.181903,-0.329571,-6.88112e-06,0.0190963,0.0535659,0,0,1
2019-07-24,0.141232,0.511094,-0.369862,2.77088e-06,1.04926e-05,-7.72169e-06,-0.223981,0.186302,-0.324792,-6.81055e-06,0.0141446,0.0536651,0,0,1
2019-07-26,0.142527,0.509946,-0.367419,2.77191e-06,1.04657e-05,-7.69379e-06,-0.223981,0.193298,-0.316648,-6.67417e-06,0.016838,0.0536223,0,0,1
2019-07-30,0.141738,0.508744,-0.367007,2.75017e-06,1.04525e-05,-7.70232e-06,-0.223981,0.188474,-0.32027,-6.80261e-06,0.00992699,0.0532007,0,0,1
2019-07-31,-0.278104,0.51162,-0.789724,-5.66047e-06,1.05513e-05,-1.62117e-05,-0.384291,-0.0740045,-0.585625,-1.1675e-05,0.00393175,0.053197,0,0,0
2019-08-01,-0.278046,0.520018,-0.798064,-5.66775e-06,1.06e-05,-1.62678e-05,-0.384291,-0.146124,-0.666143,-1.27023e-05,-0.00303058,0.0511332,0,0,0
2019-08-02,-0.260864,0.541548,-0.802412,-5.31329e-06,1.10187e-05,-1.6332e-05,-0.384291,-0.161705,-0.703252,-1.33167e-05,-0.0124876,0.0505885,0,0,0
2019-08-06,-0.262943,0.543489,-0.806432,-5.32952e-06,1.104e-05,-1.63695e-05,-0.384291,-0.168024,-0.711513,-1.34214e-05,-0.0182241,0.0504854,0,0,0
2019-08-07,-0.263667,0.543313,-0.806981,-5.34483e-06,1.10395e-05,-1.63844e-05,-0.384291,-0.170827,-0.71414,-1.33476e-05,-0.0197567,0.0496123,0,0,0
2019-08-08,-0.262617,0.534459,-0.797076,-5.38388e-06,1.09162e-05,-1.63001e-05,-0.384291,-0.19814,-0.732599,-1.35362e-05,-0.0147548,0.0495935,0,0,0
2019-08-09,-0.255673,0.538181,-0.793853,-5.2617e-06,1.10282e-05,-1.62899e-05,-0.384291,-0.194351,-0.732531,-1.36071e-05,-0.0110642,0.0494586,0,0,0
2019-08-13,-0.24985,0.543727,-0.793577,-5.11238e-06,1.11226e-05,-1.6235e-05,-0.384291,-0.195187,-0.738914,-1.37117e-05,-0.00854458,0.0494706,0,0,0
2019-08-14,-0.249064,0.54403,-0.793094,-5.09703e-06,1.11313e-05,-1.62284e-05,-0.384291,-0.183191,-0.727221,-1.35652e-05,-0.0148532,0.0494858,0,0,0
2019-08-15,-0.247823,0.543904,-0.791727,-5.07933e-06,1.11472e-05,-1.62265e-05,-0.384291,-0.186879,-0.730784,-1.36504e-05,-0.0129595,0.0495218,0,0,0
2019-08-16,-0.240872,0.545121,-0.785993,-4.88605e-06,1.11101e-05,-1.59962e-05,-0.384291,-0.171851,-0.716972,-1.34171e-05,-0.0131509,0.0495632,0,0,0
2019-08-20,-0.243787,0.54283,-0.786617,-4.94319e-06,1.10679e-05,-1.60111e-05,-0.384291,-0.172865,-0.715695,-1.33961e-05,-0.0102823,0.0496259,0,0,0
2019-08-21,-0.237134,0.541972,-0.779106,-4.76861e-06,1.10303e-05,-1.57989e-05,-0.384291,-0.160682,-0.702654,-1.31753e-05,-0.0126437,0.0496193,0,0,0
2019-08-23,-0.239599,0.539416,-0.779015,-4.82178e-06,1.09964e-05,-1.58182e-05,-0.384291,-0.189185,-0.728601,-1.34628e-05,-0.0130117,0.0487517,0,0,0
2019-08-27,-0.2386,0.534313,-0.772913,-4.84362e-06,1.09763e-05,-1.58199e-05,-0.384291,-0.18645,-0.720763,-1.33494e-05,-0.0187259,0.0492608,0,0,0
2019-08-28,-0.244777,0.529519,-0.774296,-4.97453e-06,1.09155e-05,-1.589e-05,-0.384291,-0.179361,-0.708879,-1.321e-05,-0.0149623,0.0502014,0,0,0
2019-08-29,-0.243999,0.529024,-0.773023,-4.95412e-06,1.08795e-05,-1.58336e-05,-0.384291,-0.15742,-0.686444,-1.28409e-05,-0.0107052,0.0517679,0,0,0
2019-08-30,0.490627,0.523243,-0.0326159,9.96928e-06,1.07954e-05,-8.26141e-07,0.00840434,-0.0354788,-0.558721,-1.12188e-05,-0.0264472,0.0510392,1,0,2
2019-09-04,0.489533,0.524292,-0.0347592,9.92927e-06,1.0844e-05,-9.14778e-07,0.00840434,-0.0580293,-0.582321,-1.15213e-05,-0.0263149,0.0503339,1,0,2
2019-09-05,0.486686,0.522638,-0.0359521,9.8124e-06,1.07682e-05,-9.5583e-07,0.00840434,-0.0253221,-0.54796,-1.10509e-05,-0.0236483,0.0501963,0,0,2
2019-09-06,0.478091,0.511085,-0.0329947,9.69672e-06,1.05095e-05,-8.12763e-07,0.00840434,0.00430721,-0.506778,-1.04598e-05,-0.0212145,0.0507013,0,0,2
2019-09-10,0.477307,0.51007,-0.0327635,9.66617e-06,1.04666e-05,-8.00429e-07,0.00840434,0.00414714,-0.505923,-1.04186e-05,-0.0210074,0.050351,0,0,2
2019-09-11,0.476739,0.508202,-0.0314622,9.68823e-06,1.04266e-05,-7.38341e-07,0.00840434,0.0286961,-0.479506,-1.00837e-05,-0.019245,0.051904,0,0,2
2019-09-12,0.475882,0.503079,-0.0271965,9.66077e-06,1.02186e-05,-5.57879e-07,0.00840434,-0.0240606,-0.527139,-1.05011e-05,-0.0144694,0.0513568,0,0,2
2019-09-13,0.475566,0.504435,-0.0288684,9.74683e-06,1.03402e-05,-5.9334e-07,0.00840434,0.0337383,-0.470696,-9.93203e-06,-0.00881386,0.0525535,0,0,2
2019-09-17,0.470794,0.499929,-0.0291346,9.72964e-06,1.03091e-05,-5.79458e-07,0.00840434,0.0151246,-0.484804,-1.01252e-05,-0.0125438,0.0526651,0,0,2
2019-09-18,0.472348,0.499992,-0.027644,9.75968e-06,1.03153e-05,-5.55598e-07,0.00840434,0.0387012,-0.461291,-9.83071e-06,-0.0141254,0.0533818,0,0,2
2019-09-19,0.472792,0.500157,-0.0273648,9.73207e-06,1.03156e-05,-5.83529e-07,0.00840434,-0.000297454,-0.500455,-1.03195e-05,-0.0168661,0.0551971,0,0,2
2019-09-20,0.471083,0.497677,-0.0265942,9.66138e-06,1.02105e-05,-5.49104e-07,0.00840434,-0.0254017,-0.523079,-1.05469e-05,-0.0141614,0.056188,0,0,2
2019-09-25,0.473543,0.499755,-0.0262121,9.68893e-06,1.02344e-05,-5.45467e-07,0.00840434,0.028065,-0.47169,-9.87792e-06,-0.0179667,0.056011,0,0,2
2019-09-26,0.460198,0.488069,-0.0278715,9.528e-06,1.00902e-05,-5.62155e-07,0.00840434,0.0229007,-0.465168,-9.79784e-06,-0.0246981,0.0560256,0,0,2
2019-09-27,0.870576,0.486416,0.384159,2.5889e-05,1.00166e-05,1.58724e-05,0.58063,0.783446,0.29703,3.89357e-06,-0.0198898,0.0561587,0,0,4
2019-10-02,0.870066,0.481441,0.388625,2.58854e-05,9.91738e-06,1.59681e-05,0.58063,0.794513,0.313072,4.14538e-06,-0.0228888,0.0560858,0,0,4
2019-10-03,0.868279,0.477205,0.391074,2.58529e-05,9.80776e-06,1.60451e-05,0.58063,0.791661,0.314456,4.16143e-06,-0.0205317,0.0558976,0,0,4
2019-10-04,0.868487,0.477758,0.390729,2.58845e-05,9.82997e-06,1.60545e-05,0.58063,0.793916,0.316157,4.30274e-06,-0.026268,0.055447,1,0,4
2019-10-08,0.868779,0.479211,0.389568,2.5921e-05,9.88048e-06,1.60405e-05,0.58063,0.792068,0.312857,4.10716e-06,-0.0210661,0.0550772,0,0,4
2019-10-09,0.868473,0.479489,0.388983,2.58532e-05,9.87895e-06,1.59742e-05,0.58063,0.791449,0.31196,4.07284e-06,-0.0219322,0.0550252,0,0,4
2019-10-10,0.867806,0.476897,0.39091,2.57277e-05,9.76039e-06,1.59673e-05,0.58063,0.792028,0.315132,3.91413e-06,-0.0255946,0.0544602,1,0,4
2019-10-11,0.866145,0.47569,0.390454,2.54472e-05,9.7286e-06,1.57186e-05,0.58063,0.780945,0.305255,3.07403e-06,-0.0106284,0.0494068,0,0,4
2019-10-15,0.867173,0.494974,0.372199,2.57762e-05,1.03529e-05,1.54233e-05,0.58063,0.7712,0.276227,2.14676e-06,-0.0077735,0.048486,0,0,4
2019-10-16,0.865807,0.500653,0.365154,2.57548e-05,1.04817e-05,1.52731e-05,0.58063,0.739881,0.239228,1.48339e-06,-0.0123575,0.0478323,0,0,4
2019-10-17,0.865269,0.504905,0.360364,2.55156e-05,1.05803e-05,1.49353e-05,0.58063,0.737994,0.233089,1.53187e-06,-0.0159658,0.0478745,0,0,4
2019-10-18,0.872207,0.504233,0.367974,2.56177e-05,1.04912e-05,1.51265e-05,0.58063,0.763109,0.258875,3.54832e-06,-0.0101987,0.0477123,0,0,4
2019-10-22,0.870176,0.511655,0.358521,2.51813e-05,1.0621e-05,1.45602e-05,0.58063,0.634669,0.123014,2.42115e-06,-0.0109543,0.0476181,0,0,4
2019-10-23,0.869813,0.513637,0.356176,2.50806e-05,1.06458e-05,1.44348e-05,0.58063,0.609703,0.0960665,2.3569e-06,-0.0105632,0.0491897,0,0,4
2019-10-24,0.869726,0.513584,0.356142,2.50853e-05,1.06495e-05,1.44358e-05,0.58063,0.612213,0.0986294,2.37242e-06,-0.0140803,0.0495251,0,0,4
2019-10-25,0.869264,0.513435,0.355829,2.50804e-05,1.06454e-05,1.44349e-05,0.58063,0.626209,0.112774,3.46398e-06,-0.0128962,0.0500556,0,0,4
2019-10-29,0.869554,0.51363,0.355924,2.50835e-05,1.06496e-05,1.44339e-05,0.58063,0.646008,0.132378,4.70781e-06,-0.0162599,0.0506855,0,0,4
2019-10-30,0.869235,0.512133,0.357102,2.50175e-05,1.05847e-05,1.44329e-05,0.58063,0.671449,0.159316,6.68422e-06,-0.0162372,0.0546074,0,0,4
2019-10-31,0.780933,0.512653,0.26828,2.45999e-05,1.05786e-05,1.40212e-05,0.427624,0.659233,0.14658,1.46799e-05,-0.019729,0.0541381,0,0,3
2019-11-01,0.781386,0.51402,0.267366,2.4524e-05,1.06408e-05,1.38832e-05,0.427624,0.656019,0.142,1.90225e-05,-0.0174267,0.0523732,0,0,3
2019-11-05,0.78229,0.517368,0.264921,2.47118e-05,1.08068e-05,1.39049e-05,0.427624,0.566059,0.0486907,1.57159e-05,-0.0132662,0.0510381,0,0,3
2019-11-06,0.775288,0.510403,0.264885,2.41859e-05,1.06556e-05,1.35304e-05,0.427624,0.565288,0.0548853,1.59346e-05,-0.0175891,0.0526627,0,0,3
2019-11-07,0.775587,0.514215,0.261371,2.41836e-05,1.07733e-05,1.34104e-05,0.427624,0.651913,0.137698,2.71897e-05,-0.0182724,0.0564332,0,0,3
2019-11-08,0.762041,0.513778,0.248263,2.29262e-05,1.07117e-05,1.22145e-05,0.427624,0.700918,0.187139,3.77606e-05,-0.0192652,0.0623312,0,0,3
2019-11-12,0.760891,0.513646,0.247245,2.27713e-05,1.06929e-05,1.20783e-05,0.427624,0.699545,0.185898,3.75776e-05,-0.017094,0.0629385,0,0,3
2019-11-13,0.758659,0.509612,0.249047,2.26083e-05,1.05452e-05,1.20631e-05,0.427624,0.687591,0.17798,4.08388e-05,-0.014872,0.0629011,0,0,3
2019-11-14,0.758432,0.508483,0.249949,2.261e-05,1.05369e-05,1.20731e-05,0.427624,0.691652,0.183169,4.17421e-05,-0.0106388,0.0629186,0,0,3
2019-11-15,0.758672,0.508403,0.250269,2.26054e-05,1.05312e-05,1.20742e-05,0.427624,0.700468,0.192064,4.4702e-05,-0.00513731,0.0631439,0,0,3
2019-11-19,0.760054,0.512983,0.247071,2.26265e-05,1.05943e-05,1.20322e-05,0.427624,0.714343,0.20136,4.84157e-05,-0.00731015,0.0631532,0,0,3
2019-11-20,0.76004,0.522397,0.237644,2.25367e-05,1.0722e-05,1.18147e-05,0.427624,0.711015,0.188618,4.84298e-05,-0.00533197,0.0630028,0,0,3
2019-11-21,0.760031,0.522764,0.237267,2.25221e-05,1.07349e-05,1.17873e-05,0.427624,0.737365,0.214601,5.70719e-05,-0.0049563,0.0663513,0,0,3
2019-11-22,0.759826,0.523932,0.235894,2.24673e-05,1.07325e-05,1.17348e-05,0.427624,0.736372,0.21244,5.66507e-05,-0.00593943,0.066161,0,0,3
2019-11-26,0.761896,0.527309,0.234587,2.25511e-05,1.08052e-05,1.17458e-05,0.427624,0.742776,0.215467,5.81719e-05,-0.0101392,0.0675211,0,0,3
2019-11-27,0.375905,0.526896,-0.150991,6.88251e-06,1.08045e-05,-3.92195e-06,0.442476,0.218399,-0.308497,6.46905e-08,-0.00547576,0.0675816,0,0,1
2019-12-03,0.373291,0.523787,-0.150497,6.80354e-06,1.06805e-05,-3.877e-06,0.442476,0.147593,-0.376195,-2.90313e-06,-0.000487099,0.0678915,0,0,1
2019-12-04,0.37675,0.525079,-0.148328,6.8505e-06,1.06582e-05,-3.80769e-06,0.442476,0.124929,-0.40015,-3.95693e-06,0.00804619,0.0693361,0,0,1
2019-12-05,0.365104,0.516786,-0.151682,6.59119e-06,1.04359e-05,-3.84472e-06,0.442476,0.123907,-0.392879,-3.77439e-06,0.00453921,0.0693451,0,0,1
2019-12-06,0.364162,0.516007,-0.151845,6.57236e-06,1.04241e-05,-3.85174e-06,0.442476,0.115988,-0.400019,-4.24364e-06,0.0134434,0.0686441,0,0,1
2019-12-10,0.365286,0.51909,-0.153804,6.63052e-06,1.05119e-05,-3.88142e-06,0.442476,0.112743,-0.406348,-4.51141e-06,0.0222527,0.0684934,0,0,1
2019-12-11,0.365354,0.522281,-0.156927,6.63879e-06,1.05504e-05,-3.91165e-06,0.442476,0.131808,-0.390474,-3.39351e-06,0.0272354,0.0708828,1,0,1
2019-12-12,0.35033,0.514605,-0.164275,6.22612e-06,1.02619e-05,-4.03582e-06,0.442476,0.11232,-0.402284,-4.10582e-06,0.029699,0.0708183,1,0,1
2019-12-13,0.352864,0.516508,-0.163645,6.30051e-06,1.03357e-05,-4.03518e-06,0.442476,0.110137,-0.406371,-4.31559e-06,0.030306,0.0710716,1,0,1
2019-12-17,0.351044,0.508915,-0.157871,6.20105e-06,1.00061e-05,-3.80502e-06,0.442476,0.113205,-0.395711,-3.81138e-06,0.0270088,0.0710812,1,0,1
2019-12-18,0.339355,0.507795,-0.168441,5.90637e-06,9.94517e-06,-4.0388e-06,0.442476,0.117869,-0.389926,-3.35711e-06,0.0298938,0.0716618,1,0,1
2019-12-20,0.340899,0.508097,-0.167198,5.93584e-06,9.95538e-06,-4.01953e-06,0.442476,0.108066,-0.40003,-3.53314e-06,0.0301428,0.0778227,1,0,1
2019-12-24,0.340901,0.508456,-0.167555,5.93768e-06,9.9603e-06,-4.02262e-06,0.442476,0.0950925,-0.413364,-4.23896e-06,0.0308489,0.079176,1,0,1
2019-12-27,0.323105,0.502454,-0.179349,5.53395e-06,9.8084e-06,-4.27446e-06,0.442476,0.0958185,-0.406636,-4.05062e-06,0.0253482,0.0795735,0,0,1
2019-12-31,0.392641,0.496235,-0.103593,8.3226e-06,9.66978e-06,-1.34718e-06,0.349159,0.291998,-0.204237,1.05884e-05,0.0209131,0.0793203,0,0,1
2020-01-03,0.387033,0.495357,-0.108323,8.13526e-06,9.62308e-06,-1.48782e-06,0.349159,0.290488,-0.204868,1.04854e-05,0.0143359,0.0786336,0,0,1
2020-01-07,0.390848,0.50253,-0.111682,8.2618e-06,9.80496e-06,-1.54316e-06,0.349159,0.306742,-0.195788,1.19454e-05,0.0113686,0.0786527,0,0,1
2020-01-08,0.395327,0.50079,-0.105463,8.32788e-06,9.77043e-06,-1.44255e-06,0.349159,0.319715,-0.181075,1.34347e-05,0.0114529,0.0797675,0,0,1
2020-01-09,0.394561,0.501771,-0.107209,8.2846e-06,9.78202e-06,-1.49742e-06,0.349159,0.31876,-0.183011,1.33961e-05,0.0119596,0.0803746,0,0,1
2020-01-10,0.394573,0.502651,-0.108078,8.28441e-06,9.76582e-06,-1.48142e-06,0.349159,0.314696,-0.187955,1.29628e-05,0.0175869,0.0799966,0,0,1
2020-01-14,0.396243,0.504104,-0.10786,8.34432e-06,9.83298e-06,-1.48866e-06,0.349159,0.314034,-0.190069,1.28491e-05,0.0231381,0.0798725,0,0,1
2020-01-16,0.395005,0.504239,-0.109234,8.29372e-06,9.83728e-06,-1.54356e-06,0.349159,0.311019,-0.19322,1.25153e-05,0.0184097,0.079336,0,0,1
2020-01-23,0.398223,0.504759,-0.106536,8.35431e-06,9.86539e-06,-1.51107e-06,0.349159,0.304551,-0.200208,1.20862e-05,0.00816464,0.0796325,0,0,1
2020-01-24,0.395702,0.500157,-0.104455,8.27722e-06,9.68909e-06,-1.41187e-06,0.349159,0.300733,-0.199424,1.19042e-05,-0.00165472,0.0786973,0,0,1
2020-01-28,0.399584,0.505626,-0.106042,8.4107e-06,9.87314e-06,-1.46244e-06,0.349159,0.302566,-0.20306,1.16776e-05,0.00562606,0.0783562,0,0,1
2020-01-29,0.394925,0.496211,-0.101286,8.37126e-06,9.6868e-06,-1.31554e-06,0.349159,0.299615,-0.196595,1.16182e-05,0.00579247,0.07807,0,0,1
2020-01-30,0.397653,0.498476,-0.100822,8.44046e-06,9.76044e-06,-1.31999e-06,0.349159,0.300541,-0.197934,1.12898e-05,-0.0114414,0.076918,0,0,1
2020-01-31,-0.0242439,0.496178,-0.520422,-2.78391e-07,9.85741e-06,-1.01358e-05,-0.0626666,0.0344593,-0.461718,-8.44896e-06,-0.0153268,0.076733,0,0,0
2020-02-04,-0.0189375,0.496962,-0.5159,-2.16475e-07,9.86744e-06,-1.00839e-05,-0.0626666,0.0411855,-0.455777,-8.17776e-06,-0.0139174,0.0767791,0,0,0
2020-02-05,-0.0087802,0.494264,-0.503044,-9.97042e-08,9.8371e-06,-9.9368e-06,-0.0626666,0.0380806,-0.456183,-8.26862e-06,-0.0137859,0.0772816,0,0,0
2020-02-06,-0.0124811,0.494605,-0.507086,-1.41207e-07,9.84298e-06,-9.98419e-06,-0.0626666,0.0299039,-0.464701,-8.58192e-06,-0.00309778,0.0771785,0,0,0
2020-02-07,-0.0111332,0.495367,-0.5065,-1.2618e-07,9.85445e-06,-9.98063e-06,-0.0626666,0.0346491,-0.460718,-8.39197e-06,0.00666459,0.0777343,0,0,0
2020-02-11,-0.0122832,0.492457,-0.50474,-1.3936e-07,9.76735e-06,-9.90671e-06,-0.0626666,0.0340571,-0.4584,-8.32947e-06,-0.00539537,0.0778376,0,0,0
2020-02-12,-0.0162839,0.490478,-0.506762,-1.84816e-07,9.67216e-06,-9.85697e-06,-0.0626666,0.032374,-0.458104,-8.30291e-06,-0.000842978,0.077938,0,0,0
2020-02-13,-0.00763021,0.488308,-0.495938,-8.47071e-08,9.38057e-06,-9.46528e-06,-0.0626666,0.0347032,-0.453605,-7.92138e-06,0.000691563,0.0781443,0,0,0
2020-02-14,-0.00304559,0.485417,-0.488463,-3.37481e-08,9.32907e-06,-9.36282e-06,-0.0626666,0.036903,-0.448514,-7.78066e-06,0.00165815,0.0781676,0,0,0
2020-02-19,-0.0103922,0.483796,-0.494188,-1.14712e-07,9.30675e-06,-9.42146e-06,-0.0626666,0.0410871,-0.442708,-7.58159e-06,0.00549554,0.0783934,0,0,0
2020-02-20,-0.0073687,0.481916,-0.489285,-8.11419e-08,9.2526e-06,-9.33375e-06,-0.0626666,0.0461732,-0.435743,-7.30373e-06,0.0106849,0.0784096,0,0,0
2020-02-21,-0.00575541,0.482378,-0.488133,-6.34711e-08,9.26644e-06,-9.32991e-06,-0.0626666,0.0522208,-0.430157,-7.06491e-06,0.0112387,0.0788159,0,0,0
2020-02-25,-0.00827998,0.478678,-0.486958,-9.1532e-08,9.20603e-06,-9.29757e-06,-0.0626666,0.055783,-0.422895,-6.85143e-06,0.0218424,0.0789214,0,0,0
2020-02-26,-0.00356187,0.461627,-0.465189,-3.90598e-08,8.66493e-06,-8.70399e-06,-0.0626666,0.0573092,-0.404318,-6.24059e-06,0.0248399,0.0797323,0,0,0
2020-02-27,-0.00128164,0.462202,-0.463484,-1.40269e-08,8.66015e-06,-8.67418e-06,-0.0626666,0.0575582,-0.404644,-6.22317e-06,0.0151901,0.0804524,0,0,0
2020-02-28,0.452121,0.462361,-0.01024,6.57014e-06,8.66452e-06,-2.09438e-06,0.433512,0.559085,0.0967245,1.1984e-05,0.0162011,0.0804345,0,0,2
2020-03-03,0.441414,0.424025,0.017389,6.45932e-06,8.10112e-06,-1.6418e-06,0.433512,0.582348,0.158323,1.31463e-05,0.026665,0.0834416,1,0,2
2020-03-04,0.430961,0.423794,0.00716738,6.37845e-06,8.18266e-06,-1.8042e-06,0.433512,0.569124,0.14533,1.25972e-05,0.038174,0.0838408,1,0,2
2020-03-05,0.432577,0.425718,0.00685841,6.41354e-06,8.22897e-06,-1.81543e-06,0.433512,0.568962,0.143244,1.24269e-05,0.0361143,0.0835205,1,0,2
2020-03-06,0.436881,0.423043,0.0138381,6.46258e-06,8.14853e-06,-1.68595e-06,0.433512,0.566312,0.143269,1.22738e-05,0.0299829,0.0831894,1,0,2
2020-03-10,0.43954,0.4395,3.95151e-05,6.52883e-06,8.40978e-06,-1.88094e-06,0.433512,0.544669,0.105168,1.02912e-05,0.0396251,0.0807157,1,0,2
2020-03-11,0.454886,0.450579,0.00430722,6.95034e-06,8.78426e-06,-1.83392e-06,0.433512,0.543953,0.0933746,9.92028e-06,0.0298587,0.0806811,1,0,2
2020-03-12,0.453661,0.453011,0.000649897,6.92079e-06,8.81767e-06,-1.89688e-06,0.433512,0.544718,0.0917066,1.01176e-05,0.0262046,0.0809258,1,0,2
2020-03-13,0.456071,0.45137,0.00470025,6.94497e-06,8.75539e-06,-1.81042e-06,0.433512,0.602773,0.151402,1.16238e-05,0.0318964,0.0810762,1,0,2
2020-03-17,0.426843,0.428897,-0.00205429,6.63249e-06,8.44183e-06,-1.80935e-06,0.433512,0.617921,0.189023,1.2222e-05,0.0248548,0.0795224,0,0,2
2020-03-18,0.426123,0.412033,0.0140893,6.74252e-06,8.03126e-06,-1.28874e-06,0.433512,0.609115,0.197082,1.14466e-05,0.00972245,0.0770578,0,0,2
2020-03-19,0.441424,0.42218,0.0192441,7.15366e-06,8.41472e-06,-1.26106e-06,0.433512,0.574303,0.152123,8.29999e-06,0.00811419,0.0728326,0,0,2
2020-03-20,0.457529,0.437366,0.020163,7.69022e-06,8.96724e-06,-1.27703e-06,0.433512,0.574066,0.1367,7.59461e-06,-0.00387007,0.0720944,0,0,2
2020-03-24,0.458568,0.437122,0.0214457,7.76051e-06,9.01613e-06,-1.25562e-06,0.433512,0.553313,0.116191,7.21888e-06,0.00199944,0.0731604,0,0,2
2020-03-25,0.453632,0.433002,0.0206292,7.67702e-06,8.92668e-06,-1.24966e-06,0.433512,0.561278,0.128276,7.85869e-06,-0.000970364,0.0731158,0,0,2
2020-03-26,0.45025,0.429456,0.0207939,7.57683e-06,8.80668e-06,-1.22985e-06,0.433512,0.565443,0.135987,8.03056e-06,-0.0046715,0.0728684,0,0,2
2020-03-27,0.449363,0.428999,0.0203649,7.575e-06,8.79239e-06,-1.21739e-06,0.433512,0.566205,0.137207,8.0848e-06,-0.00886713,0.0724919,0,0,2
2020-03-31,0.397493,0.446438,-0.0489457,8.26936e-06,9.04293e-06,-7.73575e-07,0.295747,0.471348,0.0249095,5.94732e-06,-0.00260996,0.0724705,0,0,2
2020-04-01,0.377301,0.460787,-0.0834862,7.87523e-06,9.23372e-06,-1.35849e-06,0.295747,0.467324,0.0065369,4.87179e-06,-0.0181128,0.069508,0,0,1
2020-04-03,0.372523,0.454907,-0.0823839,7.93924e-06,9.38133e-06,-1.44209e-06,0.295747,0.447932,-0.00697511,4.14411e-06,-0.0248521,0.0690025,0,0,2
2020-04-07,0.369969,0.4636,-0.0936306,7.86064e-06,9.4919e-06,-1.63126e-06,0.295747,0.437287,-0.0263132,3.46206e-06,-0.0194619,0.0680922,0,0,1
2020-04-08,0.376417,0.465889,-0.0894719,8.04674e-06,9.61025e-06,-1.56351e-06,0.295747,0.434319,-0.0315701,3.24929e-06,-0.0183092,0.0679729,0,0,1
2020-04-09,0.372123,0.46239,-0.0902672,7.93735e-06,9.57366e-06,-1.63631e-06,0.295747,0.416252,-0.0461388,2.75346e-06,-0.0171611,0.0693249,0,0,1
2020-04-14,0.357834,0.458724,-0.100889,7.48429e-06,9.445e-06,-1.96072e-06,0.295747,0.300125,-0.158598,-2.82706e-07,-0.0265449,0.0670477,1,0,1
2020-04-15,0.366247,0.465424,-0.099177,7.74148e-06,9.70596e-06,-1.96448e-06,0.295747,0.311082,-0.154342,-2.17809e-07,-0.027214,0.067013,1,0,1
2020-04-16,0.361268,0.46163,-0.100363,7.661e-06,9.65776e-06,-1.99676e-06,0.295747,0.321502,-0.140128,6.74393e-07,-0.0231797,0.0694447,0,0,1
2020-04-17,0.36194,0.461813,-0.0998723,7.67834e-06,9.66488e-06,-1.98654e-06,0.295747,0.305289,-0.156523,2.9043e-07,-0.0231253,0.0694429,0,0,1
2020-04-22,0.370561,0.461718,-0.0911568,7.8108e-06,9.6637e-06,-1.8529e-06,0.295747,0.284432,-0.177286,-6.74413e-07,-0.0192339,0.0678507,0,0,1
2020-04-23,0.382367,0.465682,-0.0833153,8.1507e-06,9.816e-06,-1.6653e-06,0.295747,0.264806,-0.200876,-1.42047e-06,-0.0173716,0.0675415,0,0,2
2020-04-24,0.386672,0.461606,-0.0749337,8.24296e-06,9.65437e-06,-1.41141e-06,0.295747,0.260168,-0.201438,-1.41406e-06,-0.0266421,0.0673789,1,0,2
2020-04-28,0.39619,0.463181,-0.0669908,8.43159e-06,9.73357e-06,-1.30198e-06,0.295747,0.256007,-0.207174,-1.61605e-06,-0.0288205,0.0672515,1,0,2
2020-04-29,0.396141,0.459081,-0.0629399,8.42431e-06,9.58798e-06,-1.16367e-06,0.295747,0.264367,-0.194714,-1.14373e-06,-0.0195375,0.0678452,0,0,2
2020-04-30,0.0799469,0.460156,-0.380209,1.57384e-06,9.63333e-06,-8.05949e-06,0.187336,0.0964301,-0.363726,-7.44811e-06,-0.00714776,0.0622713,0,0,1
2020-05-05,0.0898476,0.483163,-0.393316,1.80066e-06,1.04672e-05,-8.66655e-06,0.187336,0.0657881,-0.417375,-9.01714e-06,-0.00248843,0.0610251,0,0,1
2020-05-06,0.0997822,0.487888,-0.388106,2.01892e-06,1.06538e-05,-8.63488e-06,0.187336,0.043929,-0.443959,-9.70331e-06,-0.00472433,0.0598088,0,0,1
2020-05-07,0.106094,0.490695,-0.3846,2.14161e-06,1.0748e-05,-8.60638e-06,0.187336,0.0612669,-0.429428,-9.45329e-06,-0.00175184,0.0604872,0,0,1
2020-05-08,0.100018,0.476678,-0.37666,2.02689e-06,1.03563e-05,-8.32937e-06,0.187336,0.0361056,-0.440572,-9.57545e-06,-0.00407619,0.0607866,0,0,1
2020-05-12,0.102609,0.475891,-0.373282,2.07136e-06,1.03322e-05,-8.2608e-06,0.187336,0.0558911,-0.42,-9.1358e-06,-0.00105813,0.0607868,0,0,1
2020-05-13,0.103093,0.470161,-0.367069,2.07566e-06,1.0216e-05,-8.14031e-06,0.187336,0.0203441,-0.449817,-9.79746e-06,-0.0119903,0.0591483,0,0,1
2020-05-14,0.112897,0.474399,-0.361502,2.27959e-06,1.03668e-05,-8.0872e-06,0.187336,0.000672162,-0.473727,-1.03531e-05,-0.00529478,0.0586605,0,0,1
2020-05-15,0.116298,0.477528,-0.36123,2.36374e-06,1.04697e-05,-8.106e-06,0.187336,0.0251153,-0.452412,-9.93876e-06,0.00327605,0.0591511,0,0,1
2020-05-19,0.116078,0.475381,-0.359303,2.3613e-06,1.03881e-05,-8.02678e-06,0.187336,0.00793042,-0.46745,-1.02155e-05,0.0105873,0.0591485,0,0,1
2020-05-20,0.110968,0.46833,-0.357362,2.25854e-06,1.01941e-05,-7.93553e-06,0.187336,0.00209353,-0.466236,-1.01488e-05,0.00782513,0.0599226,0,0,1
2020-05-21,0.111998,0.469157,-0.357159,2.28378e-06,1.02347e-05,-7.95096e-06,0.187336,-0.0172333,-0.48639,-1.05981e-05,-0.0102051,0.0588175,0,0,1
2020-05-22,0.117511,0.468757,-0.351246,2.39975e-06,1.02386e-05,-7.83884e-06,0.187336,-0.0301385,-0.498895,-1.08822e-05,-0.0142745,0.0596246,0,0,1
2020-05-27,0.114712,0.467867,-0.353155,2.33759e-06,1.02201e-05,-7.88251e-06,0.187336,-0.0277232,-0.495591,-1.08079e-05,-0.0164055,0.0596719,0,0,1
2020-05-28,0.111625,0.466517,-0.354892,2.27057e-06,1.01913e-05,-7.92071e-06,0.187336,-0.0180076,-0.484525,-1.05698e-05,-0.0211187,0.0593047,0,0,1
2020-05-29,0.371458,0.462228,-0.0907695,9.28775e-06,1.0137e-05,-8.4924e-07,0.169385,0.299487,-0.162741,-3.57649e-06,-0.0187536,0.0594301,0,0,1
2020-06-02,0.371908,0.462227,-0.0903186,9.30545e-06,1.01356e-05,-8.30132e-07,0.169385,0.299008,-0.163219,-3.6475e-06,-0.0135258,0.0602531,0,0,1
2020-06-03,0.373438,0.461646,-0.0882074,9.36569e-06,1.01149e-05,-7.4925e-07,0.169385,0.297834,-0.163812,-3.63128e-06,-0.00771665,0.0608239,0,0,1
2020-06-04,0.375476,0.46218,-0.0867042,9.42043e-06,1.01385e-05,-7.18045e-07,0.169385,0.299888,-0.162292,-3.61056e-06,-0.000323965,0.060915,0,0,1
2020-06-05,0.376883,0.462215,-0.0853319,9.48287e-06,1.01895e-05,-7.06577e-07,0.169385,0.353326,-0.108889,-2.60843e-06,-0.0027005,0.0621716,0,0,1
2020-06-09,0.369542,0.454837,-0.0852953,9.34105e-06,1.00674e-05,-7.26364e-07,0.169385,0.347787,-0.10705,-2.70668e-06,-0.0117933,0.0621921,0,0,1
2020-06-10,0.370196,0.45497,-0.0847738,9.38963e-06,1.01279e-05,-7.38242e-07,0.169385,0.350311,-0.104659,-2.75191e-06,-0.0120868,0.0622453,0,0,1
2020-06-11,0.370571,0.454831,-0.0842602,9.41255e-06,1.01364e-05,-7.23849e-07,0.169385,0.39313,-0.0617016,-1.35787e-06,-0.0115829,0.0624765,0,0,1
2020-06-12,0.370082,0.454143,-0.0840615,9.41266e-06,1.01388e-05,-7.26179e-07,0.169385,0.383454,-0.0706891,-1.67382e-06,-0.0214286,0.0624471,0,0,1
2020-06-16,0.369413,0.452716,-0.0833029,9.37706e-06,1.00628e-05,-6.85751e-07,0.169385,0.390398,-0.0623172,-1.47019e-06,-0.023097,0.0623405,0,0,2
2020-06-17,0.368012,0.451106,-0.0830945,9.35119e-06,1.00408e-05,-6.89578e-07,0.169385,0.402016,-0.0490905,-1.0844e-06,-0.0190035,0.0629459,0,0,2
2020-06-18,0.365254,0.450707,-0.0854532,9.24759e-06,1.00273e-05,-7.79703e-07,0.169385,0.401976,-0.048731,-1.09437e-06,-0.0218927,0.062677,0,0,1
2020-06-19,0.364767,0.451149,-0.0863817,9.2335e-06,1.00439e-05,-8.10386e-07,0.169385,0.399266,-0.0518826,-1.13777e-06,-0.0176208,0.062553,0,0,1
2020-06-23,0.367732,0.449412,-0.0816804,9.29595e-06,9.96808e-06,-6.72123e-07,0.169385,0.392973,-0.056439,-1.25296e-06,-0.0254118,0.0629431,1,0,2
2020-06-24,0.366886,0.445715,-0.0788295,9.2586e-06,9.81902e-06,-5.60414e-07,0.169385,0.37525,-0.0704655,-1.73144e-06,-0.0297762,0.0613399,1,0,2
2020-06-25,0.371507,0.452037,-0.0805297,9.40393e-06,9.99402e-06,-5.9009e-07,0.169385,0.344456,-0.107581,-2.87372e-06,-0.0363657,0.0596169,1,0,2
2020-06-26,0.373868,0.456242,-0.0823735,9.46374e-06,1.01388e-05,-6.75105e-07,0.169385,0.343454,-0.112788,-3.05736e-06,-0.0356431,0.0595679,1,0,2
2020-06-30,0.336175,0.456303,-0.120128,8.15802e-06,1.01369e-05,-1.9789e-06,-0.431444,-0.308218,-0.764521,-1.65444e-05,-0.0152357,0.0580898,0,0,1
2020-07-01,0.339639,0.469856,-0.130217,8.29241e-06,1.06759e-05,-2.38347e-06,-0.431444,-0.309246,-0.779102,-1.69531e-05,-0.0120902,0.0576025,0,0,1
2020-07-02,0.339095,0.467749,-0.128654,8.34332e-06,1.07017e-05,-2.35839e-06,-0.431444,-0.310599,-0.778348,-1.70217e-05,-0.0141437,0.0577192,0,0,1
2020-07-07,0.339301,0.465044,-0.125743,8.34962e-06,1.05862e-05,-2.23654e-06,-0.431444,-0.304997,-0.770041,-1.67693e-05,-0.0217138,0.0577585,0,0,1
2020-07-08,0.340731,0.461744,-0.121012,8.3852e-06,1.05319e-05,-2.14669e-06,-0.431444,-0.290368,-0.752112,-1.62446e-05,-0.0246755,0.0576111,0,0,1
2020-07-09,0.329507,0.448145,-0.118638,8.15941e-06,1.02784e-05,-2.11897e-06,-0.431444,-0.295235,-0.743379,-1.61179e-05,-0.0258537,0.0578008,1,0,1
2020-07-10,0.329881,0.444964,-0.115083,8.14161e-06,1.01578e-05,-2.01617e-06,-0.431444,-0.304927,-0.749891,-1.61142e-05,-0.0314116,0.0573187,1,0,1
2020-07-14,0.327392,0.438621,-0.111229,8.10536e-06,9.98175e-06,-1.87639e-06,-0.431444,-0.304772,-0.743393,-1.59493e-05,-0.0300541,0.0571122,1,0,1
2020-07-15,0.327603,0.437501,-0.109898,8.10098e-06,9.93748e-06,-1.83649e-06,-0.431444,-0.308251,-0.745752,-1.59373e-05,-0.02674,0.0569591,1,0,1
2020-07-16,0.327459,0.420529,-0.0930703,8.11952e-06,9.38103e-06,-1.26151e-06,-0.431444,-0.303541,-0.72407,-1.50919e-05,-0.029033,0.0566762,1,0,1
2020-07-17,0.321984,0.41315,-0.0911652,8.04506e-06,9.26891e-06,-1.22386e-06,-0.431444,-0.304102,-0.717251,-1.50431e-05,-0.0241061,0.0571535,0,0,1
2020-07-21,0.321238,0.41287,-0.0916321,8.01896e-06,9.2694e-06,-1.25044e-06,-0.431444,-0.260684,-0.673555,-1.39363e-05,-0.0233179,0.0572061,0,0,1
2020-07-22,0.302041,0.387817,-0.0857759,7.63676e-06,8.82758e-06,-1.19082e-06,-0.431444,-0.281381,-0.669198,-1.36855e-05,-0.0186045,0.0560332,0,0,1
2020-07-23,0.303671,0.387113,-0.0834419,7.75227e-06,8.91523e-06,-1.16296e-06,-0.431444,-0.242485,-0.629598,-1.33346e-05,-0.0138029,0.0563342,0,0,1
2020-07-28,0.304461,0.386585,-0.0821234,7.7695e-06,8.90036e-06,-1.13086e-06,-0.431444,-0.240988,-0.627572,-1.32777e-05,-0.012314,0.0562743,0,0,2
2020-07-29,0.303545,0.383635,-0.0800901,7.7384e-06,8.80854e-06,-1.07014e-06,-0.431444,-0.240958,-0.624594,-1.31851e-05,-0.0116412,0.0566403,0,0,2
2020-07-30,0.30394,0.383434,-0.0794938,7.74779e-06,8.80041e-06,-1.05262e-06,-0.431444,-0.218848,-0.602281,-1.26534e-05,-0.0153153,0.0566059,0,0,2
2020-07-31,0.570843,0.374306,0.196537,1.97186e-05,8.649e-06,1.10696e-05,0.260622,0.119469,-0.254837,-5.69602e-06,-0.0114725,0.057451,0,0,3
2020-08-04,0.569641,0.375323,0.194318,1.9658e-05,8.68736e-06,1.09707e-05,0.260622,0.112678,-0.262644,-5.89513e-06,-0.0179087,0.0573824,0,0,3
2020-08-05,0.569351,0.368668,0.200683,1.96566e-05,8.47117e-06,1.11854e-05,0.260622,0.121852,-0.246816,-5.46144e-06,-0.0184001,0.0584811,0,0,3
2020-08-06,0.568943,0.366218,0.202725,1.96196e-05,8.42015e-06,1.11995e-05,0.260622,0.12651,-0.239708,-5.29341e-06,-0.0265135,0.058483,1,0,3
2020-08-07,0.570061,0.365592,0.204469,1.96438e-05,8.40898e-06,1.12348e-05,0.260622,0.179275,-0.186317,-4.38953e-06,-0.0374412,0.0561267,1,0,3
2020-08-11,0.55659,0.346282,0.210308,1.9381e-05,8.22124e-06,1.11598e-05,0.260622,0.233797,-0.112486,-3.06834e-06,-0.0412227,0.0560921,1,0,3
2020-08-12,0.547329,0.33613,0.211199,1.91937e-05,8.04643e-06,1.11473e-05,0.260622,0.229045,-0.107085,-2.94699e-06,-0.0415666,0.0561604,1,0,3
2020-08-13,0.547935,0.337021,0.210913,1.92405e-05,8.07847e-06,1.1162e-05,0.260622,0.178571,-0.15845,-4.34535e-06,-0.0323172,0.0528239,1,0,3
2020-08-14,0.553332,0.347087,0.206246,1.96568e-05,8.45405e-06,1.12027e-05,0.260622,0.17905,-0.168037,-4.6734e-06,-0.030238,0.0529703,1,0,3
2020-08-18,0.552682,0.339533,0.213149,1.95611e-05,8.17258e-06,1.13885e-05,0.260622,0.193033,-0.1465,-4.11765e-06,-0.0248427,0.0529864,0,0,3
2020-08-19,0.550002,0.335381,0.214621,1.94772e-05,8.08455e-06,1.13926e-05,0.260622,0.205257,-0.130124,-3.79354e-06,-0.0190221,0.052858,0,0,3
2020-08-20,0.549005,0.331428,0.217577,1.94731e-05,7.96721e-06,1.15059e-05,0.260622,0.191845,-0.139583,-4.03042e-06,-0.0198639,0.052051,0,0,3
2020-08-21,0.546948,0.331842,0.215106,1.93944e-05,7.98538e-06,1.1409e-05,0.260622,0.199595,-0.132247,-3.85913e-06,-0.0271225,0.0520303,1,0,3
2020-08-25,0.546624,0.330918,0.215706,1.93449e-05,7.95272e-06,1.13922e-05,0.260622,0.185259,-0.14566,-4.25711e-06,-0.0270192,0.0505944,1,0,3
2020-08-26,0.5467,0.333784,0.212916,1.94382e-05,8.06924e-06,1.1369e-05,0.260622,0.257291,-0.0764932,-2.74998e-06,-0.0286648,0.050555,1,0,3
2020-08-28,0.787483,0.328532,0.45895,4.05937e-05,7.98474e-06,3.26089e-05,0.43061,0.55181,0.223278,6.81876e-06,-0.0317336,0.0505849,1,0,4
2020-09-01,0.788813,0.325224,0.463589,4.06502e-05,7.91428e-06,3.27359e-05,0.43061,0.561963,0.236739,7.55109e-06,-0.0353292,0.0517221,1,0,4
2020-09-02,0.788149,0.324402,0.463747,4.06183e-05,7.90058e-06,3.27177e-05,0.43061,0.605644,0.281242,1.05145e-05,-0.0394888,0.0524507,1,0,4
2020-09-03,0.787057,0.323912,0.463146,4.06198e-05,7.93097e-06,3.26889e-05,0.43061,0.602857,0.278945,1.02221e-05,-0.0479145,0.0525436,1,0,4
2020-09-04,0.787024,0.324973,0.462051,4.06026e-05,7.96505e-06,3.26376e-05,0.43061,0.610474,0.285501,1.06864e-05,-0.0473962,0.0526483,1,0,4
2020-09-09,0.788221,0.322665,0.465556,4.06132e-05,7.8813e-06,3.27319e-05,0.43061,0.632802,0.310137,1.24352e-05,-0.0471585,0.0559245,1,0,4
2020-09-10,0.788762,0.322322,0.466441,4.06609e-05,7.89324e-06,3.27677e-05,0.43061,0.63619,0.313868,1.26464e-05,-0.041693,0.0558341,1,0,4
2020-09-11,0.78892,0.322305,0.466615,4.06822e-05,7.89606e-06,3.27862e-05,0.43061,0.640835,0.31853,1.29925e-05,-0.0382507,0.0565024,1,0,4
2020-09-15,0.789315,0.324905,0.46441,4.07609e-05,7.98708e-06,3.27738e-05,0.43061,0.647197,0.322292,1.31082e-05,-0.0361339,0.056517,1,0,4
2020-09-16,0.787737,0.314162,0.473574,4.0574e-05,7.64203e-06,3.2932e-05,0.43061,0.650261,0.336099,1.31999e-05,-0.0320327,0.0549519,1,0,4
2020-09-17,0.784505,0.305399,0.479106,4.0077e-05,7.36692e-06,3.27101e-05,0.43061,0.650095,0.344697,1.38403e-05,-0.0207308,0.0561926,0,0,4
2020-09-18,0.784716,0.3064,0.478315,4.01193e-05,7.40164e-06,3.27177e-05,0.43061,0.649281,0.34288,1.35924e-05,-0.0140967,0.0549345,0,0,4
2020-09-22,0.785027,0.307827,0.477199,4.00248e-05,7.47872e-06,3.25461e-05,0.43061,0.667512,0.359684,1.46654e-05,-0.00978684,0.0546822,0,0,4
2020-09-24,0.783546,0.304041,0.479505,3.99889e-05,7.362e-06,3.26269e-05,0.43061,0.670077,0.366036,1.49186e-05,-0.00803072,0.0559703,0,0,4
2020-09-25,0.785884,0.304335,0.481548,4.00464e-05,7.36507e-06,3.26813e-05,0.43061,0.640133,0.335798,1.4248e-05,-0.0081101,0.0560484,0,0,4
2020-09-29,0.747465,0.307489,0.439976,3.03674e-05,7.41928e-06,2.29481e-05,0.343833,0.535548,0.22806,4.82788e-06,-0.0111374,0.0553013,0,0,4
2020-10-01,0.745985,0.30848,0.437504,3.03161e-05,7.45654e-06,2.28596e-05,0.343833,0.522474,0.213993,4.6181e-06,-0.0136321,0.0550696,0,0,4
2020-10-02,0.744742,0.304851,0.439891,3.01447e-05,7.34962e-06,2.2795e-05,0.343833,0.516065,0.211214,4.4154e-06,-0.015034,0.0557622,0,0,4
2020-10-06,0.744284,0.306209,0.438075,3.01741e-05,7.39187e-06,2.27822e-05,0.343833,0.503613,0.197404,3.83059e-06,-0.00924694,0.0540223,0,0,4
2020-10-07,0.746054,0.302154,0.4439,3.03753e-05,7.23849e-06,2.31368e-05,0.343833,0.515389,0.213235,4.89306e-06,-0.00147842,0.0521407,0,0,4
2020-10-08,0.745511,0.30276,0.442752,3.02664e-05,7.26573e-06,2.30007e-05,0.343833,0.515483,0.212723,4.8987e-06,0.000994001,0.05233,0,0,4
2020-10-09,0.74512,0.303704,0.441416,3.02489e-05,7.2827e-06,2.29662e-05,0.343833,0.534887,0.231182,5.23291e-06,0.00263438,0.051599,0,0,4
2020-10-13,0.738583,0.291884,0.446699,2.96463e-05,6.97635e-06,2.26699e-05,0.343833,0.536015,0.244131,5.31617e-06,0.00703148,0.0504679,0,0,4
2020-10-14,0.736932,0.295831,0.441101,2.95612e-05,7.07835e-06,2.24829e-05,0.343833,0.535749,0.239918,5.19683e-06,0.00931579,0.0515807,0,0,4
2020-10-15,0.734925,0.297141,0.437785,2.92655e-05,7.0973e-06,2.21682e-05,0.343833,0.521082,0.223942,4.9276e-06,0.0135455,0.0504391,0,0,4
2020-10-16,0.735477,0.3005,0.434977,2.93371e-05,7.21008e-06,2.2127e-05,0.343833,0.528414,0.227913,5.02291e-06,0.00919704,0.0504797,0,0,4
2020-10-20,0.735881,0.29824,0.437641,2.93408e-05,7.14247e-06,2.21983e-05,0.343833,0.542436,0.244196,5.41561e-06,0.0112056,0.0522633,0,0,4
2020-10-21,0.733446,0.296042,0.437403,2.92456e-05,7.11336e-06,2.21323e-05,0.343833,0.55915,0.263108,6.30658e-06,0.014002,0.0521488,0,0,4
2020-10-22,0.732417,0.294556,0.437861,2.92723e-05,7.08559e-06,2.21867e-05,0.343833,0.563458,0.268902,7.30614e-06,0.0164292,0.0557361,0,0,4
2020-10-23,0.733295,0.294127,0.439168,2.92718e-05,7.06267e-06,2.22091e-05,0.343833,0.544269,0.250142,7.01114e-06,0.0201291,0.0557451,0,0,4
2020-10-27,0.733861,0.293958,0.439903,2.92155e-05,7.05651e-06,2.2159e-05,0.343833,0.542461,0.248503,7.37629e-06,0.0241578,0.0552557,0,0,4
2020-10-28,0.741739,0.315089,0.42665,2.93914e-05,7.44126e-06,2.19502e-05,0.343833,0.525836,0.210747,6.0357e-06,0.0162344,0.053606,0,0,4
2020-10-29,0.736486,0.316336,0.420149,2.91496e-05,7.60616e-06,2.15434e-05,0.343833,0.534904,0.218568,6.37084e-06,0.0137553,0.0540236,0,0,4
2020-10-30,-0.327824,0.316541,-0.644365,-8.16509e-06,7.60947e-06,-1.57746e-05,-0.315914,-0.656076,-0.972617,-2.29859e-05,0.00943449,0.0543003,0,0,0
2020-11-03,-0.330848,0.318952,-0.6498,-8.2145e-06,7.64732e-06,-1.58618e-05,-0.315914,-0.639688,-0.95864,-2.22058e-05,0.00758204,0.0546475,0,0,0
2020-11-04,-0.33361,0.30925,-0.64286,-8.31305e-06,7.47086e-06,-1.57839e-05,-0.315914,-0.641127,-0.950377,-2.21465e-05,0.008461,0.0553509,0,0,0
2020-11-05,-0.335795,0.3079,-0.643695,-8.34834e-06,7.42561e-06,-1.57739e-05,-0.315914,-0.627607,-0.935507,-2.12387e-05,0.00542439,0.0555118,0,0,0
2020-11-06,-0.341738,0.294946,-0.636685,-8.58667e-06,7.17677e-06,-1.57634e-05,-0.315914,-0.628177,-0.923123,-2.09669e-05,0.00370235,0.0555873,0,0,0
2020-11-10,-0.334826,0.292755,-0.627581,-8.32689e-06,7.10538e-06,-1.54323e-05,-0.315914,-0.613281,-0.906036,-1.99755e-05,0.00104753,0.0556375,0,0,0
2020-11-11,-0.333907,0.281454,-0.615361,-8.30882e-06,6.89666e-06,-1.52055e-05,-0.315914,-0.601956,-0.88341,-1.97522e-05,0.00173288,0.0575462,0,0,0
2020-11-12,-0.333981,0.276294,-0.610275,-8.32402e-06,6.71425e-06,-1.50383e-05,-0.315914,-0.588765,-0.865058,-1.90333e-05,0.00171774,0.0575551,0,0,0
2020-11-13,-0.334493,0.271122,-0.605615,-8.3372e-06,6.61241e-06,-1.49496e-05,-0.315914,-0.587768,-0.858891,-1.91786e-05,-0.00459029,0.0583894,0,0,0
2020-11-17,-0.333096,0.271058,-0.604153,-8.32721e-06,6.629e-06,-1.49562e-05,-0.315914,-0.596219,-0.867277,-1.9487e-05,-0.00181794,0.0588024,0,0,0
2020-11-18,-0.329596,0.267269,-0.596865,-8.22285e-06,6.4795e-06,-1.47023e-05,-0.315914,-0.616604,-0.883872,-2.04525e-05,-0.0068532,0.0607703,0,0,0
2020-11-19,-0.329573,0.267513,-0.597086,-8.22463e-06,6.4817e-06,-1.47063e-05,-0.315914,-0.616784,-0.884297,-2.08589e-05,-0.0032443,0.0609825,0,0,0
2020-11-20,-0.328059,0.267917,-0.595976,-8.18161e-06,6.49278e-06,-1.46744e-05,-0.315914,-0.636078,-0.903995,-2.20924e-05,0.00133781,0.0621123,0,0,0
2020-11-24,-0.326259,0.265859,-0.592118,-8.11851e-06,6.43002e-06,-1.45485e-05,-0.315914,-0.653541,-0.9194,-2.34853e-05,0.00307314,0.0618953,0,0,0
2020-11-25,0.187507,0.267416,-0.0799089,4.81588e-06,6.47618e-06,-1.6603e-06,-0.0352905,-0.450504,-0.71792,-1.8909e-05,0.0136781,0.0626032,0,0,2
2020-12-01,0.188326,0.266971,-0.0786448,4.83582e-06,6.46841e-06,-1.63259e-06,-0.0352905,-0.484966,-0.751937,-1.95475e-05,0.00708041,0.0615609,0,0,2
2020-12-02,0.192739,0.272964,-0.0802254,4.97957e-06,6.6547e-06,-1.67513e-06,-0.0352905,-0.475132,-0.748096,-1.95542e-05,0.0124849,0.0616016,0,0,2
2020-12-03,0.195444,0.270829,-0.0753854,5.03677e-06,6.57975e-06,-1.54298e-06,-0.0352905,-0.515139,-0.785968,-2.07829e-05,0.00639099,0.0612497,0,0,2
2020-12-04,0.201205,0.274647,-0.0734426,5.19045e-06,6.69304e-06,-1.50259e-06,-0.0352905,-0.516563,-0.79121,-2.09391e-05,0.00321269,0.0612415,0,0,2
2020-12-08,0.205049,0.270348,-0.0652985,5.23e-06,6.51895e-06,-1.28895e-06,-0.0352905,-0.518014,-0.788362,-2.08519e-05,0.00985876,0.0612631,0,0,2
2020-12-09,0.204692,0.268786,-0.064094,5.22207e-06,6.46924e-06,-1.24717e-06,-0.0352905,-0.524778,-0.793564,-2.12183e-05,0.0104672,0.0627583,0,0,2
2020-12-10,0.203625,0.26862,-0.0649943,5.18953e-06,6.46418e-06,-1.27464e-06,-0.0352905,-0.512717,-0.781337,-2.08879e-05,0.0115756,0.0622032,0,0,2
2020-12-11,0.210136,0.271452,-0.0613156,5.32323e-06,6.50773e-06,-1.18449e-06,-0.0352905,-0.500863,-0.772315,-2.07402e-05,0.0188667,0.0621767,0,0,2
2020-12-15,0.21078,0.267352,-0.0565725,5.32716e-06,6.39702e-06,-1.06986e-06,-0.0352905,-0.499481,-0.766833,-2.05203e-05,0.0191182,0.0624767,0,0,2
2020-12-16,0.207801,0.2619,-0.0540997,5.26584e-06,6.28801e-06,-1.02217e-06,-0.0352905,-0.478185,-0.740085,-2.03658e-05,0.0214497,0.0630464,0,0,2
2020-12-18,0.206288,0.261816,-0.0555275,5.2174e-06,6.28537e-06,-1.06797e-06,-0.0352905,-0.488547,-0.750363,-2.09581e-05,0.0202967,0.0650443,0,0,2
2020-12-22,0.203393,0.257841,-0.054448,5.154e-06,6.18881e-06,-1.03481e-06,-0.0352905,-0.487219,-0.745061,-2.08359e-05,0.0266257,0.0649706,1,0,2
2020-12-23,0.203855,0.257772,-0.0539163,5.16441e-06,6.18684e-06,-1.02242e-06,-0.0352905,-0.483773,-0.741545,-2.07294e-05,0.0299888,0.0651989,1,0,2
2020-12-24,0.203403,0.256622,-0.0532196,5.13466e-06,6.16333e-06,-1.02866e-06,-0.0352905,-0.483455,-0.740078,-2.07414e-05,0.0291432,0.0652294,1,0,2
2020-12-29,0.201853,0.256966,-0.0551129,5.08349e-06,6.17211e-06,-1.08862e-06,-0.0352905,-0.506666,-0.763632,-2.18839e-05,0.030468,0.0653246,1,0,2
2020-12-30,0.19688,0.25194,-0.05506,4.98609e-06,6.09033e-06,-1.10424e-06,-0.0352905,-0.505889,-0.757829,-2.17424e-05,0.031272,0.0660969,1,0,2
2020-12-31,-0.614048,0.252426,-0.866474,-2.30894e-05,6.07464e-06,-2.9164e-05,-0.286453,-0.283795,-0.536221,-1.48888e-05,0.0352706,0.0647082,1,0,0
2021-01-05,-0.614223,0.2588,-0.873023,-2.30767e-05,6.24222e-06,-2.93189e-05,-0.286453,-0.295145,-0.553945,-1.54245e-05,0.0354613,0.0641023,1,0,0
2021-01-06,-0.613883,0.247804,-0.861687,-2.32571e-05,6.07436e-06,-2.93314e-05,-0.286453,-0.287193,-0.534997,-1.49439e-05,0.0374174,0.0640373,1,0,0
2021-01-07,-0.613235,0.250304,-0.863538,-2.32937e-05,6.14156e-06,-2.94352e-05,-0.286453,-0.289804,-0.540108,-1.50635e-05,0.0416246,0.0640726,1,0,0
2021-01-12,-0.612009,0.248183,-0.860192,-2.31842e-05,6.07575e-06,-2.926e-05,-0.286453,-0.334686,-0.582869,-1.60444e-05,0.0410775,0.062012,1,0,0
2021-01-13,-0.597493,0.25632,-0.853813,-2.2749e-05,6.35272e-06,-2.91017e-05,-0.286453,-0.278465,-0.534784,-1.55078e-05,0.0405226,0.068187,1,0,0
2021-01-14,-0.59727,0.262114,-0.859383,-2.27264e-05,6.4607e-06,-2.91871e-05,-0.286453,-0.277066,-0.53918,-1.55787e-05,0.0250549,0.0683106,0,0,0
2021-01-20,-0.587753,0.265709,-0.853462,-2.22093e-05,6.59207e-06,-2.88013e-05,-0.286453,-0.271935,-0.537645,-1.56571e-05,0.0276567,0.0683585,1,0,0
2021-01-21,-0.587934,0.262359,-0.850293,-2.22469e-05,6.5057e-06,-2.87526e-05,-0.286453,-0.26916,-0.531519,-1.55271e-05,0.0297632,0.0701371,1,0,0
2021-01-26,-0.588501,0.260766,-0.849267,-2.22908e-05,6.48002e-06,-2.87708e-05,-0.286453,-0.295723,-0.556489,-1.6149e-05,0.0263757,0.0691385,1,0,0
2021-01-27,-0.58262,0.264226,-0.846846,-2.20452e-05,6.57589e-06,-2.8621e-05,-0.286453,-0.283486,-0.547712,-1.57825e-05,0.0317564,0.069097,1,0,0
2021-01-28,-0.584235,0.26103,-0.845265,-2.21621e-05,6.49036e-06,-2.86525e-05,-0.286453,-0.263412,-0.524443,-1.52142e-05,0.0323164,0.0694643,1,0,0
2021-01-29,-0.0838133,0.260734,-0.344547,-3.49576e-06,6.48009e-06,-9.97585e-06,-0.20032,-0.0686989,-0.329433,-8.82414e-06,0.0237535,0.0690819,0,0,1
2021-02-02,-0.0838077,0.264733,-0.34854,-3.49887e-06,6.62817e-06,-1.0127e-05,-0.20032,-0.0303899,-0.295122,-7.68949e-06,0.0271188,0.073562,1,0,1
2021-02-03,-0.0846995,0.262796,-0.347496,-3.53699e-06,6.5964e-06,-1.01334e-05,-0.20032,-0.0260713,-0.288867,-7.50983e-06,0.0243963,0.0736418,0,0,1
2021-02-04,-0.0852778,0.261231,-0.346508,-3.56267e-06,6.56554e-06,-1.01282e-05,-0.20032,-0.0267973,-0.288028,-7.49649e-06,0.0256183,0.0738166,1,0,1
2021-02-05,-0.0848427,0.269583,-0.354426,-3.54895e-06,6.72423e-06,-1.02732e-05,-0.20032,-0.036937,-0.30652,-8.0117e-06,0.0192271,0.0733098,0,0,1
2021-02-09,-0.0821538,0.273251,-0.355405,-3.44297e-06,6.85057e-06,-1.02935e-05,-0.20032,-0.0475403,-0.320792,-8.53036e-06,0.0095471,0.0732065,0,0,1
2021-02-10,-0.0816592,0.277622,-0.359281,-3.42297e-06,6.94963e-06,-1.03726e-05,-0.20032,-0.025624,-0.303246,-7.84337e-06,0.0106338,0.0732203,0,0,1
2021-02-11,-0.0851094,0.270699,-0.355809,-3.57892e-06,6.80966e-06,-1.03886e-05,-0.20032,-0.0206788,-0.291378,-7.52835e-06,0.00746035,0.0731565,0,0,1
2021-02-12,-0.0864509,0.26688,-0.353331,-3.64361e-06,6.72923e-06,-1.03728e-05,-0.20032,-0.0176696,-0.28455,-7.34345e-06,0.0113274,0.0734754,0,0,1
2021-02-17,-0.086368,0.263258,-0.349626,-3.63978e-06,6.63739e-06,-1.02772e-05,-0.20032,-0.0143309,-0.277589,-7.13521e-06,0.00616042,0.0738429,0,0,1
2021-02-18,-0.0860737,0.260258,-0.346332,-3.62922e-06,6.56101e-06,-1.01902e-05,-0.20032,-0.0184802,-0.278738,-7.20467e-06,0.00375179,0.0730684,0,0,1
2021-02-19,-0.0819947,0.264534,-0.346529,-3.46155e-06,6.70828e-06,-1.01698e-05,-0.20032,-0.0284834,-0.293018,-7.6879e-06,-0.00681514,0.0726463,0,0,1
2021-02-23,-0.0776339,0.266261,-0.343895,-3.25885e-06,6.75696e-06,-1.00158e-05,-0.20032,-0.0974448,-0.363706,-1.06984e-05,-0.00446036,0.0729274,0,0,1
2021-02-24,-0.0745672,0.251194,-0.325761,-3.11102e-06,6.24431e-06,-9.35533e-06,-0.20032,-0.117799,-0.368993,-1.0929e-05,-0.0177533,0.0716663,0,0,1
2021-02-25,-0.0692013,0.255959,-0.32516,-2.9018e-06,6.43037e-06,-9.33217e-06,-0.20032,-0.104228,-0.360186,-1.05379e-05,-0.0175185,0.0720843,0,0,1
2021-02-26,-0.23611,0.247233,-0.483343,-9.98626e-06,6.22995e-06,-1.62162e-05,-0.353931,-0.342715,-0.589949,-1.84607e-05,-0.00899438,0.0694451,0,0,0
2021-03-02,-0.250956,0.238346,-0.489302,-1.08294e-05,6.16356e-06,-1.69929e-05,-0.353931,-0.344137,-0.582483,-1.84973e-05,-0.00687621,0.0695417,0,0,0
2021-03-03,-0.250592,0.236711,-0.487303,-1.0805e-05,6.11252e-06,-1.69175e-05,-0.353931,-0.332071,-0.568782,-1.79751e-05,-0.00601239,0.0706244,0,0,0
2021-03-04,-0.252221,0.231374,-0.483595,-1.08982e-05,5.99513e-06,-1.68933e-05,-0.353931,-0.325079,-0.556453,-1.68921e-05,-0.00804104,0.0706035,0,0,0
2021-03-05,-0.255132,0.218891,-0.474023,-1.11192e-05,5.74884e-06,-1.68681e-05,-0.353931,-0.296844,-0.515735,-1.59191e-05,-0.00454958,0.0705482,0,0,0
2021-03-09,-0.253005,0.221036,-0.474042,-1.10299e-05,5.81826e-06,-1.68482e-05,-0.353931,-0.304415,-0.525451,-1.63111e-05,-0.00177045,0.0704558,0,0,0
2021-03-10,-0.25096,0.221003,-0.471963,-1.09166e-05,5.82052e-06,-1.67371e-05,-0.353931,-0.306094,-0.527097,-1.63463e-05,-0.000226235,0.0703451,0,0,0
2021-03-11,-0.250808,0.221368,-0.472176,-1.09049e-05,5.83274e-06,-1.67377e-05,-0.353931,-0.304683,-0.526051,-1.61714e-05,-0.00157257,0.0697101,0,0,0
2021-03-12,-0.249957,0.217882,-0.467839,-1.08857e-05,5.7878e-06,-1.66735e-05,-0.353931,-0.304238,-0.52212,-1.61305e-05,0.00534403,0.0696926,0,0,0
2021-03-16,-0.250036,0.216782,-0.466818,-1.08891e-05,5.74673e-06,-1.66359e-05,-0.353931,-0.304819,-0.521601,-1.61107e-05,0.0150554,0.0696781,0,0,0
2021-03-17,-0.250649,0.211401,-0.46205,-1.09067e-05,5.5615e-06,-1.64682e-05,-0.353931,-0.305163,-0.516564,-1.59352e-05,0.0177655,0.0696472,0,0,0
2021-03-18,-0.250019,0.21035,-0.460368,-1.08757e-05,5.49475e-06,-1.63704e-05,-0.353931,-0.314052,-0.524401,-1.60506e-05,0.0225177,0.0685015,0,0,0
2021-03-19,-0.249651,0.202177,-0.451828,-1.09235e-05,5.33226e-06,-1.62558e-05,-0.353931,-0.315466,-0.517642,-1.59121e-05,0.0231752,0.0685113,0,0,0
2021-03-23,-0.249707,0.206087,-0.455794,-1.09302e-05,5.41926e-06,-1.63494e-05,-0.353931,-0.33077,-0.536857,-1.64683e-05,0.033753,0.0683769,1,0,0
2021-03-24,-0.246882,0.208125,-0.455007,-1.08266e-05,5.49465e-06,-1.63212e-05,-0.353931,-0.358969,-0.567094,-1.73969e-05,0.0349045,0.0685207,1,0,0
2021-03-25,-0.245684,0.210913,-0.456597,-1.07941e-05,5.58716e-06,-1.63813e-05,-0.353931,-0.387186,-0.598099,-1.83514e-05,0.0464941,0.067652,1,0,0
2021-03-26,-0.241911,0.212029,-0.45394,-1.06796e-05,5.67392e-06,-1.63535e-05,-0.353931,-0.392831,-0.60486,-1.89955e-05,0.0438403,0.0676088,1,0,0
2021-03-30,-0.245111,0.204449,-0.44956,-1.08662e-05,5.51927e-06,-1.63854e-05,-0.353931,-0.387917,-0.592366,-1.83355e-05,0.0513866,0.0662864,1,0,0
2021-03-31,-0.636489,0.197755,-0.834243,-3.00425e-05,5.40325e-06,-3.54457e-05,-0.181982,-0.0591041,-0.256859,-7.93478e-06,0.0521898,0.0663549,1,0,0
2021-04-01,-0.629859,0.194304,-0.824163,-2.97251e-05,5.33149e-06,-3.50566e-05,-0.181982,-0.0685812,-0.262885,-8.24066e-06,0.0573674,0.0658269,1,0,0
2021-04-06,-0.626722,0.195896,-0.822618,-2.96263e-05,5.38907e-06,-3.50153e-05,-0.181982,-0.0531352,-0.249031,-7.60055e-06,0.0448835,0.0657758,1,0,0
2021-04-07,-0.627971,0.186787,-0.814758,-2.97595e-05,5.17891e-06,-3.49384e-05,-0.181982,-0.128064,-0.314851,-1.09612e-05,0.0409585,0.0658172,1,0,0
2021-04-08,-0.628381,0.183716,-0.812097,-2.98097e-05,5.09241e-06,-3.49021e-05,-0.181982,-0.134583,-0.318299,-1.13055e-05,0.0405593,0.0656273,1,0,0
2021-04-09,-0.627389,0.185234,-0.812623,-2.979e-05,5.14032e-06,-3.49303e-05,-0.181982,-0.130592,-0.315826,-1.11619e-05,0.0321698,0.066928,1,0,0
2021-04-13,-0.62761,0.185553,-0.813164,-2.98083e-05,5.14728e-06,-3.49555e-05,-0.181982,-0.123865,-0.309419,-1.08389e-05,0.0316864,0.0669157,1,0,0
2021-04-14,-0.629471,0.181818,-0.811289,-2.97645e-05,5.05959e-06,-3.48241e-05,-0.181982,-0.12738,-0.309198,-1.08175e-05,0.0232225,0.0655795,0,0,0
2021-04-15,-0.624463,0.185673,-0.810136,-2.96881e-05,5.21388e-06,-3.4902e-05,-0.181982,-0.137523,-0.323196,-1.15513e-05,0.0182976,0.0656164,0,0,0
2021-04-16,-0.624241,0.185923,-0.810164,-2.96364e-05,5.22074e-06,-3.48572e-05,-0.181982,-0.13121,-0.317133,-1.12304e-05,0.0154322,0.0655711,0,0,0
2021-04-20,-0.626361,0.180556,-0.806918,-2.97581e-05,5.06747e-06,-3.48256e-05,-0.181982,-0.129611,-0.310167,-1.10111e-05,0.0249494,0.065556,0,0,0
2021-04-21,-0.623961,0.181779,-0.80574,-2.95958e-05,5.1092e-06,-3.4705e-05,-0.181982,-0.13645,-0.318229,-1.1278e-05,0.0185763,0.0648577,0,0,0
2021-04-22,-0.621723,0.184623,-0.806346,-2.95504e-05,5.21581e-06,-3.47662e-05,-0.181982,-0.164616,-0.34924,-1.25269e-05,0.00662075,0.0625899,0,0,0
2021-04-27,-0.612255,0.191156,-0.803412,-2.92243e-05,5.44989e-06,-3.46742e-05,-0.181982,-0.157393,-0.348549,-1.23858e-05,0.00761472,0.0626049,0,0,0
2021-04-28,-0.613334,0.186328,-0.799661,-2.93565e-05,5.3323e-06,-3.46888e-05,-0.181982,-0.167022,-0.35335,-1.29135e-05,0.0111833,0.0633319,0,0,0
2021-04-29,-0.61179,0.18761,-0.7994,-2.92012e-05,5.3675e-06,-3.45687e-05,-0.181982,-0.15448,-0.342091,-1.2314e-05,0.0107243,0.0632989,0,0,0
2021-04-30,0.106172,0.182887,-0.0767149,3.946e-06,5.25354e-06,-1.30755e-06,0.109023,0.273838,0.0909519,4.41465e-06,0.00384065,0.0627218,0,0,2
2021-05-04,0.106689,0.185399,-0.0787092,3.97272e-06,5.35209e-06,-1.37937e-06,0.109023,0.289336,0.103937,4.4304e-06,-0.00521772,0.0622501,0,0,2
2021-05-05,0.108039,0.186572,-0.0785325,4.04627e-06,5.4341e-06,-1.38783e-06,0.109023,0.31578,0.129208,4.95975e-06,-0.0134978,0.0617185,0,0,2
2021-05-06,0.103926,0.179916,-0.0759909,3.90934e-06,5.27372e-06,-1.36437e-06,0.109023,0.349211,0.169295,6.09099e-06,-0.0147861,0.0622337,0,0,2
2021-05-07,0.0956756,0.16836,-0.0726843,3.62089e-06,4.96263e-06,-1.34175e-06,0.109023,0.35823,0.18987,6.96359e-06,-0.0178444,0.0621534,0,0,2
2021-05-11,0.0911882,0.165351,-0.0741632,3.43384e-06,4.85428e-06,-1.42044e-06,0.109023,0.350922,0.18557,6.70853e-06,-0.018982,0.0620036,0,0,2
2021-05-12,0.0927211,0.16859,-0.0758685,3.49581e-06,4.96385e-06,-1.46804e-06,0.109023,0.348842,0.180253,6.56655e-06,-0.0142336,0.0622674,0,0,2
2021-05-13,0.0940047,0.168365,-0.0743604,3.53993e-06,4.95879e-06,-1.41886e-06,0.109023,0.318272,0.149906,4.91857e-06,-0.00483987,0.0565543,0,0,2
2021-05-14,0.107409,0.181061,-0.0736519,4.13187e-06,5.47294e-06,-1.34107e-06,0.109023,0.325692,0.14463,4.69385e-06,-7.10458e-05,0.0564536,0,0,2
2021-05-18,0.111033,0.180685,-0.0696517,4.27879e-06,5.45834e-06,-1.17955e-06,0.109023,0.329924,0.149239,4.83284e-06,-0.00501124,0.0561634,0,0,2
2021-05-19,0.10846,0.178115,-0.0696552,4.18671e-06,5.39509e-06,-1.20838e-06,0.109023,0.306974,0.128859,4.00961e-06,-0.00331071,0.0544642,0,0,2
2021-05-20,0.112851,0.18016,-0.0673085,4.38091e-06,5.47192e-06,-1.09101e-06,0.109023,0.330209,0.15005,4.95213e-06,-0.000924651,0.0549926,0,0,2
2021-05-21,0.113182,0.178308,-0.0651264,4.38724e-06,5.40835e-06,-1.02111e-06,0.109023,0.320122,0.141813,4.93701e-06,0.00378595,0.0569121,0,0,2
2021-05-25,0.109325,0.173934,-0.0646097,4.21906e-06,5.24784e-06,-1.02879e-06,0.109023,0.308843,0.134909,4.69938e-06,0.00684727,0.0563544,0,0,2
2021-05-26,0.113203,0.17785,-0.0646465,4.37041e-06,5.35621e-06,-9.85805e-07,0.109023,0.304694,0.126844,4.37706e-06,0.0126119,0.0558753,0,0,2
2021-05-27,0.11381,0.177012,-0.0632025,4.39902e-06,5.33086e-06,-9.31843e-07,0.109023,0.244996,0.0679837,1.93091e-06,-0.00147303,0.0495839,0,0,2
2021-05-28,0.460408,0.194367,0.266041,1.77221e-05,5.94732e-06,1.17748e-05,0.585591,0.142177,-0.0521894,-2.68305e-06,0.00161502,0.051547,0,0,3
2021-06-02,0.465032,0.191501,0.273532,1.78486e-05,5.83878e-06,1.20098e-05,0.585591,0.133532,-0.0579685,-2.77152e-06,0.00575498,0.0518906,0,0,3
2021-06-03,0.465331,0.1931,0.272231,1.78874e-05,5.88466e-06,1.20027e-05,0.585591,0.177275,-0.0158244,-1.63918e-06,0.00413752,0.052801,0,0,3
2021-06-04,0.464495,0.19285,0.271645,1.78693e-05,5.8886e-06,1.19807e-05,0.585591,0.249599,0.0567495,8.75469e-07,-0.000687622,0.052818,0,0,3
2021-06-08,0.462405,0.18992,0.272485,1.77877e-05,5.80785e-06,1.19798e-05,0.585591,0.257561,0.0676411,1.26395e-06,-0.00272499,0.0531118,0,0,3
2021-06-09,0.462692,0.190496,0.272196,1.77812e-05,5.82499e-06,1.19562e-05,0.585591,0.268202,0.0777063,1.64836e-06,0.00424178,0.0530996,0,0,3
2021-06-10,0.462482,0.191563,0.270919,1.77641e-05,5.8537e-06,1.19104e-05,0.585591,0.263952,0.0723889,1.47233e-06,0.0126708,0.0526172,0,0,3
2021-06-11,0.463472,0.192276,0.271196,1.78205e-05,5.88191e-06,1.19386e-05,0.585591,0.26112,0.0688439,1.27746e-06,0.0232945,0.0517611,0,0,3
2021-06-15,0.464049,0.194062,0.269987,1.78798e-05,5.94058e-06,1.19392e-05,0.585591,0.26812,0.0740578,1.4854e-06,0.0220701,0.0523368,0,0,3
2021-06-16,0.462568,0.194124,0.268443,1.78032e-05,5.94217e-06,1.1861e-05,0.585591,0.256397,0.0622723,1.23947e-06,0.0241479,0.0526766,0,0,3
2021-06-17,0.46398,0.194157,0.269823,1.785e-05,5.94323e-06,1.19068e-05,0.585591,0.318166,0.124009,2.44425e-06,0.0172522,0.0523243,0,0,3
2021-06-18,0.454191,0.182198,0.271993,1.76186e-05,5.65622e-06,1.19624e-05,0.585591,0.338354,0.156156,3.4796e-06,0.00941093,0.0519344,0,0,3
2021-06-22,0.454967,0.18632,0.268647,1.76808e-05,5.79978e-06,1.1881e-05,0.585591,0.33721,0.15089,3.2302e-06,0.0145618,0.0513921,0,0,3
2021-06-23,0.453952,0.188485,0.265467,1.76483e-05,5.87194e-06,1.17764e-05,0.585591,0.336274,0.147789,3.14136e-06,0.0133324,0.0514454,0,0,3
2021-06-24,0.45333,0.1888,0.26453,1.76105e-05,5.87877e-06,1.17318e-05,0.585591,0.30959,0.12079,2.68133e-06,0.0144145,0.0532607,0,0,3
2021-06-25,0.463502,0.187441,0.276061,1.78688e-05,5.8323e-06,1.20365e-05,0.585591,0.300288,0.112847,2.37618e-06,0.014346,0.0516617,0,0,3
2021-06-29,0.451821,0.20991,0.241911,1.70491e-05,6.45259e-06,1.05965e-05,0.585591,0.299347,0.0894368,1.69691e-06,0.0117968,0.0515781,0,0,3
2021-06-30,0.399133,0.210928,0.188204,1.774e-05,6.43037e-06,1.13096e-05,0.446256,0.212804,0.00187526,-1.23266e-06,0.0108715,0.0516228,0,0,3
2021-07-01,0.401112,0.211119,0.189994,1.78246e-05,6.44024e-06,1.13843e-05,0.446256,0.213489,0.00236998,-1.23392e-06,0.013576,0.0529292,0,0,3
2021-07-02,0.40135,0.209692,0.191658,1.78274e-05,6.38743e-06,1.144e-05,0.446256,0.21213,0.00243776,-1.22268e-06,0.0125707,0.0531647,0,0,3
2021-07-07,0.401406,0.208367,0.193039,1.76888e-05,6.33626e-06,1.13525e-05,0.446256,0.205718,-0.00264858,-1.20193e-06,0.0170612,0.0532071,0,0,3
2021-07-08,0.390541,0.197426,0.193115,1.68962e-05,5.92023e-06,1.0976e-05,0.446256,0.207337,0.00991088,-7.71414e-07,0.0151157,0.053359,0,0,3
2021-07-09,0.391086,0.197291,0.193795,1.6855e-05,5.92076e-06,1.09343e-05,0.446256,0.211126,0.0138348,-6.55288e-07,0.0153103,0.0537903,0,0,3
2021-07-13,0.410304,0.197802,0.212501,1.74437e-05,5.93479e-06,1.15089e-05,0.446256,0.219662,0.0218593,-4.21921e-07,0.0128894,0.0538794,0,0,3
2021-07-14,0.412772,0.21097,0.201802,1.73694e-05,6.26305e-06,1.11063e-05,0.446256,0.223814,0.0128437,-6.36414e-07,0.0112625,0.0532538,0,0,3
2021-07-15,0.403409,0.206495,0.196914,1.67034e-05,6.08358e-06,1.06198e-05,0.446256,0.244863,0.0383687,1.75309e-07,0.01076,0.0553641,0,0,3
2021-07-16,0.365338,0.194541,0.170797,1.42455e-05,5.65283e-06,8.59264e-06,0.446256,0.223179,0.0286384,4.10939e-08,0.0085449,0.0544288,0,0,3
2021-07-20,0.33194,0.177634,0.154305,1.23074e-05,5.06097e-06,7.24641e-06,0.446256,0.233267,0.0556326,7.79463e-07,0.00779177,0.0539777,0,0,3
2021-07-21,0.318751,0.174305,0.144446,1.15494e-05,4.98368e-06,6.56575e-06,0.446256,0.232541,0.058236,6.72378e-07,0.00207762,0.0526229,0,0,3
2021-07-22,0.329211,0.176275,0.152935,1.18666e-05,5.07699e-06,6.78958e-06,0.446256,0.254447,0.0781718,1.60307e-06,-0.000253208,0.0535874,0,0,3
2021-07-23,0.334112,0.173469,0.160642,1.19883e-05,5.01193e-06,6.97635e-06,0.446256,0.238772,0.0653021,1.347e-06,-0.00144727,0.053588,0,0,3
2021-07-27,0.330737,0.173187,0.15755,1.17008e-05,4.99737e-06,6.70338e-06,0.446256,0.24616,0.0729729,1.47572e-06,0.00610204,0.0532852,0,0,3
2021-07-28,0.338473,0.170934,0.167539,1.19061e-05,4.9383e-06,6.96785e-06,0.446256,0.266888,0.0959535,2.2186e-06,0.00551377,0.054314,0,0,3
2021-07-29,0.338543,0.176426,0.162116,1.19202e-05,5.07954e-06,6.84071e-06,0.446256,0.268303,0.0918767,2.15441e-06,0.00633047,0.0543799,0,0,3
2021-07-30,0.0119551,0.172715,-0.16076,4.52739e-07,4.86784e-06,-4.41511e-06,0.202494,0.0300223,-0.142693,-3.9524e-06,0.00309087,0.0556418,0,0,1
2021-08-03,-0.000223992,0.160479,-0.160703,-8.57311e-09,4.55304e-06,-4.56161e-06,0.202494,0.0295414,-0.130938,-3.65259e-06,0.00495486,0.0560962,0,0,1
2021-08-04,-0.0150475,0.157369,-0.172416,-5.64877e-07,4.43639e-06,-5.00126e-06,0.202494,-0.00345536,-0.160824,-4.54331e-06,0.00749087,0.055752,0,0,1
2021-08-05,-0.0127295,0.161569,-0.174299,-4.78995e-07,4.5667e-06,-5.0457e-06,0.202494,0.00296457,-0.158605,-4.47465e-06,0.0109742,0.0557476,0,0,1
2021-08-06,-0.0273608,0.15945,-0.186811,-1.01499e-06,4.49844e-06,-5.51344e-06,0.202494,-0.001167,-0.160617,-4.53458e-06,0.0157808,0.0555603,0,0,1
2021-08-10,-0.0421572,0.1524,-0.194558,-1.54211e-06,4.26434e-06,-5.80646e-06,0.202494,0.0467456,-0.105655,-2.87915e-06,0.016793,0.0557216,0,0,1
2021-08-11,-0.0445455,0.141045,-0.18559,-1.63265e-06,3.98288e-06,-5.61554e-06,0.202494,0.0370024,-0.104043,-2.87353e-06,0.0142027,0.0556958,0,0,1
2021-08-12,-0.0510072,0.140015,-0.191023,-1.85927e-06,3.95538e-06,-5.81465e-06,0.202494,0.035841,-0.104174,-2.88937e-06,0.0106575,0.0553935,0,0,1
2021-08-13,-0.0529469,0.140663,-0.19361,-1.91575e-06,3.9841e-06,-5.89984e-06,0.202494,0.0542001,-0.0864628,-2.40192e-06,0.0181755,0.0553941,0,0,1
2021-08-17,-0.052192,0.127604,-0.179796,-1.88428e-06,3.59443e-06,-5.47871e-06,0.202494,0.0514924,-0.0761113,-2.09155e-06,0.0219791,0.0553432,0,0,1
2021-08-18,-0.13076,0.12218,-0.25294,-4.41528e-06,3.44432e-06,-7.85961e-06,0.202494,0.0505391,-0.0716407,-1.96388e-06,0.029204,0.0555861,1,0,1
2021-08-19,-0.123509,0.120169,-0.243678,-4.13826e-06,3.37529e-06,-7.51355e-06,0.202494,0.0703984,-0.0497705,-1.32459e-06,0.0359326,0.0545993,1,0,1
2021-08-20,-0.127621,0.112275,-0.239896,-4.32591e-06,3.18916e-06,-7.51507e-06,0.202494,0.0602074,-0.0520678,-1.41944e-06,0.0405878,0.054728,1,0,1
2021-08-24,-0.143704,0.106161,-0.249865,-4.82441e-06,3.01713e-06,-7.84153e-06,0.202494,0.0679633,-0.0381974,-1.03554e-06,0.0359169,0.0550525,1,0,1
2021-08-25,-0.158415,0.0775461,-0.235961,-5.234e-06,2.14545e-06,-7.37945e-06,0.202494,0.0592572,-0.0182889,-4.22235e-07,0.0315261,0.0545686,1,0,1
2021-08-27,-0.159053,0.0737999,-0.232853,-5.22579e-06,2.03436e-06,-7.26016e-06,0.202494,0.069113,-0.00468685,-1.78651e-08,0.0306164,0.0546001,1,0,1
2021-08-31,0.00812643,0.0690702,-0.0609437,2.4187e-07,1.89698e-06,-1.65511e-06,0.323686,-0.112301,-0.181371,-4.72766e-06,0.031341,0.0540458,1,0,2
2021-09-01,-0.0190017,0.0703014,-0.0893032,-5.50834e-07,1.93359e-06,-2.48443e-06,0.323686,-0.131212,-0.201513,-5.31316e-06,0.0289201,0.0544118,1,0,1
2021-09-02,-0.020241,0.0700903,-0.0903313,-5.87391e-07,1.92796e-06,-2.51535e-06,0.323686,-0.145004,-0.215094,-5.6339e-06,0.0260154,0.0537928,1,0,1
2021-09-03,-0.0170324,0.0762397,-0.0932721,-4.95168e-07,2.09678e-06,-2.59195e-06,0.323686,-0.13404,-0.21028,-5.58473e-06,0.0332137,0.053688,1,0,1
2021-09-08,-0.00634364,0.0712613,-0.0776049,-1.82655e-07,1.94932e-06,-2.13198e-06,0.323686,-0.123431,-0.194692,-5.19731e-06,0.0292823,0.0535863,1,0,2
2021-09-09,-0.00558502,0.0690718,-0.0746569,-1.60283e-07,1.88319e-06,-2.04348e-06,0.323686,-0.1407,-0.209772,-5.56762e-06,0.0330669,0.0528293,1,0,2
2021-09-10,-0.00394429,0.0706271,-0.0745713,-1.13257e-07,1.92807e-06,-2.04133e-06,0.323686,-0.165242,-0.235869,-6.39099e-06,0.0252199,0.0534449,0,0,2
2021-09-14,-0.00548955,0.0713912,-0.0768808,-1.5781e-07,1.94772e-06,-2.10553e-06,0.323686,-0.2198,-0.291191,-8.19065e-06,0.0300814,0.0534801,1,0,2
2021-09-15,-0.00275483,0.0718788,-0.0746336,-7.92129e-08,1.96067e-06,-2.03989e-06,0.323686,-0.203697,-0.275576,-7.59576e-06,0.0247716,0.0533482,0,0,2
2021-09-16,-0.0118322,0.0613701,-0.0732022,-3.41372e-07,1.68416e-06,-2.02554e-06,0.323686,-0.238856,-0.300226,-8.01146e-06,0.0142115,0.0530634,0,0,2
2021-09-17,-0.00678541,0.0671305,-0.0739159,-1.96869e-07,1.86452e-06,-2.06139e-06,0.323686,-0.229326,-0.296457,-7.80627e-06,0.018237,0.0530154,0,0,2
2021-09-21,-0.012338,0.0636294,-0.0759674,-3.57387e-07,1.77759e-06,-2.13497e-06,0.323686,-0.229431,-0.293061,-7.72252e-06,0.0232937,0.0529644,0,0,2
2021-09-22,-0.0169477,0.0654683,-0.082416,-4.89337e-07,1.82373e-06,-2.31307e-06,0.323686,-0.21913,-0.284599,-7.44192e-06,0.0220056,0.0530738,0,0,2
2021-09-23,-0.0200042,0.0625733,-0.0825775,-5.78609e-07,1.74769e-06,-2.3263e-06,0.323686,-0.23549,-0.298064,-7.56831e-06,0.0126618,0.0515441,0,0,2
2021-09-28,-0.024573,0.0643521,-0.0889252,-7.0943e-07,1.80945e-06,-2.51888e-06,0.323686,-0.255537,-0.319889,-8.05293e-06,0.0046849,0.0503784,0,0,1
2021-09-29,-0.0199201,0.066609,-0.0865291,-5.76236e-07,1.87912e-06,-2.45535e-06,0.323686,-0.273825,-0.340434,-8.28653e-06,0.00096665,0.0490931,0,0,1
2021-09-30,-0.135058,0.0642048,-0.199263,-3.8665e-06,1.82258e-06,-5.68908e-06,0.297559,-0.346788,-0.410993,-9.6538e-06,0.000598122,0.0493267,0,0,1
2021-10-05,-0.169378,0.0710251,-0.240403,-4.7263e-06,2.00435e-06,-6.73065e-06,0.297559,-0.3561,-0.427125,-1.01175e-05,-0.0100118,0.0486152,0,0,1
2021-10-06,-0.168093,0.0713733,-0.239466,-4.68923e-06,2.00811e-06,-6.69734e-06,0.297559,-0.340053,-0.411426,-9.58517e-06,-0.00859037,0.0486055,0,0,1
2021-10-07,-0.174895,0.0668071,-0.241702,-4.89086e-06,1.88549e-06,-6.77635e-06,0.297559,-0.340994,-0.407801,-9.49405e-06,-0.0123691,0.0485751,0,0,1
2021-10-08,-0.191259,0.0664436,-0.257702,-5.25352e-06,1.87251e-06,-7.12603e-06,0.297559,-0.357799,-0.424242,-1.00892e-05,-0.0101622,0.0486185,0,0,1
2021-10-12,-0.191722,0.0652013,-0.256923,-5.26261e-06,1.83511e-06,-7.09771e-06,0.297559,-0.374467,-0.439668,-1.04764e-05,-0.0120491,0.0483443,0,0,1
2021-10-13,-0.190157,0.0674784,-0.257635,-5.22398e-06,1.90004e-06,-7.12401e-06,0.297559,-0.361773,-0.429252,-9.98495e-06,-0.00841596,0.0494007,0,0,1
2021-10-14,-0.19383,0.0615341,-0.255364,-5.36469e-06,1.7405e-06,-7.1052e-06,0.297559,-0.372161,-0.433695,-1.01708e-05,-0.0113607,0.0497833,0,0,1
2021-10-15,-0.194818,0.0615599,-0.256378,-5.38439e-06,1.74029e-06,-7.12468e-06,0.297559,-0.394372,-0.455932,-1.06911e-05,-0.00932323,0.0489171,0,0,1
2021-10-19,-0.192287,0.0613783,-0.253665,-5.32592e-06,1.73481e-06,-7.06073e-06,0.297559,-0.387836,-0.449215,-1.05416e-05,-0.00892379,0.0489803,0,0,1
2021-10-20,-0.195007,0.0609418,-0.255949,-5.39054e-06,1.72304e-06,-7.11359e-06,0.297559,-0.382677,-0.443619,-1.04182e-05,-0.0140597,0.0489938,0,0,1
2021-10-21,-0.196353,0.0557157,-0.252068,-5.42273e-06,1.57009e-06,-6.99282e-06,0.297559,-0.433729,-0.489444,-1.13222e-05,-0.0108532,0.0480224,0,0,1
2021-10-22,-0.189457,0.0556621,-0.245119,-5.26714e-06,1.56923e-06,-6.83637e-06,0.297559,-0.430275,-0.485938,-1.12191e-05,-0.0174099,0.0483476,0,0,1
2021-10-26,-0.189905,0.0550435,-0.244948,-5.23192e-06,1.55321e-06,-6.78513e-06,0.297559,-0.513783,-0.568827,-1.52737e-05,-0.0159965,0.0485587,0,0,1
2021-10-27,-0.186646,0.0323026,-0.218949,-5.1248e-06,8.90201e-07,-6.015e-06,0.297559,-0.560766,-0.593068,-1.80387e-05,-0.0114792,0.0514234,0,0,1
2021-10-28,-0.18647,0.0313695,-0.21784,-5.11223e-06,8.61581e-07,-5.97381e-06,0.297559,-0.580595,-0.611964,-1.82286e-05,-0.015398,0.0494897,0,0,1
2021-10-29,0.138548,0.0357036,0.102845,3.15683e-06,9.89049e-07,2.16778e-06,0.491733,-0.268231,-0.303935,-8.01049e-06,-0.0189857,0.0488974,0,0,2
2021-11-02,0.138821,0.0367878,0.102033,3.16363e-06,1.01901e-06,2.14463e-06,0.491733,-0.225431,-0.262219,-7.05682e-06,-0.0197776,0.0491184,0,0,2
2021-11-03,0.135333,0.0406074,0.0947259,3.09577e-06,1.12071e-06,1.97506e-06,0.491733,-0.228365,-0.268972,-7.42901e-06,-0.01777,0.0491143,0,0,2
2021-11-04,0.137415,0.0411682,0.0962466,3.13338e-06,1.13646e-06,1.99693e-06,0.491733,-0.238164,-0.279332,-8.04113e-06,-0.0145054,0.0498349,0,0,2
2021-11-05,0.138899,0.0430075,0.0958918,3.16786e-06,1.18568e-06,1.98218e-06,0.491733,-0.242029,-0.285037,-8.18995e-06,-0.0195797,0.0496758,0,0,2
2021-11-09,0.134685,0.0380632,0.0966214,3.08391e-06,1.05434e-06,2.02957e-06,0.491733,-0.219955,-0.258018,-7.52291e-06,-0.0200032,0.0507992,0,0,2
2021-11-10,0.134987,0.0389,0.0960872,3.09035e-06,1.07297e-06,2.01739e-06,0.491733,-0.229526,-0.268426,-7.65648e-06,-0.0104752,0.0495375,0,0,2
2021-11-11,0.139006,0.0448844,0.0941221,3.21194e-06,1.24476e-06,1.96719e-06,0.491733,-0.232407,-0.277292,-8.10221e-06,-0.0148365,0.049528,0,0,2
2021-11-12,0.135469,0.0420594,0.0934096,3.13132e-06,1.16694e-06,1.96438e-06,0.491733,-0.236194,-0.278253,-8.14408e-06,-0.014481,0.0503018,0,0,2
2021-11-16,0.136627,0.0560923,0.0805344,3.16381e-06,1.53817e-06,1.62564e-06,0.491733,-0.223373,-0.279466,-8.28543e-06,-0.0153859,0.0524061,0,0,2
2021-11-17,0.138653,0.0529701,0.0856826,3.18189e-06,1.43785e-06,1.74404e-06,0.491733,-0.243103,-0.296073,-8.66982e-06,-0.0112665,0.0515047,0,0,2
2021-11-18,0.141063,0.0561882,0.0848745,3.24912e-06,1.53306e-06,1.71606e-06,0.491733,-0.242876,-0.299064,-8.76675e-06,-0.00870081,0.0514914,0,0,2
2021-11-19,0.140786,0.0565441,0.0842421,3.23937e-06,1.54229e-06,1.69708e-06,0.491733,-0.237577,-0.294121,-8.76265e-06,-0.00921911,0.0526347,0,0,2
2021-11-23,0.141482,0.0566366,0.0848456,3.25479e-06,1.54515e-06,1.70965e-06,0.491733,-0.251046,-0.307683,-9.07664e-06,-0.0128704,0.0527189,0,0,2
2021-11-24,0.14492,0.0661479,0.0787721,3.36209e-06,1.80487e-06,1.55721e-06,0.491733,-0.263399,-0.329547,-9.83804e-06,-0.0128457,0.0531167,0,0,2
2021-11-30,-0.077902,0.0609774,-0.138879,-1.59268e-06,1.6558e-06,-3.24847e-06,0.220812,-0.450233,-0.51121,-1.73412e-05,-0.00675795,0.0536951,0,0,1
2021-12-01,-0.0825507,0.0564539,-0.139005,-1.71812e-06,1.55085e-06,-3.26896e-06,0.220812,-0.458317,-0.51477,-1.74501e-05,0.00099134,0.054657,0,0,1
2021-12-02,-0.080044,0.0592363,-0.13928,-1.66508e-06,1.62888e-06,-3.29396e-06,0.220812,-0.466144,-0.525381,-1.80221e-05,0.00255597,0.0545847,0,0,1
2021-12-03,-0.0783939,0.0613131,-0.139707,-1.63683e-06,1.69669e-06,-3.33352e-06,0.220812,-0.465496,-0.526809,-1.80946e-05,-0.00102771,0.0548136,0,0,1
2021-12-07,-0.0748291,0.071852,-0.146681,-1.55317e-06,1.93001e-06,-3.48317e-06,0.220812,-0.447832,-0.519684,-1.79278e-05,-0.0101522,0.0552352,0,0,1
2021-12-08,-0.0749768,0.0796981,-0.154675,-1.53321e-06,2.12536e-06,-3.65857e-06,0.220812,-0.450282,-0.52998,-1.81886e-05,-0.0104888,0.0549318,0,0,1
2021-12-09,-0.0750871,0.0789742,-0.154061,-1.5355e-06,2.10523e-06,-3.64073e-06,0.220812,-0.453046,-0.53202,-1.8349e-05,-0.0100765,0.0564109,0,0,1
2021-12-10,-0.0762579,0.0637341,-0.139992,-1.55359e-06,1.67056e-06,-3.22415e-06,0.220812,-0.464261,-0.527995,-1.85528e-05,-0.0101102,0.0573278,0,0,1
2021-12-14,-0.0809794,0.0634364,-0.144416,-1.64537e-06,1.66508e-06,-3.31045e-06,0.220812,-0.463163,-0.526599,-1.84854e-05,-0.00598779,0.0577712,0,0,1
2021-12-15,-0.0803899,0.0652242,-0.145614,-1.63151e-06,1.70854e-06,-3.34005e-06,0.220812,-0.451206,-0.51643,-1.78452e-05,-0.00658288,0.0577753,0,0,1
2021-12-17,-0.0873196,0.0602045,-0.147524,-1.78386e-06,1.58245e-06,-3.36631e-06,0.220812,-0.426602,-0.486806,-1.74234e-05,-0.00711208,0.0594318,0,0,1
2021-12-21,-0.086466,0.0612637,-0.14773,-1.76715e-06,1.60501e-06,-3.37217e-06,0.220812,-0.406689,-0.467952,-1.67589e-05,-0.0116688,0.0595134,0,0,1
2021-12-22,-0.0907908,0.0577207,-0.148512,-1.86413e-06,1.51726e-06,-3.3814e-06,0.220812,-0.403945,-0.461666,-1.66487e-05,-0.0149845,0.0593046,0,0,1
2021-12-23,-0.0903638,0.0502453,-0.140609,-1.85978e-06,1.31392e-06,-3.1737e-06,0.220812,-0.416576,-0.466821,-1.68485e-05,-0.0118165,0.0600335,0,0,1
2021-12-28,-0.0865184,0.056599,-0.143117,-1.78504e-06,1.4788e-06,-3.26384e-06,0.220812,-0.415375,-0.471974,-1.67931e-05,-0.0101124,0.0598852,0,0,1
2021-12-29,-0.0900825,0.0563728,-0.146455,-1.86927e-06,1.47541e-06,-3.34468e-06,0.220812,-0.415073,-0.471446,-1.67854e-05,-0.013304,0.0604402,0,0,1
2021-12-30,-0.0128585,0.0568255,-0.069684,-2.55889e-07,1.48561e-06,-1.7415e-06,0.254167,-0.321267,-0.378092,-1.25166e-05,-0.0132516,0.0611519,0,0,2
2022-01-04,-0.0121737,0.0558166,-0.0679902,-2.41761e-07,1.45353e-06,-1.69529e-06,0.254167,-0.30582,-0.361637,-1.18738e-05,-0.0115427,0.0609646,0,0,2
2022-01-05,-0.0152965,0.0520388,-0.0673353,-3.04851e-07,1.36045e-06,-1.66531e-06,0.254167,-0.306097,-0.358136,-1.1756e-05,-0.014118,0.0612319,0,0,2
2022-01-06,-0.0148747,0.0519866,-0.0668613,-2.9696e-07,1.36019e-06,-1.65715e-06,0.254167,-0.285733,-0.33772,-1.10785e-05,-0.0158613,0.0615435,0,0,2
2022-01-07,-0.0177192,0.0481567,-0.0658759,-3.55225e-07,1.26204e-06,-1.61726e-06,0.254167,-0.285752,-0.333909,-1.09495e-05,-0.0168689,0.0620953,0,0,2
2022-01-11,-0.0215128,0.0471202,-0.068633,-4.30528e-07,1.23572e-06,-1.66625e-06,0.254167,-0.284298,-0.331418,-1.08559e-05,-0.0184658,0.0621127,0,0,2
2022-01-12,-0.0278515,0.0416347,-0.0694862,-5.56006e-07,1.08882e-06,-1.64483e-06,0.254167,-0.293192,-0.334827,-1.10633e-05,-0.0198842,0.0648446,0,0,2
2022-01-13,-0.0239476,0.0457452,-0.0696928,-4.79852e-07,1.19687e-06,-1.67672e-06,0.254167,-0.263792,-0.309538,-1.02764e-05,-0.0134644,0.0644959,0,0,2
2022-01-19,-0.0248318,0.0394248,-0.0642566,-4.99998e-07,1.02308e-06,-1.52307e-06,0.254167,-0.250914,-0.290339,-9.50322e-06,-0.0129691,0.0649135,0,0,2
2022-01-20,-0.032446,0.0323839,-0.0648299,-6.58386e-07,8.47798e-07,-1.50618e-06,0.254167,-0.286761,-0.319145,-1.02641e-05,0.0027528,0.0630408,0,0,2
2022-01-21,-0.0217231,0.035767,-0.0574901,-4.43327e-07,9.38483e-07,-1.38181e-06,0.254167,-0.297717,-0.333484,-1.08529e-05,0.00131609,0.0657198,0,0,2
2022-01-25,-0.0216575,0.0352875,-0.0569449,-4.42459e-07,9.23006e-07,-1.36547e-06,0.254167,-0.297944,-0.333231,-1.08477e-05,-0.00104664,0.0658185,0,0,2
2022-01-26,-0.0228612,0.0347699,-0.057631,-4.669e-07,9.09607e-07,-1.37651e-06,0.254167,-0.297517,-0.332287,-1.08534e-05,0.00274625,0.0658404,0,0,2
2022-01-27,-0.0225894,0.0354742,-0.0580635,-4.61689e-07,9.28494e-07,-1.39018e-06,0.254167,-0.298444,-0.333919,-1.07027e-05,-0.000921425,0.0657375,0,0,2
2022-01-28,0.063773,0.0298007,0.0339723,9.13384e-07,7.85039e-07,1.28345e-07,-0.14683,0.175663,0.145862,3.15166e-06,-0.00608233,0.0657509,0,0,2
2022-02-01,0.0669798,0.0292355,0.0377442,9.55696e-07,7.67933e-07,1.87763e-07,-0.14683,0.190127,0.160892,3.60161e-06,-0.00522923,0.0660607,0,0,2
2022-02-02,0.0558067,0.0286011,0.0272056,7.93868e-07,7.53517e-07,4.03511e-08,-0.14683,0.182147,0.153546,3.36809e-06,0.00356379,0.0656115,0,0,2
2022-02-03,0.0594471,0.0226962,0.0367509,8.49623e-07,5.94643e-07,2.54979e-07,-0.14683,0.192979,0.170282,3.89985e-06,0.000558942,0.0679813,0,0,2
2022-02-04,0.061678,0.0153791,0.0462989,8.80219e-07,3.99908e-07,4.80311e-07,-0.14683,0.202189,0.18681,4.38281e-06,0.000709663,0.0681786,0,0,2
2022-02-08,0.0617272,0.0159065,0.0458206,8.81452e-07,4.13614e-07,4.67838e-07,-0.14683,0.20552,0.189613,4.47678e-06,0.00686349,0.0683591,0,0,2
2022-02-09,0.060278,0.0160007,0.0442773,8.63381e-07,4.13499e-07,4.49882e-07,-0.14683,0.242433,0.226432,5.16915e-06,0.0162167,0.0685531,0,0,2
2022-02-10,0.0494845,0.00722792,0.0422566,7.16515e-07,1.87088e-07,5.29426e-07,-0.14683,0.232543,0.225315,5.20922e-06,0.0179237,0.0685428,0,0,2
2022-02-11,0.0475334,0.00632232,0.0412111,6.88881e-07,1.6383e-07,5.25051e-07,-0.14683,0.233248,0.226926,5.25417e-06,0.0134327,0.069314,0,0,2
2022-02-15,0.0534761,0.00346185,0.0500142,7.7987e-07,8.94405e-08,6.90429e-07,-0.14683,0.2194,0.215938,4.93938e-06,0.0120371,0.0687844,0,0,2
2022-02-16,0.0585229,0.00746838,0.0510545,8.55265e-07,1.93503e-07,6.61762e-07,-0.14683,0.235762,0.228294,5.32697e-06,0.0175999,0.0693534,0,0,2
2022-02-17,0.0590117,0.00775665,0.0512551,8.6185e-07,1.99949e-07,6.61901e-07,-0.14683,0.231986,0.224229,5.28268e-06,0.0162207,0.0701086,0,0,2
2022-02-18,0.0589458,0.00815637,0.0507894,8.61671e-07,2.10117e-07,6.51554e-07,-0.14683,0.23454,0.226384,5.34406e-06,0.0241217,0.0701102,0,0,2
2022-02-23,0.0461025,0.00650272,0.0395998,6.68065e-07,1.6769e-07,5.00375e-07,-0.14683,0.246279,0.239776,5.75718e-06,0.0150152,0.0710073,0,0,2
2022-02-24,0.0461176,0.00741871,0.0386989,6.68154e-07,1.91473e-07,4.76681e-07,-0.14683,0.24846,0.241041,5.72888e-06,0.00723525,0.0710823,0,0,2
2022-02-25,0.658733,0.0055498,0.653183,1.45272e-05,1.43407e-07,1.43838e-05,0.318211,0.590232,0.584682,1.51963e-05,0.0125417,0.0707879,0,0,4
2022-03-01,0.654222,-0.00255526,0.656777,1.44738e-05,-6.52781e-08,1.45391e-05,0.318211,0.582836,0.585392,1.47955e-05,0.000200892,0.0689891,0,0,4
2022-03-02,0.658879,0.0067226,0.652156,1.45944e-05,1.73371e-07,1.4421e-05,0.318211,0.596991,0.590268,1.505e-05,-0.000224983,0.069671,0,0,4
2022-03-03,0.655868,0.00599613,0.649872,1.45095e-05,1.54752e-07,1.43548e-05,0.318211,0.655009,0.649013,1.64431e-05,0.00798153,0.0700958,0,0,4
2022-03-04,0.642374,0.00808186,0.634292,1.43605e-05,2.08737e-07,1.41517e-05,0.318211,0.626863,0.618781,1.59423e-05,0.0114697,0.0704735,0,0,4
2022-03-08,0.641152,0.00866893,0.632483,1.42973e-05,2.23886e-07,1.40734e-05,0.318211,0.643339,0.63467,1.61905e-05,0.0143426,0.0706983,0,0,4
2022-03-09,0.632715,0.0139268,0.618788,1.40578e-05,3.5788e-07,1.36999e-05,0.318211,0.633892,0.619965,1.57637e-05,0.0202271,0.0700566,0,0,4
2022-03-10,0.631774,0.0170394,0.614735,1.41165e-05,4.4004e-07,1.36765e-05,0.318211,0.64324,0.626201,1.59605e-05,0.0152163,0.0720752,0,0,4
2022-03-11,0.624903,0.0222887,0.602614,1.40391e-05,5.73374e-07,1.34658e-05,0.318211,0.666706,0.644418,1.76685e-05,0.0119096,0.072584,0,0,4
2022-03-15,0.626382,0.0263787,0.600003,1.41184e-05,6.803e-07,1.34381e-05,0.318211,0.702664,0.676286,2.0841e-05,0.0152368,0.0789103,0,0,4
2022-03-16,0.627959,0.0336633,0.594296,1.41843e-05,8.66067e-07,1.33182e-05,0.318211,0.713135,0.679472,2.0957e-05,0.00981803,0.0790193,0,0,4
2022-03-17,0.624446,0.03122,0.593226,1.40948e-05,8.03641e-07,1.32911e-05,0.318211,0.706018,0.674798,2.08365e-05,0.00695208,0.0794691,0,0,4
2022-03-18,0.629412,0.0330269,0.596385,1.42128e-05,8.51947e-07,1.33608e-05,0.318211,0.714063,0.681036,2.16535e-05,0.0037897,0.0787785,0,0,4
2022-03-22,0.63097,0.0408083,0.590162,1.43005e-05,1.0601e-06,1.32404e-05,0.318211,0.71999,0.679181,2.17655e-05,0.00792969,0.0792679,0,0,4
2022-03-23,0.632086,0.0399249,0.592161,1.4301e-05,1.03702e-06,1.3264e-05,0.318211,0.712352,0.672427,2.19381e-05,0.00538108,0.0792772,0,0,4
2022-03-24,0.630484,0.0393657,0.591118,1.41361e-05,1.02142e-06,1.31147e-05,0.318211,0.716049,0.676683,2.25945e-05,0.00779078,0.0789964,0,0,4
2022-03-25,0.635938,0.0429344,0.593004,1.43316e-05,1.11679e-06,1.32148e-05,0.318211,0.720258,0.677323,2.31601e-05,0.00542259,0.0780124,0,0,4
2022-03-29,0.637665,0.0492804,0.588385,1.44123e-05,1.2871e-06,1.31252e-05,0.318211,0.72061,0.671329,2.31744e-05,0.00478463,0.0780524,0,0,4
2022-03-30,0.627938,0.046596,0.581342,1.3826e-05,1.21366e-06,1.26123e-05,0.318211,0.710888,0.664292,2.25626e-05,-0.00267256,0.0777855,0,0,4
2022-03-31,-0.0255634,0.0523548,-0.0779182,-8.05113e-07,1.37156e-06,-2.17668e-06,-0.455432,0.00739848,-0.0449563,-1.07287e-06,0.0138035,0.0767349,0,0,2
2022-04-01,-0.019613,0.0547767,-0.0743898,-6.22232e-07,1.43874e-06,-2.06098e-06,-0.455432,-0.00725238,-0.0620291,-1.73201e-06,0.0200763,0.0762314,0,0,2
2022-04-05,-0.0184896,0.0563567,-0.0748463,-5.8826e-07,1.48727e-06,-2.07553e-06,-0.455432,-0.0109012,-0.0672579,-1.92863e-06,0.0230392,0.0761955,0,0,2
2022-04-06,-0.0191966,0.0572605,-0.0764571,-6.10288e-07,1.51161e-06,-2.1219e-06,-0.455432,-0.0178928,-0.0751533,-2.23526e-06,0.0279095,0.0758109,1,0,2
2022-04-07,-0.018409,0.0580134,-0.0764223,-5.79895e-07,1.53503e-06,-2.11492e-06,-0.455432,-0.0392248,-0.0972382,-3.15658e-06,0.01811,0.0765354,0,0,2
2022-04-08,-0.0181095,0.0571161,-0.0752256,-5.70115e-07,1.50439e-06,-2.07451e-06,-0.455432,-0.0484506,-0.105567,-3.51462e-06,0.0139171,0.0757684,0,0,2
2022-04-12,-0.0153364,0.0603658,-0.0757023,-4.84437e-07,1.59737e-06,-2.08181e-06,-0.455432,-0.0490019,-0.109368,-3.62643e-06,0.00647662,0.0751302,0,0,2
2022-04-13,-0.0140491,0.0659882,-0.0800373,-4.44574e-07,1.74762e-06,-2.19219e-06,-0.455432,-0.0658171,-0.131805,-4.49448e-06,-0.000708548,0.0748846,0,0,2
2022-04-14,-0.0135053,0.0667298,-0.0802351,-4.28121e-07,1.77089e-06,-2.19901e-06,-0.455432,-0.0510065,-0.117736,-3.92947e-06,-0.000427583,0.075685,0,0,2
2022-04-19,-0.0131703,0.0687832,-0.0819534,-4.17331e-07,1.82048e-06,-2.23781e-06,-0.455432,-0.0399347,-0.108718,-3.47759e-06,0.012082,0.0740214,0,0,2
2022-04-20,-0.0148212,0.0638785,-0.0786997,-4.75187e-07,1.719e-06,-2.19418e-06,-0.455432,-0.0350871,-0.0989656,-3.15937e-06,0.0119392,0.0742536,0,0,2
2022-04-21,-0.0228706,0.0585486,-0.0814192,-7.36821e-07,1.58502e-06,-2.32185e-06,-0.455432,-0.03399,-0.0925386,-2.9816e-06,0.00376932,0.0742339,0,0,2
2022-04-22,-0.0229866,0.0584233,-0.0814099,-7.4071e-07,1.58175e-06,-2.32246e-06,-0.455432,-0.0454053,-0.103829,-3.42706e-06,0.00741663,0.0730835,0,0,2
2022-04-26,-0.0218083,0.0656148,-0.087423,-7.05305e-07,1.77279e-06,-2.4781e-06,-0.455432,-0.0386323,-0.104247,-3.36816e-06,0.00858719,0.0736372,0,0,1
2022-04-27,-0.0219323,0.066803,-0.0887353,-7.0789e-07,1.80459e-06,-2.51248e-06,-0.455432,-0.0397424,-0.106545,-3.44402e-06,0.0080269,0.0732496,0,0,1
2022-04-28,-0.0197303,0.0631915,-0.0829218,-6.36968e-07,1.69866e-06,-2.33562e-06,-0.455432,-0.0535016,-0.116693,-3.89661e-06,0.0023169,0.0727256,0,0,2
2022-04-29,0.420079,0.0741386,0.345941,1.13652e-05,1.97472e-06,9.39049e-06,-0.0783574,0.410702,0.336564,1.44181e-05,0.0116647,0.0730298,0,0,4
2022-05-03,0.422799,0.075989,0.34681,1.14171e-05,2.01965e-06,9.39749e-06,-0.0783574,0.410635,0.334646,1.44765e-05,0.0177835,0.072869,0,0,4
2022-05-04,0.423593,0.0770805,0.346512,1.14541e-05,2.05021e-06,9.40391e-06,-0.0783574,0.426315,0.349235,1.48321e-05,0.00977216,0.0725306,0,0,4
2022-05-05,0.416258,0.0631714,0.353086,1.1252e-05,1.66989e-06,9.58211e-06,-0.0783574,0.44623,0.383058,1.59944e-05,0.00870231,0.0719069,0,0,4
2022-05-10,0.414942,0.0641069,0.350835,1.12841e-05,1.70603e-06,9.5781e-06,-0.0783574,0.442853,0.378746,1.58616e-05,0.0116673,0.0733808,0,0,4
2022-05-11,0.41047,0.0600618,0.350408,1.10793e-05,1.59105e-06,9.48825e-06,-0.0783574,0.429856,0.369794,1.52762e-05,-0.00439919,0.0711986,0,0,4
2022-05-12,0.419297,0.0754698,0.343827,1.14166e-05,2.0229e-06,9.39372e-06,-0.0783574,0.426647,0.351177,1.47274e-05,-0.00242262,0.0711591,0,0,3
2022-05-13,0.418188,0.0755372,0.342651,1.13958e-05,2.02097e-06,9.37478e-06,-0.0783574,0.436708,0.361171,1.53606e-05,-0.00774879,0.0704864,0,0,3
2022-05-17,0.417012,0.0729234,0.344088,1.1361e-05,1.944e-06,9.41696e-06,-0.0783574,0.45391,0.380987,1.61201e-05,-0.00952549,0.0710004,0,0,4
2022-05-18,0.412428,0.0731669,0.339261,1.12711e-05,1.94969e-06,9.32143e-06,-0.0783574,0.441162,0.367995,1.5283e-05,0.00485534,0.0684473,0,0,3
2022-05-19,0.417718,0.0844597,0.333258,1.15303e-05,2.27987e-06,9.25045e-06,-0.0783574,0.425649,0.341189,1.46125e-05,0.00763234,0.0683764,0,0,3
2022-05-20,0.417482,0.080726,0.336756,1.15243e-05,2.16915e-06,9.35517e-06,-0.0783574,0.430512,0.349786,1.50907e-05,0.00612198,0.0688511,0,0,3
2022-05-24,0.414959,0.0830756,0.331884,1.13662e-05,2.22851e-06,9.1377e-06,-0.0783574,0.43036,0.347285,1.50298e-05,0.0128812,0.0686668,0,0,3
2022-05-25,0.41615,0.0863347,0.329815,1.1409e-05,2.31758e-06,9.09147e-06,-0.0783574,0.432498,0.346163,1.50153e-05,0.00928747,0.068686,0,0,3
2022-05-26,0.416875,0.0857835,0.331091,1.13862e-05,2.30031e-06,9.08587e-06,-0.0783574,0.427721,0.341938,1.46779e-05,0.0137525,0.0680559,0,0,3
2022-05-27,0.489793,0.0846996,0.405093,9.3352e-06,2.2698e-06,7.0654e-06,0.519638,0.467918,0.383219,7.87769e-06,0.0189286,0.0680897,0,0,4
2022-06-01,0.489614,0.084252,0.405362,9.33509e-06,2.25646e-06,7.07864e-06,0.519638,0.402333,0.318081,6.15209e-06,0.012033,0.0658725,0,0,4
2022-06-02,0.488795,0.101005,0.387789,9.27713e-06,2.72179e-06,6.55535e-06,0.519638,0.426876,0.32587,6.43383e-06,0.0176075,0.0662141,0,0,4
2022-06-03,0.488602,0.103794,0.384807,9.28224e-06,2.792e-06,6.49024e-06,0.519638,0.442341,0.338546,6.69744e-06,0.00868992,0.0661024,0,0,4
2022-06-07,0.485536,0.104723,0.380813,9.24831e-06,2.82356e-06,6.42475e-06,0.519638,0.433251,0.328528,6.40786e-06,0.0101467,0.0657905,0,0,4
2022-06-08,0.484947,0.106578,0.378369,9.20506e-06,2.87636e-06,6.3287e-06,0.519638,0.440467,0.33389,6.63612e-06,0.00680611,0.0660316,0,0,4
2022-06-09,0.483008,0.102569,0.380439,9.11585e-06,2.75429e-06,6.36156e-06,0.519638,0.414981,0.312412,5.93338e-06,-0.000992686,0.0644532,0,0,4
2022-06-10,0.477225,0.10653,0.370695,8.88817e-06,2.87371e-06,6.01445e-06,0.519638,0.419366,0.312836,5.99029e-06,-0.00850329,0.064742,0,0,4
2022-06-14,0.476529,0.107018,0.369511,8.85288e-06,2.88842e-06,5.96446e-06,0.519638,0.415349,0.308332,5.81577e-06,-0.00361315,0.0644815,0,0,4
2022-06-15,0.473373,0.101988,0.371386,8.76782e-06,2.72905e-06,6.03877e-06,0.519638,0.392553,0.290565,5.37351e-06,0.00599425,0.063617,0,0,4
2022-06-16,0.476781,0.111391,0.36539,8.86791e-06,2.98138e-06,5.88652e-06,0.519638,0.40888,0.297488,5.33492e-06,0.00961487,0.0634987,0,0,4
2022-06-17,0.467337,0.113309,0.354028,8.50083e-06,2.97349e-06,5.52734e-06,0.519638,0.388252,0.274943,4.78054e-06,0.0145994,0.0628547,0,0,4
2022-06-22,0.467187,0.116145,0.351042,8.60275e-06,3.06493e-06,5.53782e-06,0.519638,0.383837,0.267692,4.55284e-06,0.0144209,0.0625398,0,0,4
2022-06-23,0.470206,0.121846,0.34836,8.66437e-06,3.20736e-06,5.45701e-06,0.519638,0.395891,0.274045,4.64475e-06,0.0131641,0.0625461,0,0,4
2022-06-24,0.459253,0.130473,0.32878,8.39684e-06,3.392e-06,5.00484e-06,0.519638,0.400508,0.270035,4.5893e-06,0.0168137,0.0627532,0,0,3
2022-06-28,0.456808,0.127927,0.328881,8.33605e-06,3.3201e-06,5.01595e-06,0.519638,0.394087,0.26616,4.53619e-06,0.0068246,0.0620091,0,0,3
2022-06-29,0.461843,0.130805,0.331038,8.41499e-06,3.40517e-06,5.00983e-06,0.519638,0.409238,0.278433,4.92145e-06,0.0046688,0.0612885,0,0,3
2022-06-30,0.553028,0.132555,0.420473,1.24557e-05,3.4576e-06,8.99809e-06,0.197781,0.54624,0.413685,1.0862e-05,0.00974655,0.0610662,0,0,4
2022-07-01,0.558377,0.135766,0.422611,1.25689e-05,3.52597e-06,9.0429e-06,0.197781,0.544609,0.408843,1.09883e-05,0.00821736,0.0609782,0,0,4
2022-07-06,0.559164,0.136534,0.422631,1.26008e-05,3.54997e-06,9.05083e-06,0.197781,0.565913,0.42938,1.15148e-05,0.0167419,0.0607923,0,0,4
2022-07-07,0.554486,0.13361,0.420876,1.25617e-05,3.48665e-06,9.07505e-06,0.197781,0.541574,0.407964,1.01524e-05,0.00826399,0.05776,0,0,4
2022-07-08,0.560677,0.144257,0.416419,1.28814e-05,3.81767e-06,9.06377e-06,0.197781,0.530597,0.38634,9.32041e-06,-0.00130429,0.0561776,0,0,4
2022-07-12,0.550937,0.152293,0.398644,1.23721e-05,4.00408e-06,8.36797e-06,0.197781,0.446582,0.294289,5.34817e-06,0.0143869,0.0470372,0,0,4
2022-07-13,0.568553,0.183051,0.385502,1.33334e-05,4.98775e-06,8.34563e-06,0.197781,0.440435,0.257383,4.35512e-06,0.0101273,0.0470953,0,0,4
2022-07-14,0.567907,0.180121,0.387786,1.33397e-05,4.89981e-06,8.43984e-06,0.197781,0.446069,0.265948,4.66712e-06,0.0211341,0.0460353,0,0,4
2022-07-15,0.570532,0.182037,0.388495,1.3479e-05,4.95438e-06,8.52466e-06,0.197781,0.44135,0.259313,4.37844e-06,0.0167377,0.045198,0,0,4
2022-07-19,0.56641,0.180877,0.385533,1.33431e-05,4.90483e-06,8.43822e-06,0.197781,0.429331,0.248453,4.07433e-06,0.0207026,0.0454905,0,0,4
2022-07-20,0.564729,0.189944,0.374785,1.33198e-05,5.13276e-06,8.18701e-06,0.197781,0.441405,0.251461,4.31957e-06,0.0258131,0.0463556,1,0,4
2022-07-21,0.568431,0.195954,0.372477,1.3375e-05,5.23263e-06,8.14238e-06,0.197781,0.44315,0.247196,4.23471e-06,0.0280538,0.0455938,1,0,4
2022-07-22,0.574219,0.200617,0.373602,1.34441e-05,5.35687e-06,8.08721e-06,0.197781,0.446082,0.245465,4.21384e-06,0.0281907,0.0457943,1,0,4
2022-07-26,0.570409,0.198259,0.372151,1.32412e-05,5.27366e-06,7.96752e-06,0.197781,0.44378,0.245521,4.11039e-06,0.0254025,0.0452765,0,0,4
2022-07-27,0.569993,0.209215,0.360779,1.32649e-05,5.53041e-06,7.73452e-06,0.197781,0.433883,0.224668,3.46818e-06,0.0127201,0.0437585,0,0,4
2022-07-28,0.571486,0.213784,0.357702,1.3362e-05,5.67273e-06,7.68932e-06,0.197781,0.443178,0.229394,3.49702e-06,0.00943188,0.0437507,0,0,4
2022-07-29,0.160913,0.212183,-0.0512701,3.69738e-06,5.62632e-06,-1.92894e-06,0.57467,0.387156,0.174973,1.70245e-06,0.00636884,0.0432262,0,0,2
2022-08-02,0.158379,0.214088,-0.0557085,3.62834e-06,5.67838e-06,-2.05004e-06,0.57467,0.400566,0.186478,1.87988e-06,0.00593235,0.043218,0,0,2
2022-08-03,0.157308,0.217122,-0.0598148,3.60845e-06,5.74627e-06,-2.13781e-06,0.57467,0.397439,0.180316,1.71283e-06,0.007671,0.0428283,0,0,2
2022-08-04,0.155546,0.217578,-0.0620318,3.54187e-06,5.69937e-06,-2.1575e-06,0.57467,0.390733,0.173155,1.79537e-06,0.0123714,0.0453564,0,0,2
2022-08-05,0.154539,0.218975,-0.064436,3.52479e-06,5.77042e-06,-2.24563e-06,0.57467,0.38334,0.164364,1.64316e-06,0.0108013,0.0449827,0,0,2
2022-08-09,0.151296,0.223527,-0.0722314,3.43066e-06,5.87661e-06,-2.44595e-06,0.57467,0.386279,0.162752,1.56938e-06,0.00491834,0.0453103,0,0,2
2022-08-10,0.155318,0.221868,-0.0665495,3.50294e-06,5.82551e-06,-2.32257e-06,0.57467,0.395822,0.173954,2.01852e-06,0.00062524,0.0451364,0,0,2
2022-08-11,0.155049,0.220095,-0.0650452,3.48191e-06,5.74839e-06,-2.26649e-06,0.57467,0.386646,0.166552,1.78238e-06,-0.00591323,0.0434609,0,0,2
2022-08-12,0.163232,0.214295,-0.0510632,3.65932e-06,5.55235e-06,-1.89303e-06,0.57467,0.389502,0.175207,1.99436e-06,-0.00553407,0.0436729,0,0,2
2022-08-16,0.161808,0.219295,-0.0574875,3.62092e-06,5.65762e-06,-2.0367e-06,0.57467,0.414566,0.195271,2.21927e-06,-0.00438621,0.0440213,0,0,2
2022-08-17,0.159141,0.214775,-0.0556341,3.56596e-06,5.56217e-06,-1.99621e-06,0.57467,0.412425,0.197649,2.27904e-06,-0.00637494,0.0440738,0,0,2
2022-08-18,0.154456,0.219433,-0.0649769,3.44197e-06,5.65381e-06,-2.21183e-06,0.57467,0.429836,0.210402,2.41976e-06,-0.00923043,0.0440486,0,0,2
2022-08-19,0.151103,0.214473,-0.0633701,3.35021e-06,5.50649e-06,-2.15628e-06,0.57467,0.411249,0.196776,2.04136e-06,-0.0165963,0.0431461,0,0,2
2022-08-23,0.147508,0.218823,-0.0713147,3.2444e-06,5.56718e-06,-2.32279e-06,0.57467,0.42071,0.201887,2.20476e-06,-0.0190128,0.0444088,0,0,2
2022-08-24,0.148197,0.226796,-0.0785987,3.25458e-06,5.71728e-06,-2.4627e-06,0.57467,0.424917,0.198121,2.10132e-06,-0.0157394,0.0444711,0,0,2
2022-08-26,0.143762,0.238096,-0.0943338,3.14464e-06,5.94786e-06,-2.80323e-06,0.57467,0.448443,0.210347,1.82592e-06,-0.0213832,0.0434935,0,0,1
2022-08-30,0.133919,0.23406,-0.100141,2.9354e-06,5.88508e-06,-2.94968e-06,0.57467,0.454008,0.219948,1.98028e-06,-0.0147571,0.0435893,0,0,1
2022-08-31,-0.0182743,0.230993,-0.249267,-3.04771e-07,5.79482e-06,-6.09959e-06,0.178407,0.129957,-0.101035,-3.91255e-06,-0.0185274,0.0444528,0,0,1
2022-09-01,-0.0195472,0.231124,-0.250672,-3.26197e-07,5.79844e-06,-6.12463e-06,0.178407,0.131232,-0.099892,-3.90659e-06,-0.021289,0.0442553,0,0,1
2022-09-02,-0.0163545,0.215929,-0.232283,-2.72001e-07,5.26115e-06,-5.53315e-06,0.178407,0.0961703,-0.119758,-3.92821e-06,-0.015034,0.0429799,0,0,1
2022-09-07,-0.00504016,0.220072,-0.225112,-8.47667e-08,5.38874e-06,-5.47351e-06,0.178407,0.0568521,-0.163219,-4.59313e-06,-0.00701595,0.0424748,0,0,1
2022-09-08,0.000373126,0.224643,-0.22427,6.29443e-09,5.49896e-06,-5.49266e-06,0.178407,0.0435641,-0.181079,-4.86781e-06,-0.00773985,0.0432453,0,0,1
2022-09-09,0.000458558,0.218383,-0.217924,7.73494e-09,5.29349e-06,-5.28576e-06,0.178407,0.0310595,-0.187324,-4.83764e-06,-0.00641376,0.045844,0,0,1
2022-09-13,0.00124569,0.219348,-0.218102,2.10292e-08,5.31709e-06,-5.29606e-06,0.178407,0.00150522,-0.217842,-5.29547e-06,-0.0135103,0.044926,0,0,1
2022-09-14,0.00463391,0.221371,-0.216737,7.84453e-08,5.38321e-06,-5.30477e-06,0.178407,0.0116307,-0.20974,-5.21533e-06,-0.015115,0.0449495,0,0,1
2022-09-15,0.00388769,0.218464,-0.214576,6.57464e-08,5.29826e-06,-5.23251e-06,0.178407,0.0739568,-0.144507,-4.29466e-06,-0.0150401,0.0448421,0,0,1
2022-09-16,-0.00891563,0.20492,-0.213835,-1.52683e-07,5.00703e-06,-5.15972e-06,0.178407,0.0535605,-0.151359,-4.2918e-06,-0.0130876,0.0443545,0,0,1
2022-09-20,-0.00288507,0.184864,-0.187749,-4.95514e-08,4.40427e-06,-4.45382e-06,0.178407,0.0513437,-0.133521,-3.71845e-06,-0.0133646,0.0447167,0,0,1
2022-09-21,-0.00270497,0.185974,-0.188679,-4.64118e-08,4.43457e-06,-4.48098e-06,0.178407,0.0580457,-0.127929,-3.65342e-06,-0.0138052,0.0452889,0,0,1
2022-09-22,-0.00554803,0.185205,-0.190753,-9.4913e-08,4.409e-06,-4.50391e-06,0.178407,0.0547054,-0.1305,-3.67526e-06,-0.0135718,0.0451092,0,0,1
2022-09-27,-0.00769607,0.185352,-0.193048,-1.30952e-07,4.40395e-06,-4.5349e-06,0.178407,0.0746642,-0.110688,-3.38252e-06,-0.0100099,0.0450769,0,0,1
2022-09-28,-0.0052628,0.188702,-0.193965,-8.94459e-08,4.47337e-06,-4.56282e-06,0.178407,0.0799734,-0.108728,-3.38511e-06,-0.00783727,0.0460162,0,0,1
2022-09-29,-0.00678686,0.187132,-0.193919,-1.1552e-07,4.44682e-06,-4.56234e-06,0.178407,0.0650271,-0.122105,-3.57402e-06,-0.00701397,0.0454489,0,0,1
2022-09-30,0.0403822,0.189123,-0.148741,7.35905e-07,4.50635e-06,-3.77044e-06,0.332041,0.151122,-0.0380015,-2.21038e-06,-0.00764432,0.0456324,0,0,1
2022-10-04,0.0412494,0.188137,-0.146888,7.52935e-07,4.48014e-06,-3.72721e-06,0.332041,0.157278,-0.0308587,-2.09277e-06,-0.00311031,0.0456489,0,0,1
2022-10-05,0.0397034,0.18502,-0.145316,7.25122e-07,4.4005e-06,-3.67537e-06,0.332041,0.152724,-0.0322956,-2.04561e-06,-0.0111022,0.0461241,0,0,1
2022-10-06,0.0424661,0.186362,-0.143896,7.7453e-07,4.43918e-06,-3.66465e-06,0.332041,0.179236,-0.00712634,-1.61628e-06,-0.00573422,0.0470789,0,0,1
2022-10-07,0.0381474,0.184742,-0.146595,6.95664e-07,4.40522e-06,-3.70955e-06,0.332041,0.160387,-0.0243548,-1.94314e-06,-0.00769962,0.0462994,0,0,1
2022-10-11,0.0219136,0.202287,-0.180373,3.87897e-07,4.74473e-06,-4.35683e-06,0.332041,0.15503,-0.0472564,-2.36245e-06,-0.00734087,0.0461863,0,0,1
2022-10-12,0.0376609,0.199224,-0.161563,6.5889e-07,4.6593e-06,-4.00041e-06,0.332041,0.111314,-0.0879104,-2.87446e-06,-0.0087149,0.0461581,0,0,1
2022-10-13,0.0356927,0.198147,-0.162454,6.2352e-07,4.62413e-06,-4.00061e-06,0.332041,0.118481,-0.0796661,-2.70914e-06,-0.00699661,0.0461557,0,0,1
2022-10-14,0.0358046,0.198325,-0.16252,6.25237e-07,4.62824e-06,-4.003e-06,0.332041,0.105554,-0.092771,-2.97038e-06,-0.010721,0.0453568,0,0,1
2022-10-18,0.0366778,0.19747,-0.160792,6.43852e-07,4.63085e-06,-3.987e-06,0.332041,0.0967896,-0.10068,-3.09808e-06,-0.0111037,0.045476,0,0,1
2022-10-19,0.0434566,0.193094,-0.149637,7.56598e-07,4.49668e-06,-3.74009e-06,0.332041,0.0965952,-0.0964985,-2.96723e-06,-0.0101762,0.0458489,0,0,1
2022-10-20,0.0436384,0.191918,-0.148279,7.59221e-07,4.46158e-06,-3.70236e-06,0.332041,0.0935724,-0.0983451,-2.98584e-06,-0.00856499,0.0457485,0,0,1
2022-10-21,0.0552024,0.191503,-0.1363,9.45882e-07,4.44696e-06,-3.50108e-06,0.332041,0.096582,-0.0949209,-2.91707e-06,-0.0158886,0.0457753,0,0,1
2022-10-25,0.0527968,0.191128,-0.138331,9.04641e-07,4.44168e-06,-3.53704e-06,0.332041,0.120589,-0.0705392,-2.53148e-06,-0.0184788,0.0461381,0,0,1
2022-10-26,0.0505285,0.186446,-0.135917,8.6794e-07,4.34559e-06,-3.47765e-06,0.332041,0.105107,-0.081339,-2.6641e-06,-0.0131337,0.0475382,0,0,1
2022-10-27,0.0513804,0.186846,-0.135466,8.84197e-07,4.35994e-06,-3.47575e-06,0.332041,0.101211,-0.0856352,-2.74892e-06,-0.0112571,0.0473413,0,0,1
2022-10-28,-0.177226,0.187379,-0.364604,-3.31092e-06,4.37485e-06,-7.68577e-06,0.341856,-0.218548,-0.405927,-7.82691e-06,-0.00903172,0.0473182,0,0,1
2022-11-01,-0.184847,0.186305,-0.371152,-3.46828e-06,4.35518e-06,-7.82346e-06,0.341856,-0.241109,-0.427414,-8.24827e-06,-0.00852591,0.0473176,0,0,1
2022-11-02,-0.185823,0.186063,-0.371886,-3.48536e-06,4.35222e-06,-7.83758e-06,0.341856,-0.224987,-0.41105,-7.91474e-06,-0.014545,0.0471118,0,0,1
2022-11-03,-0.191917,0.180377,-0.372294,-3.62723e-06,4.22746e-06,-7.85469e-06,0.341856,-0.225645,-0.406022,-7.80284e-06,-0.0141254,0.0471596,0,0,1
2022-11-04,-0.193102,0.181941,-0.375043,-3.64663e-06,4.25734e-06,-7.90396e-06,0.341856,-0.228102,-0.410043,-7.82091e-06,-0.0108992,0.0469606,0,0,1
2022-11-08,-0.203317,0.176675,-0.379993,-3.84214e-06,4.13114e-06,-7.97328e-06,0.341856,-0.206696,-0.383371,-7.25477e-06,-0.0125334,0.047439,0,0,1
2022-11-09,-0.209945,0.172952,-0.382897,-3.9979e-06,4.03412e-06,-8.03202e-06,0.341856,-0.223571,-0.396523,-7.43159e-06,-0.0216243,0.0470165,0,0,1
2022-11-10,-0.20753,0.174039,-0.381569,-3.95473e-06,4.02262e-06,-7.97736e-06,0.341856,-0.249094,-0.423134,-7.70448e-06,-0.016151,0.0463325,0,0,1
2022-11-11,-0.187504,0.17617,-0.363674,-3.51611e-06,4.08266e-06,-7.59878e-06,0.341856,-0.26356,-0.43973,-7.91488e-06,-0.0241494,0.0462184,0,0,1
2022-11-15,-0.181863,0.177977,-0.35984,-3.41367e-06,4.14213e-06,-7.55581e-06,0.341856,-0.184544,-0.362521,-6.82604e-06,-0.0293591,0.0459533,1,0,1
2022-11-16,-0.186546,0.172459,-0.359005,-3.52309e-06,4.02668e-06,-7.54978e-06,0.341856,-0.17839,-0.35085,-6.66892e-06,-0.0231144,0.0457992,0,0,1
2022-11-17,-0.184875,0.173988,-0.358864,-3.49035e-06,4.05476e-06,-7.54511e-06,0.341856,-0.188999,-0.362987,-6.84366e-06,-0.0222675,0.0459995,0,0,1
2022-11-18,-0.185705,0.172928,-0.358634,-3.49977e-06,4.04318e-06,-7.54295e-06,0.341856,-0.160421,-0.333349,-6.45061e-06,-0.0210952,0.046046,0,0,1
2022-11-22,-0.189263,0.184043,-0.373306,-3.56107e-06,4.26315e-06,-7.82421e-06,0.341856,-0.151514,-0.335557,-6.56115e-06,-0.0227044,0.046179,0,0,1
2022-11-23,-0.195305,0.178911,-0.374216,-3.67655e-06,4.1622e-06,-7.83875e-06,0.341856,-0.139762,-0.318672,-6.24905e-06,-0.026668,0.0466447,1,0,1
2022-11-29,-0.196904,0.173523,-0.370427,-3.71535e-06,4.01943e-06,-7.73478e-06,0.341856,-0.137136,-0.310659,-6.0596e-06,-0.0203351,0.0470525,0,0,1
2022-11-30,0.327936,0.173974,0.153962,7.76366e-06,4.02912e-06,3.73454e-06,-0.195636,0.486699,0.312726,4.2957e-06,-0.0224746,0.0474931,0,0,3
2022-12-01,0.330458,0.169122,0.161337,7.85861e-06,3.92342e-06,3.93519e-06,-0.195636,0.449039,0.279917,3.05692e-06,-0.0132266,0.0443095,0,0,3
2022-12-02,0.330389,0.195006,0.135383,8.06712e-06,4.52237e-06,3.54476e-06,-0.195636,0.448902,0.253895,2.50853e-06,-0.0115273,0.0442209,0,0,3
2022-12-06,0.326024,0.196366,0.129658,7.92035e-06,4.55007e-06,3.37028e-06,-0.195636,0.457555,0.261189,2.5776e-06,-0.013602,0.0439818,0,0,3
2022-12-07,0.327342,0.19626,0.131082,7.95037e-06,4.54534e-06,3.40502e-06,-0.195636,0.463096,0.266836,2.63271e-06,-0.0167045,0.0447604,0,0,3
2022-12-08,0.325803,0.202384,0.12342,7.91083e-06,4.66525e-06,3.24557e-06,-0.195636,0.473087,0.270704,2.63391e-06,-0.0148508,0.0455151,0,0,3
2022-12-09,0.325137,0.204432,0.120704,7.88315e-06,4.7011e-06,3.18204e-06,-0.195636,0.478445,0.274013,2.70161e-06,-0.0180486,0.0453933,0,0,3
2022-12-13,0.324666,0.203688,0.120978,7.88568e-06,4.68958e-06,3.1961e-06,-0.195636,0.470378,0.26669,2.60891e-06,-0.0142687,0.0451598,0,0,3
2022-12-14,0.330946,0.215366,0.11558,8.00376e-06,4.90887e-06,3.09489e-06,-0.195636,0.472331,0.256965,2.51111e-06,-0.0108599,0.0455555,0,0,3
2022-12-16,0.334123,0.219904,0.114219,8.06183e-06,4.99407e-06,3.06776e-06,-0.195636,0.473637,0.253733,2.4442e-06,-0.0107694,0.0457491,0,0,2
2022-12-20,0.335857,0.222179,0.113677,8.08207e-06,5.02331e-06,3.05876e-06,-0.195636,0.448932,0.226753,1.94954e-06,-0.00428529,0.0448039,0,0,2
2022-12-21,0.337795,0.222482,0.115313,8.15365e-06,5.02525e-06,3.1284e-06,-0.195636,0.483151,0.260669,2.5711e-06,0.00278632,0.0439112,0,0,3
2022-12-22,0.338464,0.224526,0.113937,8.20638e-06,5.12442e-06,3.08195e-06,-0.195636,0.482251,0.257725,2.46206e-06,0.00662703,0.0442133,0,0,2
2022-12-23,0.341563,0.228484,0.11308,8.25574e-06,5.17997e-06,3.07577e-06,-0.195636,0.501984,0.2735,2.99864e-06,0.0050985,0.0435678,0,0,2
2022-12-28,0.344416,0.230373,0.114042,8.32918e-06,5.23587e-06,3.0933e-06,-0.195636,0.515294,0.28492,3.12223e-06,0.00939097,0.043051,0,0,2
2022-12-29,0.344666,0.226359,0.118307,8.34019e-06,5.14533e-06,3.19485e-06,-0.195636,0.503019,0.276659,3.06898e-06,0.00653683,0.0428023,0,0,3
2022-12-30,0.563111,0.227183,0.335928,1.09256e-05,5.17031e-06,5.75529e-06,0.124479,0.580254,0.353072,2.44409e-06,0.00831256,0.0433324,0,0,3
2023-01-04,0.56418,0.227272,0.336908,1.09549e-05,5.16941e-06,5.7855e-06,0.124479,0.58122,0.353948,2.46162e-06,0.00566924,0.0432164,0,0,3
2023-01-05,0.564344,0.225378,0.338966,1.09636e-05,5.11426e-06,5.8493e-06,0.124479,0.588412,0.363034,2.72016e-06,0.00759595,0.0430661,0,0,3
2023-01-06,0.563843,0.22822,0.335623,1.09498e-05,5.16842e-06,5.78134e-06,0.124479,0.584855,0.356635,2.30545e-06,0.0136939,0.0424753,0,0,3
2023-01-10,0.567699,0.228542,0.339157,1.10649e-05,5.19563e-06,5.86929e-06,0.124479,0.598972,0.37043,2.02844e-06,0.00924489,0.0405337,0,0,3
2023-01-11,0.567902,0.244679,0.323223,1.12065e-05,5.54167e-06,5.66486e-06,0.124479,0.606399,0.36172,1.70038e-06,0.013705,0.0398898,0,0,3
2023-01-12,0.566831,0.239383,0.327448,1.11841e-05,5.36022e-06,5.82386e-06,0.124479,0.612678,0.373295,2.09496e-06,0.0115719,0.0400462,0,0,3
2023-01-18,0.566831,0.244407,0.322424,1.11842e-05,5.43492e-06,5.74926e-06,0.124479,0.615773,0.371366,2.0422e-06,0.00760767,0.0402514,0,0,3
2023-01-19,0.565801,0.244606,0.321196,1.11609e-05,5.43648e-06,5.72446e-06,0.124479,0.614029,0.369423,2.03058e-06,0.000262193,0.0416049,0,0,3
2023-01-20,0.563835,0.24971,0.314126,1.11051e-05,5.529e-06,5.57607e-06,0.124479,0.618993,0.369284,2.09336e-06,0.00512721,0.0411539,0,0,3
2023-01-24,0.566597,0.249563,0.317033,1.11876e-05,5.46691e-06,5.72067e-06,0.124479,0.618753,0.36919,2.12881e-06,0.0016323,0.0411989,0,0,3
2023-01-25,0.569917,0.246974,0.322943,1.12539e-05,5.38922e-06,5.86464e-06,0.124479,0.61515,0.368176,2.24519e-06,0.0043208,0.0414506,0,0,3
2023-01-26,0.570715,0.247677,0.323038,1.12518e-05,5.33592e-06,5.91589e-06,0.124479,0.611423,0.363746,2.26037e-06,0.00329065,0.0416705,0,0,3
2023-01-27,0.577632,0.247293,0.330338,1.12403e-05,5.32453e-06,5.91574e-06,0.124479,0.617308,0.370015,2.46459e-06,-3.58842e-06,0.0419374,0,0,3
2023-01-31,0.505666,0.247593,0.258072,6.96539e-06,5.33895e-06,1.62643e-06,0.066922,0.458987,0.211394,-1.3534e-06,0.0016204,0.0426357,0,0,3
2023-02-01,0.501964,0.251532,0.250432,6.92718e-06,5.40625e-06,1.52093e-06,0.066922,0.473356,0.221824,-1.24469e-06,-0.00498664,0.0428393,0,0,3
2023-02-02,0.500398,0.251917,0.24848,6.92019e-06,5.41979e-06,1.5004e-06,0.066922,0.478431,0.226514,-1.18385e-06,-0.00520654,0.0430933,0,0,3
2023-02-03,0.499372,0.251468,0.247904,6.90958e-06,5.41344e-06,1.49613e-06,0.066922,0.448142,0.196674,-1.46982e-06,-0.00782697,0.0435693,0,0,3
2023-02-07,0.501555,0.253243,0.248312,6.93258e-06,5.46298e-06,1.46959e-06,0.066922,0.437899,0.184656,-1.86587e-06,0.00140973,0.0422977,0,0,3
2023-02-08,0.504943,0.263059,0.241884,7.04107e-06,5.66131e-06,1.37976e-06,0.066922,0.432329,0.16927,-2.0993e-06,-0.000684133,0.0422865,0,0,3
2023-02-09,0.503221,0.262517,0.240704,7.02022e-06,5.6498e-06,1.37042e-06,0.066922,0.410709,0.148191,-2.2183e-06,-0.00153266,0.04244,0,0,3
2023-02-10,0.501104,0.259854,0.24125,6.97973e-06,5.57691e-06,1.40282e-06,0.066922,0.399891,0.140037,-2.20719e-06,0.00143768,0.042438,0,0,3
2023-02-14,0.499954,0.259323,0.24063,6.96595e-06,5.56439e-06,1.40156e-06,0.066922,0.417432,0.158109,-2.08776e-06,-0.000134481,0.0424191,0,0,3
2023-02-15,0.498369,0.260988,0.237381,6.94717e-06,5.5919e-06,1.35527e-06,0.066922,0.42748,0.166492,-1.97773e-06,-0.00282984,0.0424612,0,0,3
2023-02-16,0.498055,0.256065,0.24199,6.94426e-06,5.44395e-06,1.50031e-06,0.066922,0.423517,0.167452,-1.8591e-06,-0.000988209,0.0427688,0,0,3
2023-02-17,0.490725,0.255394,0.235331,6.83026e-06,5.43324e-06,1.39702e-06,0.066922,0.413799,0.158405,-1.91448e-06,-0.000538437,0.0431657,0,0,3
2023-02-22,0.489255,0.256644,0.232611,6.77826e-06,5.46315e-06,1.31511e-06,0.066922,0.415179,0.158535,-1.8972e-06,0.00126804,0.0431265,0,0,3
2023-02-23,0.494487,0.258712,0.235775,6.82899e-06,5.48744e-06,1.34155e-06,0.066922,0.423192,0.16448,-1.91792e-06,0.00571154,0.0433818,0,0,3
2023-02-24,0.493553,0.2526,0.240954,6.82557e-06,5.31093e-06,1.51464e-06,0.066922,0.404993,0.152393,-1.99409e-06,0.00960106,0.0426796,0,0,3
2023-02-28,0.099641,0.252603,-0.152962,1.46032e-06,5.30838e-06,-3.84806e-06,0.373864,-0.00603594,-0.258639,-5.38024e-06,0.017886,0.0408713,0,0,1
2023-03-01,0.103519,0.261569,-0.15805,1.51006e-06,5.52318e-06,-4.01312e-06,0.373864,-0.00562952,-0.267198,-5.59062e-06,0.0215117,0.0410148,0,0,1
2023-03-02,0.108922,0.260725,-0.151803,1.5802e-06,5.50637e-06,-3.92618e-06,0.373864,-0.0107868,-0.271512,-5.6358e-06,0.0264582,0.0409663,1,0,1
2023-03-03,0.110693,0.259807,-0.149114,1.59508e-06,5.47953e-06,-3.88445e-06,0.373864,-0.0349111,-0.294718,-5.90805e-06,0.0260548,0.0409051,1,0,1
2023-03-07,0.108343,0.265146,-0.156803,1.56213e-06,5.55951e-06,-3.99737e-06,0.373864,0.0747327,-0.190414,-4.57642e-06,0.0311927,0.0438987,1,0,1
2023-03-08,0.105089,0.262248,-0.157159,1.51781e-06,5.50917e-06,-3.99136e-06,0.373864,0.0831868,-0.179061,-4.41606e-06,0.0275261,0.0440561,1,0,1
2023-03-09,0.117412,0.262001,-0.144589,1.67499e-06,5.41894e-06,-3.74395e-06,0.373864,0.0846713,-0.17733,-4.30452e-06,0.0283041,0.0440168,1,0,1
2023-03-10,0.117859,0.266084,-0.148225,1.68191e-06,5.49079e-06,-3.80888e-06,0.373864,0.0820496,-0.184034,-4.44692e-06,0.032714,0.0428991,1,0,1
2023-03-14,0.115962,0.262521,-0.146558,1.67162e-06,5.45124e-06,-3.77963e-06,0.373864,0.0854278,-0.177093,-4.367e-06,0.0372664,0.0430187,1,0,1
2023-03-15,0.114389,0.26097,-0.146581,1.64896e-06,5.41756e-06,-3.7686e-06,0.373864,0.0817565,-0.179214,-4.38074e-06,0.0333915,0.0429647,1,0,1
2023-03-16,0.103569,0.255157,-0.151588,1.48935e-06,5.28094e-06,-3.79159e-06,0.373864,0.0659936,-0.189163,-4.4372e-06,0.028133,0.0424764,1,0,1
2023-03-17,0.106678,0.257624,-0.150945,1.53943e-06,5.34858e-06,-3.80915e-06,0.373864,0.0671006,-0.190523,-4.48815e-06,0.0307971,0.0424202,1,0,1
2023-03-21,0.0959028,0.245164,-0.149261,1.39758e-06,5.14132e-06,-3.74374e-06,0.373864,0.0902196,-0.154945,-3.98928e-06,0.0286278,0.042483,1,0,1
2023-03-22,0.0995538,0.239596,-0.140042,1.44476e-06,4.99087e-06,-3.54611e-06,0.373864,0.0837346,-0.155861,-3.86142e-06,0.0220952,0.0422291,0,0,1
2023-03-23,0.10105,0.239483,-0.138434,1.46894e-06,4.9993e-06,-3.53036e-06,0.373864,0.0803721,-0.159111,-3.92551e-06,0.0236232,0.0419242,0,0,1
2023-03-24,0.099755,0.247023,-0.147268,1.45543e-06,5.09212e-06,-3.63669e-06,0.373864,0.083583,-0.16344,-3.97541e-06,0.026376,0.041794,1,0,1
2023-03-28,0.0991547,0.245761,-0.146606,1.44599e-06,5.06047e-06,-3.61448e-06,0.373864,0.0786667,-0.167094,-4.00654e-06,0.0279369,0.042612,1,0,1
2023-03-29,0.101596,0.247113,-0.145517,1.48352e-06,5.05404e-06,-3.57052e-06,0.373864,0.0910813,-0.156031,-3.81185e-06,0.0264065,0.0426059,1,0,1
2023-03-30,0.104453,0.248605,-0.144153,1.52412e-06,5.09266e-06,-3.56854e-06,0.373864,0.107498,-0.141107,-3.58518e-06,0.0246266,0.0423972,0,0,1
2023-03-31,0.595007,0.248582,0.346426,9.43677e-06,5.10127e-06,4.33551e-06,0.760426,0.661041,0.412459,3.59488e-06,0.0208527,0.0422452,0,0,4
2023-04-04,0.596914,0.247805,0.349109,9.51196e-06,5.08467e-06,4.42729e-06,0.760426,0.701623,0.453818,3.92348e-06,0.0191146,0.0423005,0,0,4
2023-04-05,0.58965,0.243662,0.345988,9.42548e-06,5.01631e-06,4.40917e-06,0.760426,0.701537,0.457875,3.9722e-06,0.0125346,0.0422191,0,0,4
2023-04-06,0.589137,0.245372,0.343765,9.38202e-06,5.04352e-06,4.3385e-06,0.760426,0.70936,0.463988,4.1961e-06,0.00521321,0.0419343,0,0,3
2023-04-11,0.591497,0.248238,0.343259,9.44698e-06,5.12204e-06,4.32494e-06,0.760426,0.705788,0.457549,3.95005e-06,-0.001412,0.0411919,0,0,3
2023-04-12,0.593201,0.258521,0.334681,9.49524e-06,5.32103e-06,4.17421e-06,0.760426,0.71324,0.45472,4.0251e-06,0.000498301,0.0413038,0,0,3
2023-04-13,0.592989,0.257885,0.335104,9.48676e-06,5.29861e-06,4.18814e-06,0.760426,0.719383,0.461498,4.29437e-06,-0.00514575,0.0408118,0,0,3
2023-04-14,0.593763,0.26636,0.327403,9.52128e-06,5.45894e-06,4.06234e-06,0.760426,0.723472,0.457112,4.04915e-06,0.00249803,0.0413892,0,0,3
2023-04-18,0.593177,0.269518,0.323659,9.54704e-06,5.51408e-06,4.03296e-06,0.760426,0.727556,0.458037,4.21366e-06,0.00446658,0.0412223,0,0,3
2023-04-19,0.59205,0.268077,0.323973,9.49224e-06,5.4686e-06,4.02365e-06,0.760426,0.727601,0.459524,4.25929e-06,0.00768155,0.0412492,0,0,3
2023-04-20,0.592185,0.271025,0.321159,9.49461e-06,5.50351e-06,3.99111e-06,0.760426,0.727552,0.456527,3.97954e-06,0.000550835,0.0403943,0,0,3
2023-04-21,0.594325,0.274091,0.320234,9.57855e-06,5.5937e-06,3.98485e-06,0.760426,0.730211,0.45612,3.92986e-06,0.00819382,0.0401265,0,0,3
2023-04-25,0.593515,0.275854,0.31766,9.56226e-06,5.62794e-06,3.93432e-06,0.760426,0.727689,0.451835,4.10485e-06,0.00767081,0.0403271,0,0,3
2023-04-26,0.593765,0.282558,0.311207,9.57137e-06,5.72361e-06,3.84776e-06,0.760426,0.732788,0.45023,4.16073e-06,0.0058557,0.0402841,0,0,3
2023-04-27,0.285147,0.283338,0.00180829,4.92738e-06,5.73689e-06,-8.09518e-07,0.553478,0.372335,0.0889963,-4.19397e-07,0.00641827,0.040912,0,0,2
2023-05-02,0.297812,0.287534,0.0102783,5.10715e-06,5.79584e-06,-6.88685e-07,0.553478,0.412654,0.12512,2.0216e-07,0.011033,0.0402682,0,0,2
2023-05-03,0.293317,0.288211,0.00510545,5.03219e-06,5.82979e-06,-7.97597e-07,0.553478,0.422699,0.134488,2.65962e-07,0.0126386,0.0402504,0,0,2
2023-05-04,0.289739,0.289113,0.000626411,4.96774e-06,5.8448e-06,-8.77063e-07,0.553478,0.441103,0.15199,4.39143e-07,0.0116044,0.0409765,0,0,2
2023-05-05,0.285861,0.285115,0.000746117,4.88965e-06,5.75115e-06,-8.61497e-07,0.553478,0.462734,0.177619,7.09693e-07,0.00482099,0.0401973,0,0,2
2023-05-09,0.280946,0.282882,-0.00193606,4.85225e-06,5.73955e-06,-8.87305e-07,0.553478,0.462118,0.179236,7.05884e-07,0.000202666,0.0401691,0,0,2
2023-05-10,0.279646,0.294176,-0.0145305,4.80388e-06,5.89234e-06,-1.08846e-06,0.553478,0.461852,0.167676,5.42466e-07,-0.00107056,0.0403978,0,0,2
2023-05-11,0.281083,0.287088,-0.00600497,4.81804e-06,5.68216e-06,-8.64115e-07,0.553478,0.509594,0.222505,1.67041e-06,-0.00274713,0.0402785,0,0,2
2023-05-12,0.273335,0.283187,-0.00985181,4.68443e-06,5.61281e-06,-9.28383e-07,0.553478,0.510541,0.227354,1.75959e-06,0.000152432,0.0402241,0,0,2
2023-05-16,0.273029,0.284931,-0.0119017,4.67355e-06,5.6443e-06,-9.70752e-07,0.553478,0.507977,0.223047,1.51722e-06,0.00216794,0.0387861,0,0,2
2023-05-17,0.271351,0.285902,-0.0145511,4.65353e-06,5.69121e-06,-1.03767e-06,0.553478,0.50092,0.215018,1.26783e-06,0.00733993,0.0389134,0,0,2
2023-05-18,0.278778,0.29279,-0.0140117,4.77064e-06,5.77218e-06,-1.00154e-06,0.553478,0.503883,0.211092,1.13549e-06,0.00968456,0.03864,0,0,2
2023-05-19,0.282869,0.292152,-0.00928325,4.83407e-06,5.77043e-06,-9.36354e-07,0.553478,0.484273,0.192121,9.28826e-07,0.00693048,0.0384382,0,0,2
2023-05-23,0.276848,0.295003,-0.0181549,4.68789e-06,5.80457e-06,-1.11667e-06,0.553478,0.477049,0.182046,7.663e-07,0.0175049,0.039792,0,0,2
2023-05-24,0.275334,0.293724,-0.0183903,4.65643e-06,5.76289e-06,-1.10645e-06,0.553478,0.496335,0.202611,8.68143e-07,0.0114056,0.038884,0,0,2
2023-05-25,0.276637,0.292864,-0.0162271,4.70022e-06,5.79561e-06,-1.09538e-06,0.553478,0.490249,0.197385,7.75112e-07,0.008002,0.0381444,0,0,2
2023-05-26,0.277401,0.294995,-0.0175935,4.72472e-06,5.8559e-06,-1.13118e-06,0.553478,0.479563,0.184568,5.9186e-07,0.0068987,0.0382808,0,0,2
2023-05-31,-0.0930544,0.29719,-0.390244,-1.72117e-06,5.8986e-06,-7.61977e-06,0.0816906,-0.168648,-0.465838,-8.68282e-06,0.00786818,0.0383052,0,0,1
2023-06-01,-0.0968426,0.307181,-0.404024,-1.78223e-06,6.04638e-06,-7.82861e-06,0.0816906,-0.200912,-0.508093,-9.27531e-06,0.00271244,0.0371207,0,0,1
2023-06-02,-0.0884561,0.312365,-0.400821,-1.63069e-06,6.17745e-06,-7.80814e-06,0.0816906,-0.169932,-0.482297,-8.97814e-06,0.00623268,0.0368934,0,0,1
2023-06-06,-0.0886851,0.308546,-0.397231,-1.62948e-06,6.08088e-06,-7.71036e-06,0.0816906,-0.150357,-0.458903,-8.59524e-06,0.00587224,0.0369079,0,0,1
2023-06-07,-0.0888024,0.305472,-0.394274,-1.632e-06,5.99571e-06,-7.62771e-06,0.0816906,-0.143306,-0.448777,-8.44447e-06,0.00665714,0.0381926,0,0,1
2023-06-08,-0.0888683,0.305794,-0.394662,-1.63242e-06,6.00377e-06,-7.63619e-06,0.0816906,-0.167628,-0.473422,-8.95725e-06,0.0061378,0.0391139,0,0,1
2023-06-09,-0.0888232,0.304927,-0.39375,-1.63166e-06,5.97931e-06,-7.61096e-06,0.0816906,-0.162216,-0.467142,-8.83672e-06,0.00599043,0.039086,0,0,1
2023-06-13,-0.0905865,0.304477,-0.395063,-1.66598e-06,5.97107e-06,-7.63704e-06,0.0816906,-0.152919,-0.457396,-8.64256e-06,0.00935639,0.0393785,0,0,1
2023-06-14,-0.0925375,0.300058,-0.392596,-1.70577e-06,5.89221e-06,-7.59798e-06,0.0816906,-0.14762,-0.447679,-8.4484e-06,0.00738112,0.0394162,0,0,1
2023-06-15,-0.100605,0.298531,-0.399136,-1.84736e-06,5.86478e-06,-7.71215e-06,0.0816906,-0.161347,-0.459878,-8.68343e-06,0.00873489,0.0388694,0,0,1
2023-06-16,-0.0975143,0.307638,-0.405152,-1.79577e-06,6.01062e-06,-7.80639e-06,0.0816906,-0.148927,-0.456565,-8.62403e-06,0.0107272,0.0389363,0,0,0
2023-06-21,-0.106951,0.298214,-0.405166,-1.95697e-06,5.75114e-06,-7.7081e-06,0.0816906,-0.155736,-0.45395,-8.45829e-06,0.0151266,0.0384441,0,0,0
2023-06-22,-0.122813,0.30077,-0.423583,-2.21196e-06,5.80321e-06,-8.01518e-06,0.0816906,-0.155043,-0.455813,-8.52478e-06,0.0130927,0.0392781,0,0,0
2023-06-23,-0.146842,0.31283,-0.459672,-2.57772e-06,5.97107e-06,-8.54879e-06,0.0816906,-0.167007,-0.479837,-8.86373e-06,0.0165551,0.038806,0,0,0
2023-06-27,-0.151086,0.308707,-0.459793,-2.5928e-06,5.92576e-06,-8.51856e-06,0.0816906,-0.167421,-0.476128,-8.82305e-06,0.0116039,0.0388313,0,0,0
2023-06-28,-0.166033,0.314813,-0.480845,-2.81166e-06,6.02061e-06,-8.83226e-06,0.0816906,-0.135078,-0.449891,-8.27128e-06,0.0107459,0.0402324,0,0,0
2023-06-29,-0.178514,0.301353,-0.479867,-3.0241e-06,5.77555e-06,-8.79965e-06,0.0816906,-0.0979459,-0.399299,-7.42414e-06,0.0124291,0.0408978,0,0,0
2023-06-30,-0.542471,0.303522,-0.845993,-1.14936e-05,5.7995e-06,-1.72931e-05,-0.213029,-0.513885,-0.817406,-1.48303e-05,0.00555201,0.0372394,0,0,0
2023-07-06,-0.524514,0.292471,-0.816985,-1.12628e-05,5.70387e-06,-1.69666e-05,-0.213029,-0.526646,-0.819117,-1.52204e-05,0.0117287,0.0379663,0,0,0
2023-07-07,-0.524842,0.279909,-0.804751,-1.12909e-05,5.48551e-06,-1.67764e-05,-0.213029,-0.521255,-0.801165,-1.47772e-05,0.0119383,0.0383418,0,0,0
2023-07-11,-0.527632,0.276212,-0.803844,-1.13757e-05,5.42813e-06,-1.68038e-05,-0.213029,-0.525243,-0.801455,-1.47296e-05,0.0110898,0.0382947,0,0,0
2023-07-12,-0.528368,0.272962,-0.801329,-1.13651e-05,5.34928e-06,-1.67144e-05,-0.213029,-0.457681,-0.730643,-1.24816e-05,0.00964723,0.0400188,0,0,0
2023-07-13,-0.544077,0.230974,-0.775052,-1.19412e-05,4.60635e-06,-1.65476e-05,-0.213029,-0.454901,-0.685875,-1.16895e-05,0.00992936,0.0401543,0,0,0
2023-07-14,-0.544648,0.230397,-0.775045,-1.19612e-05,4.59703e-06,-1.65582e-05,-0.213029,-0.453036,-0.683433,-1.16622e-05,0.00590849,0.0402437,0,0,0
2023-07-18,-0.543773,0.230605,-0.774378,-1.19329e-05,4.60399e-06,-1.65369e-05,-0.213029,-0.453121,-0.683726,-1.17497e-05,0.00777467,0.0403107,0,0,0
2023-07-19,-0.545014,0.224481,-0.769495,-1.19533e-05,4.45403e-06,-1.64073e-05,-0.213029,-0.457489,-0.68197,-1.17334e-05,0.012916,0.0416646,0,0,0
2023-07-20,-0.543631,0.218356,-0.761988,-1.18176e-05,4.29898e-06,-1.61166e-05,-0.213029,-0.435419,-0.653775,-1.10277e-05,0.0111087,0.0418974,0,0,0
2023-07-21,-0.548077,0.204166,-0.752243,-1.20325e-05,4.0488e-06,-1.60813e-05,-0.213029,-0.423601,-0.627767,-1.06629e-05,0.0111112,0.0418591,0,0,0
2023-07-26,-0.547904,0.197652,-0.745556,-1.20278e-05,3.88708e-06,-1.59149e-05,-0.213029,-0.438873,-0.636525,-1.07461e-05,0.0124701,0.0422415,0,0,0
2023-07-27,-0.548112,0.18709,-0.735201,-1.20893e-05,3.67175e-06,-1.5761e-05,-0.213029,-0.477259,-0.664348,-1.12063e-05,0.0182604,0.043245,0,0,0
2023-07-28,-0.501738,0.187765,-0.689503,-1.57762e-05,3.67669e-06,-1.94529e-05,-0.677558,-0.446781,-0.634546,-1.14265e-05,0.021183,0.0432741,0,0,0
2023-08-01,-0.505968,0.185331,-0.691299,-1.58673e-05,3.63661e-06,-1.95039e-05,-0.677558,-0.451741,-0.637072,-1.15662e-05,0.0218889,0.0431794,0,0,0
2023-08-02,-0.506426,0.183514,-0.68994,-1.58937e-05,3.59328e-06,-1.94869e-05,-0.677558,-0.450643,-0.634157,-1.14618e-05,0.0215697,0.0432668,0,0,0
2023-08-03,-0.508029,0.178751,-0.68678,-1.59986e-05,3.51787e-06,-1.95165e-05,-0.677558,-0.450671,-0.629423,-1.13884e-05,0.0210006,0.0432612,0,0,0
2023-08-04,-0.508014,0.176427,-0.684441,-1.59886e-05,3.4394e-06,-1.9428e-05,-0.677558,-0.401526,-0.577953,-1.07008e-05,0.0209241,0.047026,0,0,0
2023-08-08,-0.508064,0.173512,-0.681575,-1.59657e-05,3.36146e-06,-1.93272e-05,-0.677558,-0.391811,-0.565322,-1.02574e-05,0.0203693,0.0477201,0,0,0
2023-08-09,-0.507626,0.16642,-0.674045,-1.60411e-05,3.23528e-06,-1.92764e-05,-0.677558,-0.356716,-0.523136,-9.65881e-06,0.0200565,0.0483833,0,0,0
2023-08-10,-0.506647,0.165757,-0.672404,-1.59728e-05,3.22509e-06,-1.91979e-05,-0.677558,-0.359015,-0.524772,-1.01039e-05,0.016922,0.0484419,0,0,0
2023-08-11,-0.507124,0.172127,-0.679251,-1.59235e-05,3.27766e-06,-1.92012e-05,-0.677558,-0.37494,-0.547066,-1.0598e-05,0.0213272,0.0485531,0,0,0
2023-08-15,-0.507317,0.182352,-0.689669,-1.59275e-05,3.44115e-06,-1.93686e-05,-0.677558,-0.397915,-0.580267,-1.11429e-05,0.0170268,0.0475707,0,0,0
2023-08-16,-0.505262,0.18235,-0.687612,-1.59256e-05,3.47254e-06,-1.93981e-05,-0.677558,-0.398618,-0.580968,-1.11794e-05,0.016232,0.0475644,0,0,0
2023-08-17,-0.498544,0.17995,-0.678494,-1.55085e-05,3.38875e-06,-1.88973e-05,-0.677558,-0.399356,-0.579306,-1.11039e-05,0.0186407,0.047777,0,0,0
2023-08-18,-0.499566,0.17787,-0.677436,-1.55552e-05,3.35274e-06,-1.89079e-05,-0.677558,-0.400323,-0.578193,-1.11385e-05,0.0190188,0.0479145,0,0,0
2023-08-22,-0.498201,0.175661,-0.673862,-1.55345e-05,3.30396e-06,-1.88385e-05,-0.677558,-0.390851,-0.566512,-1.09694e-05,0.0206034,0.0480589,0,0,0
2023-08-23,-0.499364,0.171185,-0.670549,-1.55595e-05,3.20563e-06,-1.87651e-05,-0.677558,-0.301282,-0.472466,-8.71906e-06,0.0225105,0.0480511,0,0,0
2023-08-25,-0.505833,0.146264,-0.652097,-1.59471e-05,2.80195e-06,-1.87491e-05,-0.677558,-0.290658,-0.436922,-8.19333e-06,0.0207837,0.0481561,0,0,0
2023-08-29,-0.506202,0.143241,-0.649443,-1.59561e-05,2.74078e-06,-1.86968e-05,-0.677558,-0.311485,-0.454726,-8.38464e-06,0.0114646,0.0471555,0,0,0
2023-08-30,-0.507625,0.149728,-0.657353,-1.59907e-05,2.85376e-06,-1.88444e-05,-0.677558,-0.323583,-0.473312,-8.79789e-06,0.00893814,0.0471676,0,0,0
2023-08-31,0.253844,0.148272,0.105572,4.77228e-06,2.80925e-06,1.96303e-06,-0.321468,0.176351,0.028079,8.18571e-07,0.00859365,0.0486779,0,0,2
2023-09-01,0.25845,0.145762,0.112688,4.84933e-06,2.76785e-06,2.08148e-06,-0.321468,0.156204,0.0104424,5.67749e-07,0.00212592,0.0486245,0,0,2
2023-09-06,0.258074,0.130452,0.127622,4.81675e-06,2.43257e-06,2.38418e-06,-0.321468,0.175519,0.0450675,1.42036e-06,-0.00183308,0.0484992,0,0,3
2023-09-07,0.259368,0.13145,0.127918,4.82356e-06,2.44898e-06,2.37458e-06,-0.321468,0.175812,0.0443615,1.44338e-06,-0.00391228,0.0484489,0,0,3
2023-09-08,0.259472,0.128111,0.131361,4.8173e-06,2.37085e-06,2.44644e-06,-0.321468,0.169377,0.0412661,1.34924e-06,-0.0075008,0.0479768,0,0,3
2023-09-12,0.253602,0.135327,0.118275,4.67111e-06,2.49486e-06,2.17625e-06,-0.321468,0.172293,0.0369669,1.27619e-06,-0.00940376,0.0480064,0,0,3
2023-09-13,0.256414,0.11723,0.139185,4.70335e-06,2.12434e-06,2.57901e-06,-0.321468,0.169403,0.052173,1.61131e-06,-0.0120188,0.048514,0,0,3
2023-09-14,0.25955,0.117254,0.142297,4.75185e-06,2.12347e-06,2.62839e-06,-0.321468,0.181322,0.0640683,1.83279e-06,-0.0116284,0.0489629,0,0,3
2023-09-15,0.256609,0.11289,0.143719,4.70743e-06,2.04853e-06,2.6589e-06,-0.321468,0.189045,0.0761552,2.15934e-06,-0.0100149,0.0492645,0,0,3
2023-09-19,0.258983,0.112284,0.1467,4.75992e-06,2.03789e-06,2.72203e-06,-0.321468,0.164468,0.0521846,1.7552e-06,-0.00331521,0.0494829,0,0,3
2023-09-20,0.261922,0.113596,0.148325,4.80505e-06,2.05996e-06,2.74509e-06,-0.321468,0.1542,0.0406038,1.52403e-06,-0.00555084,0.0495699,0,0,3
2023-09-21,0.258456,0.10901,0.149446,4.74341e-06,1.96796e-06,2.77545e-06,-0.321468,0.129549,0.0205392,9.68088e-07,-0.0108751,0.0478077,0,0,3
2023-09-22,0.261763,0.115339,0.146424,4.82898e-06,2.10065e-06,2.72833e-06,-0.321468,0.138971,0.0236321,1.05965e-06,-0.0152814,0.0482658,0,0,3
2023-09-26,0.256256,0.0976596,0.158596,4.71388e-06,1.75258e-06,2.9613e-06,-0.321468,0.156731,0.0590712,1.84451e-06,-0.0126678,0.0488711,0,0,3
2023-09-27,0.252406,0.0937063,0.1587,4.65187e-06,1.68197e-06,2.96989e-06,-0.321468,0.164211,0.0705044,2.04008e-06,-0.0177287,0.050105,0,0,3
2023-09-28,0.247461,0.0929267,0.154535,4.55327e-06,1.67125e-06,2.88202e-06,-0.321468,0.156598,0.0636711,1.9066e-06,-0.0215459,0.050834,0,0,3
2023-09-29,0.102866,0.0915228,0.0113435,2.45423e-06,1.6425e-06,8.11735e-07,-0.35332,0.113042,0.0215191,7.79546e-07,-0.0220493,0.0506399,0,0,2
2023-10-03,0.10518,0.088955,0.0162245,2.50159e-06,1.60282e-06,8.98775e-07,-0.35332,0.135946,0.0469914,1.25124e-06,-0.0239041,0.0511051,0,0,2
2023-10-04,0.101111,0.0713967,0.0297141,2.4179e-06,1.28032e-06,1.13758e-06,-0.35332,0.139408,0.0680109,1.65834e-06,-0.0224275,0.0520892,0,0,2
2023-10-05,0.104399,0.0700316,0.0343679,2.48868e-06,1.25395e-06,1.23473e-06,-0.35332,0.121228,0.0511969,1.29746e-06,-0.0122374,0.0514056,0,0,2
2023-10-06,0.104165,0.07091,0.033255,2.49402e-06,1.27239e-06,1.22163e-06,-0.35332,0.119236,0.0483264,1.22313e-06,-0.0104924,0.0522815,0,0,2
2023-10-10,0.100851,0.0658236,0.0350271,2.4045e-06,1.1801e-06,1.22439e-06,-0.35332,0.109309,0.0434855,1.20898e-06,-0.01086,0.0539737,0,0,2
2023-10-11,0.100627,0.0686347,0.0319927,2.39511e-06,1.22565e-06,1.16946e-06,-0.35332,0.108364,0.0397289,1.13284e-06,-0.0127071,0.0546587,0,0,2
2023-10-12,0.0991074,0.0650773,0.0340301,2.35915e-06,1.15236e-06,1.20679e-06,-0.35332,0.127535,0.0624574,1.66069e-06,-0.00405824,0.0553657,0,0,2
2023-10-13,0.109538,0.061229,0.0483087,2.57704e-06,1.08641e-06,1.49063e-06,-0.35332,0.158834,0.0976054,2.37917e-06,-0.00505484,0.0553877,0,0,2
2023-10-17,0.0917731,0.0564591,0.035314,2.11852e-06,1.00706e-06,1.11146e-06,-0.35332,0.159926,0.103467,2.4781e-06,-0.00281003,0.0555308,0,0,2
2023-10-18,0.0930244,0.0566658,0.0363586,2.14178e-06,1.01058e-06,1.1312e-06,-0.35332,0.176752,0.120086,2.82093e-06,-0.00392011,0.0569035,0,0,2
2023-10-19,0.0907323,0.0474148,0.0433175,2.09292e-06,8.44023e-07,1.24889e-06,-0.35332,0.165252,0.117837,2.71667e-06,-0.000645815,0.0585109,0,0,2
2023-10-20,0.0905256,0.0462783,0.0442473,2.09035e-06,8.2217e-07,1.26818e-06,-0.35332,0.170648,0.124369,2.88875e-06,-0.010884,0.0585744,0,0,2
2023-10-24,0.0755867,0.0452823,0.0303044,1.71381e-06,8.012e-07,9.12607e-07,-0.35332,0.164344,0.119062,2.83205e-06,-0.0141384,0.0594189,0,0,2
2023-10-25,0.0736236,0.0438344,0.0297892,1.65908e-06,7.74347e-07,8.84729e-07,-0.35332,0.137988,0.094154,2.22013e-06,-0.0239293,0.0584586,0,0,2
2023-10-26,0.0818482,0.0544284,0.0274198,1.84822e-06,9.61423e-07,8.86797e-07,-0.35332,0.115988,0.0615597,1.58545e-06,-0.0233661,0.0591434,0,0,2
2023-10-27,0.078607,0.0378778,0.0407291,1.76587e-06,6.57071e-07,1.1088e-06,-0.35332,0.115587,0.0777089,1.90627e-06,-0.0273005,0.059175,1,0,2
2023-10-31,0.670913,0.0254847,0.645428,1.65193e-05,4.38513e-07,1.60808e-05,0.628353,0.571808,0.546323,9.71974e-06,-0.0218268,0.0589188,0,0,4
2023-11-01,0.657954,-0.0281172,0.686071,1.5841e-05,-4.58276e-07,1.62993e-05,0.628353,0.567851,0.595968,1.06205e-05,-0.0236961,0.0586668,0,0,4
2023-11-02,0.665149,-0.026699,0.691848,1.59004e-05,-4.34466e-07,1.63349e-05,0.628353,0.567103,0.593802,1.05704e-05,-0.0198645,0.0585926,0,0,4
2023-11-03,0.659644,-0.0340399,0.693684,1.54239e-05,-5.49468e-07,1.59734e-05,0.628353,0.558358,0.592398,1.02903e-05,-0.0171247,0.0574001,0,0,4
2023-11-07,0.668111,-0.0294033,0.697514,1.55577e-05,-4.73868e-07,1.60316e-05,0.628353,0.559596,0.588999,1.0264e-05,-0.0171048,0.0584358,0,0,4
2023-11-08,0.666204,-0.032324,0.698528,1.54592e-05,-5.18389e-07,1.59776e-05,0.628353,0.556556,0.58888,1.02402e-05,-0.0171056,0.0583244,0,0,4
2023-11-09,0.664389,-0.0322292,0.696618,1.54192e-05,-5.17964e-07,1.59372e-05,0.628353,0.558249,0.590478,1.02765e-05,-0.0212116,0.0587034,0,0,4
2023-11-10,0.665581,-0.0375327,0.703113,1.54219e-05,-5.99482e-07,1.60214e-05,0.628353,0.543823,0.581355,9.88055e-06,-0.0260749,0.0579191,1,0,4
2023-11-14,0.665402,-0.0319935,0.697396,1.55036e-05,-5.15057e-07,1.60187e-05,0.628353,0.486648,0.518641,9.13365e-06,-0.0234046,0.0577767,0,0,4
2023-11-15,0.660543,-0.034321,0.694864,1.50766e-05,-5.50542e-07,1.56271e-05,0.628353,0.4743,0.508621,9.01745e-06,-0.0179368,0.0577737,0,0,4
2023-11-16,0.661734,-0.0422728,0.704007,1.50718e-05,-6.71914e-07,1.57437e-05,0.628353,0.467869,0.510142,8.88629e-06,-0.018961,0.0573302,0,0,4
2023-11-17,0.653189,-0.0377589,0.690947,1.45458e-05,-6.02482e-07,1.51483e-05,0.628353,0.451159,0.488918,8.23466e-06,-0.024535,0.0559675,0,0,4
2023-11-21,0.650127,-0.0323348,0.682462,1.44941e-05,-5.2046e-07,1.50146e-05,0.628353,0.447555,0.47989,8.11895e-06,-0.0243199,0.0564359,0,0,4
2023-11-22,0.646086,-0.0300173,0.676103,1.42337e-05,-4.82792e-07,1.47165e-05,0.628353,0.455627,0.485645,8.2847e-06,-0.0263989,0.0570975,1,0,4
2023-11-28,0.649617,-0.0315121,0.681129,1.42691e-05,-5.06229e-07,1.47753e-05,0.628353,0.448655,0.480167,8.19553e-06,-0.0231984,0.0569846,0,0,4
2023-11-29,0.641741,-0.0346518,0.676393,1.37739e-05,-5.5243e-07,1.43263e-05,0.628353,0.456089,0.490741,8.46336e-06,-0.0196968,0.0573705,0,0,4
2023-11-30,0.33127,-0.0367934,0.368063,7.46607e-06,-5.85867e-07,8.05194e-06,0.0988007,0.307453,0.344247,7.45317e-06,-0.00749924,0.0544812,0,0,4
2023-12-01,0.332108,-0.0166277,0.348736,7.51195e-06,-2.703e-07,7.78225e-06,0.0988007,0.29342,0.310048,6.7101e-06,0.0008813,0.053592,0,0,4
2023-12-05,0.334012,-0.0108693,0.344881,7.58589e-06,-1.77536e-07,7.76343e-06,0.0988007,0.28485,0.295719,6.35257e-06,0.0022147,0.052909,0,0,4
2023-12-06,0.334552,-0.0139556,0.348507,7.55454e-06,-2.26844e-07,7.78139e-06,0.0988007,0.295254,0.30921,6.65042e-06,0.00614468,0.0528739,0,0,4
2023-12-07,0.33287,-0.0127545,0.345624,7.52998e-06,-2.07648e-07,7.73762e-06,0.0988007,0.283766,0.296521,6.37684e-06,0.00700328,0.0524308,0,0,4
2023-12-08,0.338671,-0.00587434,0.344545,7.6518e-06,-9.5092e-08,7.7469e-06,0.0988007,0.280145,0.28602,6.2681e-06,0.00119963,0.053042,0,0,4
2023-12-12,0.335215,-0.00673867,0.341953,7.56102e-06,-1.09369e-07,7.67039e-06,0.0988007,0.288615,0.295354,6.53423e-06,-0.00451455,0.0531977,0,0,3
2023-12-13,0.335399,-0.00351975,0.338919,7.56427e-06,-5.69439e-08,7.62122e-06,0.0988007,0.298837,0.302356,6.72894e-06,-0.000578085,0.0530674,0,0,3
2023-12-15,0.331811,-0.00883729,0.340649,7.41842e-06,-1.42254e-07,7.56067e-06,0.0988007,0.313367,0.322204,7.24192e-06,-0.00268388,0.0527499,0,0,3
2023-12-19,0.331972,-0.00548319,0.337456,7.39595e-06,-8.83097e-08,7.48426e-06,0.0988007,0.32448,0.329963,7.60373e-06,-0.0031965,0.0527754,0,0,3
2023-12-20,0.329703,-0.00362473,0.333328,7.31442e-06,-5.83692e-08,7.37279e-06,0.0988007,0.354281,0.357905,8.61064e-06,0.0017266,0.0538964,0,0,3
2023-12-21,0.329103,-0.000290914,0.329394,7.28532e-06,-4.63233e-09,7.28995e-06,0.0988007,0.372007,0.372298,9.05133e-06,0.0089922,0.0537557,0,0,3
2023-12-22,0.321161,-0.00113849,0.3223,7.08809e-06,-1.81583e-08,7.10625e-06,0.0988007,0.385796,0.386935,9.64593e-06,0.00819841,0.0537693,0,0,3
2023-12-27,0.325101,-0.00121444,0.326316,7.15265e-06,-1.93602e-08,7.17201e-06,0.0988007,0.389932,0.391147,9.81587e-06,0.0130404,0.0537951,0,0,3
2023-12-28,0.317774,-0.00116566,0.318939,6.87941e-06,-1.85609e-08,6.89797e-06,0.0988007,0.359229,0.360394,9.27143e-06,0.013711,0.0528903,0,0,3
2023-12-29,0.831027,-0.00649365,0.83752,2.67205e-05,-1.03372e-07,2.68239e-05,0.791393,0.834644,0.841138,2.57812e-05,0.0232474,0.0529674,0,0,4
2024-01-03,0.831552,-0.00460365,0.836155,2.67296e-05,-7.34279e-08,2.6803e-05,0.791393,0.8451,0.849703,2.87333e-05,0.0272939,0.058433,1,0,4
2024-01-04,0.830243,-0.00489808,0.835141,2.65629e-05,-7.81752e-08,2.66411e-05,0.791393,0.843784,0.848682,2.86559e-05,0.0302338,0.0589161,1,0,4
2024-01-09,0.827539,-0.00529629,0.832835,2.61378e-05,-8.4571e-08,2.62224e-05,0.791393,0.862769,0.868066,3.19826e-05,0.0330247,0.0594235,1,0,4
2024-01-10,0.825239,-0.012439,0.837678,2.60566e-05,-1.97967e-07,2.62546e-05,0.791393,0.864556,0.876995,3.21509e-05,0.025382,0.0595072,0,0,4
2024-01-11,0.827221,-0.0117277,0.838949,2.60936e-05,-1.8669e-07,2.62803e-05,0.791393,0.86347,0.875197,3.20627e-05,0.0302569,0.0596625,1,0,4
2024-01-12,0.826497,0.00482574,0.821671,2.58465e-05,7.58296e-08,2.57706e-05,0.791393,0.870833,0.866007,3.27069e-05,0.029038,0.0599045,1,0,4
2024-01-17,0.826766,0.00112931,0.825637,2.58731e-05,1.77319e-08,2.58554e-05,0.791393,0.870763,0.869633,3.30036e-05,0.031093,0.0616143,1,0,4
2024-01-18,0.826873,0.0025233,0.82435,2.58945e-05,3.96693e-08,2.58548e-05,0.791393,0.870237,0.867714,3.28219e-05,0.0330316,0.0614535,1,0,4
2024-01-19,0.826674,0.00399209,0.822682,2.59216e-05,6.29143e-08,2.58587e-05,0.791393,0.876191,0.872199,3.35759e-05,0.02632,0.0617384,1,0,4
2024-01-23,0.829104,0.00249015,0.826614,2.59606e-05,3.92845e-08,2.59213e-05,0.791393,0.873008,0.870518,3.39306e-05,0.0272185,0.0622505,1,0,4
2024-01-24,0.829372,0.00389714,0.825475,2.59619e-05,6.14564e-08,2.59004e-05,0.791393,0.879141,0.875244,3.40724e-05,0.0287037,0.0620001,1,0,4
2024-01-25,0.82544,0.00752998,0.81791,2.55735e-05,1.1902e-07,2.54545e-05,0.791393,0.871393,0.863863,3.38528e-05,0.0323349,0.0644444,1,0,4
2024-01-26,0.825597,0.00886828,0.816729,2.5593e-05,1.40287e-07,2.54527e-05,0.791393,0.87603,0.867161,3.46493e-05,0.0259348,0.0634278,1,0,4
2024-01-30,0.825057,0.0169939,0.808063,2.57195e-05,2.71697e-07,2.54478e-05,0.791393,0.872414,0.85542,3.39651e-05,0.0311955,0.0626006,1,0,4
2024-01-31,0.467777,0.0251295,0.442647,1.13624e-05,4.03319e-07,1.09591e-05,0.406318,0.661139,0.63601,2.20896e-05,0.0242804,0.0631855,0,0,4
2024-02-01,0.468291,0.0239278,0.444364,1.13066e-05,3.82917e-07,1.09237e-05,0.406318,0.652057,0.628129,2.21932e-05,0.0228133,0.0633135,0,0,4
2024-02-02,0.46639,0.026665,0.439725,1.12687e-05,4.26936e-07,1.08417e-05,0.406318,0.647615,0.62095,2.19904e-05,0.0148742,0.0630116,0,0,4
2024-02-06,0.466128,0.0271754,0.438953,1.12621e-05,4.3538e-07,1.08267e-05,0.406318,0.648813,0.621637,2.23646e-05,0.0176838,0.0631835,0,0,4
2024-02-07,0.467108,0.0268892,0.440219,1.12783e-05,4.2955e-07,1.08488e-05,0.406318,0.646575,0.619686,2.226e-05,0.0127002,0.0624207,0,0,4
2024-02-08,0.473648,0.0337397,0.439908,1.14542e-05,5.42622e-07,1.09116e-05,0.406318,0.645167,0.611428,2.20369e-05,0.00610938,0.0613726,0,0,4
2024-02-09,0.477071,0.043518,0.433553,1.16129e-05,7.0684e-07,1.09061e-05,0.406318,0.67097,0.627452,2.42404e-05,-0.000224118,0.0616772,0,0,4
2024-02-13,0.474628,0.047023,0.427605,1.1513e-05,7.6212e-07,1.07508e-05,0.406318,0.666037,0.619014,2.39516e-05,-0.0037269,0.0610351,0,0,4
2024-02-14,0.476321,0.0520628,0.424258,1.15907e-05,8.48594e-07,1.07421e-05,0.406318,0.67037,0.618307,2.39605e-05,-0.000781927,0.0610433,0,0,4
2024-02-15,0.477139,0.0511581,0.425981,1.15386e-05,8.34905e-07,1.07037e-05,0.406318,0.679199,0.628041,2.44342e-05,0.00168247,0.0609064,0,0,4
2024-02-16,0.473156,0.0490086,0.424148,1.1391e-05,8.0016e-07,1.05909e-05,0.406318,0.666945,0.617937,2.36859e-05,0.00882011,0.0595537,0,0,4
2024-02-21,0.474786,0.0591449,0.415641,1.14441e-05,9.73271e-07,1.04709e-05,0.406318,0.680415,0.62127,2.32366e-05,-0.00229188,0.0575868,0,0,4
2024-02-22,0.478336,0.0719207,0.406416,1.1639e-05,1.19924e-06,1.04398e-05,0.406318,0.685371,0.613451,2.34151e-05,-0.00655843,0.0575957,0,0,4
2024-02-23,0.475675,0.071536,0.404139,1.15216e-05,1.19138e-06,1.03302e-05,0.406318,0.680581,0.609045,2.32759e-05,-0.0101535,0.0565078,0,0,4
2024-02-27,0.489518,0.076195,0.413323,1.17995e-05,1.27542e-06,1.05241e-05,0.406318,0.681047,0.604852,2.31617e-05,-0.0103632,0.0564944,0,0,4
2024-02-28,0.491477,0.0765382,0.414939,1.18246e-05,1.28035e-06,1.05442e-05,0.406318,0.685393,0.608855,2.3047e-05,-0.00143848,0.0554672,0,0,4
2024-02-29,0.382067,0.0801523,0.301915,5.66233e-06,1.35507e-06,4.30726e-06,-0.0299796,0.465187,0.385035,8.38791e-06,-0.000227549,0.0564956,0,0,3
2024-03-01,0.375405,0.0891683,0.286236,5.51046e-06,1.49333e-06,4.01713e-06,-0.0299796,0.546589,0.457421,9.32755e-06,0.00709656,0.0562271,0,0,3
2024-03-05,0.345635,0.0720535,0.273581,5.16488e-06,1.23105e-06,3.93383e-06,-0.0299796,0.560271,0.488217,1.02531e-05,0.00649114,0.0561911,0,0,3
2024-03-06,0.336922,0.0759094,0.261013,4.97164e-06,1.28706e-06,3.68459e-06,-0.0299796,0.568662,0.492753,1.04837e-05,0.0066594,0.0562815,0,0,3
2024-03-07,0.336368,0.0845182,0.25185,4.95108e-06,1.41739e-06,3.53369e-06,-0.0299796,0.556025,0.471507,1.02955e-05,0.00913074,0.0564095,0,0,3
2024-03-08,0.334156,0.0825935,0.251563,4.90326e-06,1.38265e-06,3.52061e-06,-0.0299796,0.530148,0.447554,9.54964e-06,0.0168086,0.0553884,0,0,3
2024-03-12,0.34595,0.0931144,0.252836,5.09878e-06,1.55016e-06,3.54862e-06,-0.0299796,0.524694,0.43158,9.62338e-06,0.00994515,0.0553965,0,0,3
2024-03-13,0.346182,0.0907438,0.255438,5.08955e-06,1.50255e-06,3.587e-06,-0.0299796,0.528936,0.438192,9.87886e-06,0.0167908,0.055021,0,0,3
2024-03-14,0.348111,0.0999874,0.248123,5.1401e-06,1.64855e-06,3.49155e-06,-0.0299796,0.533405,0.433417,9.91085e-06,0.0154377,0.0548732,0,0,3
2024-03-15,0.349247,0.099868,0.249379,5.16109e-06,1.6472e-06,3.5139e-06,-0.0299796,0.526801,0.426933,9.8917e-06,0.0147868,0.0548785,0,0,3
2024-03-19,0.350308,0.100456,0.249852,5.16769e-06,1.65021e-06,3.51747e-06,-0.0299796,0.524158,0.423702,9.94723e-06,0.0136564,0.0549158,0,0,3
2024-03-20,0.350071,0.100774,0.249298,5.15685e-06,1.65437e-06,3.50248e-06,-0.0299796,0.521088,0.420314,9.83416e-06,0.0102717,0.0549082,0,0,3
2024-03-21,0.34898,0.109216,0.239764,5.1318e-06,1.78219e-06,3.34962e-06,-0.0299796,0.506214,0.396999,9.65068e-06,-0.00299021,0.0549516,0,0,3
2024-03-22,0.342335,0.111727,0.230608,4.97949e-06,1.81927e-06,3.16022e-06,-0.0299796,0.506279,0.394552,9.53269e-06,-0.0111215,0.0544258,0,0,3
2024-03-26,0.34085,0.116052,0.224798,4.98659e-06,1.89584e-06,3.09076e-06,-0.0299796,0.504398,0.388346,9.27628e-06,-0.0114572,0.0538767,0,0,3
2024-03-27,0.341245,0.124716,0.216529,5.01857e-06,2.03879e-06,2.97978e-06,-0.0299796,0.504416,0.3797,9.13523e-06,-0.0100988,0.0541044,0,0,3
2024-03-28,0.00842853,0.114149,-0.105721,1.79305e-07,1.81628e-06,-1.63698e-06,-0.0780751,-0.26027,-0.374419,-9.60658e-06,-0.0030913,0.0547388,0,0,1
2024-04-03,0.0100052,0.116874,-0.106868,2.1304e-07,1.86303e-06,-1.64999e-06,-0.0780751,-0.235425,-0.352299,-8.62311e-06,-0.00405538,0.0551898,0,0,1
2024-04-04,-0.0016773,0.102682,-0.104359,-3.61246e-08,1.65758e-06,-1.6937e-06,-0.0780751,-0.22479,-0.327472,-8.32199e-06,0.00219029,0.0557972,0,0,1
2024-04-05,-0.0110056,0.104186,-0.115191,-2.34436e-07,1.68084e-06,-1.91528e-06,-0.0780751,-0.214798,-0.318983,-7.93112e-06,0.00597894,0.0557775,0,0,1
2024-04-09,-0.0166772,0.0992217,-0.115899,-3.56637e-07,1.60855e-06,-1.96519e-06,-0.0780751,-0.218217,-0.317439,-7.96936e-06,-0.000105221,0.0556348,0,0,1
2024-04-10,-0.0152075,0.101118,-0.116326,-3.25651e-07,1.6413e-06,-1.96695e-06,-0.0780751,-0.218283,-0.319402,-8.01366e-06,0.00502797,0.0559399,0,0,1
2024-04-11,-0.00968422,0.0936156,-0.1033,-2.06222e-07,1.51775e-06,-1.72397e-06,-0.0780751,-0.221995,-0.315611,-7.96376e-06,0.00455914,0.0552248,0,0,1
2024-04-12,-0.00762569,0.0981698,-0.105796,-1.62671e-07,1.59929e-06,-1.76196e-06,-0.0780751,-0.246284,-0.344454,-8.94669e-06,-0.00349256,0.0553005,0,0,1
2024-04-16,-0.00419442,0.0978798,-0.102074,-8.89711e-08,1.59715e-06,-1.68612e-06,-0.0780751,-0.246442,-0.344322,-8.95876e-06,-0.00448452,0.0552993,0,0,1
2024-04-17,0.000807338,0.0927137,-0.0919064,1.70322e-08,1.50609e-06,-1.48906e-06,-0.0780751,-0.250314,-0.343028,-8.99112e-06,-0.00424016,0.0551148,0,0,1
2024-04-18,0.00404472,0.0889706,-0.0849259,8.51828e-08,1.42727e-06,-1.34208e-06,-0.0780751,-0.250335,-0.339306,-8.90648e-06,-0.0013632,0.0551515,0,0,1
2024-04-23,0.0137257,0.0894549,-0.0757292,2.8588e-07,1.4364e-06,-1.15052e-06,-0.0780751,-0.284369,-0.373824,-9.87947e-06,0.00775457,0.0539421,0,0,2
2024-04-24,0.0212856,0.0943067,-0.0730211,4.46152e-07,1.52033e-06,-1.07418e-06,-0.0780751,-0.283899,-0.378206,-9.94525e-06,0.00263069,0.0540505,0,0,2
2024-04-25,0.0237113,0.0957575,-0.0720463,4.97313e-07,1.5407e-06,-1.04338e-06,-0.0780751,-0.294722,-0.390479,-1.0443e-05,0.00439487,0.0540097,0,0,2
2024-04-26,0.0235071,0.0926108,-0.0691038,4.93175e-07,1.48589e-06,-9.92719e-07,-0.0780751,-0.268654,-0.361265,-9.82947e-06,0.00511758,0.0568987,0,0,2
2024-04-30,0.369756,0.0917445,0.278012,7.31169e-06,1.47045e-06,5.84123e-06,0.0607881,0.30553,0.213785,6.35343e-06,0.00478398,0.0572,0,0,3
2024-05-01,0.367816,0.0699614,0.297854,7.28362e-06,1.1431e-06,6.14051e-06,0.0607881,0.302314,0.232353,6.56396e-06,0.00505644,0.0567678,0,0,3
2024-05-02,0.372771,0.0763229,0.296448,7.38389e-06,1.25503e-06,6.12886e-06,0.0607881,0.226712,0.150389,3.99678e-06,0.0157523,0.0514815,0,0,3
2024-05-03,0.391933,0.102614,0.289319,7.96825e-06,1.73665e-06,6.2316e-06,0.0607881,0.212659,0.110045,3.13491e-06,0.0210503,0.0508319,0,0,3
2024-05-07,0.39635,0.0992039,0.297146,8.07207e-06,1.66416e-06,6.40791e-06,0.0607881,0.219357,0.120153,3.34031e-06,0.0170909,0.0503291,0,0,3
2024-05-08,0.396763,0.0998394,0.296924,8.11238e-06,1.67821e-06,6.43417e-06,0.0607881,0.220507,0.120667,3.3399e-06,0.0155463,0.0501597,0,0,3
2024-05-09,0.397571,0.100239,0.297332,8.12824e-06,1.6872e-06,6.44105e-06,0.0607881,0.215763,0.115524,3.19387e-06,0.0104737,0.050021,0,0,3
2024-05-10,0.397124,0.102244,0.294879,8.13255e-06,1.7268e-06,6.40575e-06,0.0607881,0.207801,0.105556,2.90313e-06,0.0121595,0.0495343,0,0,3
2024-05-14,0.396004,0.103696,0.292308,8.13957e-06,1.75914e-06,6.38043e-06,0.0607881,0.165937,0.0622414,1.81864e-06,0.00395024,0.0470706,0,0,3
2024-05-15,0.403103,0.112894,0.290209,8.38156e-06,1.93525e-06,6.44631e-06,0.0607881,0.161505,0.0486108,1.55316e-06,0.000660603,0.0468897,0,0,3
2024-05-16,0.398463,0.10881,0.289653,8.31402e-06,1.87095e-06,6.44307e-06,0.0607881,0.157131,0.048321,1.49495e-06,0.00442013,0.0466026,0,0,3
2024-05-17,0.399206,0.110271,0.288935,8.34761e-06,1.89904e-06,6.44858e-06,0.0607881,0.153765,0.0434941,1.37001e-06,0.00486658,0.0460002,0,0,3
2024-05-21,0.399688,0.113711,0.285977,8.40184e-06,1.97103e-06,6.43081e-06,0.0607881,0.165743,0.0520323,1.54846e-06,0.000689937,0.045283,0,0,3
2024-05-22,0.4015,0.112502,0.288998,8.46289e-06,1.95277e-06,6.51012e-06,0.0607881,0.124555,0.0120527,5.50261e-07,0.0110589,0.0422879,0,0,3
2024-05-23,0.40969,0.131704,0.277986,8.80051e-06,2.33618e-06,6.46433e-06,0.0607881,0.163094,0.0313903,9.1111e-07,0.013774,0.042661,0,0,3
2024-05-24,0.402327,0.124488,0.277839,8.67611e-06,2.22005e-06,6.45606e-06,0.0607881,0.176728,0.0522403,1.34552e-06,0.00924839,0.0425564,0,0,3
2024-05-29,0.402818,0.125999,0.276818,8.69069e-06,2.24981e-06,6.44088e-06,0.0607881,0.168508,0.0425084,1.12922e-06,0.00708925,0.0418801,0,0,3
2024-05-30,0.410231,0.12642,0.283811,8.81674e-06,2.25993e-06,6.55681e-06,0.0607881,0.16573,0.0393101,1.04497e-06,0.00271568,0.0412901,0,0,3
2024-05-31,-0.332785,0.124395,-0.45718,-7.73582e-06,2.21271e-06,-9.94852e-06,-0.49657,-0.41986,-0.544255,-1.0674e-05,0.00276835,0.0422789,0,0,0
2024-06-04,-0.3312,0.123135,-0.454335,-7.70631e-06,2.19524e-06,-9.90155e-06,-0.49657,-0.413649,-0.536784,-1.04877e-05,-0.00100658,0.0432404,0,0,0
2024-06-05,-0.330564,0.122085,-0.452649,-7.70464e-06,2.18485e-06,-9.88949e-06,-0.49657,-0.41544,-0.537525,-1.05294e-05,-0.00166863,0.0438145,0,0,0
2024-06-06,-0.333397,0.121971,-0.455368,-7.75056e-06,2.18301e-06,-9.93357e-06,-0.49657,-0.409178,-0.531149,-1.04267e-05,-0.000905469,0.0437312,0,0,0
2024-06-07,-0.333088,0.123165,-0.456253,-7.75064e-06,2.20457e-06,-9.95522e-06,-0.49657,-0.426596,-0.54976,-1.05476e-05,0.0022577,0.043568,0,0,0
2024-06-11,-0.329122,0.124085,-0.453207,-7.71546e-06,2.24163e-06,-9.95709e-06,-0.49657,-0.431311,-0.555396,-1.07356e-05,0.00528497,0.0442183,0,0,0
2024-06-12,-0.332299,0.127627,-0.459927,-7.77057e-06,2.29929e-06,-1.00699e-05,-0.49657,-0.438749,-0.566376,-1.10377e-05,0.00512779,0.044206,0,0,0
2024-06-13,-0.333013,0.12657,-0.459582,-7.77878e-06,2.27855e-06,-1.00573e-05,-0.49657,-0.40704,-0.53361,-1.0024e-05,0.00717414,0.0443476,0,0,0
2024-06-14,-0.341204,0.108994,-0.450198,-8.05794e-06,1.99232e-06,-1.00503e-05,-0.49657,-0.406447,-0.51544,-9.74265e-06,0.00405069,0.0444157,0,0,0
2024-06-18,-0.339696,0.109753,-0.44945,-7.97764e-06,2.00125e-06,-9.9789e-06,-0.49657,-0.40475,-0.514503,-9.71249e-06,0.000134744,0.0448913,0,0,0
2024-06-21,-0.339363,0.105821,-0.445184,-7.94971e-06,1.92641e-06,-9.87613e-06,-0.49657,-0.372218,-0.478039,-8.79266e-06,0.00647485,0.0451086,0,0,0
2024-06-25,-0.343284,0.0890147,-0.432299,-8.07785e-06,1.6184e-06,-9.69625e-06,-0.49657,-0.382587,-0.471601,-8.90046e-06,0.0111799,0.0453417,0,0,0
2024-06-26,-0.342492,0.089273,-0.431765,-8.04145e-06,1.62262e-06,-9.66407e-06,-0.49657,-0.366842,-0.456115,-8.58911e-06,0.0109044,0.0469798,0,0,0
2024-06-27,-0.343036,0.0875337,-0.43057,-8.06298e-06,1.5935e-06,-9.65648e-06,-0.49657,-0.369612,-0.457145,-8.6483e-06,0.0125225,0.0493228,0,0,0
2024-06-28,-0.738213,0.0881986,-0.826412,-1.69379e-05,1.60392e-06,-1.85419e-05,-0.672674,-0.792859,-0.881057,-1.78252e-05,0.0101294,0.0480444,0,0,0
2024-07-02,-0.729699,0.0956756,-0.825375,-1.68034e-05,1.74586e-06,-1.85493e-05,-0.672674,-0.792282,-0.887958,-1.80317e-05,0.0105285,0.0483842,0,0,0
2024-07-03,-0.730166,0.0943171,-0.824483,-1.68409e-05,1.72289e-06,-1.85638e-05,-0.672674,-0.797521,-0.891838,-1.85195e-05,0.0123755,0.0484048,0,0,0
2024-07-09,-0.730861,0.0940483,-0.82491,-1.68486e-05,1.71729e-06,-1.85659e-05,-0.672674,-0.78558,-0.879628,-1.7388e-05,0.0108642,0.0483472,0,0,0
2024-07-11,-0.735219,0.0763848,-0.811604,-1.71516e-05,1.40478e-06,-1.85564e-05,-0.672674,-0.789072,-0.865457,-1.69934e-05,0.0122753,0.0482477,0,0,0
2024-07-12,-0.734233,0.0736487,-0.807881,-1.69872e-05,1.3604e-06,-1.83476e-05,-0.672674,-0.783492,-0.857141,-1.75042e-05,0.00764202,0.0484643,0,0,0
2024-07-16,-0.729431,0.0742199,-0.803651,-1.65815e-05,1.37307e-06,-1.79546e-05,-0.672674,-0.769426,-0.843646,-1.72581e-05,0.00811743,0.0486341,0,0,0
2024-07-17,-0.730035,0.0701235,-0.800158,-1.66059e-05,1.29514e-06,-1.7901e-05,-0.672674,-0.757309,-0.827432,-1.73329e-05,0.00648412,0.0498047,0,0,0
2024-07-18,-0.723773,0.0815209,-0.805294,-1.61508e-05,1.49084e-06,-1.76416e-05,-0.672674,-0.756866,-0.838387,-1.74696e-05,0.00764915,0.0522878,0,0,0
2024-07-19,-0.721297,0.0832973,-0.804594,-1.59413e-05,1.52162e-06,-1.74629e-05,-0.672674,-0.756172,-0.83947,-1.75065e-05,-0.00107597,0.052736,0,0,0
2024-07-23,-0.721281,0.0834052,-0.804686,-1.59279e-05,1.51945e-06,-1.74473e-05,-0.672674,-0.749583,-0.832988,-1.76005e-05,-0.00344329,0.0565794,0,0,0
2024-07-24,-0.718422,0.0848796,-0.803302,-1.57161e-05,1.54152e-06,-1.72577e-05,-0.672674,-0.755324,-0.840204,-1.77103e-05,-0.00551455,0.0565018,0,0,0
2024-07-26,-0.71736,0.0846316,-0.801991,-1.57079e-05,1.53635e-06,-1.72443e-05,-0.672674,-0.753218,-0.837849,-1.73685e-05,-0.00849237,0.0567065,0,0,0
2024-07-30,-0.720248,0.0767412,-0.796989,-1.58327e-05,1.3998e-06,-1.72325e-05,-0.672674,-0.753328,-0.830069,-1.71916e-05,-0.0083691,0.0569067,0,0,0
2024-07-31,0.531014,0.0742868,0.456727,1.17925e-05,1.35436e-06,1.04381e-05,0.563528,0.339937,0.265651,4.82079e-06,-0.0125205,0.0568847,0,0,4
2024-08-01,0.531814,0.0739841,0.45783,1.1846e-05,1.34752e-06,1.04985e-05,0.563528,0.364278,0.290294,5.37577e-06,-0.0103104,0.0576874,0,0,4
2024-08-02,0.529809,0.072941,0.456868,1.18165e-05,1.33053e-06,1.0486e-05,0.563528,0.338933,0.265992,4.78938e-06,-0.00818225,0.0566335,0,0,4
2024-08-06,0.536617,0.0831337,0.453483,1.20173e-05,1.52041e-06,1.04969e-05,0.563528,0.342846,0.259713,4.69016e-06,-0.0122259,0.057242,0,0,4
2024-08-07,0.537962,0.0867806,0.451181,1.20767e-05,1.59226e-06,1.04844e-05,0.563528,0.328536,0.241756,4.29646e-06,-0.0142536,0.0566372,0,0,4
2024-08-08,0.537946,0.0875731,0.450373,1.20755e-05,1.60695e-06,1.04685e-05,0.563528,0.335763,0.24819,4.37074e-06,-0.015243,0.0566692,0,0,4
2024-08-09,0.537493,0.0821352,0.455358,1.20762e-05,1.50487e-06,1.05713e-05,0.563528,0.332894,0.250759,4.43133e-06,-0.0182872,0.0566382,0,0,4
2024-08-13,0.538395,0.0832694,0.455126,1.2089e-05,1.52725e-06,1.05618e-05,0.563528,0.328146,0.244877,4.2799e-06,-0.025306,0.0564343,0,0,4
2024-08-14,0.54333,0.082436,0.460894,1.21663e-05,1.51056e-06,1.06557e-05,0.563528,0.360263,0.277827,4.82904e-06,-0.0241078,0.0565489,0,0,4
2024-08-15,0.537279,0.076199,0.46108,1.19658e-05,1.39979e-06,1.0566e-05,0.563528,0.368051,0.291852,5.036e-06,-0.0317274,0.0564947,1,0,4
2024-08-16,0.537082,0.0740224,0.463059,1.19509e-05,1.36273e-06,1.05882e-05,0.563528,0.365527,0.291504,5.0917e-06,-0.0292602,0.0566095,1,0,4
2024-08-20,0.533821,0.0714239,0.462397,1.18967e-05,1.31805e-06,1.05786e-05,0.563528,0.387225,0.315801,6.08592e-06,-0.0317079,0.0567465,1,0,4
2024-08-21,0.533989,0.0668475,0.467142,1.19026e-05,1.22649e-06,1.06761e-05,0.563528,0.386176,0.319329,6.15321e-06,-0.0336374,0.0565885,1,0,4
2024-08-23,0.537059,0.0671085,0.46995,1.1951e-05,1.23071e-06,1.07203e-05,0.563528,0.413223,0.346114,6.94642e-06,-0.0355085,0.0573691,1,0,4
2024-08-27,0.536535,0.0658734,0.470662,1.19363e-05,1.20872e-06,1.07276e-05,0.563528,0.411844,0.34597,6.90095e-06,-0.0277651,0.0570932,1,0,4
2024-08-28,0.538853,0.0677248,0.471128,1.19769e-05,1.24518e-06,1.07317e-05,0.563528,0.419429,0.351704,6.97459e-06,-0.0228465,0.0570961,0,0,4
2024-08-29,0.536986,0.0653262,0.47166,1.19451e-05,1.20159e-06,1.07435e-05,0.563528,0.373249,0.307923,5.55017e-06,-0.0106142,0.0544828,0,0,4
2024-08-30,0.551546,0.0812074,0.470338,1.35523e-05,1.512e-06,1.20403e-05,0.531475,0.323823,0.242615,5.12765e-06,-0.00748539,0.0554876,0,0,4
2024-09-04,0.545031,0.0837236,0.461307,1.32782e-05,1.5614e-06,1.17168e-05,0.531475,0.309197,0.225474,4.66728e-06,0.000613646,0.0547363,0,0,4
2024-09-05,0.545377,0.0888343,0.456543,1.32394e-05,1.65919e-06,1.15802e-05,0.531475,0.31839,0.229556,4.76107e-06,0.00575293,0.0546966,0,0,4
2024-09-06,0.539534,0.0890783,0.450456,1.29782e-05,1.65009e-06,1.13281e-05,0.531475,0.338268,0.249189,5.17973e-06,0.0056769,0.0549134,0,0,4
2024-09-10,0.529503,0.0859384,0.443564,1.25863e-05,1.59643e-06,1.09899e-05,0.531475,0.337046,0.251107,5.2021e-06,0.00927344,0.0548321,0,0,4
2024-09-11,0.530898,0.0864879,0.444411,1.26223e-05,1.60689e-06,1.10154e-05,0.531475,0.337151,0.250663,5.17788e-06,0.00811517,0.0548287,0,0,4
2024-09-12,0.539832,0.0897552,0.450076,1.27447e-05,1.66187e-06,1.10828e-05,0.531475,0.344486,0.25473,5.09951e-06,0.0148007,0.0544955,0,0,4
2024-09-13,0.534319,0.0864381,0.447881,1.26581e-05,1.61113e-06,1.10469e-05,0.531475,0.354739,0.268301,5.3728e-06,0.0114734,0.0550743,0,0,4
2024-09-17,0.534152,0.0811965,0.452955,1.26003e-05,1.50734e-06,1.1093e-05,0.531475,0.367049,0.285852,5.84328e-06,0.00657939,0.0552017,0,0,4
2024-09-18,0.533363,0.0803243,0.453039,1.25531e-05,1.49071e-06,1.10624e-05,0.531475,0.367731,0.287407,5.88878e-06,0.00224738,0.0555426,0,0,4
2024-09-19,0.536768,0.081533,0.455235,1.26235e-05,1.51074e-06,1.11128e-05,0.531475,0.373659,0.292126,5.98771e-06,0.010167,0.0554929,0,0,4
2024-09-20,0.536704,0.0786541,0.458049,1.26118e-05,1.45636e-06,1.11554e-05,0.531475,0.391915,0.313261,6.67391e-06,0.014292,0.0562865,0,0,4
2024-09-24,0.538317,0.0812591,0.457058,1.26877e-05,1.5084e-06,1.11793e-05,0.531475,0.408494,0.327235,6.87044e-06,0.0154644,0.056304,0,0,4
2024-09-25,0.531796,0.0744447,0.457352,1.25381e-05,1.37823e-06,1.11599e-05,0.531475,0.388905,0.31446,6.38811e-06,0.02152,0.055364,0,0,4
2024-09-26,0.534596,0.0763863,0.45821,1.26644e-05,1.41618e-06,1.12483e-05,0.531475,0.408947,0.332561,6.9138e-06,0.0172939,0.0576448,0,0,4
2024-09-27,0.358146,0.0748325,0.283313,8.4232e-06,1.38806e-06,7.03514e-06,-0.00035691,0.225336,0.150503,3.45716e-06,0.0205913,0.0572802,0,0,3
2024-10-01,0.359148,0.0741455,0.285002,8.47052e-06,1.37799e-06,7.09253e-06,-0.00035691,0.216056,0.141911,3.30807e-06,0.0206982,0.0581372,0,0,3
2024-10-02,0.36955,0.0704439,0.299106,8.64901e-06,1.30572e-06,7.34329e-06,-0.00035691,0.216785,0.146341,3.40326e-06,0.024955,0.0577927,0,0,3
2024-10-03,0.368401,0.0707266,0.297674,8.62475e-06,1.31207e-06,7.31269e-06,-0.00035691,0.19849,0.127763,3.01457e-06,0.014862,0.0573935,0,0,3
2024-10-04,0.368757,0.0734781,0.295279,8.65889e-06,1.37048e-06,7.28842e-06,-0.00035691,0.185035,0.111557,2.62824e-06,0.0174917,0.0570184,0,0,3
2024-10-08,0.374208,0.0785414,0.295667,8.79554e-06,1.47288e-06,7.32266e-06,-0.00035691,0.209159,0.130618,2.93962e-06,0.0176088,0.0567969,0,0,3
2024-10-09,0.368568,0.0748724,0.293695,8.70785e-06,1.41512e-06,7.29273e-06,-0.00035691,0.23157,0.156697,3.89301e-06,0.0281232,0.0584171,1,0,3
2024-10-10,0.368442,0.0761439,0.292298,8.70685e-06,1.43686e-06,7.26998e-06,-0.00035691,0.226544,0.1504,3.72053e-06,0.0227422,0.0592229,0,0,3
2024-10-11,0.368712,0.0808738,0.287839,8.73017e-06,1.52929e-06,7.20088e-06,-0.00035691,0.234906,0.154032,3.81681e-06,0.0219103,0.0596172,0,0,3
2024-10-15,0.367044,0.0829673,0.284077,8.69315e-06,1.57096e-06,7.12219e-06,-0.00035691,0.251972,0.169005,4.28916e-06,0.0184215,0.0599251,0,0,3
2024-10-16,0.358714,0.0803566,0.278358,8.40237e-06,1.51966e-06,6.88271e-06,-0.00035691,0.24502,0.164664,4.22288e-06,0.0188258,0.0598914,0,0,3
2024-10-17,0.344531,0.0799751,0.264556,7.93331e-06,1.51443e-06,6.41887e-06,-0.00035691,0.259459,0.179484,4.71333e-06,0.026005,0.0597988,1,0,3
2024-10-18,0.326518,0.0791247,0.247393,7.32255e-06,1.49569e-06,5.82686e-06,-0.00035691,0.280506,0.201381,5.15225e-06,0.0241607,0.0607322,0,0,3
2024-10-22,0.320487,0.0761309,0.244356,7.21024e-06,1.44799e-06,5.76225e-06,-0.00035691,0.272514,0.196383,5.14213e-06,0.0332795,0.0609906,1,0,3
2024-10-23,0.318119,0.0770299,0.241089,7.17883e-06,1.464e-06,5.71482e-06,-0.00035691,0.302048,0.225018,5.79812e-06,0.0352058,0.0634077,1,0,3
2024-10-24,0.303325,0.070245,0.23308,6.8024e-06,1.3437e-06,5.4587e-06,-0.00035691,0.264231,0.193986,5.098e-06,0.0434455,0.0628907,1,0,3
2024-10-25,0.285829,0.0863511,0.199478,6.26792e-06,1.65324e-06,4.61468e-06,-0.00035691,0.26647,0.180119,4.86978e-06,0.034202,0.0640252,1,0,3
2024-10-29,0.291045,0.100578,0.190467,6.42851e-06,1.94101e-06,4.4875e-06,-0.00035691,0.267915,0.167337,4.63615e-06,0.0357526,0.0641872,1,0,3
2024-10-30,0.292637,0.102776,0.189861,6.45602e-06,1.92759e-06,4.52843e-06,-0.00035691,0.258871,0.156095,4.44623e-06,0.0314543,0.0641399,1,0,3
2024-10-31,0.381319,0.113601,0.267718,7.97597e-06,2.11507e-06,5.8609e-06,0.397066,0.43018,0.316579,9.36108e-06,0.0288064,0.0642391,1,0,3
2024-11-01,0.368662,0.111581,0.257081,7.70777e-06,2.08172e-06,5.62605e-06,0.397066,0.435393,0.323812,9.63561e-06,0.0323317,0.0641728,1,0,3
2024-11-05,0.366061,0.111473,0.254588,7.61932e-06,2.0787e-06,5.54062e-06,0.397066,0.436378,0.324905,9.68172e-06,0.0341353,0.0643691,1,0,3
2024-11-06,0.358565,0.143605,0.21496,7.35438e-06,2.60122e-06,4.75316e-06,0.397066,0.492681,0.349076,9.9283e-06,0.0389035,0.0637754,1,0,3
2024-11-07,0.33296,0.130639,0.202321,6.80515e-06,2.40491e-06,4.40024e-06,0.397066,0.50528,0.37464,1.03889e-05,0.0420456,0.063842,1,0,3
2024-11-08,0.328931,0.127708,0.201223,6.73346e-06,2.35753e-06,4.37593e-06,0.397066,0.502758,0.37505,9.89676e-06,0.0456185,0.0625709,1,0,3
2024-11-12,0.324302,0.132597,0.191704,6.60742e-06,2.4672e-06,4.14022e-06,0.397066,0.484926,0.352329,9.11246e-06,0.0378708,0.0609026,1,0,3
2024-11-13,0.312027,0.143338,0.168689,6.255e-06,2.70401e-06,3.55099e-06,0.397066,0.488011,0.344673,8.87556e-06,0.0309785,0.0607763,1,0,3
2024-11-14,0.311411,0.15632,0.155091,6.25355e-06,2.92809e-06,3.32545e-06,0.397066,0.473783,0.317463,7.69093e-06,0.0276994,0.0577766,1,0,3
2024-11-15,0.318083,0.172419,0.145665,6.47628e-06,3.31146e-06,3.16483e-06,0.397066,0.479209,0.306791,7.43238e-06,0.0288494,0.0577419,1,0,3
2024-11-19,0.312276,0.177072,0.135205,6.31185e-06,3.38056e-06,2.93129e-06,0.397066,0.47124,0.294168,7.20444e-06,0.0248349,0.0575808,0,0,3
2024-11-20,0.309468,0.17617,0.133298,6.18607e-06,3.35479e-06,2.83128e-06,0.397066,0.481348,0.305179,7.51712e-06,0.0304322,0.0581181,1,0,3
2024-11-21,0.312857,0.177079,0.135778,6.24808e-06,3.37211e-06,2.87596e-06,0.397066,0.329662,0.152583,5.20342e-06,0.0268992,0.0581717,1,0,3
2024-11-22,0.320919,0.178267,0.142652,6.36478e-06,3.3916e-06,2.97318e-06,0.397066,0.325924,0.147658,5.00227e-06,0.0209225,0.0574314,0,0,3
2024-11-26,0.322357,0.188849,0.133508,6.39084e-06,3.59746e-06,2.79338e-06,0.397066,0.303777,0.114928,4.35861e-06,0.022734,0.0573693,0,0,3
2024-11-27,-0.325237,0.189419,-0.514656,-6.24331e-06,3.60871e-06,-9.85201e-06,-0.468847,-0.215807,-0.405226,-7.93156e-06,0.0133501,0.0565195,0,0,0
2024-12-03,-0.326566,0.196248,-0.522814,-6.26156e-06,3.76577e-06,-1.00273e-05,-0.468847,-0.24069,-0.436938,-8.8697e-06,0.011949,0.0565397,0,0,0
2024-12-04,-0.324454,0.201514,-0.525967,-6.19021e-06,3.83996e-06,-1.00302e-05,-0.468847,-0.236564,-0.438077,-8.87278e-06,0.0148986,0.0564144,0,0,0
2024-12-05,-0.320463,0.202225,-0.522688,-6.06775e-06,3.85409e-06,-9.92184e-06,-0.468847,-0.254103,-0.456328,-9.35812e-06,0.0180361,0.0563255,0,0,0
2024-12-06,-0.321405,0.204649,-0.526054,-6.09568e-06,3.89282e-06,-9.9885e-06,-0.468847,-0.259437,-0.464085,-9.51969e-06,0.0104284,0.0562554,0,0,0
2024-12-10,-0.319044,0.204573,-0.523618,-6.0096e-06,3.89109e-06,-9.90069e-06,-0.468847,-0.2566,-0.461173,-9.45031e-06,0.011771,0.0564395,0,0,0
2024-12-11,-0.327892,0.199483,-0.527375,-6.16947e-06,3.78337e-06,-9.95284e-06,-0.468847,-0.266459,-0.465942,-9.66275e-06,0.0175072,0.0563424,0,0,0
2024-12-12,-0.329548,0.199777,-0.529325,-6.19629e-06,3.79102e-06,-9.98731e-06,-0.468847,-0.260448,-0.460225,-9.46773e-06,0.00816276,0.0562216,0,0,0
2024-12-13,-0.330996,0.199769,-0.530765,-6.24329e-06,3.79449e-06,-1.00378e-05,-0.468847,-0.267525,-0.467294,-9.62515e-06,0.00842455,0.056148,0,0,0
2024-12-17,-0.338779,0.198657,-0.537436,-6.34234e-06,3.7746e-06,-1.01169e-05,-0.468847,-0.254818,-0.453475,-9.40471e-06,0.00142549,0.0563525,0,0,0
2024-12-18,-0.338359,0.199048,-0.537407,-6.33009e-06,3.78147e-06,-1.01116e-05,-0.468847,-0.283287,-0.482335,-1.00139e-05,-0.00288322,0.0554536,0,0,0
2024-12-20,-0.335669,0.22898,-0.564649,-6.2919e-06,4.2695e-06,-1.05614e-05,-0.468847,-0.291077,-0.520057,-1.07357e-05,0.000668401,0.0557161,0,0,0
2024-12-24,-0.332506,0.227195,-0.559701,-6.22812e-06,4.24933e-06,-1.04775e-05,-0.468847,-0.290724,-0.517919,-1.07382e-05,-0.00159876,0.056642,0,0,0
2024-12-31,0.219113,0.226305,-0.00719283,4.13002e-06,4.20915e-06,-7.91312e-08,0.3796,0.272667,0.0463615,2.56546e-06,0.00214943,0.0562567,0,0,2
2025-01-03,0.220137,0.228824,-0.008687,4.15251e-06,4.2644e-06,-1.11883e-07,0.3796,0.245908,0.0170845,1.69197e-06,-0.0111705,0.0544188,0,0,2
2025-01-07,0.228516,0.239665,-0.0111485,4.33614e-06,4.50037e-06,-1.64231e-07,0.3796,0.210759,-0.0289054,7.76819e-07,-0.00446792,0.055065,0,0,2
2025-01-08,0.227414,0.237043,-0.00962893,4.28884e-06,4.43511e-06,-1.4627e-07,0.3796,0.215208,-0.0218353,9.67658e-07,-0.00764989,0.0557783,0,0,2
2025-01-09,0.22864,0.236474,-0.00783463,4.30798e-06,4.42545e-06,-1.17474e-07,0.3796,0.218086,-0.0183881,1.05707e-06,-0.0134837,0.0557767,0,0,2
2025-01-10,0.226728,0.235575,-0.0088467,4.27357e-06,4.42434e-06,-1.50778e-07,0.3796,0.190851,-0.0447242,4.66913e-07,-0.0108359,0.0557251,0,0,2
2025-01-14,0.227287,0.233851,-0.00656357,4.28729e-06,4.39109e-06,-1.03805e-07,0.3796,0.197057,-0.0367938,7.07001e-07,-0.00912763,0.0561689,0,0,2
2025-01-16,0.225513,0.232593,-0.00708002,4.26027e-06,4.37045e-06,-1.10185e-07,0.3796,0.213103,-0.0194902,1.24869e-06,-0.00598957,0.0567503,0,0,2
2025-01-17,0.226052,0.234009,-0.00795687,4.27316e-06,4.40586e-06,-1.32703e-07,0.3796,0.212778,-0.0212308,1.17492e-06,0.00225968,0.0564196,0,0,2
2025-01-23,0.230721,0.238779,-0.00805763,4.36665e-06,4.49425e-06,-1.27605e-07,0.3796,0.214255,-0.0245239,1.09101e-06,0.014039,0.0565552,0,0,2
2025-01-24,0.22776,0.237185,-0.00942522,4.302e-06,4.45651e-06,-1.54505e-07,0.3796,0.196656,-0.0405286,6.24832e-07,0.00410153,0.0560373,0,0,2
2025-01-28,0.230716,0.240573,-0.00985742,4.37241e-06,4.54067e-06,-1.68262e-07,0.3796,0.200034,-0.0405397,6.03909e-07,-0.00556058,0.0560614,0,0,2
2025-01-29,0.237779,0.240228,-0.00244913,4.46991e-06,4.53532e-06,-6.54079e-08,0.3796,0.18156,-0.0586683,3.4223e-08,0.00325119,0.0549992,0,0,2
2025-01-30,0.252305,0.240142,0.0121631,4.74445e-06,4.53119e-06,2.13263e-07,0.3796,0.197017,-0.0431256,3.71654e-07,0.00236689,0.0551665,0,0,2
2025-01-31,0.365475,0.236904,0.128571,6.32888e-06,4.48188e-06,1.847e-06,0.448533,0.455026,0.218122,6.1191e-06,-0.00288508,0.0545493,0,0,3
2025-02-04,0.366058,0.24238,0.123678,6.35767e-06,4.58999e-06,1.76768e-06,0.448533,0.437115,0.194735,5.26916e-06,0.00352018,0.0531633,0,0,3
2025-02-05,0.374893,0.252464,0.122429,6.602e-06,4.81213e-06,1.78987e-06,0.448533,0.441338,0.188874,5.06617e-06,-0.000977519,0.0539283,0,0,3
2025-02-06,0.371404,0.251593,0.119811,6.52785e-06,4.80086e-06,1.72699e-06,0.448533,0.4226,0.171007,4.449e-06,0.00559812,0.0525803,0,0,3
2025-02-07,0.378345,0.260588,0.117757,6.62924e-06,4.9891e-06,1.64014e-06,0.448533,0.423274,0.162686,4.2825e-06,0.00739973,0.0526262,0,0,3
2025-02-11,0.378237,0.269292,0.108945,6.6221e-06,5.12128e-06,1.50082e-06,0.448533,0.431794,0.162502,4.4834e-06,0.00549154,0.0526798,0,0,2
2025-02-12,0.378672,0.269538,0.109134,6.6194e-06,5.12759e-06,1.49181e-06,0.448533,0.428801,0.159263,4.40409e-06,0.00879377,0.0525486,0,0,2
2025-02-13,0.377154,0.267135,0.110019,6.54287e-06,5.06129e-06,1.48158e-06,0.448533,0.435979,0.168844,4.73773e-06,0.00708097,0.052729,0,0,2
2025-02-14,0.379197,0.26576,0.113437,6.56586e-06,5.01288e-06,1.55298e-06,0.448533,0.426037,0.160277,4.20847e-06,0.0105746,0.0520014,0,0,2
2025-02-19,0.381471,0.270502,0.110969,6.66633e-06,5.14849e-06,1.51784e-06,0.448533,0.431571,0.161068,4.12617e-06,0.00309502,0.0512141,0,0,2
2025-02-20,0.38305,0.273373,0.109676,6.76354e-06,5.25924e-06,1.5043e-06,0.448533,0.417813,0.144439,4.0494e-06,0.00587028,0.0507674,0,0,2
2025-02-21,0.382541,0.277461,0.10508,6.76063e-06,5.33995e-06,1.42068e-06,0.448533,0.419467,0.142005,3.92644e-06,0.0135773,0.0518119,0,0,2
2025-02-25,0.383136,0.286742,0.0963943,6.7754e-06,5.48789e-06,1.28751e-06,0.448533,0.435291,0.148549,4.02143e-06,0.010474,0.0520266,0,0,2
2025-02-26,0.376367,0.283167,0.0932007,6.65067e-06,5.4358e-06,1.21487e-06,0.448533,0.436201,0.153035,4.10491e-06,0.00635253,0.0519899,0,0,2
2025-02-27,0.374729,0.286334,0.0883953,6.6092e-06,5.48406e-06,1.12514e-06,0.448533,0.436548,0.150214,3.94641e-06,0.000557054,0.0509704,0,0,2
2025-02-28,-0.0174039,0.286831,-0.304234,-2.72911e-07,5.54062e-06,-5.81353e-06,0.161131,-0.00301129,-0.289842,-5.59998e-06,-0.00810941,0.0503035,0,0,1
2025-03-04,-0.0302329,0.288328,-0.318561,-4.77527e-07,5.60699e-06,-6.08451e-06,0.161131,-0.0774471,-0.365775,-7.00706e-06,-0.0171917,0.0466105,0,0,1
2025-03-05,-0.00696249,0.301379,-0.308342,-1.12693e-07,5.97118e-06,-6.08388e-06,0.161131,-0.0560617,-0.357441,-7.00919e-06,-0.0116494,0.0468094,0,0,1
2025-03-06,-0.00652143,0.293435,-0.299956,-1.0677e-07,5.8496e-06,-5.95637e-06,0.161131,-0.0769782,-0.370413,-7.24297e-06,-0.00255646,0.0441084,0,0,1
2025-03-07,0.0110307,0.299794,-0.288764,1.82651e-07,6.05648e-06,-5.87383e-06,0.161131,-0.0660144,-0.365809,-7.27e-06,-0.00448342,0.0436767,0,0,1
2025-03-11,0.0127685,0.303272,-0.290504,2.11776e-07,6.12437e-06,-5.91259e-06,0.161131,-0.069265,-0.372537,-7.40383e-06,-0.00054642,0.0437436,0,0,1
2025-03-12,0.00399844,0.301974,-0.297976,6.56969e-08,6.07793e-06,-6.01223e-06,0.161131,-0.063596,-0.36557,-7.25049e-06,3.31824e-05,0.0437146,0,0,1
2025-03-13,0.00561784,0.299487,-0.293869,9.22893e-08,6.02873e-06,-5.93644e-06,0.161131,-0.0543904,-0.353877,-7.02223e-06,0.00150089,0.0437068,0,0,1
2025-03-14,0.00315339,0.295896,-0.292743,5.19423e-08,5.97034e-06,-5.9184e-06,0.161131,-0.0591415,-0.355038,-7.06425e-06,0.00520085,0.0436398,0,0,1
2025-03-18,0.00563959,0.291006,-0.285366,9.28973e-08,5.83717e-06,-5.74427e-06,0.161131,-0.0513733,-0.342379,-6.7765e-06,0.00729353,0.0436,0,0,1
2025-03-20,0.00525568,0.288838,-0.283583,8.66137e-08,5.79932e-06,-5.71271e-06,0.161131,-0.056669,-0.345507,-6.83214e-06,0.00414327,0.0445782,0,0,1
2025-03-21,0.00486975,0.288765,-0.283895,8.04158e-08,5.79937e-06,-5.71896e-06,0.161131,-0.049385,-0.33815,-6.69328e-06,0.00122822,0.044906,0,0,1
2025-03-25,0.001071,0.285781,-0.28471,1.77471e-08,5.75182e-06,-5.73407e-06,0.161131,-0.0522408,-0.338022,-6.71177e-06,-0.00504562,0.044897,0,0,1
2025-03-26,0.00741561,0.28355,-0.276134,1.21668e-07,5.67171e-06,-5.55004e-06,0.161131,-0.0474886,-0.331038,-6.556e-06,-0.00256845,0.0458844,0,0,1
2025-03-27,0.00554212,0.282945,-0.277403,9.08192e-08,5.65728e-06,-5.56646e-06,0.161131,0.179242,-0.103703,-1.3708e-06,0.000588791,0.0456435,0,0,1
2025-03-28,-0.230766,0.282688,-0.513454,-4.4925e-06,5.6682e-06,-1.01607e-05,-0.106059,-0.44843,-0.731118,-1.71935e-05,0.00554876,0.0456316,0,0,0
2025-04-01,-0.226839,0.280211,-0.50705,-4.39449e-06,5.59963e-06,-9.99412e-06,-0.106059,-0.429373,-0.709584,-1.68435e-05,0.0114976,0.0470503,0,0,0
2025-04-02,-0.222371,0.274911,-0.497282,-4.2921e-06,5.45664e-06,-9.74874e-06,-0.106059,-0.452042,-0.726953,-1.71414e-05,0.00318288,0.0459392,0,0,0
2025-04-04,-0.218714,0.278247,-0.496961,-4.23259e-06,5.54254e-06,-9.77513e-06,-0.106059,-0.416983,-0.69523,-1.55922e-05,0.00438204,0.0458323,0,0,0
2025-04-08,-0.23491,0.25123,-0.48614,-4.66173e-06,5.11558e-06,-9.77731e-06,-0.106059,-0.420966,-0.672196,-1.51952e-05,0.0105731,0.045567,0,0,0
2025-04-09,-0.232469,0.250678,-0.483146,-4.62173e-06,5.11281e-06,-9.73454e-06,-0.106059,-0.403631,-0.654309,-1.45402e-05,0.00435167,0.045648,0,0,0
2025-04-10,-0.240103,0.238928,-0.479031,-4.81814e-06,4.91897e-06,-9.73711e-06,-0.106059,-0.391847,-0.630775,-1.36894e-05,0.00790819,0.0451496,0,0,0
2025-04-11,-0.2352,0.216798,-0.451998,-4.72503e-06,4.43886e-06,-9.16388e-06,-0.106059,-0.374093,-0.590891,-1.255e-05,0.00432759,0.0455108,0,0,0
2025-04-15,-0.233767,0.202292,-0.436059,-4.68492e-06,4.15663e-06,-8.84155e-06,-0.106059,-0.380677,-0.582969,-1.25861e-05,0.000311091,0.0454932,0,0,0
2025-04-16,-0.235676,0.198783,-0.434459,-4.71791e-06,4.07061e-06,-8.78852e-06,-0.106059,-0.363844,-0.562627,-1.2068e-05,-0.00260375,0.0460387,0,0,0
2025-04-17,-0.239451,0.193859,-0.43331,-4.77143e-06,3.97479e-06,-8.74622e-06,-0.106059,-0.357367,-0.551226,-1.17406e-05,-0.0052349,0.0460146,0,0,0
2025-04-22,-0.250494,0.187538,-0.438031,-4.98049e-06,3.85302e-06,-8.83351e-06,-0.106059,-0.36728,-0.554818,-1.18334e-05,-0.00614301,0.0456915,0,0,0
2025-04-23,-0.248541,0.190036,-0.438576,-4.88848e-06,3.90239e-06,-8.79086e-06,-0.106059,-0.360692,-0.550728,-1.17911e-05,-0.00470114,0.0459019,0,0,0
2025-04-24,-0.248752,0.188719,-0.437471,-4.89751e-06,3.87982e-06,-8.77733e-06,-0.106059,-0.361589,-0.550307,-1.18108e-05,-0.00156239,0.0459399,0,0,0
2025-04-25,-0.25088,0.189157,-0.440038,-4.93095e-06,3.88196e-06,-8.81291e-06,-0.106059,-0.342422,-0.531579,-1.14148e-05,0.00186044,0.0471504,0,0,0
2025-04-29,-0.252448,0.185014,-0.437462,-4.97244e-06,3.79913e-06,-8.77157e-06,-0.106059,-0.37807,-0.563084,-1.2496e-05,7.10068e-05,0.0468217,0,0,0
2025-04-30,0.20764,0.185598,0.0220427,3.65585e-06,3.81382e-06,-1.57968e-07,0.29898,0.425181,0.239583,5.30304e-06,0.00201713,0.0468787,0,0,2
2025-05-01,0.207426,0.184402,0.0230246,3.64404e-06,3.78623e-06,-1.42183e-07,0.29898,0.434173,0.249771,5.39199e-06,0.00385852,0.0463992,0,0,2
2025-05-02,0.207506,0.185328,0.022179,3.66024e-06,3.80725e-06,-1.47011e-07,0.29898,0.421907,0.236579,4.96016e-06,0.0103497,0.0452831,0,0,2
2025-05-06,0.212853,0.188323,0.0245296,3.77992e-06,3.8956e-06,-1.15677e-07,0.29898,0.419902,0.231579,4.84528e-06,0.0072493,0.0455994,0,0,2
2025-05-07,0.215495,0.18844,0.0270559,3.8183e-06,3.8983e-06,-7.99958e-08,0.29898,0.421811,0.233372,4.94626e-06,0.00234759,0.0463593,0,0,2
2025-05-08,0.21361,0.186255,0.0273553,3.77755e-06,3.82249e-06,-4.49387e-08,0.29898,0.436621,0.250366,5.12769e-06,-0.0066373,0.0457181,0,0,2
2025-05-13,0.203563,0.179569,0.0239941,3.56859e-06,3.69003e-06,-1.21435e-07,0.29898,0.422275,0.242706,4.86193e-06,-0.0135943,0.0451313,0,0,2
2025-05-14,0.208453,0.183043,0.0254099,3.6546e-06,3.77287e-06,-1.18279e-07,0.29898,0.456011,0.272967,5.59666e-06,-0.0162113,0.0457377,0,0,2
2025-05-15,0.222088,0.181768,0.0403201,3.87716e-06,3.76019e-06,1.16964e-07,0.29898,0.470082,0.288314,6.01391e-06,-0.0129363,0.0457703,0,0,2
2025-05-16,0.22161,0.181624,0.0399862,3.87096e-06,3.7575e-06,1.13462e-07,0.29898,0.472237,0.290613,5.95222e-06,-0.0153585,0.0466075,0,0,2
2025-05-20,0.219188,0.179908,0.0392793,3.84204e-06,3.73884e-06,1.03209e-07,0.29898,0.512057,0.332149,6.27587e-06,-0.014539,0.0454935,0,0,2
2025-05-21,0.212723,0.174406,0.0383172,3.77943e-06,3.67072e-06,1.08701e-07,0.29898,0.505994,0.331588,6.44565e-06,-0.0183861,0.0470928,0,0,2
2025-05-22,0.212265,0.174316,0.0379493,3.76868e-06,3.66094e-06,1.07736e-07,0.29898,0.504982,0.330666,6.39931e-06,-0.0207643,0.0473216,0,0,2
2025-05-23,0.213646,0.172956,0.0406894,3.80404e-06,3.63484e-06,1.69196e-07,0.29898,0.498447,0.325491,6.30227e-06,-0.0128878,0.0473489,0,0,2
2025-05-28,0.217129,0.173335,0.0437936,3.87554e-06,3.64633e-06,2.29214e-07,0.29898,0.518306,0.344971,6.6258e-06,-0.0109893,0.0473219,0,0,2
2025-05-29,0.214576,0.17157,0.0430057,3.85192e-06,3.61988e-06,2.32044e-07,0.29898,0.520678,0.349107,6.77168e-06,-0.00845138,0.0472662,0,0,2
2025-05-30,0.149778,0.171492,-0.0217139,2.67008e-06,3.61553e-06,-9.45449e-07,0.417513,0.192393,0.0209008,-7.32742e-07,-0.0121903,0.0480035,0,0,2
2025-06-03,0.155546,0.171046,-0.0154998,2.74468e-06,3.5884e-06,-8.43722e-07,0.417513,0.198435,0.0273893,-6.17412e-07,-0.0132015,0.0480003,0,0,2
2025-06-04,0.155063,0.166592,-0.0115297,2.73563e-06,3.48119e-06,-7.45556e-07,0.417513,0.19867,0.0320774,-5.16158e-07,-0.0176182,0.0475138,0,0,2
2025-06-05,0.154047,0.163753,-0.00970597,2.71447e-06,3.40324e-06,-6.88769e-07,0.417513,0.140616,-0.0231372,-1.29963e-06,-0.0241647,0.0466567,0,0,2
2025-06-06,0.15854,0.162883,-0.00434262,2.80481e-06,3.38144e-06,-5.76628e-07,0.417513,0.138889,-0.0239934,-1.3018e-06,-0.0252084,0.0487712,0,0,2
2025-06-10,0.158688,0.162445,-0.0037571,2.80737e-06,3.37307e-06,-5.65708e-07,0.417513,0.127814,-0.0346303,-1.43278e-06,-0.0214701,0.0487187,0,0,2
2025-06-11,0.159484,0.16273,-0.00324644,2.82077e-06,3.37288e-06,-5.52116e-07,0.417513,0.131481,-0.0312498,-1.3879e-06,-0.0229126,0.0486281,0,0,2
2025-06-12,0.155061,0.158414,-0.00335312,2.74123e-06,3.28124e-06,-5.40004e-07,0.417513,0.131432,-0.0269817,-1.29508e-06,-0.0261739,0.0487642,1,0,2
2025-06-13,0.156346,0.158346,-0.00199996,2.76177e-06,3.28108e-06,-5.1931e-07,0.417513,0.110085,-0.048261,-1.59517e-06,-0.0196253,0.0488058,0,0,2
2025-06-17,0.153568,0.15456,-0.000991496,2.70205e-06,3.19114e-06,-4.89087e-07,0.417513,0.0662398,-0.0883199,-2.1365e-06,-0.0149114,0.0480068,0,0,2
2025-06-18,0.15784,0.151166,0.00667392,2.7771e-06,3.1131e-06,-3.35993e-07,0.417513,0.0394983,-0.111667,-2.4948e-06,-0.0102262,0.0471857,0,0,2
2025-06-24,0.159717,0.152892,0.00682538,2.81679e-06,3.15094e-06,-3.34153e-07,0.417513,0.0406969,-0.112195,-2.51823e-06,-0.00220801,0.0476341,0,0,2
2025-06-25,0.163794,0.149091,0.014703,2.88267e-06,3.06742e-06,-1.84758e-07,0.417513,0.0262032,-0.122888,-2.66621e-06,0.00492436,0.046175,0,0,2
2025-06-26,0.167698,0.15575,0.0119473,2.93564e-06,3.22266e-06,-2.87018e-07,0.417513,0.0196229,-0.136127,-2.92384e-06,0.00166234,0.0459637,0,0,2
2025-06-27,0.153605,0.157207,-0.00360117,3.0849e-06,3.25134e-06,-1.66437e-07,0.366731,-0.107418,-0.264624,-5.5211e-06,0.000127804,0.0464023,0,0,2
2025-07-01,0.155858,0.150532,0.00532605,3.12886e-06,3.08917e-06,3.96938e-08,0.366731,-0.120384,-0.270917,-5.59704e-06,0.00283229,0.0456029,0,0,2
2025-07-02,0.162357,0.149189,0.0131689,3.2703e-06,3.02594e-06,2.44356e-07,0.366731,-0.126652,-0.27584,-5.65023e-06,0.00620106,0.0464538,0,0,2
2025-07-03,0.165402,0.151278,0.0141241,3.34419e-06,3.07613e-06,2.68069e-07,0.366731,-0.152686,-0.303964,-6.18675e-06,0.0141577,0.0453204,0,0,2
2025-07-08,0.16514,0.151063,0.0140773,3.33813e-06,3.06908e-06,2.69049e-07,0.366731,-0.122687,-0.27375,-5.45123e-06,0.00984297,0.0447227,0,0,2
2025-07-09,0.149385,0.143239,0.0061459,3.02872e-06,2.94865e-06,8.00774e-08,0.366731,-0.114112,-0.257352,-5.15174e-06,0.0135639,0.0464639,0,0,2
2025-07-11,0.142304,0.137546,0.00475792,2.87971e-06,2.81527e-06,6.44411e-08,0.366731,-0.0866541,-0.224201,-4.49098e-06,0.0115806,0.0476512,0,0,2
2025-07-15,0.134763,0.134495,0.000268427,2.71928e-06,2.75932e-06,-4.00425e-08,0.366731,-0.0883241,-0.222819,-4.46487e-06,0.0118438,0.0474915,0,0,2
2025-07-16,0.119657,0.150886,-0.0312289,2.36915e-06,3.04703e-06,-6.77885e-07,0.366731,-0.0610571,-0.211943,-4.34264e-06,0.0141034,0.0476598,0,0,2
2025-07-17,0.120209,0.151697,-0.0314872,2.37823e-06,3.06001e-06,-6.81782e-07,0.366731,-0.0179282,-0.169625,-3.45845e-06,0.0134895,0.0487748,0,0,2
2025-07-18,0.120503,0.15241,-0.031907,2.38473e-06,3.07312e-06,-6.88387e-07,0.366731,-0.0344945,-0.186904,-3.85209e-06,0.0203326,0.0521563,0,0,2
2025-07-22,0.119672,0.153159,-0.0334864,2.36231e-06,3.08834e-06,-7.26033e-07,0.366731,-0.0293338,-0.182492,-3.74736e-06,0.0198061,0.0521595,0,0,2
2025-07-23,0.117446,0.145624,-0.0281779,2.32129e-06,2.92202e-06,-6.00729e-07,0.366731,-0.0663694,-0.211993,-4.40674e-06,0.0156834,0.0520069,0,0,2
2025-07-24,0.120759,0.149105,-0.0283459,2.39236e-06,3.0081e-06,-6.1574e-07,0.366731,-0.0601202,-0.209225,-4.35429e-06,0.0186615,0.0516944,0,0,2
2025-07-29,0.12374,0.147998,-0.0242584,2.45465e-06,2.98503e-06,-5.30382e-07,0.366731,-0.0416409,-0.189639,-3.9364e-06,0.0206824,0.051536,0,0,2
2025-07-30,0.122934,0.147941,-0.0250071,2.43666e-06,2.98201e-06,-5.45354e-07,0.366731,-0.0495629,-0.197504,-4.08991e-06,0.0132704,0.0508983,0,0,2
2025-07-31,0.203724,0.147926,0.0557985,4.89155e-06,3.00158e-06,1.88997e-06,0.329243,0.0410859,-0.10684,-2.26815e-06,0.0171794,0.0511144,0,0,2
2025-08-01,0.194735,0.0878223,0.106912,4.71141e-06,1.88044e-06,2.83096e-06,0.329243,0.0394298,-0.0483925,-1.16667e-06,0.0155382,0.0513019,0,0,2
2025-08-05,0.194118,0.0865053,0.107612,4.69899e-06,1.85202e-06,2.84697e-06,0.329243,0.0230149,-0.0634904,-1.44144e-06,0.00669491,0.0501795,0,0,2
2025-08-06,0.198124,0.0914327,0.106691,4.81242e-06,1.9681e-06,2.84432e-06,0.329243,0.0231419,-0.0682908,-1.55558e-06,0.000390351,0.050135,0,0,2
2025-08-07,0.198759,0.0902289,0.108531,4.8204e-06,1.93492e-06,2.88548e-06,0.329243,0.0406332,-0.0495958,-1.18438e-06,-0.000198084,0.0501768,0,0,2
2025-08-08,0.197964,0.0869659,0.110998,4.80321e-06,1.85819e-06,2.94502e-06,0.329243,0.0420197,-0.0449462,-1.0815e-06,0.00577299,0.0503359,0,0,2
2025-08-12,0.192297,0.0867711,0.105526,4.63665e-06,1.85421e-06,2.78243e-06,0.329243,0.045888,-0.0408831,-1.0054e-06,0.00868915,0.0502614,0,0,2
2025-08-13,0.188893,0.0853127,0.10358,4.52132e-06,1.82058e-06,2.70074e-06,0.329243,0.0472922,-0.0380205,-9.45941e-07,0.00289554,0.050498,0,0,2
2025-08-14,0.190761,0.0960341,0.0947268,4.55913e-06,2.02431e-06,2.53482e-06,0.329243,0.0217119,-0.0743222,-1.61916e-06,-0.0036157,0.0502301,0,0,2
2025-08-15,0.191071,0.0968433,0.0942275,4.56597e-06,2.0432e-06,2.52278e-06,0.329243,0.0243589,-0.0724845,-1.58303e-06,-0.000524114,0.0503165,0,0,2
2025-08-19,0.190924,0.102037,0.0888873,4.56184e-06,2.14131e-06,2.42053e-06,0.329243,-0.029378,-0.131415,-2.71733e-06,-0.00240621,0.0498525,0,0,2
2025-08-20,0.186663,0.100037,0.0866254,4.46083e-06,2.10441e-06,2.35643e-06,0.329243,-0.0337436,-0.133781,-2.76968e-06,-0.00241761,0.0498589,0,0,2
2025-08-21,0.187385,0.101847,0.0855382,4.47828e-06,2.13991e-06,2.33837e-06,0.329243,-0.0601368,-0.161984,-3.35715e-06,0.00368529,0.0500027,0,0,2
2025-08-22,0.179707,0.0992833,0.080424,4.2554e-06,2.07797e-06,2.17742e-06,0.329243,-0.0512459,-0.150529,-3.12488e-06,0.0023917,0.0499559,0,0,2
2025-08-26,0.182978,0.100034,0.0829444,4.32338e-06,2.09291e-06,2.23047e-06,0.329243,-0.0791472,-0.179181,-3.78105e-06,0.00522684,0.0499052,0,0,2
2025-08-27,0.180349,0.099674,0.0806751,4.2557e-06,2.08754e-06,2.16816e-06,0.329243,-0.181813,-0.281487,-6.1846e-06,0.00243614,0.0487115,0,0,2
