series_id,fund_name,registrant,adviser,tickers,first_year,last_year,years,fund_of_funds,net_assets_last,terminated,type,transparent,confidence,note
S000012387,WisdomTree U.S. AI Enhanced Value Fund,WisdomTree Trust,,AIVL,2022,2026,5,,384969895,,equity_longonly,Y,high,WisdomTree AI-enhanced value
S000012389,WisdomTree International AI Enhanced Value Fund,WisdomTree Trust,,AIVI,2022,2026,5,,56097433,,equity_longonly,Y,high,WisdomTree AI-enhanced value
S000015479,WisdomTree U.S. Value Fund,WisdomTree Trust,,WTV,2019,2026,8,,1751809894,,equity_longonly,Y,high,US value equity
S000015504,WisdomTree U.S. ESG Fund,WisdomTree Trust,,RESP,2020,2023,4,,69281932.84153846,,equity_longonly,Y,high,WisdomTree ESG equity
S000016885,VanEck Russia ETF,VanEck ETF Trust,,RSX,2023,2025,3,,32694494.68615384,,equity_longonly,Y,high,Russia equity
S000021346,WisdomTree Emerging Currency Strategy Fund,WisdomTree Trust,,CEW,2018,2025,8,,8224916,,other,Y,high,currency strategy
S000021351,WisdomTree Brazilian Real Strategy Fund,WisdomTree Trust,,BZF,2018,2018,1,,16448843.69,,other,Y,high,currency strategy
S000021353,WisdomTree Chinese Yuan Strategy Fund,WisdomTree Trust,,CYB,2018,2023,6,,25999270.86,,other,Y,high,currency strategy
S000023365,Invesco Active U.S. Real Estate ETF,Invesco Actively Managed Exchange-Traded Fund Trust,,PSR,2018,2025,8,,59318746.55666667,,equity_longonly,Y,high,active US real estate equities / REITs
S000026387,WisdomTree Managed Futures Strategy Fund,WisdomTree Trust,,WTMF,2018,2025,8,,175047710,,commodity_futures,Y,high,managed futures
S000026751,PIMCO Enhanced Short Maturity Active Exchange-Traded Fund,PIMCO ETF Trust,,MINT,2018,2025,8,,12476252906.91,,fixed_income,Y,high,PIMCO enhanced short maturity
S000026752,PIMCO Ultra Short Government Active Exchange-Traded Fund,PIMCO ETF Trust,,BILZ,2023,2025,3,,632612608.46,,fixed_income,Y,high,ultra short government
S000026754,PIMCO Short Term Municipal Bond Active Exchange-Traded Fund,PIMCO ETF Trust,,SMMU,2018,2025,8,,694321852.97,,fixed_income,Y,high,short term municipal
S000026755,PIMCO Intermediate Municipal Bond Active Exchange-Traded Fund,PIMCO ETF Trust,,MUNI,2018,2025,8,,1788910027.06,,fixed_income,Y,high,PIMCO intermediate municipal
S000026954,AdvisorShares Dorsey Wright ADR ETF,AdvisorShares Trust,,AADR,2018,2025,8,,31096662,,equity_longonly,Y,high,"AdvisorShares, ADR momentum stocks"
S000028984,WisdomTree Emerging Markets Local Debt Fund,WisdomTree Trust,,ELD,2018,2025,8,,69231360,,fixed_income,Y,high,WisdomTree; EM local debt
S000030090,AdvisorShares Ranger Equity Bear ETF,AdvisorShares Trust,,HDGE,2018,2025,8,,54706619,,equity_longshort,Y,medium,"dedicated short equity (Ranger Bear), not daily-reset"
S000030145,RiverFront Strategic Income Fund,ALPS ETF Trust,,RIGS,2018,2025,8,,87123866,,fixed_income,Y,high,strategic income bonds
S000030945,WisdomTree Asia Local Debt Fund,WisdomTree Trust,,ALD,2018,2018,1,,19820315.97,,fixed_income,Y,high,Asia local debt
S000031175,Strategy Shares US Market Rotation Strategy ETF,Strategy Shares,,HUSE,2019,2019,1,,188525552.87,,allocation_fof,Y,medium,US market rotation via sector ETFs
S000031176,Strategy Shares EcoLogical Strategy ETF,Strategy Shares,,HECO,2019,2019,1,,44622064.67,,equity_longonly,Y,high,ecological strategy equities
S000031214,AdvisorShares Madrona Domestic ETF,AdvisorShares Trust,,FWDD,2018,2018,1,,28864345,,allocation_fof,Y,low,AdvisorShares Madrona; ETF-of-ETFs
S000031215,AdvisorShares Madrona International ETF,AdvisorShares Trust,,FWDI,2018,2018,1,,12780912,,allocation_fof,Y,low,AdvisorShares Madrona; ETF-of-ETFs
S000031216,AdvisorShares North Square McKee ESG Core Bond ETF,AdvisorShares Trust,,MENV,2018,2022,5,Y,4104826,,fixed_income,Y,high,ESG core bond; fof flag noted
S000031642,AdvisorShares Meidell Tactical Advantage ETF,AdvisorShares Trust,,MATH,2018,2018,1,,13496571,04/2018,allocation_fof,Y,medium,AdvisorShares tactical ETF-of-ETFs
S000031766,VanEck Russia Small-Cap ETF,VanEck ETF Trust,,RSXJ,2023,2025,3,,454104.31538461,,equity_longonly,Y,high,Russia small-cap equity
S000031813,AdvisorShares Insider Advantage ETF,AdvisorShares Trust,,SURE,2018,2025,8,,47207758,,equity_longonly,Y,high,insider-signal equity
S000032499,AlphaCore Absolute Fund,Northern Lights Fund Trust,,GDAMX,2018,2018,1,Y,32344288,,allocation_fof,N,medium,mutual fund; absolute return FoF
S000033013,AGF U.S. Market Neutral Anti-Beta Fund,AGF Investments Trust,,BTAL,2022,2025,4,,337260954.77999997,,equity_longshort,Y,high,market neutral anti-beta
S000033059,SPDR SSGA Multi-Asset Real Return ETF,SSGA Active Trust,,RLY,2018,2025,8,Y,498967144.95153846,,allocation_fof,Y,high,multi-asset real return; fof flag
S000033060,SPDR SSGA Income Allocation ETF,SSGA Active Trust,,INKM,2018,2025,8,Y,73255540.78,,allocation_fof,Y,high,"fund_of_funds=Y, income allocation"
S000033062,SPDR SSGA Global Allocation ETF,SSGA Active Trust,,GAL,2018,2025,8,Y,241865604.37076923,,allocation_fof,Y,high,SSGA global allocation; FoF
S000033064,SPDR Blackstone Senior Loan ETF,SSGA Active Trust,,SRLN,2018,2025,8,,7264800598.82,,fixed_income,Y,high,senior loan
S000033233,PIMCO Active Bond Exchange-Traded Fund,PIMCO ETF Trust,,BOND,2018,2025,8,Y,5191634487.16,,fixed_income,Y,high,PIMCO active bond
S000033458,First Trust North American Energy Infrastructure Fund,First Trust Exchange-Traded Fund IV,,EMLP,2018,2025,8,,3186251457.58,,equity_longonly,Y,high,energy infrastructure/MLP equity
S000033843,WisdomTree Emerging Markets Corporate Bond Fund,WisdomTree Trust,,EMCB,2018,2025,8,,71151499,,fixed_income,Y,high,WisdomTree; EM corporate bond
S000034146,First Trust Senior Loan Fund,First Trust Exchange-Traded Fund IV,,FTSL,2018,2025,8,,2337990429.69,,fixed_income,Y,high,senior loans
S000034456,AdvisorShares STAR Global Buy-Write ETF,AdvisorShares Trust,,VEGA,2018,2025,8,Y,63852633,,equity_options,Y,medium,global buy-write; FoF=Y
S000034980,First Trust Preferred Securities and Income ETF,First Trust Exchange-Traded Fund III,,FPE,2018,2025,8,,5876401371.07,,fixed_income,Y,high,preferreds
S000035596,FlexShares Ultra-Short Income Fund,FlexShares Trust,,RAVI,2018,2025,8,,1260991170.91,,fixed_income,Y,high,ultra-short income
S000036005,iShares Frontier and Select EM ETF,"iShares, Inc.",,FM,2023,2024,2,,451372292.57692307,,equity_longonly,Y,high,iShares; frontier/EM equities
S000036643,Invesco S&P 500 Downside Hedged ETF,Invesco Actively Managed Exchange-Traded Fund Trust,,PHDG,2018,2025,8,,97702551.91666667,,equity_longshort,Y,medium,S&P 500 with dynamic VIX futures hedge
S000037042,iShares Short Duration Bond Active ETF,iShares U.S. ETF Trust,,NEAR,2018,2025,8,,3261463798.75153846,,fixed_income,Y,high,short duration bond
S000037634,Cambria Shareholder Yield ETF,Cambria ETF Trust,,SYLD,2021,2025,5,,1203993499,,equity_longonly,Y,high,shareholder yield equity
S000037635,Cambria Foreign Shareholder Yield ETF,Cambria ETF Trust,,FYLD,2021,2025,5,,315987630,,equity_longonly,Y,high,Cambria; shareholder yield equities
S000037636,Cambria Emerging Shareholder Yield ETF,Cambria ETF Trust,,EYLD,2021,2025,5,,456472549,,equity_longonly,Y,high,Cambria; shareholder yield equity
S000037848,First Trust Managed Futures Strategy Fund,First Trust Exchange-Traded Fund V,,FMF,2018,2025,8,,170543146.77,,commodity_futures,Y,high,managed futures
S000037977,PIMCO Enhanced Low Duration Active Exchange-Traded Fund,PIMCO ETF Trust,,LDUR,2018,2025,8,,865214234.46,,fixed_income,Y,high,PIMCO low duration
S000038247,AdvisorShares Newfleet Multi-Sector Income ETF,AdvisorShares Trust,,MINC,2018,2023,6,,37782017,,fixed_income,Y,high,multi-sector income
S000038607,SPDR SSGA Ultra Short Term Bond ETF,SSGA Active Trust,,ULST,2018,2025,8,,582158330.95076923,,fixed_income,Y,high,ultra short bond
S000039493,First Trust Tactical High Yield ETF,First Trust Exchange-Traded Fund IV,,HYLS,2018,2025,8,,1669121317.6,,fixed_income,Y,high,First Trust tactical high yield
S000039654,First Trust Global Tactical Commodity Strategy Fund,FIRST TRUST EXCHANGE-TRADED FUND VII,,FTGC,2018,2025,8,,2269868400.22,,commodity_futures,Y,high,tactical commodity futures
S000039806,AdvisorShares North Square McKee Core Reserves ETF,AdvisorShares Trust,,HOLD,2018,2022,5,,38085605,,fixed_income,Y,high,core reserves; ultra short
S000040073,SPDR MFS Systematic Core Equity ETF,SSGA Active Trust,,SYE,2018,2020,3,,34343778.25,,equity_longonly,Y,high,MFS systematic equity
S000040074,SPDR MFS Systematic Growth Equity ETF,SSGA Active Trust,,SYG,2018,2020,3,,36724670.83,,equity_longonly,Y,high,MFS systematic equity
S000040075,SPDR MFS Systematic Value Equity ETF,SSGA Active Trust,,SYV,2018,2020,3,,30037972.39,,equity_longonly,Y,high,MFS systematic equity
S000040302,First Trust BuyWrite Income ETF,First Trust Exchange-Traded Fund VI,,FTHI,2018,2025,7,,1436582018.2,,equity_options,Y,high,BuyWrite
S000040305,First Trust Nasdaq BuyWrite Income ETF,First Trust Exchange-Traded Fund VI,,FTQI,2018,2025,7,,650240308.29,,equity_options,Y,high,Nasdaq BuyWrite
S000040431,Fidelity Corporate Bond ETF,Fidelity Merrimack Street Trust,,FCOR,2018,2025,8,,245670002,,fixed_income,Y,high,Fidelity; corporate bond
S000040474,iShares Ultra Short Duration Bond Active ETF,iShares U.S. ETF Trust,,ICSH,2018,2025,8,,5838396060.82538461,,fixed_income,Y,high,iShares ultra short bond
S000040579,Franklin Short Duration U.S. Government ETF,Franklin ETF Trust,,FTSD,2019,2026,8,,246885468.42,,fixed_income,Y,high,short duration govt
S000041431,WisdomTree Emerging Markets Consumer Growth Fund,WisdomTree Trust,,EMCG,2019,2020,2,,35236631.98,,equity_longonly,Y,high,WisdomTree; EM consumer equity
S000041433,WisdomTree Emerging Markets Quality Dividend Growth Fund,WisdomTree Trust,,DGRE,2019,2026,8,,133886750,,equity_longonly,Y,high,WisdomTree; dividend growth equity
S000041726,Arrow DWA Tactical: Macro ETF,ARROW INVESTMENTS TRUST,,DWAT,2018,2024,7,Y,2901404.84355191,,allocation_fof,Y,medium,FoF flag; DWA tactical multi-asset ETF rotation
S000041784,Renaissance IPO ETF,RENAISSANCE CAPITAL GREENWICH FUNDS,,IPO,2018,2024,7,,173943865.98,,equity_longonly,Y,high,IPO equity basket
S000041848,ProShares CDS Short North American HY Credit ETF,ProShares Trust,,WYDE,2019,2019,1,,5768832.09,,fixed_income,Y,medium,short CDS high yield credit
S000042567,Fidelity Total Bond ETF,Fidelity Merrimack Street Trust,,FBND,2018,2025,8,,17160131574,,fixed_income,Y,high,Fidelity; total bond (bond ETFs transparent)
S000042569,Fidelity Limited Term Bond ETF,Fidelity Merrimack Street Trust,,FLTB,2018,2025,8,,205448871,,fixed_income,Y,high,Fidelity; limited term bond
S000042584,Hull Tactical US ETF,EXCHANGE TRADED CONCEPTS TRUST,,HTUS,2019,2022,4,Y,24544110.16,,allocation_fof,Y,medium,Hull tactical S&P timing via ETFs/futures; FoF flag
S000042798,ProShares Investment Grade-Interest Rate Hedged,ProShares Trust,,IGHG,2019,2019,1,,451165884.01,,fixed_income,Y,high,"IG credit, rate hedged"
S000042862,iShares Interest Rate Hedged Corporate Bond ETF,iShares U.S. ETF Trust,,LQDH,2018,2021,4,Y,554170736.2284615,,fixed_income,Y,high,rate-hedged IG credit; fof flag = holds LQD + swaps
S000042863,iShares Interest Rate Hedged High Yield Bond ETF,iShares U.S. ETF Trust,,HYGH,2018,2021,4,Y,92863265.2676923,,fixed_income,Y,high,rate-hedged high yield; FoF flag
S000042975,ARK Genomic Revolution ETF,ARK ETF Trust,,ARKG,2018,2025,8,,1154536652,,equity_longonly,Y,high,ARK thematic equity
S000042976,ARK Autonomous Technology & Robotics ETF,ARK ETF Trust,,ARKQ,2018,2025,8,,915957738,,equity_longonly,Y,high,ARK thematic equity
S000042977,ARK Innovation ETF,ARK ETF Trust,,ARKK,2018,2025,8,,6101973256,,equity_longonly,Y,high,ARK thematic equity
S000042978,ARK Next Generation Internet ETF,ARK ETF Trust,,ARKW,2018,2025,8,,1686182550,,equity_longonly,Y,medium,"ARK thematic equity, some crypto ETP sleeve"
S000042991,WisdomTree Bloomberg U.S. Dollar Bullish Fund,WisdomTree Trust,,USDU,2018,2025,8,,212036440,,other,Y,high,currency (USD bullish)
S000043316,Cambria Global Momentum ETF,Cambria ETF Trust,,GMOM,2019,2025,7,,116919230,,allocation_fof,Y,high,Cambria global momentum; ETF-of-ETFs
S000043317,Cambria Global Value ETF,Cambria ETF Trust,,GVAL,2021,2025,5,,107348190,,equity_longonly,Y,high,Cambria global value equities
S000043318,Cambria Global Tail Risk ETF,Cambria ETF Trust,,FAIL,2019,2024,6,,3242237,,equity_options,Y,medium,Cambria tail risk: treasuries + index puts
S000043319,Cambria Value and Momentum ETF,Cambria ETF Trust,,VAMO,2019,2025,7,,54248219,,equity_longonly,Y,medium,value+momentum stocks; discretionary hedge; looked up
S000043912,Reality Shares DIVS ETF,Reality Shares ETF Trust,,DIVY,2018,2019,2,,69082801,,other,Y,low,"Reality Shares dividend-swap strategy, not a stock book"
S000044020,Cohen & Steers Preferred and Income Opportunities Active ETF,Cohen & Steers ETF Trust,,CSPF,2025,2026,2,,72868236.55076923,,fixed_income,Y,high,preferreds
S000044089,Invesco Multi-Strategy Alternative ETF,Invesco Actively Managed Exchange-Traded Fund Trust,,LALT,2018,2018,1,,4356847.42333333,,other,Y,low,multi-strategy alternative
S000044145,iShares Interest Rate Hedged Long-Term Corporate Bond ETF,iShares U.S. ETF Trust,,IGBH,2018,2021,4,Y,706468231.7753847,,fixed_income,Y,high,rate-hedged corporate bond
S000044146,iShares Interest Rate Hedged Emerging Markets Bond ETF,iShares U.S. ETF Trust,,EMBH,2018,2021,4,Y,6471954.94615384,,fixed_income,Y,high,rate-hedged EM bond; FoF flag
S000044175,WBI BullBear Rising Income 2000 ETF,Absolute Shares Trust,,WBIA,2018,2019,2,Y,37784587.224,,equity_longonly,Y,low,WBI stock selection with cash de-risk; N-CEN FoF=Y
S000044176,WBI BullBear Global High Income ETF,Absolute Shares Trust,,WBIH,2018,2018,1,Y,273726115.45,,allocation_fof,Y,low,WBI global income ETF-of-ETFs; FoF=Y
S000044177,WBI BullBear Value 2000 ETF,Absolute Shares Trust,,WBIB,2018,2019,2,Y,35984058.275,,equity_longonly,Y,low,WBI stock selection with cash de-risk; N-CEN FoF=Y
S000044178,WBI BullBear Yield 2000 ETF,Absolute Shares Trust,,WBIC,2018,2019,2,Y,59739886.522,,equity_longonly,Y,low,WBI stock selection with cash de-risk; N-CEN FoF=Y
S000044179,WBI BullBear Quality 2000 ETF,Absolute Shares Trust,,WBID,2018,2019,2,Y,31233405.846,,equity_longonly,Y,low,WBI stock selection with cash de-risk; N-CEN FoF=Y
S000044180,WBI BullBear Rising Income 3000 ETF,Absolute Shares Trust,,WBIE,2018,2020,3,Y,52110623,,equity_longonly,Y,low,WBI stock selection with cash de-risk; N-CEN FoF=Y
S000044181,WBI BullBear Value 3000 ETF,Absolute Shares Trust,,WBIF,2018,2025,8,Y,31244802.47,,equity_longonly,Y,low,WBI stock selection with cash de-risk; N-CEN FoF=Y
S000044182,WBI BullBear Yield 3000 ETF,Absolute Shares Trust,,WBIG,2018,2025,8,Y,39141378.07,,equity_longonly,Y,low,WBI stock selection with cash de-risk; N-CEN FoF=Y
S000044183,WBI BullBear Quality 3000 ETF,Absolute Shares Trust,,WBIL,2018,2025,8,Y,37210201.33,,equity_longonly,Y,low,WBI stock selection with cash de-risk; N-CEN FoF=Y
S000044184,WBI BullBear Global Income ETF,Absolute Shares Trust,,WBII,2018,2023,6,Y,40242871,,allocation_fof,Y,low,WBI global income ETF-of-ETFs; FoF=Y
S000044373,First Trust Managed Municipal ETF,First Trust Exchange-Traded Fund III,,FMB,2018,2025,8,,1953240601.18,,fixed_income,Y,high,First Trust; muni
S000044509,Invesco Optimum Yield Diversified Commodity Strategy No K-1 ETF,Invesco Actively Managed Exchange-Traded Commodity Fund Trust,,PDBC,2018,2025,8,,4459799606.085,,commodity_futures,Y,high,"diversified commodity futures, no K-1"
S000044971,iShares Commodities Select Strategy ETF,iShares U.S. ETF Trust,,COMT,2018,2020,3,,296294404.79,,commodity_futures,Y,high,commodity strategy
S000045418,InfraCap MLP ETF,ETFis Series Trust I,,AMZA,2018,2025,8,,414862420,,equity_longonly,Y,medium,"MLP equity, leverage + options overlay"
S000045700,First Trust Long/Short Equity ETF,First Trust Exchange-Traded Fund III,,FTLS,2018,2025,8,,1894171613.54,,equity_longshort,Y,high,long/short equity
S000045797,First Trust Enhanced Short Maturity ETF,First Trust Exchange-Traded Fund IV,,FTSM,2018,2025,8,,6256182677.02,,fixed_income,Y,high,enhanced short maturity
S000045833,AdvisorShares Pacific Asset Enhanced Floating Rate ETF,AdvisorShares Trust,,FLRT,2018,2019,2,,29189534,,fixed_income,Y,high,AdvisorShares; floating rate
S000046016,Alpha Architect US Quantitative Value ETF,EA Series Trust,,QVAL,2022,2024,3,,320932716.65,,equity_longonly,Y,high,Alpha Architect quant value equity
S000046017,Alpha Architect International Quantitative Value ETF,EA Series Trust,,IVAL,2022,2024,3,,149666737.55,,equity_longonly,Y,high,Alpha Architect value equity
S000046018,Alpha Architect US Quantitative Momentum ETF,EA Series Trust,,QMOM,2022,2024,3,,197660650.75,,equity_longonly,Y,high,Alpha Architect quant momentum equity
S000046019,Alpha Architect International Quantitative Momentum ETF,EA Series Trust,,IMOM,2022,2024,3,,78946331.72,,equity_longonly,Y,high,Alpha Architect momentum equity
S000046109,First Trust High Income Strategic Focus ETF,First Trust Exchange-Traded Fund IV,,HISF,2018,2025,8,,48106834.25,,fixed_income,Y,medium,First Trust income FoF of bond ETFs
S000046204,First Trust Low Duration Opportunities ETF,First Trust Exchange-Traded Fund IV,,LMBS,2018,2025,8,,4988519066.6,,fixed_income,Y,high,First Trust mortgage/low duration
S000046314,SPDR DoubleLine Total Return Tactical ETF,SSGA Active Trust,,TOTL,2018,2025,8,,3371652119.16538461,,fixed_income,Y,high,DoubleLine total return bond
S000046484,PIMCO Senior Loan Active Exchange-Traded Fund,PIMCO ETF Trust,,LONZ,2022,2025,4,,750371993.3,,fixed_income,Y,high,PIMCO senior loans
S000046751,First Trust Emerging Markets Local Currency Bond ETF,First Trust Exchange-Traded Fund III,,FEMB,2018,2025,8,,188113055.6,,fixed_income,Y,high,First Trust; EM local currency bond
S000046801,Vident U.S. Bond Strategy ETF,ETF Series Solutions,,VBND,2025,2025,1,,453307208,,fixed_income,Y,high,bond strategy
S000046875,Renaissance International IPO ETF,RENAISSANCE CAPITAL GREENWICH FUNDS,,IPOS,2018,2024,7,,5242089.07692307,,equity_longonly,Y,high,IPO equity basket
S000046943,Eaton Vance Global Income Builder NextShares,Eaton Vance NextShares Trust,,EVGBC,2018,2022,5,,1071821.98615384,,allocation_fof,N,medium,NextShares; multi-asset income builder
S000046947,Eaton Vance Stock NextShares,Eaton Vance NextShares Trust,,EVSTC,2018,2021,4,,6716870.96230769,,equity_longonly,N,high,Eaton Vance NextShares stock fund
S000046960,Eaton Vance Floating-Rate NextShares,Eaton Vance NextShares Trust II,,EVFTC,2018,2018,1,,4914333.98,,fixed_income,N,high,Eaton Vance NextShares non-transparent
S000046964,Eaton Vance TABS 5-to-15 Year Laddered Municipal Bond NextShares,Eaton Vance NextShares Trust II,,EVLMC,2019,2022,4,,5611187.5976923,,fixed_income,N,high,Eaton Vance NextShares muni
S000047227,iShares MSCI Russia ETF,"iShares, Inc.",,ERUS,2022,2022,1,,278775910.9876923,,equity_longonly,Y,high,Russia equity
S000047294,Cambria Global Asset Allocation ETF,Cambria ETF Trust,,GAA,2019,2025,7,,54604092,,allocation_fof,Y,high,Cambria; global asset allocation ETF-of-ETFs
S000047352,iShares Short Maturity Municipal Bond Active ETF,iShares U.S. ETF Trust,,MEAR,2018,2025,8,,985034627.75,05/2024,fixed_income,Y,high,short maturity municipal
S000048895,Virtus Newfleet Multi-Sector Bond ETF,ETFis Series Trust I,,NFLT,2018,2025,8,,254316448,,fixed_income,Y,high,multi-sector bond
S000049009,AlphaMark Actively Managed Small Cap ETF,ETF Series Solutions,,SMCP,2019,2024,6,Y,26175398.94,,equity_longonly,Y,medium,active small cap; fof flag incidental
S000049047,Principal Active High Yield ETF,Principal Exchange-Traded Funds,,YLD,2018,2025,8,,267344858.35846153,,fixed_income,Y,high,active high yield
S000049397,Virtus Reaves Utilities ETF,ETFis Series Trust I,,UTES,2018,2025,8,,351927617,,equity_longonly,Y,high,utilities equity
S000050303,Virtus Cumberland Municipal Bond ETF,ETFis Series Trust I,,CUMB,2018,2018,1,,14279444,,fixed_income,Y,high,muni
S000050640,First Trust SSI Strategic Convertible Securities ETF,First Trust Exchange-Traded Fund IV,,FCVT,2018,2025,8,,86854077.85,,fixed_income,Y,high,convertible securities
S000051124,ProShares Managed Futures Strategy ETF,ProShares Trust,,FUT,2019,2021,3,,4646556.55999999,,commodity_futures,Y,high,ProShares managed futures
S000051544,WBI BullBear Global Rotation ETF,Absolute Shares Trust,,WBIR,2018,2018,1,Y,20339785.252,,allocation_fof,Y,low,WBI global rotation ETF-of-ETFs; FoF=Y
S000051570,Virtus Newfleet Short Duration High Yield Bond ETF,Virtus ETF Trust II,,VSHY,2018,2025,8,,16878215,,fixed_income,Y,high,short duration high yield
S000051581,First Trust Heitman Global Prime Real Estate ETF,First Trust Exchange-Traded Fund IV,,PRME,2018,2018,1,,1160667.47,,equity_longonly,Y,medium,global real estate equities / REITs
S000051606,First Trust Municipal High Income ETF,First Trust Exchange-Traded Fund III,,FMHI,2018,2025,8,,744837005.54,,fixed_income,Y,high,First Trust; muni high income
S000051618,RiverFront Dynamic Unconstrained Income ETF,ALPS ETF Trust,,RFUN,2018,2020,3,,13682516.24,,fixed_income,Y,high,unconstrained income bonds
S000051619,RiverFront Dynamic Core Income ETF,ALPS ETF Trust,,RFCI,2018,2025,8,,20405832,,fixed_income,Y,high,core income bonds
S000051678,Invesco Variable Rate Investment Grade ETF,Invesco Actively Managed Exchange-Traded Fund Trust,,VRIG,2018,2025,8,,1240289434.23083333,,fixed_income,Y,high,variable rate investment grade
S000052162,SPDR DoubleLine Short Duration Total Return Tactical ETF,SSGA Active Trust,,STOT,2018,2025,8,,183411864.70615384,,fixed_income,Y,high,short duration total return
S000052163,SPDR DoubleLine Emerging Markets Fixed Income ETF,SSGA Active Trust,,EMTL,2018,2025,8,,91565343.87230769,,fixed_income,Y,high,SPDR DoubleLine; EM fixed income
S000052355,WisdomTree Japan Multifactor Fund,WisdomTree Trust,,JAMF,2019,2019,1,,2479297.56,,equity_longonly,Y,high,multifactor equity
S000052357,WisdomTree Europe Multifactor Fund,WisdomTree Trust,,EUMF,2019,2019,1,,14192961.54,,equity_longonly,Y,high,WisdomTree; Europe multifactor
S000052563,Janus Henderson Small Cap Growth Alpha ETF,Janus Detroit Street Trust,,JSML,2025,2025,1,,221158155.04,,equity_longonly,Y,high,small cap growth
S000052564,Janus Henderson Small/Mid Cap Growth Alpha ETF,Janus Detroit Street Trust,,JSMD,2025,2025,1,,516383565.02,,equity_longonly,Y,high,small/mid growth
S000052735,First Trust RiverFront Dynamic Asia Pacific ETF,First Trust Exchange-Traded Fund III,,RFAP,2018,2020,3,,14827147.81,,equity_longonly,Y,high,RiverFront regional equity
S000052736,First Trust RiverFront Dynamic Developed International ETF,First Trust Exchange-Traded Fund III,,RFDI,2018,2025,8,,117593945.37,,equity_longonly,Y,high,RiverFront regional equity
S000052737,First Trust RiverFront Dynamic Emerging Markets ETF,First Trust Exchange-Traded Fund III,,RFEM,2018,2025,8,,34236821.94,,equity_longonly,Y,high,RiverFront regional equity
S000052738,First Trust RiverFront Dynamic Europe ETF,First Trust Exchange-Traded Fund III,,RFEU,2018,2025,8,,6606684.41,,equity_longonly,Y,high,RiverFront regional equity
S000052852,RiverFront Dynamic US Dividend Advantage ETF,ALPS ETF Trust,,RFDA,2018,2025,8,,78995567,,equity_longonly,Y,high,RiverFront dividend equity
S000052853,ALPS Active Equity Opportunity ETF,ALPS ETF Trust,,RFFC,2018,2025,8,,24295156,,equity_longonly,Y,high,ALPS active equity
S000052929,Principal Quality ETF,Principal Exchange-Traded Funds,,PSET,2023,2025,3,,55885011.10692307,,equity_longonly,Y,high,quality factor equity
S000052930,Principal Value ETF,Principal Exchange-Traded Funds,,PY,2023,2025,3,,149334624.49615384,,equity_longonly,Y,high,value factor equity
S000052985,JPMorgan Diversified Alternatives ETF,J.P. Morgan Exchange-Traded Fund Trust,,JPHF,2018,2019,2,,160681692.38,,equity_longshort,Y,medium,"diversified alternatives, L/S core"
S000053369,WisdomTree Emerging Markets ESG Fund,WisdomTree Trust,,RESE,2020,2023,4,,24516560.82538461,,equity_longonly,Y,high,WisdomTree ESG equity
S000053430,AdvisorShares Cornerstone Small Cap ETF,AdvisorShares Trust,,SCAP,2018,2019,2,,4998846,,equity_longonly,Y,high,AdvisorShares small cap
S000053488,First Trust Alternative Absolute Return Strategy ETF,FIRST TRUST EXCHANGE-TRADED FUND VII,,FAAR,2018,2025,8,,105240101.29,,commodity_futures,Y,high,First Trust alternative absolute return; commodity futures
S000053774,Franklin Income Equity Focus ETF,Franklin Templeton ETF Trust,,INCE,2019,2026,8,,101516246.8,,equity_options,Y,medium,Franklin income equity w/ covered calls
S000053775,Franklin Investment Grade Corporate ETF,Franklin Templeton ETF Trust,,FLCO,2019,2026,8,,584914988.99,,fixed_income,Y,high,Franklin; IG corporate
S000053776,Franklin Liberty International Opportunities ETF,Franklin Templeton ETF Trust,,FLIO,2019,2019,1,,9924717.16,,equity_longonly,Y,high,Franklin; intl equity
S000053955,Natixis Seeyond International Minimum Volatility ETF,Natixis ETF Trust,,MVIN,2018,2019,2,,23616064.74,,equity_longonly,Y,medium,Seeyond minimum volatility equity
S000053967,First Trust Income Opportunities ETF,First Trust Exchange-Traded Fund VIII,,FCEF,2018,2025,8,Y,43662371.1,,allocation_fof,Y,medium,fund of closed-end funds; FoF flag
S000053970,First Trust Flexible Municipal High Income ETF,First Trust Exchange-Traded Fund VIII,,MFLX,2018,2025,8,Y,15045091.49,,fixed_income,Y,high,municipal high income; fof flag noted
S000054088,Aptus Drawdown Managed Equity ETF,ETF Series Solutions,,ADME,2020,2025,6,,208263226.71,,equity_options,Y,medium,Aptus equity + option hedge
S000054091,SPDR(R) SSGA U.S. Sector Rotation ETF,SSGA Active Trust,,XLSR,2019,2025,7,Y,649583560.33461538,,allocation_fof,Y,high,SSGA sector rotation ETF-of-ETFs; fof flag
S000054175,AdvisorShares KIM Korea Equity ETF,AdvisorShares Trust,,KOR,2018,2018,1,,10391454,,equity_longonly,Y,high,Korea equity
S000054369,Cambria Tail Risk ETF,Cambria ETF Trust,,TAIL,2019,2025,7,,78156399,,equity_options,Y,high,long index puts plus treasuries
S000054445,Ivy Focused Growth NextShares,Ivy NextShares,,,2018,2020,3,,13621334.15,09/2019,,,,
S000054446,Ivy Focused Value NextShares,Ivy NextShares,,,2018,2020,3,,8653902.18999999,09/2019,,,,
S000054447,Ivy Focused Energy NextShares,Ivy NextShares,,,2018,2020,3,,5249571.53,09/2019,,,,
S000054488,JPMorgan High Yield Research Enhanced ETF,J.P. Morgan Exchange-Traded Fund Trust,,JPHY,2019,2023,5,,162924968.96,,fixed_income,Y,high,high yield
S000054538,JPMorgan Event Driven ETF,J.P. Morgan Exchange-Traded Fund Trust,,JPED,2018,2019,2,,27168016.98,,equity_longshort,Y,medium,event driven / merger arb
S000054590,ProShares K-1 Free Crude Oil Strategy ETF,ProShares Trust,,OILK,2019,2023,5,,93752897.84,,commodity_futures,Y,high,"crude oil futures strategy, K-1 free"
S000054611,Principal Healthcare Innovators ETF,Principal Exchange-Traded Funds,,BTEC,2023,2024,2,,42945743.71846153,,equity_longonly,Y,high,healthcare thematic equity
S000054612,Principal Millennial Global Growth ETF,Principal Exchange-Traded Funds,,GENY,2023,2023,1,,26043470.09076923,,equity_longonly,Y,high,thematic global equity
S000054641,U.S. Global GO GOLD and Precious Metal Miners ETF,ETF Series Solutions,,GOAU,2025,2025,1,,133782605,,equity_longonly,Y,high,gold/precious metal miner equities
S000054749,Fidelity High Dividend ETF,FIDELITY COVINGTON TRUST,,FDVV,2018,2020,3,,466942955.65,,equity_longonly,Y,high,"Fidelity factor equity, transparent"
S000054750,Fidelity Dividend ETF for Rising Rates,FIDELITY COVINGTON TRUST,,FDRR,2018,2020,3,,324903194.65,,equity_longonly,Y,high,"Fidelity factor equity, transparent"
S000054751,Fidelity Low Volatility Factor ETF,FIDELITY COVINGTON TRUST,,FDLO,2018,2020,3,,334946768.42,,equity_longonly,Y,high,"Fidelity factor equity, transparent"
S000054752,Fidelity Momentum Factor ETF,FIDELITY COVINGTON TRUST,,FDMO,2018,2020,3,,99998276.54,,equity_longonly,Y,high,"Fidelity factor equity, transparent"
S000054753,Fidelity Quality Factor ETF,FIDELITY COVINGTON TRUST,,FQAL,2018,2020,3,,147717569.86,,equity_longonly,Y,high,Fidelity factor equity
S000054754,Fidelity Value Factor ETF,FIDELITY COVINGTON TRUST,,FVAL,2018,2020,3,,168286595.26,,equity_longonly,Y,high,Fidelity factor equity
S000054767,Principal Spectrum Preferred Securities Active ETF,Principal Exchange-Traded Funds,,PREF,2018,2025,8,,1055261623.48307692,,fixed_income,Y,high,preferred securities
S000054790,JPMorgan Ultra-Short Income ETF,J.P. Morgan Exchange-Traded Fund Trust,,JPST,2019,2026,8,,23454488538.78,,fixed_income,Y,high,ultra-short income
S000054802,JPMorgan International Bond Opportunities ETF,J.P. Morgan Exchange-Traded Fund Trust,,JPIB,2019,2026,8,,350758379.16,,fixed_income,Y,high,intl bond
S000054952,Gabelli Food of All Nations NextShares,GABELLI NEXTSHARES TRUST,,FOANC,2018,2018,1,,1832661,,equity_longonly,N,high,Gabelli NextShares ETMF
S000054955,Gabelli Media Mogul NextShares,GABELLI NEXTSHARES TRUST,,MOGLC,2018,2018,1,,5034259,,equity_longonly,N,high,Gabelli NextShares = non-transparent ETMF
S000054959,First Trust Horizon Managed Volatility Developed International ETF,First Trust Exchange-Traded Fund III,,HDMV,2018,2025,8,,30823511.84,,equity_longonly,Y,high,managed-vol developed intl equities
S000054960,First Trust Horizon Managed Volatility Domestic ETF,First Trust Exchange-Traded Fund III,,HUSV,2018,2025,8,,95989162.27,,equity_longonly,Y,high,managed-vol domestic equities
S000054995,FCF US Quality ETF,TrimTabs ETF Trust,,TTAC,2018,2024,7,,320521897.073,,equity_longonly,Y,high,free-cash-flow quality equity
S000055090,AdvisorShares Focused Equity ETF,AdvisorShares Trust,,CWS,2018,2025,8,,176192357,,equity_longonly,Y,high,focused equity
S000055107,Amplify CWP Enhanced Dividend Income ETF,Amplify ETF Trust,,DIVO,2018,2024,7,,2734909929,,equity_options,Y,high,Amplify CWP; covered call overlay
S000055159,Principal U.S. Small-Cap ETF,Principal Exchange-Traded Funds,,PSC,2023,2025,3,,707385746.35230769,,equity_longonly,Y,high,US small cap equity
S000055185,SPDR SSGA Fixed Income Sector Rotation ETF,SSGA Active Trust,,FISR,2019,2025,7,Y,324091895.4176923,,allocation_fof,Y,medium,bond sector rotation ETF-of-ETFs; FoF flag
S000055281,Janus Henderson Short Duration Income ETF,Janus Detroit Street Trust,,VNLA,2018,2025,8,,2526385795.67,,fixed_income,Y,high,short duration income
S000055342,Davis Select U.S. Equity ETF,Davis Fundamental ETF Trust,,DUSA,2018,2025,8,,690281034,,equity_longonly,Y,high,Davis Select; US equity
S000055343,Davis Select Financial ETF,Davis Fundamental ETF Trust,,DFNL,2018,2025,8,,268764226,,equity_longonly,Y,high,Davis sector equity
S000055344,Davis Select Worldwide ETF,Davis Fundamental ETF Trust,,DWLD,2018,2025,8,,397087540,,equity_longonly,Y,high,Davis Select; worldwide equity
S000055378,WisdomTree International ESG Fund,WisdomTree Trust,,RESD,2020,2023,4,,8264268.14,,equity_longonly,Y,high,WisdomTree ESG equity
S000055516,FlexShares Core Select Bond Fund,FlexShares Trust,,BNDC,2018,2025,8,Y,144712203.67,,fixed_income,Y,high,"bond, fof=Y"
S000055583,WBI Power Factor High Dividend ETF,Absolute Shares Trust,,WBIY,2018,2018,1,Y,42159447.144,,equity_longonly,Y,low,WBI power factor dividend stocks; FoF=Y
S000055942,CWA Income ETF,StrongVest ETF Trust,,CWAI,2018,2018,1,,8665732,,fixed_income,Y,low,"income fund, composition uncertain"
S000056027,Virtus Enhanced Short U.S. Equity ETF,Virtus ETF Trust II,,VESH,2018,2018,1,,2313315,,leveraged_inverse,Y,medium,short US equity exposure
S000056061,EquityCompass Risk Manager ETF,First Trust Exchange-Traded Fund VIII,,ERM,2018,2022,5,,20254661.32,,equity_longonly,Y,low,EquityCompass risk-managed equity; de-risks to cash
S000056062,EquityCompass Tactical Risk Manager ETF,First Trust Exchange-Traded Fund VIII,,TERM,2018,2021,4,,12535569.37,,allocation_fof,Y,low,tactical risk manager; rotates ETFs/cash
S000056066,FormulaFolios Hedged Growth ETF,Northern Lights Fund Trust IV,,FFHG,2019,2023,5,Y,52756831.64676707,,allocation_fof,Y,high,FoF flag; FormulaFolios model portfolio
S000056067,FormulaFolios Tactical Income ETF,Northern Lights Fund Trust IV,,FFTI,2019,2023,5,Y,97592169.71501371,,allocation_fof,Y,high,FoF flag; FormulaFolios tactical income
S000056192,abrdn Bloomberg All Commodity Strategy K-1 Free ETF,abrdn ETFs,,BCI,2018,2024,7,,1026523381.56076923,,commodity_futures,Y,high,broad commodity futures
S000056193,abrdn Bloomberg All Commodity Longer Dated Strategy K-1 Free ETF,abrdn ETFs,,BCD,2018,2024,7,,220905036.55076923,,commodity_futures,Y,high,broad commodity futures
S000056195,Aberdeen Standard Bloomberg WTI Crude Oil Strategy K-1 Free ETF,Aberdeen Standard Investments ETFs,,AOIL,2018,2019,2,,3778519,,commodity_futures,Y,high,WTI crude futures
S000056225,Ecofin Global Water ESG Fund,Managed Portfolio Series,,EBLU,2018,2024,7,,53501569,,equity_longonly,Y,high,water thematic equity
S000056247,Tortoise North American Pipeline Fund,Managed Portfolio Series,,TPYP,2018,2024,7,,553877290,,equity_longonly,Y,high,pipeline/midstream equities
S000056279,GraniteShares Bloomberg Commodity Broad Strategy No K-1 ETF,GraniteShares ETF Trust,,COMB,2018,2025,8,,86301141,,commodity_futures,Y,high,broad commodity
S000056280,GraniteShares S&P GSCI Commodity Broad Strategy No K-1 ETF,GraniteShares ETF Trust,,COMG,2018,2019,2,,6835147.323,,commodity_futures,Y,high,broad commodity
S000056288,Hartford Global Impact NextShares Fund,Hartford Funds NextShares Trust,,HFGIC,2018,2018,1,,5014786.57,,equity_longonly,N,high,Hartford NextShares ETMF
S000056347,Invesco Conservative Multi-Asset Allocation ETF,Invesco Actively Managed Exchange-Traded Fund Trust,,PSMC,2018,2022,5,Y,14494519.0008333,,allocation_fof,Y,high,N-CEN fund_of_funds=Y; multi-asset allocation
S000056348,Invesco Moderately Conservative Multi-Asset Allocation ETF,Invesco Actively Managed Exchange-Traded Fund Trust,,PSMM,2018,2022,5,Y,22091856.0491667,,allocation_fof,Y,high,N-CEN fund_of_funds=Y; multi-asset allocation
S000056349,Invesco Balanced Multi-Asset Allocation ETF,Invesco Actively Managed Exchange-Traded Fund Trust,,PSMB,2018,2022,5,Y,30214029.25,,allocation_fof,Y,high,N-CEN fund_of_funds=Y; multi-asset allocation
S000056350,Invesco Growth Multi-Asset Allocation ETF,Invesco Actively Managed Exchange-Traded Fund Trust,,PSMG,2018,2022,5,Y,23004111.0675,,allocation_fof,Y,high,N-CEN fund_of_funds=Y; multi-asset allocation
S000056501,First Trust Smith Opportunistic Fixed Income ETF,First Trust Exchange-Traded Fund VIII,,FIXD,2018,2025,8,,4345433652.74,,fixed_income,Y,high,First Trust; opportunistic fixed income
S000056654,Hartford Corporate Bond ETF,Hartford Funds Exchange-Traded Trust,,HCOR,2018,2018,1,,15124901.08,,fixed_income,Y,high,Hartford corporate bond
S000056655,Hartford Quality Bond ETF,Hartford Funds Exchange-Traded Trust,,HQBD,2018,2018,1,,19894541.63,,fixed_income,Y,high,Hartford quality bond
S000056657,Saba Closed-End Funds ETF,Exchange Listed Funds Trust,,CEFS,2018,2025,8,Y,284152613.21493101,,allocation_fof,Y,high,"closed-end fund of funds, FoF Y"
S000056752,Amplify YieldShares Oil Hedged MLP Income ETF,Amplify ETF Trust,,AMLX,2018,2018,1,,1136503,04/2018,equity_longonly,Y,medium,MLP equity with oil futures hedge
S000056835,FCF International Quality ETF,TrimTabs ETF Trust,,TTAI,2018,2024,7,,59118015.709,,equity_longonly,Y,high,free-cash-flow quality equity
S000056852,Arrow Reserve Capital Management ETF,ARROW INVESTMENTS TRUST,,ARCM,2019,2026,8,,46958757.06002738,,fixed_income,Y,high,ultra-short reserve cash
S000056879,Republican Policies Fund,Active Weighting Funds ETF Trust,,GOP,2018,2018,1,,1701743,04/2018,equity_longonly,Y,medium,political-theme stock portfolio
S000056880,Democratic Policies Fund,Active Weighting Funds ETF Trust,,DEMS,2018,2018,1,,1430711,04/2018,equity_longonly,Y,medium,policy-themed equity
S000056881,EventShares U.S. Legislative Opportunities ETF,Listed Funds Trust,,PLCY,2018,2019,2,,18286812.08,,equity_longonly,Y,high,policy-thematic equity
S000057207,ClearBridge All Cap Growth ESG ETF,Legg Mason ETF Investment Trust,,CACG,2018,2024,7,,108990216.32,,equity_longonly,Y,high,ClearBridge growth ESG
S000057344,FIELDSTONE MERLIN DYNAMIC LARGE CAP GROWTH ETF,Spinnaker ETF Series,,FMDG,2018,2018,1,,6366092,,equity_longonly,Y,medium,large cap growth
S000057345,UVA Unconstrained Medium-Term Fixed Income ETF,Spinnaker ETF Series,,FFIU,2018,2025,8,,46595260.26,,fixed_income,Y,high,UVA; unconstrained fixed income
S000057346,UVA Dividend Value ETF,Spinnaker ETF Series,,UVDV,2022,2022,1,,14777980,,equity_longonly,Y,high,dividend value equity
S000057372,Alpha Architect Value Momentum Trend ETF,EA Series Trust,,VMOT,2022,2024,3,Y,28563748.7,,allocation_fof,Y,medium,Alpha Architect ETF-of-ETFs with trend hedge
S000057625,Principal Active Global Dividend Income ETF,Principal Exchange-Traded Funds,,GDVD,2018,2020,3,,720862033.28,,equity_longonly,Y,high,Principal; global dividend equities
S000057660,NYLI MacKay Muni Insured ETF,New York Life Investments Active ETF Trust,,MMIN,2019,2025,7,,481881509,,fixed_income,Y,high,muni insured
S000057661,NYLI MacKay Muni Intermediate ETF,New York Life Investments Active ETF Trust,,MMIT,2019,2025,7,,740507406,,fixed_income,Y,high,muni intermediate
S000057700,ClearBridge Large Cap Growth Select ETF,Legg Mason ETF Investment Trust,,LRGE,2018,2026,9,,420901587.76,,equity_longonly,Y,high,ClearBridge large cap growth
S000057702,Franklin ClearBridge Enhanced Income ETF,Legg Mason ETF Investment Trust,,YLDE,2018,2026,9,,112847801.94,,equity_options,Y,medium,enhanced income; dividend equities with covered calls
S000057712,ClearShares OCIO ETF,ETF Series Solutions,,OCIO,2019,2025,7,Y,145576310.17,,allocation_fof,Y,high,"N-CEN fund_of_funds=Y, OCIO multi-asset"
S000057737,Cambria Core Equity ETF,Cambria ETF Trust,,CCOR,2019,2019,1,,80598116.29,,equity_options,Y,medium,Cambria/Core Alternative: equity + option hedge
S000057775,Gabelli RBI NextShares,GABELLI NEXTSHARES TRUST,,GRBIC,2018,2018,1,,1207527,,equity_longonly,N,high,Gabelli NextShares ETMF
S000057879,Franklin Dynamic Municipal Bond ETF,Franklin Templeton ETF Trust,,FLMI,2019,2026,8,,1102221605.09,,fixed_income,Y,high,Franklin; muni bond
S000057880,Franklin Municipal Green Bond ETF,Franklin Templeton ETF Trust,,FLMB,2019,2026,8,,94373507.96,,fixed_income,Y,high,Franklin; muni green bond
S000057894,First Trust California Municipal High Income ETF,First Trust Exchange-Traded Fund III,,FCAL,2018,2025,8,,263003030.12,,fixed_income,Y,high,First Trust; muni
S000057958,Hartford Total Return Bond ETF,Hartford Funds Exchange-Traded Trust,,HTRB,2018,2025,8,,1930949225.19384615,,fixed_income,Y,high,Hartford total return bond
S000058011,iShares Inflation Hedged Corporate Bond ETF,iShares U.S. ETF Trust,,LQDI,2018,2021,4,Y,36063526.23153846,,fixed_income,Y,high,inflation-hedged IG credit; fof flag = holds LQD + swaps
S000058058,AdvisorShares New Tech and Media ETF,AdvisorShares Trust,,FNG,2018,2019,2,,27653666,,equity_longonly,Y,high,AdvisorShares; tech/media stocks
S000058077,Royce Quant Small-Cap Quality Value ETF,Legg Mason ETF Investment Trust,,SQLV,2018,2026,5,,25045740.47,,equity_longonly,Y,high,quant small cap equity
S000058154,Main Sector Rotation ETF,Northern Lights Fund Trust IV,,SECT,2019,2025,7,Y,2051474057.13,,allocation_fof,Y,high,sector ETF rotation; fof flag
S000058182,First Trust Institutional Preferred Securities and Income ETF,First Trust Exchange-Traded Fund III,,FPEI,2018,2025,8,,1597325567.5,,fixed_income,Y,high,institutional preferreds
S000058208,Cambria Global Real Estate ETF,Cambria ETF Trust,,BLDG,2021,2025,5,,33532522,,equity_longonly,Y,high,global real estate equity
S000058209,Cambria Cannabis ETF,Cambria ETF Trust,,TOKE,2020,2025,6,,13852717,,equity_longonly,Y,high,cannabis equity
S000058251,Innovator U.S. Equity Buffer ETF - July,Innovator ETFs Trust,,BJUL,2018,2025,8,,254986661.640603,,equity_options,Y,high,Innovator buffer
S000058252,Innovator U.S. Equity Power Buffer ETF - July,Innovator ETFs Trust,,PJUL,2018,2025,8,,991807130.849178,,equity_options,Y,high,Innovator power buffer
S000058253,Innovator U.S. Equity Ultra Buffer ETF - July,Innovator ETFs Trust,,UJUL,2018,2025,8,,159895742.428055,,equity_options,Y,high,Innovator ultra buffer
S000058304,Virtus WMC International Dividend ETF,ETFis Series Trust I,,VWID,2018,2025,8,,12493071,,equity_longonly,Y,high,international dividend equity
S000058619,AI Powered Equity ETF,ETF Managers Trust,,AIEQ,2018,2023,6,,107640965.379,,equity_longonly,Y,high,AI-driven US equity
S000058687,Novo Nordisk A/S (B Shares) ADRhedged,Precidian ETFs Trust,,NVOH,2025,2025,1,,1303906,,equity_longonly,Y,medium,"looked up; Precidian ADRhedged = single ADR + FX, not ActiveShares"
S000058689,Shell plc ADRhedged,Precidian ETFs Trust,,SHEH,2024,2025,2,,3111123,,equity_longonly,N,medium,Precidian ADRhedged single ADR
S000058692,SAP SE ADRhedged,Precidian ETFs Trust,,SAPH,2025,2025,1,,839510,,equity_longonly,N,medium,Precidian ADRhedged single ADR
S000058694,Toyota Motor Corporation ADRhedged,Precidian ETFs Trust,,TMH,2025,2025,1,,1000990,,equity_longonly,U,low,Precidian ADRhedged: single Toyota ADR + FX hedge
S000058696,AstraZeneca PLC ADRhedged,Precidian ETFs Trust,,AZNH,2024,2025,2,,2607522,,equity_longonly,N,medium,"Precidian ADRhedged, single ADR + FX hedge"
S000058698,BP p.l.c. ADRhedged,Precidian ETFs Trust,,BPH,2025,2025,1,,806454,,equity_longonly,U,medium,Precidian ADRhedged: single ADR + FX hedge; disclosure regime unclear
S000058701,GSK plc ADRhedged,Precidian ETFs Trust,,GSKH,2025,2025,1,,746884,,equity_longonly,N,high,Precidian ADRhedged; single-stock ADR
S000058702,HSBC Holdings Plc ADRHedged,Precidian ETFs Trust,,HSBH,2024,2025,2,,4424618,,equity_longonly,N,high,Precidian ADRhedged; single-stock ADR
S000058871,Hartford Municipal Opportunities ETF,Hartford Funds Exchange-Traded Trust,,HMOP,2018,2025,8,,507650614.90692307,,fixed_income,Y,high,Hartford muni
S000058872,Hartford Schroders Tax-Aware Bond ETF,Hartford Funds Exchange-Traded Trust,,HTAB,2018,2025,8,,417191081.8876923,,fixed_income,Y,high,Hartford tax-aware bond
S000059030,USAA Core Intermediate-Term Bond ETF,USAA ETF Trust,,UITB,2018,2018,1,,95178505.54,,fixed_income,Y,high,core intermediate bond
S000059031,USAA Core Short-Term Bond ETF,USAA ETF Trust,,USTB,2018,2018,1,,44017437.49,,fixed_income,Y,high,core short-term bond
S000059080,Virtus InfraCap U.S. Preferred Stock ETF,ETFis Series Trust I,,PFFA,2018,2025,8,,1561753080,,fixed_income,Y,high,preferred stock
S000059123,JPMorgan Long/Short ETF,J.P. Morgan Exchange-Traded Fund Trust,,JPLS,2018,2019,2,,24517774.07,,equity_longshort,Y,high,long/short equity
S000059124,JPMorgan Managed Futures Strategy ETF,J.P. Morgan Exchange-Traded Fund Trust,,JPMF,2018,2019,2,,50758647.65,,commodity_futures,Y,high,managed futures
S000059138,Change Finance U.S. Large Cap Fossil Fuel Free ETF,ETF Series Solutions,,CHGX,2018,2018,1,,3485379,,equity_longonly,Y,high,fossil-fuel-free large cap
S000059168,Calvert Ultra-Short Duration Income NextShares,Calvert Management Series,,CRUSC,2018,2018,1,,10014011.37778,,fixed_income,N,high,"NextShares ETMF, non-transparent"
S000059183,Principal U.S. Mega-Cap ETF,Principal Exchange-Traded Funds,,USMC,2023,2025,3,,2622797912.11846153,,equity_longonly,Y,high,mega-cap equity
S000059209,FormulaFolios Smart Growth ETF,Northern Lights Fund Trust IV,,FFSG,2019,2023,5,Y,25730468.56367122,,allocation_fof,Y,high,FoF flag; FormulaFolios model portfolio
S000059210,FormulaFolios Tactical Growth ETF,Northern Lights Fund Trust IV,,FFTG,2019,2023,5,Y,27337931.34257535,,allocation_fof,Y,high,FoF flag; FormulaFolios tactical
S000059263,AdvisorShares Vice ETF,AdvisorShares Trust,,VICE,2018,2025,8,,7206691,,equity_longonly,Y,high,vice thematic equity
S000059362,Eaton Vance Oaktree Diversified Credit Nextshares,Eaton Vance NextShares Trust II,,OKDCC,2018,2018,1,,51033911.53,,fixed_income,N,high,Eaton Vance NextShares = non-transparent ETMF; diversified credit
S000059365,Western Asset Total Return ETF,Legg Mason ETF Investment Trust,,WBND,2018,2025,8,,28293303.2,,fixed_income,Y,high,Western Asset total return bond
S000059420,ERShares Private-Public Crossover ETF,EntrepreneurShares Series Trust,,XOVR,2018,2025,7,,209284940.52,,equity_longonly,Y,medium,public + private crossover equity book
S000059462,Fidelity International High Dividend ETF,FIDELITY COVINGTON TRUST,,FIDI,2018,2018,1,,14803599.28,,equity_longonly,Y,high,"Fidelity factor equity, transparent"
S000059463,Fidelity International Value Factor ETF,FIDELITY COVINGTON TRUST,,FIVA,2018,2018,1,,12958908.91,,equity_longonly,Y,high,"Fidelity factor equity, transparent"
S000059538,Anfield Capital Diversified Alternatives ETF,TWO ROADS SHARED TRUST,,DALT,2019,2023,5,Y,63206176.04991781,,allocation_fof,Y,high,"diversified alternatives, FoF Y"
S000059555,VANGUARD TOTAL CORPORATE BOND ETF,VANGUARD SCOTTSDALE FUNDS,,VTC,2018,2019,2,,120867269.29666667,,fixed_income,Y,high,corporate bond
S000059742,VanEck Real Assets ETF,VanEck ETF Trust,,RAAX,2019,2025,5,Y,113546200.65384615,,allocation_fof,Y,high,N-CEN fund_of_funds=Y; real assets ETF-of-ETFs
S000059752,Causeway International Value NextShares,Causeway ETMF Trust,,CIVEC,2018,2018,1,,4815500.02,,equity_longonly,N,high,"NextShares ETMF, non-transparent"
S000059753,Causeway Global Value NextShares,Causeway ETMF Trust,,CGVIC,2018,2018,1,,5042948.27,,equity_longonly,N,high,"NextShares ETMF, non-transparent"
S000059793,KraneShares Asia Pacific High Income USD Bond ETF,Krane Shares Trust,,KHYB,2023,2026,4,,21850103.54950683,,fixed_income,Y,high,Asia USD bonds
S000060082,Natixis Loomis Sayles Short Duration Income ETF,Natixis ETF Trust,,LSST,2018,2023,6,,28922401.22923076,,fixed_income,Y,high,short duration income
S000060136,Toews Agility Shares Dynamic Tactical Income ETF,NORTHERN LIGHTS FUND TRUST,,THY,2021,2025,5,Y,32919530.76301371,,allocation_fof,Y,medium,Toews tactical income; fund_of_funds=Y
S000060147,Toews Agility Shares Managed Risk ETF,NORTHERN LIGHTS FUND TRUST,,MRSK,2021,2025,5,Y,181768430.95942473,,allocation_fof,Y,medium,fof Y; Toews managed-risk tactical
S000060183,Brandes Value NextShares,Brandes Investment Trust,,BVNSC,2018,2019,2,,3941080.65,,equity_longonly,N,high,"NextShares ETMF, non-transparent"
S000060783,Invesco Ultra Short Duration ETF,Invesco Actively Managed Exchange-Traded Fund Trust,,GSY,2018,2025,8,,2728474945.28916667,,fixed_income,Y,high,Invesco ultra short
S000060784,Invesco Total Return Bond ETF,Invesco Actively Managed Exchange-Traded Fund Trust,,GTO,2018,2025,8,,1887019052.38416667,,fixed_income,Y,high,Invesco total return bond
S000060785,American Century Diversified Corporate Bond ETF,AMERICAN CENTURY ETF TRUST,,KORP,2018,2024,7,,240356268.363077,,fixed_income,Y,high,corporate bond (not the ActiveShares series)
S000060902,Reinhart Intermediate Bond NextShares,Managed Portfolio Series,,RPIBC,2019,2019,1,,4726479,,fixed_income,N,high,NextShares non-transparent ETMF
S000061158,Amplify Transformational Data Sharing ETF,Amplify ETF Trust,,BLOK,2018,2024,7,,450238136,,equity_longonly,Y,high,blockchain-related equities
S000061161,iShares Gold Strategy ETF,iShares U.S. ETF Trust,,IAUF,2018,2020,3,,13802773.52,,commodity_futures,Y,high,iShares gold strategy (futures)
S000061216,Horizons Cadence Hedged US Dividend Yield ETF,Horizons ETF Trust I,,,2018,2018,1,,29160854,08/2018,,,,
S000061254,iShares Evolved U.S. Consumer Staples ETF,iShares U.S. ETF Trust,,IECS,2018,2022,5,,15956486.39384615,,equity_longonly,Y,high,iShares Evolved sector
S000061255,iShares U.S. Consumer Focused ETF,iShares U.S. ETF Trust,,IEDI,2018,2025,8,,29205366.48,,equity_longonly,Y,high,iShares thematic equity
S000061256,iShares Evolved U.S. Financials ETF,iShares U.S. ETF Trust,,IEFN,2018,2022,5,,8124047.69076923,,equity_longonly,Y,high,iShares Evolved sector
S000061257,iShares Evolved U.S. Healthcare Staples ETF,iShares U.S. ETF Trust,,IEHS,2018,2022,5,,37912023.50923076,,equity_longonly,Y,high,iShares Evolved sector
S000061258,iShares Evolved U.S. Innovative Healthcare ETF,iShares U.S. ETF Trust,,IEIH,2018,2022,5,,38867492.63,,equity_longonly,Y,high,iShares Evolved sector
S000061259,iShares Evolved U.S. Media and Entertainment ETF,iShares U.S. ETF Trust,,IEME,2018,2022,5,,15220478.81153846,,equity_longonly,Y,high,iShares Evolved sector
S000061260,iShares U.S. Tech Independence Focused ETF,iShares U.S. ETF Trust,,IETC,2018,2025,8,,438334106.34,,equity_longonly,Y,high,iShares thematic equity
S000061300,VANGUARD U.S. LIQUIDITY FACTOR ETF,VANGUARD WELLINGTON FUND,,VFLQ,2018,2021,4,,49791743.24083333,,equity_longonly,Y,high,Vanguard factor equity
S000061301,VANGUARD U.S. MINIMUM VOLATILITY ETF,VANGUARD WELLINGTON FUND,,VFMV,2018,2025,8,,259424099.59833333,,equity_longonly,Y,high,Vanguard min vol equity
S000061302,VANGUARD U.S. MOMENTUM FACTOR ETF,VANGUARD WELLINGTON FUND,,VFMO,2018,2025,8,,1057320459.08833333,,equity_longonly,Y,high,Vanguard momentum factor equity
S000061304,VANGUARD U.S. QUALITY FACTOR ETF,VANGUARD WELLINGTON FUND,,VFQY,2018,2025,8,,403429070.16416666,,equity_longonly,Y,high,Vanguard quality factor equity
S000061305,VANGUARD U.S. VALUE FACTOR ETF,VANGUARD WELLINGTON FUND,,VFVA,2018,2025,8,,702939434.57416666,,equity_longonly,Y,high,Vanguard value factor equity
S000061310,VANGUARD U.S. MULTIFACTOR ETF,VANGUARD WELLINGTON FUND,,VFMF,2018,2025,8,,364024486.02583333,,equity_longonly,Y,high,Vanguard multifactor equity
S000061337,iShares Bloomberg Roll Select Commodity Strategy ETF,iShares U.S. ETF Trust,,CMDY,2018,2020,3,,28791251.52,,commodity_futures,Y,high,commodity strategy
S000061340,Davis Select International ETF,Davis Fundamental ETF Trust,,DINT,2018,2025,8,,226315633,,equity_longonly,Y,high,Davis Select; intl equity
S000061427,LHA Market State U.S. Tactical ETF,ETF Series Solutions,,MSUS,2018,2019,2,Y,5733323,,allocation_fof,Y,medium,fof Y; LHA Market State tactical
S000061589,PGIM Ultra Short Bond ETF,PGIM ETF Trust,,PULS,2018,2025,8,,10119159635,,fixed_income,Y,high,ultra short bond
S000061644,Principal Investment Grade Corporate Active ETF,Principal Exchange-Traded Funds,,IG,2018,2025,8,,92559911.00230769,,fixed_income,Y,high,corporate bond
S000061652,REX BKCM ETF,Exchange Listed Funds Trust,,BKC,2018,2018,1,,5548669,,equity_longonly,Y,low,"BKCM blockchain-related equities, not verified"
S000061783,USCF SummerHaven Dynamic Commodity Strategy No K-1 Fund,USCF ETF Trust,,SDCI,2018,2025,7,,68552513,,commodity_futures,Y,high,commodity strategy no K-1
S000061845,High Yield ETF,Exchange Listed Funds Trust,,HYLD,2018,2023,6,,91564341,,fixed_income,Y,high,high yield bonds
S000061867,WisdomTree U.S. Efficient Core Fund,WisdomTree Trust,,NTSX,2019,2025,7,,1159777027,,allocation_fof,Y,medium,WisdomTree 90/60 equity + treasury futures
S000061914,Hartford AAA CLO ETF,Hartford Funds Exchange-Traded Trust,,TRPA,2018,2025,8,,96346174.51,,fixed_income,Y,high,AAA CLO
S000061920,Amplify Advanced Battery Metals and Materials ETF,Amplify ETF Trust,,BATT,2018,2019,2,,5371209,,equity_longonly,Y,high,battery materials thematic equity
S000061946,Franklin High Yield Corporate ETF,Franklin Templeton ETF Trust,,FLHY,2019,2026,8,,682811670.49,,fixed_income,Y,high,Franklin; high yield
S000061947,Franklin International Aggregate Bond ETF,Franklin Templeton ETF Trust,,FLIA,2019,2026,8,,677874603.98,,fixed_income,Y,high,Franklin; intl aggregate bond
S000061948,Franklin Senior Loan ETF,Franklin Templeton ETF Trust,,FLBL,2019,2026,8,,1045387580.22,,fixed_income,Y,high,Franklin; senior loans
S000061956,Redwood LeaderShares AlphaFactor Core ETF,Two Roads Shared Trust,,LSAF,2018,2019,2,,61592804,,equity_longonly,Y,medium,LeaderShares AlphaFactor equity
S000061961,First Trust Smith Unconstrained Bond ETF,First Trust Exchange-Traded Fund VIII,,UCON,2018,2025,8,,3164343361.56,,fixed_income,Y,high,unconstrained bond
S000062057,AI Powered International Equity ETF,ETF Series Solutions,,AIIQ,2019,2022,4,,9937839,,equity_longonly,Y,high,AI-driven intl equity
S000062078,Fidelity Enhanced High Yield ETF,Fidelity Covington Trust,,FDHY,2018,2025,8,,368825553,,fixed_income,Y,high,Fidelity; high yield bonds
S000062079,Fidelity Low Duration Bond Factor ETF,Fidelity Merrimack Street Trust,,FLDR,2018,2018,1,,10010929.04,,fixed_income,Y,high,Fidelity; low duration bond factor
S000062083,AdvisorShares Dorsey Wright Small Company ETF,AdvisorShares Trust,,DWMC,2019,2023,5,,5517148,,equity_longonly,Y,high,DWA small company equity
S000062084,AdvisorShares Dorsey Wright Short ETF,AdvisorShares Trust,,DWSH,2019,2025,7,,11976546,,equity_longshort,Y,medium,dedicated short equity book
S000062139,Gabelli Pet Parents'(TM) NextShares(TM),GABELLI NEXTSHARES TRUST,,PETZC,2018,2018,1,,1071896,,equity_longonly,N,high,Gabelli NextShares = non-transparent ETMF; thematic equity
S000062252,Opus Small Cap Value ETF,ETF Series Solutions,,OSCV,2019,2025,7,,424351784.6,,equity_longonly,Y,high,small cap value equity
S000062304,WisdomTree Emerging Markets Multifactor Fund,WisdomTree Trust,,EMMF,2019,2026,8,,125812511,,equity_longonly,Y,high,WisdomTree; EM multifactor
S000062306,WisdomTree International Multifactor Fund,WisdomTree Trust,,DWMF,2019,2026,8,,37255069,,equity_longonly,Y,high,WisdomTree; intl multifactor
S000062383,ClearShares Ultra-Short Maturity ETF,ETF Series Solutions,,OPER,2019,2025,7,,137693352.227,,fixed_income,Y,high,ultra-short maturity
S000062477,Defiance Future Tech ETF,ETF Series Solutions,,AUGR,2018,2018,1,,2290011.454,,equity_longonly,Y,high,tech thematic equity
S000062478,Defiance Quantum ETF,ETF Series Solutions,,QTUM,2018,2018,1,,2619736.989,,equity_longonly,Y,medium,quantum/computing thematic equity
S000062593,Aptus Defined Risk ETF,ETF Series Solutions,,DRSK,2019,2025,7,Y,875641733.26,,equity_options,Y,medium,Aptus defined risk: bonds + long equity calls
S000062658,VANGUARD TOTAL WORLD BOND ETF,VANGUARD SCOTTSDALE FUNDS,,BNDW,2019,2019,1,,99750354.41083334,,fixed_income,Y,high,total world bond
S000062881,Gadsden Dynamic Growth ETF,ETF Series Solutions,,GDG,2019,2019,1,Y,22223965,12/2019,allocation_fof,Y,high,Gadsden; FoF
S000062882,Gadsden Dynamic Multi-Asset ETF,ETF Series Solutions,,GDMA,2019,2020,2,Y,59276120,11/2020,allocation_fof,Y,high,Gadsden; multi-asset FoF
S000062926,Cambria Trinity ETF,Cambria ETF Trust,,TRTY,2019,2025,7,,109436710,,allocation_fof,Y,high,Cambria Trinity global ETF-of-ETFs
S000062990,VanEck Muni Allocation ETF,VanEck ETF Trust,,MAAX,2022,2023,2,Y,2652874.99461538,,allocation_fof,Y,high,fof Y; VanEck muni ETF-of-ETFs
S000062994,Anfield Universal Fixed Income ETF,TWO ROADS SHARED TRUST,,AFIF,2019,2025,7,,120809491.24,,fixed_income,Y,high,bond
S000063004,American Century Focused Dynamic Growth ETF,AMERICAN CENTURY ETF TRUST,,FDG,2020,2024,5,,201255328.548462,,equity_longonly,N,high,American Century ActiveShares semi-transparent
S000063005,American Century Focused Large Cap Value ETF,AMERICAN CENTURY ETF TRUST,,FLV,2020,2024,5,,218531433.833077,,equity_longonly,N,high,American Century ActiveShares (FDG/FLV pair)
S000063007,Janus Henderson Mortgage-Backed Securities ETF,Janus Detroit Street Trust,,JMBS,2018,2025,8,,5458967497.35,,fixed_income,Y,high,MBS
S000063026,American Century Diversified Municipal Bond ETF,AMERICAN CENTURY ETF TRUST,,TAXF,2019,2024,6,,402773564.776923,,fixed_income,Y,high,municipal
S000063094,PGIM Active High Yield Bond ETF,PGIM ETF Trust,,PHYL,2019,2025,7,,245727586,,fixed_income,Y,high,high yield bond
S000063127,Distillate U.S. Fundamental Stability & Value ETF,ETF Series Solutions,,DSTL,2023,2024,2,,1686527882.419,,equity_longonly,Y,high,Distillate; value equity
S000063180,PGIM Quant Solutions Strategic Alpha International Equity ETF,PGIM ETF Trust,,PQIN,2019,2022,4,,37997828.6,,equity_longonly,Y,high,quant international equity
S000063181,PGIM QMA Strategic Alpha Large-Cap Core ETF,PGIM ETF TRUST,,PQLC,2019,2021,3,,12777828.46,,equity_longonly,Y,high,quant large cap core
S000063182,PGIM QMA Strategic Alpha Small-Cap Growth ETF,PGIM ETF TRUST,,PQSG,2019,2021,3,,12953466.19,,equity_longonly,Y,high,quant small cap growth
S000063183,PGIM QMA Strategic Alpha Small-Cap Value ETF,PGIM ETF TRUST,,PQSV,2019,2021,3,,11253112.55,,equity_longonly,Y,high,quant small cap value
S000063239,First Trust Low Duration Strategic Focus ETF,First Trust Exchange-Traded Fund VIII,,LDSF,2019,2025,7,Y,127419343.75,,fixed_income,Y,medium,"low duration bond, fof=Y"
S000063265,JPMorgan Core Plus Bond ETF,J.P. Morgan Exchange-Traded Fund Trust,,JCPB,2019,2026,8,,1565813610.68,,fixed_income,Y,high,core plus bond
S000063268,JPMorgan Municipal ETF,J.P. Morgan Exchange-Traded Fund Trust,,JMUB,2019,2026,8,,698025233.96,,fixed_income,Y,high,municipal
S000063269,JPMorgan Ultra-Short Municipal Income ETF,J.P. Morgan Exchange-Traded Fund Trust,,JMST,2019,2026,8,,2558162004.41,,fixed_income,Y,high,ultra-short municipal
S000063392,Motley Fool Small-Cap Growth ETF,"RBB Fund, Inc.",,TMFS,2019,2024,6,,78333579,,equity_longonly,Y,high,Motley Fool small-cap equity
S000063443,First Trust Ultra Short Duration Municipal ETF,First Trust Exchange-Traded Fund III,,FUMB,2019,2025,7,,198913974.25,,fixed_income,Y,high,ultra short muni
S000063445,First Trust Short Duration Managed Municipal ETF,First Trust Exchange-Traded Fund III,,FSMB,2019,2025,7,,438116223.65,,fixed_income,Y,high,First Trust; muni
S000063477,Innovator U.S. Equity Buffer ETF - October,Innovator ETFs Trust,,BOCT,2018,2025,8,,242882499.600548,,equity_options,Y,high,Innovator buffer
S000063478,Innovator U.S. Equity Power Buffer ETF - October,Innovator ETFs Trust,,POCT,2018,2025,8,,839046320.798794,,equity_options,Y,high,Innovator power buffer
S000063479,Innovator U.S. Equity Ultra Buffer ETF - October,Innovator ETFs Trust,,UOCT,2018,2025,8,,175622186.910932,,equity_options,Y,high,Innovator ultra buffer
S000063508,Pacific Global US Equity Income ETF,Pacific Global ETF Trust,,USDY,2019,2020,2,,28268954.7857104,,equity_longonly,Y,medium,US equity income; no options language
S000063572,National Investment Services Ultra-Short Duration Enhanced Income ETF,Tidal ETF Trust,,AWTM,2019,2021,3,,167418539.248,,fixed_income,Y,high,ultra-short duration income
S000063590,AdvisorShares Sabretooth ETF,AdvisorShares Trust,,BKCH,2019,2019,1,,2623160,,other,Y,low,"AdvisorShares Sabretooth, strategy unverified"
S000063667,JPMorgan Corporate Bond Research Enhanced ETF,J.P. Morgan Exchange-Traded Fund Trust,,JIGB,2019,2023,5,,29509923,,fixed_income,Y,high,corporate bond
S000063668,JPMorgan U.S. Aggregate Bond ETF,J.P. Morgan Exchange-Traded Fund Trust,,JAGG,2019,2023,5,,241174934.99,,fixed_income,Y,high,aggregate bond
S000063752,ERShares NextGen Entrepreneurs ETF,EntrepreneurShares Series Trust,,ERSX,2020,2023,4,,20946485.95,,equity_longonly,Y,high,ERShares; global small cap equity
S000063763,Timothy Plan US Large/Mid Cap Core ETF,Timothy Plan,,TPLC,2019,2022,4,,164857220.6,,equity_longonly,Y,high,Timothy Plan large/mid core equity
S000063764,Timothy Plan US Small Cap Core ETF,Timothy Plan,,TPSC,2019,2022,4,,57189293.23,,equity_longonly,Y,high,Timothy Plan small cap equity
S000063765,Timothy Plan International ETF,Timothy Plan,,TPIF,2019,2022,4,,77744929.43,,equity_longonly,Y,high,Timothy Plan international equity
S000063766,Timothy Plan High Dividend Stock ETF,Timothy Plan,,TPHD,2019,2022,4,,161159694.4,,equity_longonly,Y,high,Timothy Plan dividend equity
S000063994,Innovator U.S. Equity Buffer ETF - January,Innovator ETFs Trust,,BJAN,2019,2025,7,,283254413.198712,,equity_options,Y,high,Innovator buffer
S000063995,Innovator U.S. Equity Power Buffer ETF - January,Innovator ETFs Trust,,PJAN,2019,2025,7,,1179456226.6946,,equity_options,Y,high,Innovator power buffer
S000063996,Innovator U.S. Equity Ultra Buffer ETF - January,Innovator ETFs Trust,,UJAN,2019,2025,7,,209328857.075397,,equity_options,Y,high,Innovator ultra buffer
S000064001,Innovator U.S. Small Cap Power Buffer ETF - January,Innovator ETFs Trust,,KJAN,2020,2025,6,,313861108.620329,,equity_options,Y,high,Innovator buffer series
S000064004,Innovator International Developed Power Buffer ETF - January,Innovator ETFs Trust,,IJAN,2020,2025,6,,179796823.961808,,equity_options,Y,high,Innovator buffer series
S000064007,Innovator Emerging Markets Power Buffer ETF - January,Innovator ETFs Trust,,EJAN,2020,2025,6,,113212236.803918,,equity_options,Y,high,Innovator; power buffer
S000064047,iM DBi Managed Futures Strategy ETF,Manager Directed Portfolios,,DBMF,2019,2019,1,,18222687,,commodity_futures,Y,high,managed futures replication
S000064087,First Trust Long Duration Opportunities ETF,First Trust Exchange-Traded Fund IV,,LGOV,2019,2025,7,,653326033.47,,fixed_income,Y,high,First Trust long duration bonds
S000064104,Goldman Sachs Ultra Short Bond ETF,Goldman Sachs ETF Trust,,GSST,2019,2025,7,,786928413,,fixed_income,Y,high,GS ultra short
S000064108,Amplify Seymour Cannabis ETF,Amplify ETF Trust,,CNBS,2019,2024,6,,30034305,,equity_longonly,Y,high,cannabis thematic equity
S000064209,Western Asset Short Duration Income ETF,Legg Mason ETF Investment Trust,,WINC,2019,2025,7,,11839978.96,,fixed_income,Y,high,short duration income
S000064221,Tortoise Cloud Infrastructure Fund,Managed Portfolio Series,,TCLD,2019,2019,1,,4750110,,equity_longonly,Y,high,Tortoise cloud infrastructure equity
S000064222,Ecofin Digital Payments Infrastructure Fund,Managed Portfolio Series,,TPAY,2019,2021,3,,12610427,,equity_longonly,Y,high,Ecofin digital payments equity
S000064735,Virtus Seix Senior Loan ETF,Virtus ETF Trust II,,SEIX,2019,2025,7,,274273268,,fixed_income,Y,high,senior loan
S000064752,ARK Fintech Innovation ETF,ARK ETF Trust,,ARKF,2019,2025,7,,1016874045,,equity_longonly,Y,high,ARK thematic equity
S000064786,Fidelity Small-Mid Factor ETF,FIDELITY COVINGTON TRUST,,FSMD,2019,2020,2,,10912525.1,,equity_longonly,Y,high,Fidelity factor equity
S000064815,The Cannabis ETF,Spinnaker ETF Series,,THCX,2020,2022,3,,16985547,,equity_longonly,Y,high,cannabis equity
S000064843,iShares Commodity Curve Carry Strategy ETF,iShares U.S. ETF Trust,,CCRV,2020,2020,1,,29356888.48,,commodity_futures,Y,high,commodity curve carry
S000064945,iShares U.S. Equity Factor Rotation Active ETF,BlackRock ETF Trust,,DYNF,2019,2025,7,Y,14747010258.94615384,,equity_longonly,Y,medium,iShares factor rotation; holds stocks
S000065017,Guinness Atkinson Smart Transportation & Technology ETF,GUINNESS ATKINSON FUNDS,,MOTO,2019,2025,7,,7688344,,equity_longonly,Y,high,thematic transportation equity
S000065059,RYZZ Managed Futures Strategy Plus ETF,ETF Series Solutions,,RYZZ,2020,2020,1,,29270643,,commodity_futures,Y,high,managed futures
S000065063,WisdomTree Mortgage Plus Bond Fund,WisdomTree Trust,,MTGP,2020,2025,6,,58050935,,fixed_income,Y,high,mortgage plus bond
S000065079,Tactical Income ETF,Collaborative Investment Series Trust,,TBND,2020,2020,1,,52299626.71,,fixed_income,Y,low,tactical income; likely bond ETFs
S000065096,SoFi Gig Economy ETF,Tidal ETF Trust,,GIGE,2020,2023,4,,6675331.737,,equity_longonly,Y,high,thematic equity
S000065115,Innovator U.S. Equity Ultra Buffer ETF - April,Innovator ETFs Trust,,UAPR,2019,2025,7,,155623562.188986,,equity_options,Y,high,Innovator ultra buffer
S000065116,Innovator U.S. Equity Power Buffer ETF - April,Innovator ETFs Trust,,PAPR,2019,2025,7,,775658660.853452,,equity_options,Y,high,Innovator power buffer
S000065117,Innovator U.S. Equity Buffer ETF - April,Innovator ETFs Trust,,BAPR,2019,2025,7,,313587604.475562,,equity_options,Y,high,Innovator buffer
S000065159,VictoryShares USAA Core Short-Term Bond ETF,Victory Portfolios II,,USTB,2019,2025,7,,70896621.2,,fixed_income,Y,high,core short-term bond
S000065160,VictoryShares USAA Core Intermediate-Term Bond ETF,Victory Portfolios II,,UITB,2019,2025,7,,21337555550.4,,fixed_income,Y,high,core intermediate bond
S000065179,Principal Ultra-Short Active Income ETF,Principal Exchange-Traded Funds,,USI,2019,2022,4,,8473836.2276923,,fixed_income,Y,high,ultra-short income
S000065187,FT Vest U.S. Equity Buffer ETF - August,First Trust Exchange-Traded Fund VIII,,FAUG,2020,2025,6,,879117113.95,,equity_options,Y,high,FT Vest; buffer
S000065188,FT Vest U.S. Equity Deep Buffer ETF - August,First Trust Exchange-Traded Fund VIII,,DAUG,2020,2025,6,,308292800.24,,equity_options,Y,high,FT Vest deep buffer series
S000065204,The Acquirers Fund,ETF Series Solutions,,ZIG,2023,2025,3,,46055341.712,,equity_longonly,Y,medium,deep-value quant; short book dropped 2020
S000065228,AdvisorShares Pure Cannabis ETF,AdvisorShares Trust,,YOLO,2019,2025,7,,33209145,,equity_longonly,Y,high,cannabis thematic equity
S000065293,Roundhill Video Games ETF,Listed Funds Trust,,NERD,2025,2025,1,,22993132,,equity_longonly,Y,high,Roundhill video game equities
S000065317,Innovator U.S. Small Cap Power Buffer ETF - October,Innovator ETFs Trust,,KOCT,2019,2025,7,,117531024.204795,,equity_options,Y,high,Innovator buffer series
S000065320,Innovator International Developed Power Buffer ETF - July,Innovator ETFs Trust,,IJUL,2019,2025,7,,176266632.467808,,equity_options,Y,high,Innovator buffer series
S000065323,Innovator Emerging Markets Power Buffer ETF - July,Innovator ETFs Trust,,EJUL,2019,2025,7,,95718068.1745205,,equity_options,Y,high,Innovator; power buffer
S000065329,Innovator Growth-100 Power Buffer ETF - October,Innovator ETFs Trust,,NOCT,2019,2025,7,,164482978.237616,,equity_options,Y,high,Innovator buffer/defined outcome
S000065357,QRAFT AI-Enhanced U.S. Large Cap ETF,Exchange Listed Funds Trust,,QRFT,2020,2025,6,,13268107.60323287,,equity_longonly,Y,high,QRAFT AI quant equity
S000065358,QRAFT AI-Enhanced U.S. Large Cap Momentum ETF,Exchange Listed Funds Trust,,AMOM,2020,2025,6,,33282114.52580823,,equity_longonly,Y,high,AI momentum large cap
S000065362,Quadratic Interest Rate Volatility and Inflation Hedge ETF,Krane Shares Trust,,IVOL,2021,2026,6,Y,421784144.52325994,,commodity_futures,Y,medium,rate-vol / inflation hedge via options
S000065371,Innovator U.S. Equity Ultra Buffer ETF - June,Innovator ETFs Trust,,UJUN,2019,2025,7,,94692262.2076439,,equity_options,Y,high,Innovator ultra buffer
S000065372,Innovator U.S. Equity Power Buffer ETF - June,Innovator ETFs Trust,,PJUN,2019,2025,7,,652178544.948849,,equity_options,Y,high,Innovator power buffer
S000065373,Innovator U.S. Equity Buffer ETF - June,Innovator ETFs Trust,,BJUN,2019,2025,7,,152203669.610932,,equity_options,Y,high,Innovator buffer
S000065470,AGFIQ Dynamic Hedged U.S. Equity ETF,AGF Investments Trust,,USHG,2019,2020,2,Y,2655608.67,,equity_longshort,Y,medium,dynamic hedged US equity; FoF=Y
S000065471,AGF Global Infrastructure ETF,AGF Investments Trust,,GLIF,2019,2023,5,,3864901.69,,equity_longonly,Y,high,AGF; infrastructure equities
S000065589,WBI BullBear Trend Switch US 3000 Total Return ETF,Absolute Shares Trust,,WBIT,2019,2023,5,Y,23363133,,allocation_fof,Y,low,WBI trend switch; rotates ETFs; FoF=Y
S000065590,WBI BullBear Trend Switch US Total Return ETF,Absolute Shares Trust,,WBIN,2020,2020,1,Y,25072142,,allocation_fof,Y,low,WBI trend switch; rotates ETFs; FoF=Y
S000065810,ETFMG Sit Ultra Short ETF,ETF Managers Trust,,VALT,2020,2022,3,,215515330.593,,fixed_income,Y,high,ultra short
S000065985,Aptus Collared Investment Opportunity ETF,ETF Series Solutions,,ACIO,2020,2025,6,,1396878192.52,,equity_options,Y,high,Aptus collar
S000066048,IQ Ultra Short Duration ETF,IndexIQ Active ETF Trust,,ULTR,2020,2023,4,,86660736,,fixed_income,Y,high,ultra short duration
S000066060,Innovator U.S. Equity Ultra Buffer ETF - August,Innovator ETFs Trust,,UAUG,2019,2025,7,,193184105.826137,,equity_options,Y,high,Innovator ultra buffer
S000066061,Innovator U.S. Equity Power Buffer ETF - August,Innovator ETFs Trust,,PAUG,2019,2025,7,,843841221.154027,,equity_options,Y,high,Innovator power buffer
S000066062,Innovator U.S. Equity Buffer ETF - August,Innovator ETFs Trust,,BAUG,2019,2025,7,,181980555.483699,,equity_options,Y,high,Innovator buffer
S000066179,First Trust EIP Power Solutions ETF,First Trust Exchange-Traded Fund IV,,FPWR,2019,2025,7,,16386908.72,,equity_longonly,Y,high,First Trust EIP; power/infrastructure equities
S000066215,American Conservative Values ETF,ETF Opportunities Trust,,ACVF,2021,2025,5,,115605322.1,,equity_longonly,Y,high,values-screened US equity
S000066307,Innovator U.S. Equity Ultra Buffer ETF - September,Innovator ETFs Trust,,USEP,2019,2025,7,,156806198.734658,,equity_options,Y,high,Innovator ultra buffer
S000066308,Innovator U.S. Equity Power Buffer ETF - September,Innovator ETFs Trust,,PSEP,2019,2025,7,,808906654.520603,,equity_options,Y,high,Innovator power buffer
S000066309,Innovator U.S. Equity Buffer ETF - September,Innovator ETFs Trust,,BSEP,2019,2025,7,,186158947.818356,,equity_options,Y,high,Innovator buffer series
S000066377,Franklin U.S. Core Bond ETF,Franklin Templeton ETF Trust,,FLCB,2020,2026,7,,2704112503.71,,fixed_income,Y,high,Franklin; core bond
S000066454,Avantis Emerging Markets Equity ETF,AMERICAN CENTURY ETF TRUST,,AVEM,2020,2024,5,,4912863332.99539,,equity_longonly,Y,high,Avantis systematic equity
S000066456,Avantis International Equity ETF,AMERICAN CENTURY ETF TRUST,,AVDE,2020,2024,5,,4039749181.26539,,equity_longonly,Y,high,Avantis systematic equity
S000066457,Avantis International Small Cap Value ETF,AMERICAN CENTURY ETF TRUST,,AVDV,2020,2024,5,,5134316784.52231,,equity_longonly,Y,high,Avantis systematic equity
S000066458,Avantis U.S. Equity ETF,AMERICAN CENTURY ETF TRUST,,AVUS,2020,2024,5,,5895686008.74077,,equity_longonly,Y,high,Avantis systematic equity
S000066459,Avantis U.S. Small Cap Value ETF,AMERICAN CENTURY ETF TRUST,,AVUV,2020,2024,5,,9758453590.88154,,equity_longonly,Y,high,Avantis systematic equity
S000066474,iM DBi Hedge Strategy ETF,Manager Directed Portfolios,,DBEH,2019,2019,1,,14179360,,equity_longshort,Y,medium,DBi hedge-fund replication via futures
S000066484,Overlay Shares Large Cap Equity ETF,Listed Funds Trust,,OVL,2020,2024,5,,149459584.389,,equity_options,Y,medium,Overlay Shares equity + index option overlay
S000066485,Overlay Shares Small Cap Equity ETF,Listed Funds Trust,,OVS,2020,2024,5,,9618256.732,,equity_options,Y,medium,Overlay Shares equity + index option overlay
S000066486,Overlay Shares Foreign Equity ETF,Listed Funds Trust,,OVF,2020,2024,5,,16617974.018,,equity_options,Y,medium,Overlay Shares equity + index option overlay
S000066487,Overlay Shares Core Bond ETF,Listed Funds Trust,,OVB,2020,2024,5,,46522112.493,,fixed_income,Y,medium,Overlay Shares; underlying is bonds
S000066488,Overlay Shares Municipal Bond ETF,Listed Funds Trust,,OVM,2020,2024,5,,17954882.521,,fixed_income,Y,medium,Overlay Shares; underlying is munis
S000066532,Goldman Sachs MarketBeta International Equity ETF,Goldman Sachs ETF Trust,,GSID,2020,2020,1,,151109466,,equity_longonly,Y,high,GS MarketBeta international equity
S000066533,Goldman Sachs MarketBeta Emerging Markets Equity ETF,Goldman Sachs ETF Trust,,GSEE,2020,2020,1,,38375007,,equity_longonly,Y,high,GS MarketBeta EM equity
S000066535,Goldman Sachs MarketBeta U.S. Equity ETF,Goldman Sachs ETF Trust,,GSUS,2020,2020,1,,140591153,,equity_longonly,Y,high,GS MarketBeta US equity
S000066605,Innovator International Developed Power Buffer ETF - October,Innovator ETFs Trust,,IOCT,2021,2025,5,,129821986.507616,,equity_options,Y,high,Innovator buffer series
S000066606,Innovator Emerging Markets Power Buffer ETF - October,Innovator ETFs Trust,,EOCT,2021,2025,5,,72226060.1926301,,equity_options,Y,high,Innovator; power buffer
S000066608,Zacks Earnings Consistent Portfolio ETF,Zacks Trust,,ZECP,2022,2025,4,,55322180.55,,equity_longonly,Y,high,Zacks earnings-consistent stock portfolio
S000066684,FT Vest U.S. Equity Buffer ETF - November,First Trust Exchange-Traded Fund VIII,,FNOV,2020,2025,6,,862984975.54,,equity_options,Y,high,FT Vest buffer
S000066686,FT Vest U.S. Equity Deep Buffer ETF - November,First Trust Exchange-Traded Fund VIII,,DNOV,2020,2025,6,,300489054.62,,equity_options,Y,high,FT Vest; deep buffer
S000066699,Leuthold Core ETF,Leuthold Funds Inc,,LCR,2020,2024,5,,80563086.285,,allocation_fof,Y,medium,Leuthold tactical asset allocation
S000066719,Franklin Systematic Style Premia ETF,Franklin Templeton ETF Trust,,FLSP,2020,2026,7,,461824272.18,,commodity_futures,Y,medium,Franklin; multi-asset style premia via futures
S000066770,Pacific Global Focused High Yield ETF,Pacific Global ETF Trust,,FJNK,2020,2021,2,,27020947.57,,fixed_income,Y,high,Pacific Global; high yield
S000066771,Pacific Global Senior Loan ETF,Pacific Global ETF Trust,,FLRT,2020,2021,2,,29571403.59,,fixed_income,Y,high,senior loans
S000066772,Day Hagan Smart Sector ETF,Strategy Shares,,SSUS,2020,2025,6,Y,600605795.04,,allocation_fof,Y,high,sector ETF fof; fof flag
S000066788,First Trust Active Factor Large Cap ETF,First Trust Exchange-Traded Fund VIII,,AFLG,2020,2025,6,,189965621.83,,equity_longonly,Y,high,First Trust active factor
S000066789,First Trust Active Factor Mid Cap ETF,First Trust Exchange-Traded Fund VIII,,AFMC,2020,2025,6,,43863443.06,,equity_longonly,Y,high,First Trust active factor
S000066790,First Trust Active Factor Small Cap ETF,First Trust Exchange-Traded Fund VIII,,AFSM,2020,2025,6,,31657286.44,,equity_longonly,Y,high,First Trust active factor
S000066791,Pacific Global International Equity Income ETF,Pacific Global ETF Trust,,IDY,2020,2020,1,,23315970.4608765,,equity_longonly,Y,low,"Pacific Global equity income; possible call overlay, not looked up"
S000066804,Fidelity Stocks for Inflation ETF,FIDELITY COVINGTON TRUST,,FCPI,2020,2020,1,,2492052.42,,equity_longonly,Y,medium,"Fidelity factor equity, transparent"
S000066826,Innovator U.S. Equity Ultra Buffer ETF - November,Innovator ETFs Trust,,UNOV,2019,2025,7,,92472200.4872877,,equity_options,Y,high,Innovator ultra buffer
S000066827,Innovator U.S. Equity Power Buffer ETF - November,Innovator ETFs Trust,,PNOV,2019,2025,7,,713724723.025425,,equity_options,Y,high,Innovator power buffer
S000066828,Innovator U.S. Equity Buffer ETF - November,Innovator ETFs Trust,,BNOV,2019,2025,7,,146289271.022575,,equity_options,Y,high,Innovator buffer
S000066921,Goldman Sachs Access Investment Grade Corporate 1-5 Year Bond ETF,Goldman Sachs ETF Trust,,GSIG,2020,2020,1,,22542379,,fixed_income,Y,high,GS IG corporate 1-5yr
S000066941,RPAR Risk Parity ETF,Tidal Trust I,,RPAR,2020,2025,6,,532747374.04,,allocation_fof,Y,high,risk parity multi-asset
S000066948,AdvisorShares Pure US Cannabis ETF,AdvisorShares Trust,,MSOS,2021,2025,5,,589966170,,equity_longonly,Y,high,US cannabis equities via swaps
S000066967,Core Alternative ETF,Listed Funds Trust,,CCOR,2020,2025,6,,114687600,,equity_options,Y,medium,Core Alternative: equity + option hedge
S000066983,PIMCO Enhanced Short Maturity Active ESG Exchange-Traded Fund,PIMCO ETF Trust,,EMNT,2020,2025,6,,167399834.74,,fixed_income,Y,high,PIMCO; short maturity
S000067046,Anfield Dynamic Fixed Income ETF,TWO ROADS SHARED TRUST,,ADFI,2021,2025,5,Y,45929733,,fixed_income,Y,high,"bond fund, fof=Y"
S000067047,Anfield U.S. Equity Sector Rotation ETF,Two Roads Shared Trust,,AESR,2020,2025,6,Y,139700147.78551924,,allocation_fof,Y,medium,"sector-ETF rotation, fof=Y"
S000067057,Esoterica NextG Economy ETF,Esoterica Thematic Trust,,WUGI,2020,2022,3,,30719686.42,12/2022,equity_longonly,Y,high,NextG thematic equity
S000067086,Absolute Select Value ETF,Unified Series Trust,,ABEQ,2020,2026,7,,115209450.11,,equity_longonly,Y,high,active value equity
S000067096,Nationwide Nasdaq-100 Risk-Managed Income ETF,ETF Series Solutions,,NUSI,2020,2024,5,,391620293.516,,equity_options,Y,high,risk-managed income = index + collar
S000067131,Innovator U.S. Equity Ultra Buffer ETF - December,Innovator ETFs Trust,,UDEC,2020,2025,6,,275880391.043753,,equity_options,Y,high,Innovator ultra buffer
S000067132,Innovator U.S. Equity Power Buffer ETF - December,Innovator ETFs Trust,,PDEC,2020,2025,6,,981163292.523096,,equity_options,Y,high,Innovator power buffer
S000067133,Innovator U.S. Equity Buffer ETF - December,Innovator ETFs Trust,,BDEC,2020,2025,6,,230334757.151479,,equity_options,Y,high,Innovator buffer
S000067182,QRAFT AI-Enhanced U.S. High Dividend ETF,Exchange Listed Funds Trust,,HDIV,2020,2022,3,,6080919,,equity_longonly,Y,high,QRAFT dividend equities
S000067267,BNY Mellon High Yield ETF,BNY Mellon ETF Trust,,BKHY,2024,2025,2,,348441812,,fixed_income,Y,high,high yield
S000067284,CP High Yield Trend ETF,Northern Lights Fund Trust III,,HYTR,2020,2025,6,Y,7057411,,fixed_income,Y,medium,HY trend via bond ETFs; FoF flag
S000067348,Innovator Growth-100 Power Buffer ETF - January,Innovator ETFs Trust,,NJAN,2020,2025,6,,278684638.19011,,equity_options,Y,high,Innovator buffer/defined outcome
S000067359,First Trust Multi-Manager Large Growth ETF,First Trust Exchange-Traded Fund VIII,,MMLG,2020,2025,6,,72863873.67,,equity_longonly,Y,medium,multi-manager large growth equity
S000067382,AdvisorShares Dorsey Wright Alpha Equal Weight ETF,AdvisorShares Trust,,DWEQ,2020,2022,3,,66585283,,equity_longonly,Y,high,DWA alpha equal weight equity
S000067383,AdvisorShares Dorsey Wright FSM All Cap World ETF,AdvisorShares Trust,,DWAW,2020,2025,6,Y,80350338,,allocation_fof,Y,high,AdvisorShares DWA FSM; ETF-of-ETFs
S000067384,AdvisorShares Dorsey Wright FSM US Core ETF,AdvisorShares Trust,,DWUS,2020,2025,6,Y,113568175,,allocation_fof,Y,high,AdvisorShares DWA FSM; ETF-of-ETFs
S000067392,Franklin Disruptive Commerce ETF,Franklin Templeton ETF Trust,,BUYZ,2020,2026,7,,8002495.48,,equity_longonly,Y,high,Franklin thematic equity
S000067393,Franklin Genomic Advancements ETF,Franklin Templeton ETF Trust,,HELX,2020,2026,7,,17107465.23,,equity_longonly,Y,high,Franklin thematic equity
S000067394,Franklin Intelligent Machines ETF,Franklin Templeton ETF Trust,,IQM,2020,2026,7,,49493807.62,,equity_longonly,Y,high,thematic equity
S000067431,SmartETFs Advertising & Marketing Technology ETF,GUINNESS ATKINSON FUNDS,,MRAD,2020,2024,5,,914052,10/2024,equity_longonly,Y,high,thematic adtech equity
S000067481,First Trust Merger Arbitrage ETF,First Trust Exchange-Traded Fund III,,MARB,2020,2025,6,,30876822.43,,equity_longshort,Y,high,merger arbitrage = long/short equity
S000067502,LHA Market State Alpha Seeker ETF,ETF Series Solutions,,MSVX,2020,2023,4,,33323120.181,,other,U,low,"LHA Alpha Seeker; volatility/tactical overlay, structure unclear"
S000067517,Trend Aggregation U.S. ETF,Collaborative Investment Series Trust,,TAEQ,2021,2021,1,,48050643.54,,allocation_fof,Y,medium,trend aggregation ETF allocation
S000067518,Trend Aggregation ESG ETF,Collaborative Investment Series Trust,,TEGS,2021,2021,1,,16525188.36,,allocation_fof,Y,low,Trend Aggregation tactical ESG; ETF-based unverified
S000067519,Revere Sector Opportunity ETF,Collaborative Investment Series Trust,,RSPY,2022,2023,2,,6983771.11,,allocation_fof,Y,medium,sector ETF rotation
S000067520,Trend Aggregation Dividend Stock ETF,Collaborative Investment Series Trust,,TADS,2021,2021,1,,38008703.21,,allocation_fof,Y,low,trend aggregation; dividend ETF sleeve
S000067521,Trend Aggregation Growth ETF,Collaborative Investment Series Trust,,TAAG,2021,2021,1,,7146339.3,,allocation_fof,Y,medium,trend aggregation ETF allocation
S000067572,ClearBridge Focus Value ESG ETF,Legg Mason ETF Investment Trust II,,CFCV,2020,2024,5,,3162297.53,,equity_longonly,Y,high,ClearBridge focus value
S000067575,Trajan Wealth Income Opportunities ETF,Spinnaker ETF Series,,TWIO,2021,2024,4,,33882863,,fixed_income,Y,low,income opportunities; bond portfolio unverified
S000067825,Innovator U.S. Equity Ultra Buffer ETF - February,Innovator ETFs Trust,,UFEB,2020,2025,6,,171016334.879315,,equity_options,Y,high,Innovator ultra buffer
S000067826,Innovator U.S. Equity Power Buffer ETF - February,Innovator ETFs Trust,,PFEB,2020,2025,6,,767656932.448712,,equity_options,Y,high,Innovator power buffer
S000067827,Innovator U.S. Equity Buffer ETF - February,Innovator ETFs Trust,,BFEB,2020,2025,6,,177218558.83389,,equity_options,Y,high,Innovator buffer
S000067879,FT Vest U.S. Equity Buffer ETF - February,First Trust Exchange-Traded Fund VIII,,FFEB,2020,2025,6,,943558866.19,,equity_options,Y,high,FT Vest; buffer
S000067881,FT Vest U.S. Equity Deep Buffer ETF - February,First Trust Exchange-Traded Fund VIII,,DFEB,2020,2025,6,,326817328.04,,equity_options,Y,high,FT Vest deep buffer series
S000067955,Syntax Stratified U.S. Total Market ETF,SYNTAX ETF TRUST,,SYUS,2021,2023,3,Y,15336144.2,,equity_longonly,Y,medium,Syntax stratified equity; fof flag
S000067959,Hartford Core Bond ETF,Hartford Funds Exchange-Traded Trust,,HCRB,2020,2025,6,,294381155.94076923,,fixed_income,Y,high,Hartford core bond
S000067974,T. Rowe Price Blue Chip Growth ETF,"T. Rowe Price Exchange-Traded Funds, Inc.",,TCHP,2020,2025,6,,1350771313,,equity_longonly,N,medium,TRP 2020 semi-transparent vintage (converted ~2023)
S000067975,T. Rowe Price Dividend Growth ETF,"T. Rowe Price Exchange-Traded Funds, Inc.",,TDVG,2020,2025,6,,935758410,,equity_longonly,N,medium,TRP 2020 semi-transparent vintage
S000067976,T. Rowe Price Equity Income ETF,"T. Rowe Price Exchange-Traded Funds, Inc.",,TEQI,2020,2025,6,,314545609,,equity_longonly,N,medium,TRP 2020 semi-transparent vintage
S000067977,T. Rowe Price Growth Stock ETF,"T. Rowe Price Exchange-Traded Funds, Inc.",,TGRW,2020,2025,6,,578498863,,equity_longonly,N,medium,TRP 2020 semi-transparent vintage
S000068026,Natixis U.S. Equity Opportunities ETF,Natixis ETF Trust II,,EQOP,2020,2022,3,,9112856.68384615,,equity_longonly,N,medium,Natixis ActiveShares semi-transparent family
S000068054,Invesco High Yield Bond Factor ETF,Invesco Actively Managed Exchange-Traded Fund Trust,,IHYF,2021,2025,5,,69550708.2075,,fixed_income,Y,high,high yield bond
S000068068,"TrueShares Technology, AI & Deep Learning ETF",Listed Funds Trust,,LRNZ,2020,2024,5,,38822244,,equity_longonly,Y,high,TrueShares tech/AI equity
S000068069,TrueShares ESG Active Opportunities ETF,Listed Funds Trust,,ECOZ,2020,2022,3,,7601654.843,,equity_longonly,Y,high,TrueShares; ESG equity
S000068075,Innovator U.S. Equity Ultra Buffer ETF - March,Innovator ETFs Trust,,UMAR,2020,2025,6,,138201377.833178,,equity_options,Y,high,Innovator ultra buffer
S000068076,Innovator U.S. Equity Power Buffer ETF - March,Innovator ETFs Trust,,PMAR,2020,2025,6,,594634274.284712,,equity_options,Y,high,Innovator power buffer
S000068077,Innovator U.S. Equity Buffer ETF - March,Innovator ETFs Trust,,BMAR,2020,2025,6,,191966252.297096,,equity_options,Y,high,Innovator buffer
S000068139,Franklin Ultra Short Bond ETF,Franklin Templeton ETF Trust,,FLUD,2021,2026,6,,163166701.41,,fixed_income,Y,high,Franklin; ultra short
S000068173,Fidelity Blue Chip Growth ETF,FIDELITY COVINGTON TRUST,,FBCG,2020,2025,6,,3289432239,,equity_longonly,N,high,Fidelity semi-transparent active equity
S000068174,Fidelity Fundamental Large Cap Core ETF,FIDELITY COVINGTON TRUST,,FFLC,2020,2025,6,,644788476,,equity_longonly,N,medium,Fidelity Fundamental active equity
S000068175,Fidelity Blue Chip Value ETF,FIDELITY COVINGTON TRUST,,FBCV,2020,2025,6,,125662934,,equity_longonly,N,high,Fidelity semi-transparent active equity
S000068195,AAF First Priority CLO Bond ETF,Listed Funds Trust,,AAA,2021,2022,2,,9878795.46,,fixed_income,Y,high,CLO bond
S000068203,AllianzIM U.S. Equity Buffer10 Apr ETF,AIM ETF Products Trust,,APRT,2020,2025,6,,43552286.46,,equity_options,Y,high,AllianzIM buffer
S000068204,AllianzIM U.S. Equity Buffer20 Apr ETF,AIM ETF Products Trust,,APRW,2020,2025,6,,170691457.06,,equity_options,Y,high,AllianzIM buffer
S000068212,First Trust Horizon Managed Volatility Small/Mid ETF,First Trust Exchange-Traded Fund III,,HSMV,2020,2025,6,,22021362.86,,equity_longonly,Y,high,managed-vol small/mid equities
S000068213,LeaderShares Activist Leaders ETF,Two Roads Shared Trust,,ACTV,2020,2024,5,,81998968,,equity_longonly,Y,high,activist-target stocks
S000068214,LeaderShares AlphaFactor Tactical Focused ETF,Two Roads Shared Trust,,LSAT,2020,2025,6,,104521647,,equity_longonly,Y,medium,LeaderShares tactical factor equity
S000068215,LeaderShares Equity Skew ETF,Two Roads Shared Trust,,SQEW,2020,2024,5,,119508472,,equity_longonly,Y,low,skew model; possible options overlay
S000068217,FT Vest U.S. Equity Buffer ETF - May,First Trust Exchange-Traded Fund VIII,,FMAY,2020,2025,6,,891329754.79,,equity_options,Y,high,FT Vest buffer
S000068219,FT Vest U.S. Equity Deep Buffer ETF - May,First Trust Exchange-Traded Fund VIII,,DMAY,2020,2025,6,,263372509.85,,equity_options,Y,high,FT Vest; deep buffer
S000068233,Syntax Stratified U.S. Total Market Hedged ETF,SYNTAX ETF TRUST,,SHUS,2021,2023,3,Y,36819042.33461538,,equity_options,Y,medium,stratified total market hedged; fof flag
S000068241,USCF Energy Commodity Strategy Absolute Return Fund,USCF ETF Trust,,USE,2023,2025,3,,3213024,,commodity_futures,Y,high,energy commodity futures
S000068279,Innovator International Developed Power Buffer ETF - April,Innovator ETFs Trust,,IAPR,2021,2025,5,,216697470.903562,,equity_options,Y,high,Innovator power buffer
S000068280,Innovator Emerging Markets Power Buffer ETF - April,Innovator ETFs Trust,,EAPR,2021,2025,5,,70033795.440274,,equity_options,Y,high,Innovator; power buffer
S000068282,Innovator Growth-100 Power Buffer ETF - April,Innovator ETFs Trust,,NAPR,2020,2025,6,,216486485.580822,,equity_options,Y,high,Innovator buffer/defined outcome
S000068284,Innovator U.S. Small Cap Power Buffer ETF - April,Innovator ETFs Trust,,KAPR,2020,2025,6,,171928758.126027,,equity_options,Y,high,Innovator buffer series
S000068300,First Trust Securitized Plus ETF,First Trust Exchange-Traded Fund VIII,,DEED,2020,2025,6,,72474598.99,,fixed_income,Y,high,securitized credit
S000068306,American Century Mid Cap Growth Impact ETF,AMERICAN CENTURY ETF TRUST,,MID,2020,2024,5,,58483475.0584615,,equity_longonly,N,medium,American Century ActiveShares semi-transparent (MID)
S000068307,American Century Sustainable Equity ETF,AMERICAN CENTURY ETF TRUST,,ESGA,2020,2024,5,,192488112.409231,,equity_longonly,Y,medium,American Century transparent ESG (ActiveShares = FDG/FLV)
S000068386,Cabana Target Drawdown 5 ETF,Exchange Listed Funds Trust,,TDSA,2021,2023,3,Y,28287279,,allocation_fof,Y,high,Cabana target drawdown ETF-of-ETFs
S000068387,Cabana Target Beta ETF,Exchange Listed Funds Trust,,TDSB,2021,2025,5,Y,93160815.25783559,,allocation_fof,Y,high,Cabana target beta ETF-of-ETFs
S000068388,Cabana Target Drawdown 10 ETF,Exchange Listed Funds Trust,,TDSC,2021,2025,5,Y,204948152.45317793,,allocation_fof,Y,high,Cabana target drawdown ETF-of-ETFs
S000068389,Cabana Target Drawdown 13 ETF,Exchange Listed Funds Trust,,TDSD,2021,2023,3,Y,192774914,,allocation_fof,Y,high,Cabana target drawdown ETF-of-ETFs
S000068390,Cabana Target Drawdown 16 ETF,Exchange Listed Funds Trust,,TDSE,2021,2023,3,Y,142437264,,allocation_fof,Y,high,Cabana target drawdown ETF-of-ETFs
S000068402,JPMorgan Equity Premium Income ETF,J.P. Morgan Exchange-Traded Fund Trust,,JEPI,2020,2025,6,,37571049837.85,,equity_options,Y,high,"equity premium income, ELN/calls"
S000068407,JPMorgan International Growth ETF,J.P. Morgan Exchange-Traded Fund Trust,,JIG,2020,2025,6,,145671358.38,,equity_longonly,Y,high,intl growth equity
S000068433,TrueShares Structured Outcome (January) ETF,Listed Funds Trust,,JANZ,2021,2024,4,,17799056,,equity_options,Y,high,TrueShares structured outcome
S000068434,TrueShares Structured Outcome (October) ETF,Listed Funds Trust,,OCTZ,2020,2024,5,,6107069,,equity_options,Y,high,TrueShares structured outcome
S000068435,TrueShares Structured Outcome (November) ETF,Listed Funds Trust,,NOVZ,2020,2024,5,,19252900,,equity_options,Y,high,TrueShares structured outcome
S000068436,TrueShares Structured Outcome (December) ETF,Listed Funds Trust,,DECZ,2020,2024,5,,53296528,,equity_options,Y,high,TrueShares structured outcome
S000068437,Trueshares Structured Outcome (February) ETF,Listed Funds Trust,,FEBZ,2021,2024,4,,6139430,,equity_options,Y,high,TrueShares; structured outcome
S000068438,Trueshares Structured Outcome (March) ETF,Listed Funds Trust,,MARZ,2021,2024,4,,21767948,,equity_options,Y,high,TrueShares structured outcome
S000068439,TrueShares Structured Outcome (April) ETF,Listed Funds Trust,,APRZ,2021,2024,4,,17659411,,equity_options,Y,high,TrueShares structured outcome
S000068440,TrueShares Structured Outcome (May) ETF,Listed Funds Trust,,MAYZ,2021,2024,4,,5298050,,equity_options,Y,high,TrueShares structured outcome
S000068441,TrueShares Structured Outcome (June) ETF,Listed Funds Trust,,JUNZ,2021,2024,4,,4264970,,equity_options,Y,high,TrueShares structured outcome
S000068442,TrueShares Structured Outcome (July) ETF,Listed Funds Trust,,JULZ,2020,2024,5,,28552444,,equity_options,Y,high,TrueShares structured outcome
S000068443,TrueShares Structured Outcome (August) ETF,Listed Funds Trust,,AUGZ,2020,2024,5,,17174303,,equity_options,Y,high,TrueShares structured outcome
S000068444,TrueShares Structured Outcome (September) ETF,Listed Funds Trust,,SEPZ,2020,2024,5,,19377233,,equity_options,Y,high,structured outcome
S000068447,VanEck HIP Sustainable Muni ETF,VanEck ETF Trust,,SMI,2022,2025,4,,12061140.55615384,,fixed_income,Y,high,municipal
S000068493,Knowledge Leaders Developed World ETF,INVESTMENT MANAGERS SERIES TRUST,,KLDW,2021,2024,4,,128464635.46,,equity_longonly,Y,high,Knowledge Leaders equity
S000068502,Innovator U.S. Equity Ultra Buffer ETF - May,Innovator ETFs Trust,,UMAY,2020,2025,6,,54854492.1563288,,equity_options,Y,high,Innovator ultra buffer
S000068503,Innovator U.S. Equity Power Buffer ETF - May,Innovator ETFs Trust,,PMAY,2020,2025,6,,570918772.797644,,equity_options,Y,high,Innovator power buffer
S000068504,Innovator U.S. Equity Buffer ETF - May,Innovator ETFs Trust,,BMAY,2020,2025,6,,141221434.796575,,equity_options,Y,high,Innovator buffer
S000068543,ETC 6 Meridian Low Beta Equity Strategy ETF,EXCHANGE TRADED CONCEPTS TRUST,,SIXL,2020,2025,6,,189592151.00999999,,equity_longonly,Y,medium,low beta equity strategy
S000068544,ETC 6 Meridian Mega Cap Equity ETF,EXCHANGE TRADED CONCEPTS TRUST,,SIXA,2020,2025,6,,392586757.61000001,,equity_longonly,Y,high,mega cap equity
S000068545,ETC 6 Meridian Small Cap Equity ETF,EXCHANGE TRADED CONCEPTS TRUST,,SIXS,2020,2025,6,,97690438.26,,equity_longonly,Y,high,small cap equity
S000068546,ETC 6 Meridian Hedged Equity-Index Option Strategy ETF,EXCHANGE TRADED CONCEPTS TRUST,,SIXH,2020,2025,6,,506640116.41000003,,equity_options,Y,high,hedged equity index option strategy
S000068548,iShares Short Duration High Yield Muni Active ETF,BlackRock ETF Trust II,,SHYM,2021,2025,5,Y,271008822.18461538,,fixed_income,Y,high,high yield muni; fof flag incidental
S000068582,Global X Emerging Markets Bond ETF,Global X Funds,,EMBD,2020,2025,6,,224771133.78,,fixed_income,Y,high,Global X; EM bond
S000068596,Franklin U.S. Treasury Bond ETF,Franklin Templeton ETF Trust,,FLGV,2021,2026,6,,1043624062.89,,fixed_income,Y,high,Franklin; treasuries
S000068605,FT Vest Laddered Buffer ETF,First Trust Exchange-Traded Fund VIII,,BUFR,2020,2025,6,Y,6256067094.16,,equity_options,Y,medium,laddered buffer ETF-of-ETFs
S000068655,Innovator 20+ Year Treasury Bond 9 Buffer ETF - July,Innovator ETFs Trust,,TBJL,2020,2025,6,,25496475.683589,,fixed_income,Y,high,buffer on long treasury bonds
S000068658,Innovator 20+ Year Treasury Bond 5 Floor ETF - Quarterly,Innovator ETFs Trust,,TFJL,2020,2025,6,,28424292.2585753,,fixed_income,Y,high,floor on 20+yr treasury (bond underlying)
S000068692,FT Vest U.S. Equity Buffer ETF - June,First Trust Exchange-Traded Fund VIII,,FJUN,2020,2025,6,,907908084.61,,equity_options,Y,high,FT Vest; buffer
S000068694,FT Vest U.S. Equity Deep Buffer ETF - June,First Trust Exchange-Traded Fund VIII,,DJUN,2020,2025,6,,265176333.89,,equity_options,Y,high,FT Vest; deep buffer
S000068805,Principal Spectrum Tax-Advantaged Dividend Active ETF,Principal Exchange-Traded Funds,,PQDI,2020,2025,6,,39987392.02076923,,fixed_income,Y,medium,preferred / tax-advantaged dividend securities
S000068853,FT Vest U.S. Equity Deep Buffer ETF - July,First Trust Exchange-Traded Fund VIII,,DJUL,2020,2025,6,,354693738.5,,equity_options,Y,high,FT Vest; deep buffer
S000068855,FT Vest U.S. Equity Buffer ETF - July,First Trust Exchange-Traded Fund VIII,,FJUL,2020,2025,6,,953548832.48,,equity_options,Y,high,FT Vest; buffer
S000068868,Innovator U.S. Small Cap Power Buffer ETF - July,Innovator ETFs Trust,,KJUL,2020,2025,6,,148025329.94,,equity_options,Y,high,Innovator buffer series
S000068870,Innovator Growth-100 Power Buffer ETF - July,Innovator ETFs Trust,,NJUL,2020,2025,6,,236203178.064959,,equity_options,Y,high,Innovator buffer/defined outcome
S000068877,Innovator Double Stacker ETF - October,Innovator ETFs Trust,,DSOC,2020,2022,3,,7059624.47871233,,equity_options,Y,high,Innovator double stacker
S000068946,Inspire Capital Appreciation ETF,Northern Lights Fund Trust IV,,RISN,2020,2025,6,,85421405.470274,,equity_longonly,Y,medium,Inspire faith-based equity
S000068959,Natixis Vaughan Nelson Mid Cap ETF,Natixis ETF Trust II,,VNMC,2020,2023,4,,6165019.47307692,,equity_longonly,N,medium,Natixis ActiveShares non-transparent vintage
S000068960,Natixis Vaughan Nelson Select ETF,Natixis ETF Trust II,,VNSE,2020,2025,6,,14207324.43923076,,equity_longonly,N,medium,Natixis ActiveShares non-transparent vintage
S000068966,Sterling Capital Focus Equity ETF,Northern Lights Fund Trust IV,,LCG,2021,2025,5,,42333189,,equity_longonly,Y,high,focus equity
S000069038,Gabelli Growth Innovators ETF,Gabelli ETFs Trust,,GGRW,2021,2025,5,,6989732,,equity_longonly,Y,high,Gabelli growth equities
S000069039,Gabelli Financial Services Opportunities ETF,Gabelli ETFs Trust,,GABF,2022,2025,4,,40131116,,equity_longonly,Y,high,Gabelli; financials equities
S000069043,Gabelli Love Our Planet & People ETF,Gabelli ETFs Trust,,LOPP,2021,2025,5,,11895122,,equity_longonly,Y,high,Gabelli ESG equity
S000069045,Gabelli Commercial Aerospace and Defense ETF,Gabelli ETFs Trust,,GCAD,2023,2025,3,,10599605,,equity_longonly,Y,high,Gabelli; aerospace/defense equities
S000069134,Guinness Atkinson Asia Pacific Dividend Builder ETF,GUINNESS ATKINSON FUNDS,,ADIV,2021,2025,5,,13592525,,equity_longonly,Y,high,Asia dividend stocks
S000069135,Guinness Atkinson Dividend Builder ETF,GUINNESS ATKINSON FUNDS,,DIVS,2021,2025,5,,40817105,,equity_longonly,Y,high,Guinness Atkinson; dividend equity
S000069152,Simplify US Equity PLUS Convexity ETF,Simplify Exchange Traded Funds,,SPYC,2021,2025,5,,74592873,,equity_options,Y,high,Simplify PLUS convexity
S000069153,Simplify US Equity PLUS Downside Convexity ETF,Simplify Exchange Traded Funds,,SPD,2021,2025,5,,107046945,,equity_options,Y,high,Simplify PLUS downside convexity
S000069154,Simplify US Equity PLUS Upside Convexity ETF,Simplify Exchange Traded Funds,,SPUC,2021,2025,5,,51278351,,equity_options,Y,high,Simplify PLUS upside convexity
S000069181,AllianzIM U.S. Equity Buffer10 Jul ETF,AIM ETF Products Trust,,JULT,2020,2025,6,,69828930.09999999,,equity_options,Y,high,AllianzIM buffer
S000069182,AllianzIM U.S. Equity Buffer20 Jul ETF,AIM ETF Products Trust,,JULW,2020,2025,6,,230137840.69,,equity_options,Y,high,AllianzIM buffer
S000069260,iShares Health Innovation Active ETF,BlackRock ETF Trust,,BMED,2021,2025,5,Y,3597698.67461538,,equity_longonly,Y,medium,iShares healthcare equity; fof=Y flag
S000069261,BlackRock Future Tech ETF,BlackRock ETF Trust,,BTEK,2021,2024,4,Y,14170339.49384615,,equity_longonly,Y,medium,thematic tech equity; FoF flag likely cash sweep
S000069262,BlackRock Future Innovators ETF,BlackRock ETF Trust,,BFTR,2021,2023,3,Y,7118016.63230769,,equity_longonly,Y,medium,BlackRock growth equity; fof=Y flag
S000069264,CornerCap Fundametrics Large-Cap ETF,Trust for Advised Portfolios,,FUNL,2021,2023,3,,136189436.62,,equity_longonly,Y,high,CornerCap quant large cap
S000069304,Avantis Core Fixed Income ETF,AMERICAN CENTURY ETF TRUST,,AVIG,2021,2024,4,,662143680.933077,,fixed_income,Y,high,core bond
S000069305,Avantis Core Municipal Fixed Income ETF,AMERICAN CENTURY ETF TRUST,,AVMU,2021,2024,4,,129285402.733077,,fixed_income,Y,high,municipal bond
S000069306,Avantis Short-Term Fixed Income ETF,AMERICAN CENTURY ETF TRUST,,AVSF,2021,2024,4,,312675276.237692,,fixed_income,Y,high,short-term bond
S000069329,FT Vest U.S. Equity Buffer ETF - September,First Trust Exchange-Traded Fund VIII,,FSEP,2021,2025,5,,822405637.49,,equity_options,Y,high,FT Vest buffer
S000069332,FT Vest U.S. Equity Deep Buffer ETF - September,First Trust Exchange-Traded Fund VIII,,DSEP,2021,2025,5,,247568440.65,,equity_options,Y,high,FT Vest; deep buffer
S000069334,2ndVote Life Neutral Plus ETF,2nd Vote Funds,,LYFE,2021,2023,3,,17356368.621,,equity_longonly,Y,medium,values-screened equity
S000069336,2ndVote Society Defended ETF,2nd Vote Funds,,EGIS,2021,2023,3,,25415738.474,,equity_longonly,Y,high,defense sector equity
S000069359,WisdomTree Enhanced Commodity Strategy Fund,WisdomTree Trust,,GCC,2021,2025,5,,135557326,,commodity_futures,Y,high,WisdomTree commodity strategy
S000069432,Dimensional US Core Equity Market ETF,Dimensional ETF Trust,,DFAU,2021,2025,5,,7971519929.56,,equity_longonly,Y,high,Dimensional equity
S000069433,Dimensional International Core Equity Market ETF,Dimensional ETF Trust,,DFAI,2021,2025,5,,9415709091.92308,,equity_longonly,Y,high,Dimensional equity
S000069434,Dimensional Emerging Core Equity Market ETF,Dimensional ETF Trust,,DFAE,2021,2025,5,,5634171706.57462,,equity_longonly,Y,high,Dimensional equity
S000069483,Mairs & Power Minnesota Municipal Bond ETF,Trust for Professional Managers,,MINN,2021,2025,5,,27225904,,fixed_income,Y,high,Minnesota municipal
S000069521,AllianzIM U.S. Equity Buffer10 Oct ETF,AIM ETF Products Trust,,OCTT,2020,2025,6,,116209938.90000001,,equity_options,Y,high,AllianzIM buffer
S000069522,AllianzIM U.S. Equity Buffer20 Oct ETF,AIM ETF Products Trust,,OCTW,2020,2025,6,,348983947.91000003,,equity_options,Y,high,AllianzIM buffer
S000069542,LHA Market State Tactical Beta ETF,ETF Series Solutions,,MSTB,2020,2025,6,,157314133.35,,allocation_fof,Y,medium,LHA Market State tactical beta (ETF + hedges)
S000069579,Trend Aggregation Conservative ETF,Collaborative Investment Series Trust,,TACE,2021,2021,1,,12853862.32,,allocation_fof,Y,medium,trend aggregation ETF allocation
S000069602,Innovator Double Stacker 9 Buffer ETF - October,Innovator ETFs Trust,,DBOC,2020,2022,3,,18104112.6563288,,equity_options,Y,high,Innovator double stacker buffer
S000069603,Innovator Triple Stacker ETF - October,Innovator ETFs Trust,,TSOC,2020,2022,3,,10369417.4845205,,equity_options,Y,high,Innovator stacker options
S000069622,NYLI MacKay California Muni Intermediate ETF,New York Life Investments Active ETF Trust,,MMCA,2022,2025,4,,25262525,,fixed_income,Y,high,California muni
S000069643,ClearShares Piton Intermediate Fixed Income ETF,ETF Series Solutions,,PIFI,2021,2025,5,,99786682.777,,fixed_income,Y,high,intermediate fixed income
S000069649,FT Vest U.S. Equity Buffer ETF - October,First Trust Exchange-Traded Fund VIII,,FOCT,2021,2025,5,,803864187.02,,equity_options,Y,high,FT Vest buffer
S000069651,FT Vest U.S. Equity Deep Buffer ETF - October,First Trust Exchange-Traded Fund VIII,,DOCT,2021,2025,5,,284396740.24,,equity_options,Y,high,FT Vest; deep buffer
S000069652,SoFi Weekly Income ETF,Tidal ETF Trust,,TGIF,2021,2023,3,,22565319.404,,fixed_income,Y,medium,SoFi weekly income; bond portfolio
S000069668,Gadsden Dynamic Multi-Asset ETF,EA Series Trust,,GDMA,2021,2024,4,Y,149944277.668033,,allocation_fof,Y,high,Gadsden; multi-asset FoF
S000069694,Leatherback Long/Short Alternative Yield ETF,Tidal Trust I,,LBAY,2021,2025,5,,34615948.04,,equity_longshort,Y,high,long/short alternative yield
S000069705,Janus Henderson AAA CLO ETF,Janus Detroit Street Trust,,JAAA,2020,2025,6,,20880842349.57,,fixed_income,Y,high,CLO
S000069798,Rareview Dynamic Fixed Income ETF,Collaborative Investment Series Trust,,RDFI,2021,2024,4,,39718016.68,,fixed_income,Y,medium,Rareview dynamic fixed income (closed-end fund sleeves)
S000069799,Rareview Tax Advantaged Income ETF,Collaborative Investment Series Trust,,RTAI,2021,2024,4,,19714448.84,,fixed_income,Y,medium,tax-advantaged muni income
S000069835,WisdomTree Target Range Fund,WisdomTree Trust,,GTR,2022,2025,4,,56966962,,equity_options,Y,medium,WisdomTree Target Range; equity index options
S000069950,Adasina Social Justice All Cap Global ETF,Tidal Trust I,,JSTC,2021,2025,5,,220679327.9,,equity_longonly,Y,high,global ESG equity
S000069955,Alger Mid Cap 40 ETF,Alger ETF Trust,,FRTY,2021,2025,5,,100768275.97,,equity_longonly,Y,high,Alger; mid cap growth
S000069956,Alger 35 ETF,Alger ETF Trust,,ATFV,2021,2025,5,,54663746.12,,equity_longonly,Y,high,Alger concentrated growth
S000069963,Guinness Atkinson Sustainable Energy ETF,GUINNESS ATKINSON FUNDS,,SOLR,2020,2025,6,,3943784,,equity_longonly,Y,high,sustainable energy equity
S000069970,QRAFT AI-Enhanced U.S. Next Value ETF,Exchange Listed Funds Trust,,NVQ,2021,2023,3,,5308068,,equity_longonly,Y,high,QRAFT AI quant equity
S000069980,Gotham Enhanced 500 ETF,Tidal Trust I,,GSPY,2021,2025,5,,535196360.9,,equity_longonly,Y,medium,"Gotham enhanced index equity, long only"
S000069997,Clough Hedged Equity ETF,Listed Funds Trust,,CBLS,2021,2024,4,,19887914.0980601,,equity_longshort,Y,high,Clough hedged equity
S000069998,Clough Select Equity ETF,Listed Funds Trust,,CBSE,2021,2024,4,,13149695.7747268,,equity_longonly,Y,medium,Clough select equity
S000070010,ATAC US Rotation ETF,Tidal Trust I,,RORO,2021,2025,5,,4908559.487,,allocation_fof,Y,medium,risk-on/risk-off ETF rotation
S000070014,Virtus Terranova U.S. Quality Momentum ETF,Virtus ETF Trust II,,JOET,2023,2024,2,,96320829,,equity_longonly,Y,high,quality momentum equity
S000070039,American Century Low Volatility ETF,AMERICAN CENTURY ETF TRUST,,LVOL,2021,2024,4,,11284916.6584615,,equity_longonly,U,medium,"American Century low vol equity; ActiveShares family, this series' structure unverified"
S000070040,American Century Quality Convertible Securities ETF,AMERICAN CENTURY ETF TRUST,,QCON,2021,2024,4,,37167717.3146154,,fixed_income,Y,medium,convertible securities; not an ActiveShares series
S000070041,American Century Quality Preferred ETF,AMERICAN CENTURY ETF TRUST,,QPFF,2021,2024,4,,63208028.6676923,,fixed_income,Y,high,preferred securities
S000070046,BALLAST SMALL/MID CAP ETF,Unified Series Trust,,MGMT,2021,2025,5,,154498760.24,,equity_longonly,Y,medium,Ballast small/mid cap equity
S000070080,Invesco Focused Discovery Growth ETF,Invesco Actively Managed Exchange-Traded Fund Trust,,IVDG,2021,2022,2,,807845.67666666,,equity_longonly,N,high,Invesco proxy-basket semi-transparent series
S000070081,Invesco Select Growth ETF,Invesco Actively Managed Exchange-Traded Fund Trust,,IVSG,2021,2022,2,,1152509.3425,,equity_longonly,N,high,Invesco proxy-basket semi-transparent series
S000070084,Invesco US Large Cap Core ESG ETF,Invesco Actively Managed Exchange-Traded Fund Trust,,IVLC,2021,2022,2,,6273431.20333333,,equity_longonly,N,high,Invesco proxy-basket semi-transparent series
S000070085,Invesco Real Assets ESG ETF,Invesco Actively Managed Exchange-Traded Fund Trust,,IVRA,2021,2025,5,,12616268.60166667,,equity_longonly,N,medium,Invesco proxy-basket; real-assets equity
S000070087,FT Vest Gold Strategy Target Income ETF,First Trust Exchange-Traded Fund,,IGLD,2021,2025,5,,256463725.72,,commodity_futures,Y,high,gold strategy w/ target income options
S000070088,FT Vest Gold Strategy Quarterly Buffer ETF,First Trust Exchange-Traded Fund,,BGLD,2021,2025,5,,63693919.75,,commodity_futures,Y,medium,gold strategy with buffer options
S000070110,AdvisorShares Q Portfolio Blended Allocation ETF,AdvisorShares Trust,,QPT,2021,2022,2,Y,4216664,,allocation_fof,Y,high,N-CEN fund_of_funds=Y; blended allocation
S000070111,AdvisorShares Q Dynamic Growth ETF,AdvisorShares Trust,,QPX,2021,2025,5,Y,25077491,,allocation_fof,Y,high,N-CEN fund_of_funds=Y; dynamic growth allocation
S000070115,Simplify Nasdaq 100 PLUS Convexity ETF,Simplify Exchange Traded Funds,,QQC,2021,2022,2,,8565697,,equity_options,Y,high,Simplify Nasdaq-100 + convexity options
S000070116,Simplify Nasdaq 100 PLUS Downside Convexity ETF,Simplify Exchange Traded Funds,,QQD,2021,2022,2,,13200305,,equity_options,Y,high,Simplify Nasdaq-100 + downside convexity options
S000070124,Inspire Faithward Large Cap Momentum ESG ETF,Northern Lights Fund Trust IV,,FEVR,2021,2021,1,,36751038.69310057,,equity_longonly,Y,high,Inspire; momentum equity
S000070125,Inspire Growth ETF,Northern Lights Fund Trust IV,,GLRY,2021,2025,5,,81565258.87090407,,equity_longonly,Y,high,Inspire; faith-based equity
S000070130,Simplify Volt Cloud and Cybersecurity Disruption ETF,Simplify Exchange Traded Funds,,VCLO,2021,2022,2,,10999185,,equity_options,Y,medium,Simplify Volt concentrated equity + options
S000070131,Simplify Volt Fintech Disruption ETF,Simplify Exchange Traded Funds,,VFIN,2021,2021,1,,2358665,,equity_options,Y,medium,Simplify Volt concentrated equity + options
S000070132,Simplify Volt Pop Culture Disruption ETF,Simplify Exchange Traded Funds,,VPOP,2021,2021,1,,1216000,,equity_options,Y,medium,Simplify Volt concentrated equity + options
S000070133,Simplify Volt TSLA Revolution ETF,Simplify Exchange Traded Funds,,VCAR,2021,2025,5,,15936797,,equity_options,Y,medium,Simplify Volt concentrated equity + options
S000070140,UPHOLDINGS Compound Kings ETF,EA Series Trust,,KNGS,2021,2023,3,,0,05/2023,equity_longonly,Y,high,concentrated equity
S000070143,KFA Mount Lucas Index Strategy ETF,Krane Shares Trust,,KMLM,2021,2022,2,,32755190.5229589,,commodity_futures,Y,high,Mount Lucas managed futures
S000070185,Distillate International Fundamental Stability & Value ETF,ETF Series Solutions,,DSTX,2023,2024,2,,33742685.12,,equity_longonly,Y,high,Distillate; intl value equity
S000070187,FT Vest U.S. Equity Buffer ETF - December,First Trust Exchange-Traded Fund VIII,,FDEC,2021,2025,5,,921582580.91,,equity_options,Y,high,FT Vest; buffer
S000070189,FT Vest U.S. Equity Deep Buffer ETF - December,First Trust Exchange-Traded Fund VIII,,DDEC,2021,2025,5,,320015732.24,,equity_options,Y,high,FT Vest deep buffer series
S000070225,FT Vest Nasdaq-100 Buffer ETF - December,First Trust Exchange-Traded Fund VIII,,QDEC,2021,2025,5,,473489444.96,,equity_options,Y,high,FT Vest Nasdaq-100 buffer
S000070228,FT Vest International Equity Moderate Buffer ETF - December,First Trust Exchange-Traded Fund VIII,,YDEC,2021,2025,5,,69723224.94,,equity_options,Y,high,FT Vest international buffer
S000070233,Fidelity Fundamental Large Cap Growth ETF,FIDELITY COVINGTON TRUST,,FFLG,2021,2025,5,,366411818,,equity_longonly,N,medium,Fidelity Fundamental active equity
S000070234,Fidelity Magellan ETF,FIDELITY COVINGTON TRUST,,FMAG,2021,2025,5,,186070803,,equity_longonly,N,high,Fidelity proxy-basket semi-transparent
S000070235,Fidelity Real Estate Investment ETF,FIDELITY COVINGTON TRUST,,FPRO,2021,2025,5,,14815406,,equity_longonly,N,high,Fidelity proxy-basket; REIT equities
S000070236,Fidelity Fundamental Small-Mid Cap ETF,FIDELITY COVINGTON TRUST,,FFSM,2021,2025,5,,443737198,,equity_longonly,N,medium,Fidelity Fundamental active equity
S000070261,The SPAC and New Issue ETF,Collaborative Investment Series Trust,,SPCX,2021,2024,4,,13428724.6,,equity_longonly,Y,medium,SPAC and new issue equity
S000070331,AllianzIM U.S. Equity Buffer10 Jan ETF,AIM ETF Products Trust,,JANT,2021,2025,5,,113682748.17,,equity_options,Y,high,AllianzIM buffer
S000070332,AllianzIM U.S. Equity Buffer20 Jan ETF,AIM ETF Products Trust,,JANW,2021,2025,5,,378414768.01999998,,equity_options,Y,high,AllianzIM buffer
S000070373,Swan Hedged Equity US Large Cap ETF,Listed Funds Trust,,HEGD,2021,2025,5,,424563697,,equity_options,Y,high,Swan hedged equity; put/collar overlay
S000070374,Pacer Swan SOS Conservative (January) ETF,Pacer Funds Trust,,PSCX,2021,2025,5,,17756742,,equity_options,Y,high,Pacer Swan SOS structured outcome
S000070375,Pacer Swan SOS Flex (April) ETF,Pacer Funds Trust,,PSFM,2021,2025,5,,22361157,,equity_options,Y,high,Pacer Swan SOS Flex structured outcome
S000070376,Pacer Swan SOS Flex (July) ETF,Pacer Funds Trust,,PSFJ,2021,2025,5,,26169299,,equity_options,Y,high,Pacer Swan SOS Flex structured outcome
S000070377,Pacer Swan SOS Flex (October) ETF,Pacer Funds Trust,,PSFO,2021,2025,5,,14924633,,equity_options,Y,high,Pacer Swan SOS Flex structured outcome
S000070378,Pacer Swan SOS Fund of Funds ETF,Pacer Funds Trust,,PSFF,2021,2025,5,Y,302198357,,allocation_fof,Y,high,N-CEN fund_of_funds=Y; fund of SOS ETFs
S000070379,Pacer Swan SOS Conservative (April) ETF,Pacer Funds Trust,,PSCW,2021,2025,5,,25178116,,equity_options,Y,high,Pacer Swan SOS structured outcome
S000070380,Pacer Swan SOS Conservative (July) ETF,Pacer Funds Trust,,PSCJ,2021,2025,5,,18234694,,equity_options,Y,high,Pacer Swan SOS structured outcome
S000070381,Pacer Swan SOS Conservative (October) ETF,Pacer Funds Trust,,PSCQ,2021,2025,5,,8801551,,equity_options,Y,high,Pacer Swan SOS structured outcome
S000070382,Pacer Swan SOS Moderate (January) ETF,Pacer Funds Trust,,PSMD,2021,2025,5,,63652388,,equity_options,Y,high,Pacer Swan SOS structured outcome
S000070383,Pacer Swan SOS Moderate (April) ETF,Pacer Funds Trust,,PSMR,2021,2025,5,,59358671,,equity_options,Y,high,Pacer Swan SOS structured outcome
S000070384,Pacer Swan SOS Moderate (July) ETF,Pacer Funds Trust,,PSMJ,2021,2025,5,,63190656,,equity_options,Y,high,Pacer Swan SOS structured outcome
S000070385,Pacer Swan SOS Moderate (October) ETF,Pacer Funds Trust,,PSMO,2021,2025,5,,43989360,,equity_options,Y,high,Pacer Swan SOS structured outcome
S000070386,Pacer Swan SOS Flex (January) ETF,Pacer Funds Trust,,PSFD,2021,2025,5,,38913711,,equity_options,Y,high,Pacer Swan SOS Flex structured outcome
S000070423,Adaptive Alpha Opportunities ETF,Starboard Investment Trust,,AGOX,2021,2025,5,,308101723.34,,allocation_fof,Y,medium,go-anywhere multi-asset
S000070439,Franklin Exponential Data ETF,Franklin Templeton ETF Trust,,XDAT,2021,2026,6,,4064522.4,,equity_longonly,Y,high,Franklin thematic data equities
S000070441,ALPS Active REIT ETF,ALPS ETF Trust,,REIT,2021,2025,5,,43804326,,equity_longonly,N,high,ALPS Active REIT / Blue Tractor semi-transparent
S000070451,Main Thematic Innovation ETF,Northern Lights Fund Trust IV,,TMAT,2021,2025,5,Y,167780379.10347939,,equity_longonly,Y,medium,holds 85 individual stocks despite FoF flag; looked up
S000070457,Cabot Growth ETF,Listed Funds Trust,,CBTG,2021,2021,1,,51678139,,equity_longonly,Y,high,Cabot growth equity
S000070458,Horizon Kinetics Inflation Beneficiaries ETF,Listed Funds Trust,,INFL,2021,2025,5,,1220267462,,equity_longonly,Y,high,thematic equity
S000070485,First Trust New York Municipal High Income ETF,First Trust Exchange-Traded Fund III,,FMNY,2021,2025,5,,19806749.5,,fixed_income,Y,high,First Trust; NY muni
S000070508,Innovator Double Stacker 9 Buffer ETF - January,Innovator ETFs Trust,,DBJA,2021,2023,3,,7169161.93,,equity_options,Y,high,Innovator double stacker buffer
S000070510,Sound Enhanced Fixed Income ETF,Tidal Trust I,,FXED,2021,2025,5,,41965221.77,,fixed_income,Y,high,enhanced fixed income
S000070511,Sound Equity Dividend Income ETF,Tidal Trust I,,DIVY,2021,2025,5,,30152875.21,,equity_longonly,Y,medium,Sound; dividend income equity
S000070517,Innovator Double Stacker ETF - January,Innovator ETFs Trust,,DSJA,2021,2023,3,,2631930.33,,equity_options,Y,high,Innovator double stacker
S000070518,Innovator Triple Stacker ETF - January,Innovator ETFs Trust,,TSJA,2021,2023,3,,5368306.36,,equity_options,Y,high,Innovator stacker options
S000070522,Uncommon Portfolio Design Core Equity ETF,Uncommon Investment Funds Trust,,UGCE,2021,2021,1,,20487068.16784614,,equity_longonly,Y,medium,core equity
S000070565,Euclid Capital Growth ETF,Tidal ETF Trust,,EUCG,2021,2021,1,,42252400.899,,equity_longonly,Y,high,Euclid; growth equity
S000070567,Virtus Newfleet ABS/MBS ETF,Virtus ETF Trust II,,VABS,2021,2025,5,,30188320,,fixed_income,Y,high,ABS/MBS
S000070570,Rayliant Quantamental China Equity ETF,ADVISORS' INNER CIRCLE FUND III,,RAYC,2021,2025,5,,22381062,,equity_longonly,Y,high,Rayliant China equity
S000070584,FT Vest U.S. Equity Buffer ETF - January,First Trust Exchange-Traded Fund VIII,,FJAN,2021,2025,5,,914398305.94,,equity_options,Y,high,FT Vest; buffer
S000070586,FT Vest U.S. Equity Deep Buffer ETF - January,First Trust Exchange-Traded Fund VIII,,DJAN,2021,2025,5,,296395586.45,,equity_options,Y,high,FT Vest; deep buffer
S000070604,Corbett Road Tactical Opportunity ETF,Exchange Listed Funds Trust,,OPPX,2021,2023,3,,19489232,,allocation_fof,Y,medium,tactical ETF allocation sleeve
S000070637,AVDR US LargeCap ESG ETF,New Age Alpha Trust,,AVDG,2021,2021,1,,1844135,,equity_longonly,Y,high,US large cap ESG stocks
S000070638,AVDR US LargeCap Leading ETF,New Age Alpha Trust,,AVDR,2021,2021,1,,9328335,,equity_longonly,Y,high,US large cap stocks
S000070641,Overlay Shares Hedged Large Cap Equity ETF,Listed Funds Trust,,OVLH,2021,2024,4,,55410888.037,,equity_options,Y,medium,Overlay Shares hedged equity via options
S000070642,Overlay Shares Short Term Bond ETF,Listed Funds Trust,,OVT,2021,2024,4,,54859141.958,,fixed_income,Y,medium,Overlay Shares; underlying is short-term bonds
S000070644,FT Vest Laddered Deep Buffer ETF,First Trust Exchange-Traded Fund VIII,,BUFD,2021,2025,5,Y,1187892903.3,,equity_options,Y,medium,laddered deep buffer; holds sibling buffer ETFs (FoF flag)
S000070646,AdvisorShares Alpha DNA Equity Sentiment ETF,AdvisorShares Trust,,SENT,2021,2023,3,,44335543,,equity_longonly,Y,medium,sentiment-driven equity
S000070694,First Trust TCW Emerging Markets Debt ETF,First Trust Exchange-Traded Fund VIII,,EFIX,2021,2024,4,,36348033.36,,fixed_income,Y,high,TCW; EM debt
S000070708,Morgan Creek - Exos SPAC Originated ETF,Listed Funds Trust,,SPXZ,2021,2021,1,,23949336,,equity_longonly,Y,medium,SPAC-originated equity
S000070747,Innovator U.S. Equity Accelerated ETF - April,Innovator ETFs Trust,,XDAP,2021,2024,4,,6552460.5118306,,equity_options,Y,high,Innovator accelerated
S000070748,Innovator U.S. Equity Accelerated 9 Buffer ETF - April,Innovator ETFs Trust,,XBAP,2021,2025,5,,169929259.60263,,equity_options,Y,high,Innovator accelerated buffer
S000070749,Innovator U.S. Equity Accelerated Plus ETF - April,Innovator ETFs Trust,,XTAP,2021,2025,5,,20003355.2168493,,equity_options,Y,high,Innovator accelerated plus
S000070764,FT Vest U.S. Equity Enhance & Moderate Buffer ETF - June,First Trust Exchange-Traded Fund VIII,,XJUN,2021,2025,5,,160298543.47,,equity_options,Y,high,FT Vest enhance & moderate buffer
S000070814,Opal Dividend Income ETF,Listed Funds Trust,,DIVZ,2021,2024,4,,99357607,,equity_longonly,Y,medium,Opal; dividend income equity
S000070816,Global X China Innovation ETF,Global X Funds,,KEJI,2021,2022,2,,2670355.58,,equity_longonly,Y,high,China thematic equity
S000070878,Innovator Growth Accelerated ETF - Quarterly,Innovator ETFs Trust,,XDQQ,2021,2025,5,,43129660.0548219,,equity_options,Y,high,Innovator accelerated quarterly
S000070879,Innovator U.S. Equity Accelerated ETF - Quarterly,Innovator ETFs Trust,,XDSQ,2021,2025,5,,59809820.6283562,,equity_options,Y,high,Innovator accelerated quarterly
S000070880,Innovator Growth Accelerated Plus ETF - April,Innovator ETFs Trust,,QTAP,2021,2025,5,,21920712.4913151,,equity_options,Y,high,Innovator accelerated defined outcome
S000070901,Dimensional U.S. Targeted Value ETF,Dimensional ETF Trust,,DFAT,2021,2025,5,,10820816061.39,,equity_longonly,Y,high,Dimensional equity
S000070902,Dimensional U.S. Equity Market ETF,Dimensional ETF Trust,,DFUS,2021,2025,5,,14543824609.39,,equity_longonly,Y,high,Dimensional; US market equity
S000070903,Dimensional U.S. Core Equity 2 ETF,Dimensional ETF Trust,,DFAC,2021,2025,5,,34192670348.25,,equity_longonly,Y,high,Dimensional equity
S000070904,Dimensional International Value ETF,Dimensional ETF Trust,,DFIV,2021,2025,5,,10699532155.5023,,equity_longonly,Y,high,Dimensional equity
S000070905,Dimensional World ex U.S. Core Equity 2 ETF,Dimensional ETF Trust,,DFAX,2021,2025,5,,8146701071.92385,,equity_longonly,Y,high,Dimensional equity
S000070906,Dimensional U.S. Small Cap ETF,Dimensional ETF Trust,,DFAS,2021,2025,5,,10043604292.77,,equity_longonly,Y,high,Dimensional equity
S000070917,SPDR Nuveen Municipal Bond ETF,SSGA Active Trust,,MBND,2021,2025,5,,44856926.91153846,,fixed_income,Y,high,municipal bond
S000070922,Roundhill Streaming Services & Technology ETF,Listed Funds Trust,,SUBZ,2021,2021,1,,30646680,,equity_longonly,Y,high,thematic equity
S000070925,Stance Equity ESG Large Cap Core ETF,"RBB Fund, Inc.",,STNC,2021,2022,2,,38297740.362,,equity_longonly,Y,high,ESG large cap core
S000070934,ASYMshares ASYMmetric S&P 500 ETF,ASYMmetric ETFs Trust,,ASPY,2021,2022,2,,29053758,,equity_longshort,Y,medium,ASYMmetric long/short S&P 500
S000070938,Quadratic Deflation ETF,Krane Shares Trust,,BNDD,2022,2026,5,Y,8473138.90580821,,fixed_income,Y,medium,"rates/deflation options overlay on bonds, fof=Y"
S000070976,iShares Intermediate Muni Income Active ETF,BlackRock ETF Trust II,,INMU,2021,2025,5,Y,54105076.28615384,,fixed_income,Y,high,municipal
S000070990,Logan Capital Broad Innovative Growth ETF ,Advisors Series Trust,,LCLG,2023,2025,3,,70836085.6783014,,equity_longonly,Y,high,growth equity
S000071002,USCF Midstream Energy Income Fund,USCF ETF Trust,,UMI,2021,2025,5,,347118645,,equity_longonly,Y,high,midstream energy equity
S000071090,JPMorgan Short Duration Core Plus ETF,J.P. Morgan Exchange-Traded Fund Trust,,JSCP,2022,2026,5,,265591298.2,,fixed_income,Y,high,short duration core plus
S000071131,Fidelity Investment Grade Bond ETF,Fidelity Merrimack Street Trust,,FIGB,2021,2025,5,,181664714,,fixed_income,Y,high,Fidelity; investment grade bond
S000071132,Fidelity Investment Grade Securitized ETF,Fidelity Merrimack Street Trust,,FSEC,2021,2025,5,,2439532209,,fixed_income,Y,high,Fidelity; securitized
S000071156,NYLI MacKay Core Plus Bond ETF,New York Life Investments Active ETF Trust,,CPLB,2022,2025,4,,246144366,,fixed_income,Y,high,core plus bond
S000071185,JPMorgan ActiveBuilders Emerging Markets Equity ETF,J.P. Morgan Exchange-Traded Fund Trust,,JEMA,2021,2025,5,,1133016059.1,,equity_longonly,Y,high,JPM EM equity
S000071218,FT Vest U.S. Equity Buffer ETF - March,First Trust Exchange-Traded Fund VIII,,FMAR,2021,2025,5,,857027046.1,,equity_options,Y,high,FT Vest buffer
S000071219,FT Vest U.S. Equity Deep Buffer ETF - March,First Trust Exchange-Traded Fund VIII,,DMAR,2021,2025,5,,307275457.83,,equity_options,Y,high,FT Vest; deep buffer
S000071222,FT Vest Nasdaq-100 Buffer ETF - March,First Trust Exchange-Traded Fund VIII,,QMAR,2021,2025,5,,429800821.95,,equity_options,Y,high,FT Vest Nasdaq-100 buffer
S000071223,FT Vest International Equity Moderate Buffer ETF - March,First Trust Exchange-Traded Fund VIII,,YMAR,2021,2025,5,,112694238.86,,equity_options,Y,high,FT Vest international buffer
S000071225,Emles Alpha Opportunities ETF,Emles Trust,,EOPS,2021,2022,2,,57572339.7,,equity_longshort,Y,medium,Emles alpha opportunities; long/short
S000071248,Formidable ETF,ETF Opportunities Trust,,FORH,2022,2026,5,,20375807.5,,equity_longonly,Y,medium,Formidable; active equity
S000071250,Formidable Fortress ETF,ETF Opportunities Trust,,KONG,2022,2026,5,,21797566.17,,equity_longonly,Y,low,"defensive equity; overlay unclear, not looked up"
S000071254,"Roundhill Pro Sports, Media & Apparel ETF",Listed Funds Trust,,MVP,2021,2021,1,,8553930,,equity_longonly,Y,high,Roundhill thematic equity
S000071281,BlackRock U.S. Carbon Transition Readiness ETF,BlackRock ETF Trust,,LCTU,2021,2025,5,Y,1244491924.08846153,,equity_longonly,Y,high,carbon transition equity
S000071282,BlackRock World ex U.S. Carbon Transition Readiness ETF,BlackRock ETF Trust,,LCTD,2021,2025,5,Y,246008496.03230769,,equity_longonly,Y,high,carbon transition equity
S000071288,Applied Finance Valuation Large Cap ETF,ETF Opportunities Trust,,VSLU,2021,2025,5,,278288399.51,,equity_longonly,Y,high,valuation large cap equity
S000071291,John Hancock Corporate Bond ETF,John Hancock Exchange-Traded Fund Trust,,JHCB,2021,2026,6,,79233535,,fixed_income,Y,high,corporate bond
S000071293,First Trust TCW ESG Premier Equity ETF,First Trust Exchange-Traded Fund VIII,,EPRE,2021,2022,2,,1275860.2,,equity_longonly,Y,high,First Trust TCW; ESG equity
S000071318,ARK Space Exploration & Innovation ETF,ARK ETF Trust,,ARKX,2021,2025,5,,280917142,,equity_longonly,Y,high,ARK thematic equity
S000071399,VANGUARD ULTRA-SHORT BOND ETF,VANGUARD BOND INDEX FUNDS,,VUSB,2021,2025,5,,5507430251.4825,,fixed_income,Y,high,ultra-short bond
S000071406,ETC Gavekal Asia Pacific Government Bond ETF,Exchange Listed Funds Trust,,AGOV,2022,2023,2,,44805215,,fixed_income,Y,high,government bond
S000071415,Acruence Active Hedge U.S. Equity ETF,Tidal Trust I,,XVOL,2022,2026,5,,2930412.68,,equity_longshort,Y,medium,active hedged equity; volatility hedge overlay
S000071430,Goldman Sachs Future Tech Leaders Equity ETF,Goldman Sachs ETF Trust,,GTEK,2022,2025,4,,168434758,,equity_longonly,Y,high,GS tech equity
S000071432,FT Vest U.S. Equity Buffer ETF - April,First Trust Exchange-Traded Fund VIII,,FAPR,2021,2025,5,,749109363.54,,equity_options,Y,high,FT Vest; buffer
S000071434,FT Vest U.S. Equity Deep Buffer ETF - April,First Trust Exchange-Traded Fund VIII,,DAPR,2021,2025,5,,249064586.93,,equity_options,Y,high,FT Vest deep buffer series
S000071448,PGIM Active Aggregate Bond ETF,PGIM ETF Trust,,PAB,2021,2025,5,,62375408,,fixed_income,Y,high,aggregate bond
S000071535,ETC 6 Meridian Quality Growth ETF,EXCHANGE TRADED CONCEPTS TRUST,,SXQG,2021,2025,5,,58130325.35999999,,equity_longonly,Y,high,quality growth equity
S000071546,AdvisorShares Hotel ETF,AdvisorShares Trust,,BEDZ,2021,2025,5,,3426073,,equity_longonly,Y,high,hotel/travel sector equity
S000071547,AdvisorShares Restaurant ETF,AdvisorShares Trust,,EATZ,2021,2025,5,,3342666,,equity_longonly,Y,high,restaurant sector equity
S000071574,Freedom Day Dividend ETF,EA Series Trust,,MBOX,2021,2024,4,,93403697.2,,equity_longonly,Y,high,dividend equity
S000071604,T. Rowe Price U.S. Equity Research ETF,"T. Rowe Price Exchange-Traded Funds, Inc.",,TSPA,2021,2025,5,,1703667658,,equity_longonly,N,medium,TRP 2021 semi-transparent vintage
S000071620,Principal International Adaptive Multi-Factor ETF,Principal Exchange-Traded Funds,,PXUS,2021,2023,3,,13447634.79461538,,equity_longonly,Y,high,multi-factor international equity
S000071621,Principal U.S. Large-Cap Adaptive Multi-Factor ETF,Principal Exchange-Traded Funds,,PLRG,2021,2023,3,,6713061.40230769,,equity_longonly,Y,high,multi-factor large cap
S000071622,Principal U.S. Small-Cap Adaptive Multi-Factor ETF,Principal Exchange-Traded Funds,,PLTL,2021,2023,3,,5705592.37923076,,equity_longonly,Y,high,multi-factor small cap
S000071688,Goldman Sachs Future Planet Equity ETF,Goldman Sachs ETF Trust,,GSFP,2021,2024,4,,63016809,,equity_longonly,Y,high,GS thematic equity
S000071696,Janus Henderson U.S. Real Estate ETF,Janus Detroit Street Trust,,JRE,2021,2025,5,,23914080.1,,equity_longonly,Y,high,REIT equity
S000071709,Putnam Focused Large Cap Growth ETF,Putnam ETF Trust,,PGRO,2021,2025,5,,66061115.35,,equity_longonly,Y,high,focused large cap growth
S000071710,Putnam Focused Large Cap Value ETF,Putnam ETF Trust,,PVAL,2021,2025,5,,2208683627.86,,equity_longonly,Y,high,focused large cap value
S000071711,Putnam Sustainable Future ETF,Putnam ETF Trust,,PFUT,2021,2025,5,,331228927.11,,equity_longonly,Y,high,Putnam sustainable equity
S000071712,Putnam Sustainable Leaders ETF,Putnam ETF Trust,,PLDR,2021,2025,5,,671781285.06,,equity_longonly,Y,high,Putnam sustainable equity
S000071726,ETFMG U.S. Alternative Harvest ETF,ETF Managers Trust,,MJUS,2022,2022,1,,13090245.86,,equity_longonly,Y,medium,cannabis equities via swaps
S000071790,Aptus International Enhanced Yield ETF,ETF Series Solutions,,IDUB,2022,2025,4,Y,216300467.39,,equity_options,Y,medium,Aptus enhanced yield; intl equity ETFs + option overlay
S000071793,Simplify Interest Rate Hedge ETF,Simplify Exchange Traded Funds,,PFIX,2021,2025,5,,149138289,,fixed_income,Y,medium,interest-rate hedge via payer swaptions + treasuries
S000071794,Simplify Volatility Premium ETF,Simplify Exchange Traded Funds,,SVOL,2021,2025,5,,1089201572,,commodity_futures,Y,high,short VIX futures
S000071808,WisdomTree International Efficient Core Fund,WisdomTree Trust,,NTSI,2021,2025,5,,359119059,,allocation_fof,Y,medium,WisdomTree 90/60 equity + treasury futures
S000071810,WisdomTree Emerging Markets Efficient Core Fund,WisdomTree Trust,,NTSE,2021,2025,5,,28211628,,allocation_fof,Y,medium,WisdomTree 90/60 equity + treasury futures
S000071842,The Short De-SPAC ETF,Collaborative Investment Series Trust,,SOGU,2021,2021,1,,14043239.35,,leveraged_inverse,Y,medium,short de-SPAC predecessor
S000071844,American Customer Satisfaction ETF,Tidal ETF Trust,,ACSI,2021,2022,2,,75703268.005,,equity_longonly,Y,high,ACSI satisfaction-score stocks
S000071847,First Trust Innovation Leaders ETF,First Trust Exchange-Traded Fund VIII,,ILDR,2021,2025,5,,63673249.77,,equity_longonly,Y,high,thematic equity
S000071907,FIS Knights of Columbus Global Belief ETF,NEOS ETF Trust,,KOCG,2022,2025,4,,25879431,,equity_longonly,Y,high,values-screened global equity
S000071924,FOMO ETF,Collaborative Investment Series Trust,,FOMO,2022,2022,1,,5509807.69,,allocation_fof,Y,low,FOMO; tactical multi-asset incl. ETFs/crypto sleeves
S000071926,Simplify US Equity PLUS Bitcoin Strategy ETF,Simplify Exchange Traded Funds,,SPBC,2021,2025,5,,38670238,,crypto_digital,Y,medium,equity plus bitcoin futures overlay
S000071941,Nuveen Dividend Growth ETF,Nushares ETF Trust,,NDVG,2021,2025,5,,12513919.71,,equity_longonly,N,medium,Nuveen 2021 semi-transparent active equity series
S000071942,Nuveen Small-Cap Select ETF,Nushares ETF Trust,,NSCS,2021,2024,4,,6741447,,equity_longonly,N,medium,Nuveen 2021 semi-transparent active equity series
S000071943,Nuveen Winslow Large-Cap Growth ESG ETF,Nushares ETF Trust,,NWLG,2021,2025,5,,10035486.93,,equity_longonly,N,medium,looked up; Nuveen semi-transparent proxy-portfolio series
S000071948,Asian Growth Cubs ETF,Exchange Listed Funds Trust,,CUBS,2022,2023,2,,10677331,,equity_longonly,Y,high,Asia growth equity
S000071967,Jacob Forward ETF,Jacob Funds Inc.,,JFWD,2021,2024,4,,2740851,,equity_longonly,Y,high,thematic growth equity
S000071978,First Trust Expanded Technology ETF,First Trust Exchange-Traded Fund VIII,,XPND,2021,2025,5,,24846093.11,,equity_longonly,Y,high,First Trust expanded technology
S000071980,Cannabis Growth ETF,INVESTMENT MANAGERS SERIES TRUST II,,BUDX,2022,2023,2,,3412693,04/2022,equity_longonly,Y,high,cannabis thematic equity
S000072023,BNY Mellon Sustainable Global Emerging Markets ETF,BNY Mellon ETF Trust,,BKES,2022,2023,2,,9849369.85,,equity_longonly,Y,high,BNY EM equity
S000072024,BNY Mellon Sustainable International Equity ETF,BNY Mellon ETF Trust,,BKIS,2022,2023,2,,8415895.82,,equity_longonly,Y,high,BNY intl equity
S000072025,BNY Mellon Sustainable US Equity ETF,BNY Mellon ETF Trust,,BKUS,2022,2023,2,,8475456.33,,equity_longonly,Y,high,BNY US equity
S000072036,DriveWealth Power Saver ETF,"RBB Fund, Inc.",,EERN,2021,2021,1,,245360.301111111,,other,Y,low,"DriveWealth Power Saver; strategy unclear, not looked up"
S000072037,DriveWealth Steady Saver ETF,"RBB Fund, Inc.",,STBL,2021,2021,1,,472064.6775,,fixed_income,Y,medium,cash-like saver
S000072084,AdvisorShares Gerber Kawasaki ETF,AdvisorShares Trust,,GK,2022,2025,4,,22720445,,equity_longonly,Y,high,AdvisorShares; active equity
S000072085,AdvisorShares Psychedelics ETF,AdvisorShares Trust,,PSIL,2022,2025,4,,7422139,,equity_longonly,Y,high,psychedelics thematic equity
S000072098,FT Vest Nasdaq-100 Buffer ETF - June,First Trust Exchange-Traded Fund VIII,,QJUN,2021,2025,5,,532746155.59,,equity_options,Y,high,FT Vest Nasdaq-100 buffer
S000072100,FT Vest International Equity Moderate Buffer ETF - June,First Trust Exchange-Traded Fund VIII,,YJUN,2021,2025,5,,159594661.37,,equity_options,Y,high,FT Vest international buffer
S000072125,Fidelity Preferred Securities and Income ETF,Fidelity Covington Trust,,FPFD,2021,2025,5,,54845618,,fixed_income,Y,high,Fidelity preferreds
S000072126,Fidelity Sustainable U.S. Equity ETF,FIDELITY COVINGTON TRUST,,FSST,2021,2025,5,,15124914,,equity_longonly,N,high,Fidelity proxy-basket sustainable equity
S000072127,Fidelity Women's Leadership ETF,FIDELITY COVINGTON TRUST,,FDWM,2021,2025,5,,4264839,,equity_longonly,N,medium,Fidelity active equity family
S000072134,VectorShares Min Vol ETF,Spinnaker ETF Series,,VSPY,2022,2022,1,,19102853,,equity_longonly,Y,low,min-vol equity; tactical overlay unverified (delisted)
S000072135,USCF Gold Strategy Plus Income Fund,USCF ETF Trust,,USG,2022,2025,4,,10274888,,commodity_futures,Y,medium,gold futures + option income
S000072146,Cabana Target Leading Sector Aggressive ETF,Exchange Listed Funds Trust,,CLSA,2022,2023,2,Y,148101155,,allocation_fof,Y,high,"Cabana target drawdown, FoF Y"
S000072147,Cabana Target Leading Sector Conservative ETF,Exchange Listed Funds Trust,,CLSC,2022,2023,2,Y,186966153,,allocation_fof,Y,high,"Cabana target drawdown, FoF Y"
S000072148,Cabana Target Leading Sector Moderate ETF,Exchange Listed Funds Trust,,CLSM,2022,2025,4,Y,153625086.76420325,,allocation_fof,Y,high,"Cabana target drawdown, FoF Y"
S000072155,AI Quality Growth ETF,Starboard Investment Trust,,AQGX,2022,2022,1,,64479268,,equity_longonly,Y,high,AI quality growth stocks
S000072156,Adaptive Hedged Multi-Asset Income ETF,Starboard Investment Trust,,AMAX,2022,2025,4,,21019401.48,,allocation_fof,Y,high,hedged multi-asset income
S000072157,RH Tactical Rotation ETF,Starboard Investment Trust,,RHRX,2022,2025,4,,15759329.42,,allocation_fof,Y,medium,tactical ETF rotation
S000072158,Adaptive High Income ETF,Starboard Investment Trust,,AHHX,2022,2022,1,,44202669,,fixed_income,Y,high,high income/credit
S000072159,RH Tactical Outlook ETF,Starboard Investment Trust,,RHTX,2022,2025,4,,9128376.95,,allocation_fof,Y,medium,tactical ETF rotation
S000072166,JPMorgan ActiveBuilders U.S. Large Cap Equity ETF,J.P. Morgan Exchange-Traded Fund Trust,,JUSA,2022,2023,2,,25238280.42,,equity_longonly,Y,high,ActiveBuilders large cap equity
S000072167,JPMorgan ActiveBuilders International Equity ETF,J.P. Morgan Exchange-Traded Fund Trust,,,2021,2022,2,,25807977.78,,,,,
S000072179,John Hancock Mortgage-Backed Secrities ETF,John Hancock Exchange-Traded Fund Trust,,JHMB,2022,2026,5,,170097874,,fixed_income,Y,high,MBS
S000072244,Schwab Ariel Opportunities ETF,SCHWAB STRATEGIC TRUST,,SAEF,2022,2026,5,,24094485.24538461,,equity_longonly,N,high,Schwab Ariel / Blue Tractor semi-transparent
S000072266,Alexis Practical Tactical ETF,Listed Funds Trust,,LEXI,2022,2025,4,,96997920,,allocation_fof,Y,medium,tactical multi-asset
S000072268,Robinson Alternative Yield Pre-Merger SPAC ETF,Tidal ETF Trust,,SPAX,2022,2024,3,,20992246.95,,equity_longonly,Y,medium,pre-merger SPACs
S000072292,LeaderShares Dynamic Yield ETF,Two Roads Shared Trust,,DYLD,2021,2025,5,,57288018,,fixed_income,Y,medium,LeaderShares dynamic yield; income sleeve
S000072294,Goldman Sachs Future Consumer Equity ETF,Goldman Sachs ETF Trust,,GBUY,2022,2024,3,,90126963,,equity_longonly,Y,high,GS thematic equity
S000072296,Goldman Sachs Future Health Care Equity ETF,Goldman Sachs ETF Trust,,GDOC,2022,2025,4,,21039023,,equity_longonly,Y,high,GS thematic equity
S000072323,Sparkline Intangible Value ETF,EA Series Trust,,ITAN,2023,2025,3,,36955931.83,,equity_longonly,Y,high,intangible value equity
S000072348,LifeGoal Conservative Wealth Builder ETF,Northern Lights Fund Trust II,,SAVN,2022,2022,1,Y,1464095,,allocation_fof,Y,high,LifeGoal allocation; fof flag
S000072349,LifeGoal Home Down Payment Investment ETF,Northern Lights Fund Trust II,,HOM,2022,2022,1,Y,1267498,,allocation_fof,Y,high,LifeGoal; FoF
S000072351,LifeGoal Wealth Builder ETF,Northern Lights Fund Trust II,,WLTH,2022,2022,1,Y,1968259,,allocation_fof,Y,medium,wealth builder; FoF=Y
S000072366,ZEGA Buy and Hedge ETF,Tidal Trust I,,ZHDG,2022,2025,4,,30014328.772,,equity_options,Y,medium,buy-and-hedge options structure on equity index
S000072374,ALPS Hillman Active Value ETF,ALPS ETF Trust,,HVAL,2021,2022,2,,6469029,,equity_longonly,Y,high,Hillman active value equities
S000072375,Innovator U.S. Equity Accelerated ETF - July,Innovator ETFs Trust,,XDJL,2021,2024,4,,9153864.28505464,,equity_options,Y,high,Innovator accelerated
S000072376,Innovator U.S. Equity Accelerated Plus ETF - July,Innovator ETFs Trust,,XTJL,2021,2025,5,,12506022.4888219,,equity_options,Y,high,Innovator accelerated plus
S000072377,Innovator U.S. Equity Accelerated 9 Buffer ETF - July,Innovator ETFs Trust,,XBJL,2021,2025,5,,148023972.280192,,equity_options,Y,high,Innovator accelerated buffer
S000072378,Innovator Growth Accelerated Plus ETF - July,Innovator ETFs Trust,,QTJL,2021,2025,5,,17115035.9537808,,equity_options,Y,high,Innovator accelerated defined outcome
S000072410,American Century Multisector Income ETF,AMERICAN CENTURY ETF TRUST,,MUSI,2021,2024,4,,180011143.441538,,fixed_income,Y,high,multisector income
S000072411,American Century Emerging Markets Bond ETF,AMERICAN CENTURY ETF TRUST,,AEMB,2021,2024,4,,31187509.0953846,,fixed_income,Y,high,EM bond
S000072412,American Century Sustainable Growth ETF,AMERICAN CENTURY ETF TRUST,,ESGY,2021,2024,4,,14267993.6453846,,equity_longonly,Y,medium,American Century transparent ESG growth
S000072413,BlackRock Future Climate and Sustainable Economy ETF,BlackRock ETF Trust,,BECO,2022,2024,3,,3655277.13461538,,equity_longonly,Y,high,climate thematic equity
S000072431,Innovator Defined Wealth Shield ETF,Innovator ETFs Trust,,BALT,2021,2025,5,,1358565349.82252,,equity_options,Y,high,Innovator defined wealth shield buffer
S000072458,TCW Transform Systems ETF,TCW ETF Trust,,NETZ,2022,2025,4,,458056588.6,,equity_longonly,Y,high,TCW thematic equity
S000072498,ATAC Credit Rotation ETF,Tidal Trust I,,JOJO,2021,2025,5,,5056351.905,,fixed_income,Y,medium,credit rotation between HY and treasuries
S000072501,BNY Mellon Ultra Short Income ETF,BNY Mellon ETF Trust,,BKUI,2022,2025,4,,151484386.29,,fixed_income,Y,high,ultra short income
S000072510,Virtus Duff & Phelps Clean Energy ETF,Virtus ETF Trust II,,VCLN,2022,2025,4,,5682245,,equity_longonly,Y,high,clean energy equity
S000072550,Timothy Plan US Large/Mid Cap Core Enhanced ETF,Timothy Plan,,TPLE,2021,2022,2,,69243427.71999998,,equity_longonly,Y,high,Timothy Plan enhanced core equity
S000072551,Timothy Plan High Dividend Stock Enhanced ETF,Timothy Plan,,TPHE,2021,2022,2,,59622343.40999999,,equity_longonly,Y,high,Timothy Plan enhanced dividend equity
S000072555,Harbor Scientific Alpha High-Yield ETF,Harbor ETF Trust,,SIHY,2021,2025,5,,166144108.94,,fixed_income,Y,high,high yield bonds
S000072556,Harbor Scientific Alpha Income ETF,Harbor ETF Trust,,SIFI,2021,2025,5,,33912970.55,,fixed_income,Y,high,income bonds
S000072560,Bahl & Gaynor Small/Mid Cap Income Growth ETF,ETF Series Solutions,,SMIG,2021,2025,5,,457647465.72,,equity_longonly,Y,high,dividend growth equity
S000072561,One Global ETF,Northern Lights Fund Trust II,,FFND,2022,2025,4,,27870240.33961644,,equity_longonly,Y,low,global equity; name ambiguous
S000072613,Main International ETF,Northern Lights Fund Trust IV,,INTL,2023,2025,3,Y,126892395.09,,allocation_fof,Y,medium,"Main Mgmt ETF-of-ETFs, fof=Y"
S000072639,Spear Alpha ETF,Listed Funds Trust,,SPRX,2022,2025,4,,53264914,,equity_longonly,Y,high,growth equity
S000072683,abrdn Bloomberg Industrial Metals Strategy K-1 Free ETF,abrdn ETFs,,BCIM,2021,2024,4,,23679225.41615384,,commodity_futures,Y,high,industrial metals futures
S000072686,Hartford Schroders ESG US Equity ETF,Hartford Funds Exchange-Traded Trust,,HEET,2022,2022,1,,9722174.5675,,equity_longonly,Y,high,Hartford Schroders ESG equity
S000072693,BNY Mellon Responsible Horizons Corporate Bond ETF,BNY Mellon ETF Trust,,RHCB,2022,2024,3,,22516378.4,,fixed_income,Y,high,corporate bond
S000072703,First Trust Limited Duration Investment Grade Corporate ETF,First Trust Exchange-Traded Fund IV,,FSIG,2022,2025,4,,1290238968.03,,fixed_income,Y,high,First Trust; IG corporate
S000072714,PIMCO Municipal Income Opportunities Active Exchange-Traded Fund,PIMCO ETF Trust,,MINO,2022,2025,4,,251515799.62,,fixed_income,Y,high,PIMCO muni income
S000072739,Discipline Fund ETF,EA Series Trust,,DSCF,2022,2024,3,Y,38058104.61,,allocation_fof,Y,medium,FoF flag; multi-asset
S000072757,AltShares Event-Driven ETF,AltShares Trust,,EVNT,2022,2025,4,,4946523.02692307,,equity_longshort,Y,medium,event-driven/merger arb
S000072783,APEX Healthcare ETF,TWO ROADS SHARED TRUST,,APXH,2022,2022,1,,3948784.97012738,01/2023,equity_longonly,Y,high,healthcare sector equity
S000072797,T. Rowe Price QM U.S. Bond ETF,"T. Rowe Price Exchange-Traded Funds, Inc.",,TAGG,2021,2025,5,,868707013,,fixed_income,Y,high,T. Rowe bond ETF
S000072798,T. Rowe Price Total Return ETF,"T. Rowe Price Exchange-Traded Funds, Inc.",,TOTR,2022,2025,4,,239716958,,fixed_income,Y,high,TRP total return bond
S000072799,T. Rowe Price Ultra Short-Term Bond ETF,"T. Rowe Price Exchange-Traded Funds, Inc.",,TBUX,2022,2025,4,,283180722,,fixed_income,Y,high,T. Rowe ultra short bond
S000072813,iMGP DBI Managed Futures Strategy ETF,LITMAN GREGORY FUNDS TRUST,,DBMF,2021,2025,5,,1439731235.45,,commodity_futures,Y,high,managed futures replication
S000072814,iMGP DBi Hedge Strategy ETF,LITMAN GREGORY FUNDS TRUST,,DBEH,2021,2023,3,,27808827.59153846,,equity_longshort,Y,medium,DBi hedge-fund replication via futures
S000072818,Goldman Sachs Future Real Estate and Infrastructure Equity ETF,Goldman Sachs ETF Trust,,GREI,2022,2024,3,,19694541,,equity_longonly,Y,high,GS real estate/infrastructure equities
S000072878,Adaptive Core ETF,Collaborative Investment Series Trust,,RULE,2022,2024,3,,38807372.02,,allocation_fof,Y,medium,adaptive ETF allocation
S000072879,Mindful Conservative ETF,Collaborative Investment Series Trust,,MFUL,2022,2024,3,,58205914.52,,allocation_fof,Y,medium,conservative multi-asset ETF allocation
S000072880,Mohr Growth ETF,Collaborative Investment Series Trust,,MOHR,2022,2023,2,,108765658.81,,equity_longonly,Y,low,tactical growth; may hold ETFs rather than single stocks
S000072918,KraneShares China Innovation ETF,Krane Shares Trust,,KGRO,2022,2023,2,Y,1908872.71,,allocation_fof,Y,medium,"fof=Y, KraneShares ETF-of-ETFs"
S000072931,JPMorgan Active Value ETF,J.P. Morgan Exchange-Traded Fund Trust,,JAVA,2022,2025,4,,2457230828.37,,equity_longonly,Y,high,JPM active value
S000072932,JPMorgan Income ETF,J.P. Morgan Exchange-Traded Fund Trust,,JPIE,2022,2026,5,,651760138.89,,fixed_income,Y,high,multi-sector income
S000072972,SPDR Loomis Sayles Opportunistic Bond ETF,SSGA Active Trust,,OBND,2022,2025,4,,43329119.15538461,,fixed_income,Y,high,opportunistic bond
S000072996,Avantis Emerging Markets Value ETF,AMERICAN CENTURY ETF TRUST,,AVES,2022,2024,3,,388770282.116154,,equity_longonly,Y,high,Avantis systematic equity
S000072997,Avantis International Large Cap Value ETF,AMERICAN CENTURY ETF TRUST,,AVIV,2022,2024,3,,326559932.763077,,equity_longonly,Y,high,Avantis systematic equity
S000072998,Avantis U.S. Large Cap Value ETF,AMERICAN CENTURY ETF TRUST,,AVLV,2022,2024,3,,2750245072.69769,,equity_longonly,Y,high,Avantis systematic equity
S000072999,Avantis Real Estate ETF,AMERICAN CENTURY ETF TRUST,,AVRE,2022,2024,3,,415385507.44,,equity_longonly,Y,high,REIT equity
S000073002,CrossingBridge Pre-Merger SPAC ETF,Trust for Professional Managers,,SPC,2021,2024,4,,69918147,,equity_longonly,Y,medium,pre-merger SPACs
S000073384,Simplify Intermediate Term Treasury Futures Strategy ETF,Simplify Exchange Traded Funds,,TYA,2022,2025,4,,120763726,,fixed_income,Y,medium,intermediate treasury futures
S000073385,Simplify Tail Risk Strategy ETF,Simplify Exchange Traded Funds,,CYA,2022,2023,2,,44958168,,equity_options,Y,medium,tail risk via index puts
S000073398,Hartford Schroders Commodity Strategy ETF,Hartford Funds Exchange-Traded Trust,,HCOM,2022,2024,3,,12914747.62846153,,commodity_futures,Y,high,Hartford Schroders commodity
S000073404,Hartford Strategic Income ETF,Hartford Funds Exchange-Traded Trust,,HFSI,2022,2025,4,,96509029.65461538,,fixed_income,Y,high,Hartford strategic income
S000073408,FT Vest Nasdaq-100 Buffer ETF - September,First Trust Exchange-Traded Fund VIII,,QSPT,2022,2025,4,,367472784.7,,equity_options,Y,high,FT Vest Nasdaq-100 buffer
S000073410,FT Vest International Equity Moderate Buffer ETF - September,First Trust Exchange-Traded Fund VIII,,YSEP,2022,2025,4,,75716601.83,,equity_options,Y,high,FT Vest international buffer
S000073414,FT Vest U.S. Equity Enhance & Moderate Buffer ETF - December,First Trust Exchange-Traded Fund VIII,,XDEC,2022,2025,4,,248801570.51,,equity_options,Y,high,FT Vest enhance & moderate buffer
S000073431,Janus Henderson International Sustainable Equity ETF,Janus Detroit Street Trust,,SXUS,2021,2023,3,,14893846.56,,equity_longonly,Y,high,international sustainable equity
S000073432,Janus Henderson Net Zero Transition Resources ETF,Janus Detroit Street Trust,,JZRO,2021,2022,2,,50038349.5376923,,equity_longonly,Y,high,thematic resources equity
S000073433,Janus Henderson U.S. Sustainable Equity ETF,Janus Detroit Street Trust,,SSPX,2021,2024,4,,8283308.5,,equity_longonly,Y,high,sustainable equity
S000073434,Janus Henderson Corporate Bond ETF,Janus Detroit Street Trust,,JLQD,2021,2025,5,,27892386.21999999,,fixed_income,Y,high,corporate bond
S000073435,Janus Henderson Sustainable & Impact Core Bond ETF,Janus Detroit Street Trust,,JIB,2021,2023,3,,35469801.71,,fixed_income,Y,high,core bond
S000073441,First Trust SkyBridge Crypto Industry and Digital Economy ETF,First Trust Exchange-Traded Fund VIII,,CRPT,2022,2025,4,,98012221.84,,equity_longonly,Y,medium,"crypto-industry equities, thematic"
S000073489,First Trust Multi-Manager Small Cap Opportunities ETF,First Trust Exchange-Traded Fund VIII,,MMSC,2022,2025,4,,24392835.31,,equity_longonly,Y,medium,multi-manager small cap equity
S000073506,AllianzIM U.S. Equity 6 Month Buffer10 Jan/Jul ETF,AIM ETF Products Trust,,SIXJ,2022,2025,4,,190955288.46000001,,equity_options,Y,high,AllianzIM buffer
S000073507,AllianzIM U.S. Equity 6 Month Buffer10 Apr/Oct ETF,AIM ETF Products Trust,,SIXO,2021,2025,5,,212708164.25,,equity_options,Y,high,AllianzIM buffer
S000073535,Nuveen Growth Opportunities ETF,Nushares ETF Trust,,NUGO,2021,2025,5,,2744554852.63,,equity_longonly,N,medium,Nuveen 2021 semi-transparent active equity series
S000073559,Dimensional Core Fixed Income ETF,Dimensional ETF Trust,,DFCF,2022,2025,4,,6796344768.62,,fixed_income,Y,high,core fixed income
S000073560,Dimensional Short-Duration Fixed Income ETF,Dimensional ETF Trust,,DFSD,2022,2025,4,,4498322839.89,,fixed_income,Y,high,Dimensional; short-duration bonds
S000073561,Dimensional Inflation-Protected Securities ETF ,Dimensional ETF Trust,,DFIP,2022,2025,4,,894672747.43,,fixed_income,Y,high,TIPS
S000073562,Dimensional National Municipal Bond ETF,Dimensional ETF Trust,,DFNM,2022,2025,4,,1543781775.14,,fixed_income,Y,high,muni
S000073567,WisdomTree Efficient Gold Plus Equity Strategy Fund,WisdomTree Trust,,GDE,2022,2025,4,,110558741,,commodity_futures,Y,medium,WisdomTree; gold futures overlay on equity
S000073568,WisdomTree Efficient Gold Plus Gold Miners Strategy Fund,WisdomTree Trust,,GDMN,2022,2025,4,,25214790,,commodity_futures,Y,medium,WisdomTree; gold futures + miners equity
S000073580,Harbor Disruptive Innovation ETF,Harbor ETF Trust,,INNO,2022,2024,3,,28662617.22,,equity_longonly,Y,high,thematic equity
S000073631,Day Hagan Smart Sector Fixed Income ETF,Strategy Shares,,SSFI,2022,2025,4,Y,38261188.16,,allocation_fof,Y,medium,bond ETF fof; fof flag
S000073664,Hartford Large Cap Growth ETF,Hartford Funds Exchange-Traded Trust,,HFGO,2022,2025,4,,135692054.08307692,,equity_longonly,Y,high,Hartford large cap growth
S000073670,Innovator U.S. Equity Accelerated 9 Buffer ETF - October,Innovator ETFs Trust,,XBOC,2021,2025,5,,90310759.2270411,,equity_options,Y,high,Innovator accelerated buffer
S000073671,Innovator U.S. Equity Accelerated Plus ETF - October,Innovator ETFs Trust,,XTOC,2021,2025,5,,13446575.4064384,,equity_options,Y,high,Innovator accelerated plus
S000073672,Innovator U.S. Equity Accelerated ETF - October,Innovator ETFs Trust,,XDOC,2021,2024,4,,3281301.54057057,,equity_options,Y,high,Innovator accelerated
S000073673,Innovator Growth Accelerated Plus ETF - October,Innovator ETFs Trust,,QTOC,2021,2025,5,,14554713.3882466,,equity_options,Y,high,Innovator accelerated defined outcome
S000073697,VictoryShares Corporate Bond ETF,Victory Portfolios II,,UCRD,2022,2025,4,,138133020.03,,fixed_income,Y,high,corporate bond
S000073698,VictoryShares Core Plus Intermediate Bond ETF,Victory Portfolios II,,UBND,2022,2025,4,,569291556.8,,fixed_income,Y,high,core plus bond
S000073699,VictoryShares THB Mid Cap ETF,Victory Portfolios II,,MDCP,2022,2024,3,,41003165.07,,equity_longonly,Y,high,THB mid cap equity
S000073701,USCF Sustainable Battery Metals Strategy Fund,USCF ETF Trust,,ZSB,2023,2025,3,,1402635,,commodity_futures,Y,high,battery metals futures strategy
S000073705,FolioBeyond Alternative Income and Interest Rate Hedge ETF,Tidal ETF Trust,,RISR,2022,2024,3,,61418899.144,,fixed_income,Y,high,MBS IO rate hedge
S000073714,Pacer Pacific Asset Floating Rate High Income ETF,Pacer Funds Trust,,FLRT,2022,2025,4,,400356253,,fixed_income,Y,high,Pacer; floating rate loans
S000073725,Alpha Dog ETF,ETF Opportunities Trust,,RUFF,2022,2023,2,,53513019.1,,equity_longonly,Y,high,looked up; 20-50 US stocks with small options hedge
S000073730,Goose Hollow Tactical Allocation ETF,Collaborative Investment Series Trust,,GHTA,2022,2024,3,,37553360.49,,allocation_fof,Y,high,Goose Hollow; tactical allocation
S000073736,BNY Mellon Concentrated International ETF,BNY Mellon ETF Trust,,BKCI,2022,2025,4,,164633033,,equity_longonly,Y,high,BNY concentrated international
S000073751,Simplify Health Care ETF,Simplify Exchange Traded Funds,,PINK,2022,2025,4,,164489413,,equity_longonly,Y,high,health care sector equity
S000073809,Strategy Shares Halt Climate Change ETF,Strategy Shares,,NZRO,2022,2023,2,,1137721.45,,equity_longonly,Y,high,climate thematic equity
S000073853,JPMorgan Climate Change Solutions ETF,J.P. Morgan Exchange-Traded Fund Trust,,TEMP,2022,2024,3,,21278989.63,,equity_longonly,Y,high,JPM thematic climate equity
S000073861,Simplify Developed Ex-US Plus Downside Convexity ETF,Simplify Exchange Traded Funds,,EAFD,2022,2023,2,,21595625,,equity_options,Y,high,Simplify; equity + downside convexity puts
S000073862,Simplify Emerging Markets Equity PLUS Downside Convexity ETF,Simplify Exchange Traded Funds,,EMGD,2022,2023,2,,5880846,,equity_options,Y,high,Simplify; equity + downside convexity puts
S000073863,Simplify US Small Cap PLUS Downside Convexity ETF,Simplify Exchange Traded Funds,,RTYD,2022,2022,1,,2961007,,equity_options,Y,high,Simplify PLUS convexity options
S000073908,ProShares Bitcoin ETF,ProShares Trust,,BITO,2022,2025,4,,2174672855.1599998,,crypto_digital,Y,high,bitcoin futures
S000073925,Simplify Hedged Equity ETF,Simplify Exchange Traded Funds,,HEQT,2022,2025,4,,294656341,,equity_options,Y,high,Simplify hedged equity; options overlay
S000073969,Guru Favorite Stocks ETF,EA Series Trust,,GFGF,2022,2025,4,,34875184.304,,equity_longonly,Y,high,13F-replication equities
S000073970,Genuine Investors ETF,Valued Advisers Trust,,GCIG,2022,2022,1,,8548960.12120547,,equity_longonly,Y,medium,active equity
S000074002,Kingsbarn Tactical Bond ETF,ETF Opportunities Trust,,KDRN,2022,2025,4,Y,1258491.25,,fixed_income,Y,medium,"tactical bond, fof=Y"
S000074006,FT Vest Buffered Allocation Growth ETF,First Trust Exchange-Traded Fund VIII,,BUFG,2022,2025,4,Y,255882666.19,,allocation_fof,Y,medium,"buffered allocation, FoF of buffer ETFs"
S000074008,FT Vest Buffered Allocation Defensive ETF,First Trust Exchange-Traded Fund VIII,,BUFT,2022,2025,4,Y,119991795.15,,allocation_fof,Y,medium,"buffered allocation, FoF of buffer ETFs"
S000074020,VanEck Bitcoin Strategy ETF,VanEck ETF Trust,,XBTF,2021,2023,3,,42696582.65384615,,crypto_digital,Y,high,VanEck bitcoin futures strategy
S000074034,SPDR(R) Nuveen Municipal Bond ESG ETF,SSGA Active Trust,,MBNE,2022,2025,4,,31914037.68538461,,fixed_income,Y,high,municipal bond ESG
S000074053,JPMorgan Inflation Managed Bond ETF,J.P. Morgan Exchange-Traded Fund Trust,,JCPI,2023,2026,4,,575567459.46,,fixed_income,Y,high,inflation-managed bond
S000074054,JPMorgan International Research Enhanced Equity ETF,J.P. Morgan Exchange-Traded Fund Trust,,JIRE,2022,2025,4,,7374374410.5,,equity_longonly,Y,high,research enhanced intl equity
S000074055,JPMorgan Small & Mid Cap Enhanced Equity ETF,J.P. Morgan Exchange-Traded Fund Trust,,JMEE,2022,2025,4,,1562805921.02,,equity_longonly,Y,high,"enhanced equity (index-plus, long only)"
S000074056,JPMorgan Realty Income ETF,J.P. Morgan Exchange-Traded Fund Trust,,JPRE,2023,2026,4,,377820849.57,,equity_longonly,Y,high,REIT equity
S000074058,Valkyrie Bitcoin and Ether Strategy ETF,Valkyrie ETF Trust II,,BTF,2022,2024,3,,42852545,,crypto_digital,Y,high,bitcoin/ether futures strategy
S000074065,Advocate Rising Rate Hedge ETF,ADVISORS' INNER CIRCLE FUND III,,RRH,2022,2023,2,,27657887,,fixed_income,Y,medium,rising-rate hedge via rate derivatives
S000074074,AdvisorShares Poseidon Dynamic Cannabis ETF,AdvisorShares Trust,,PSDN,2022,2023,2,,3951922,,equity_longonly,Y,high,cannabis thematic equity
S000074090,Roundhill Cannabis ETF,Listed Funds Trust,,WEED,2022,2025,4,,6354403,,equity_longonly,Y,high,cannabis equity
S000074132,VanEck Future of Food ETF,VanEck ETF Trust,,YUMY,2021,2023,3,,3278165.9476923,,equity_longonly,Y,high,VanEck food thematic equity
S000074139,Alpha Intelligent - Large Cap Value ETF,Listed Funds Trust,,AILV,2022,2022,1,,691496.17,,equity_longonly,Y,high,large cap value stocks
S000074140,Alpha Intelligent - Large Cap Growth ETF,Listed Funds Trust,,AILG,2022,2022,1,,592004.6,,equity_longonly,Y,high,large cap growth stocks
S000074150,American Century Select High Yield ETF,AMERICAN CENTURY ETF TRUST,,AHYB,2022,2024,3,,33021628.0230769,,fixed_income,Y,high,high yield
S000074154,VanEck Ethereum Strategy ETF,VanEck ETF Trust,,EFUT,2023,2023,1,,12475419.97333333,,crypto_digital,Y,high,VanEck ether futures
S000074165,ProShares Ether ETF,ProShares Trust,,EETH,2024,2025,2,,73284084.76,,crypto_digital,Y,high,ProShares ether
S000074173,Federated Hermes Short Duration Corporate ETF,Federated Hermes ETF Trust,,FCSH,2022,2025,4,Y,20601102.0192307,,fixed_income,Y,high,Federated Hermes; short duration corporate
S000074174,Federated Hermes Short Duration High Yield ETF,Federated Hermes ETF Trust,,XFHYX,2022,2026,5,Y,27646529.1915384,,fixed_income,Y,high,short duration high yield bonds; fof flag likely cash sleeve
S000074177,Global X Blockchain & Bitcoin Strategy ETF,Global X Funds,,BITS,2022,2025,4,,34426099.90999999,,crypto_digital,Y,medium,blockchain equities + bitcoin futures
S000074207,AdvisorShares Managed Bitcoin Strategy ETF,AdvisorShares Trust,,CRYP,2022,2022,1,,858097,,crypto_digital,Y,high,managed bitcoin strategy
S000074231,Build Bond Innovation ETF,Build Funds Trust,,BFIX,2022,2024,3,,11140612,,fixed_income,Y,high,bond
S000074246,Capital Group Growth ETF,Capital Group Growth ETF,,CGGR,2022,2025,4,,8922228943,,equity_longonly,Y,high,Capital Group equity
S000074247,Capital Group Core Equity ETF,Capital Group Core Equity ETF,,CGUS,2022,2025,4,,4230622672,,equity_longonly,Y,high,Capital Group equity
S000074248,Capital Group International Focus Equity ETF,Capital Group International Focus Equity ETF,,CGXU,2022,2025,4,,3163989342,,equity_longonly,Y,high,Capital Group equity
S000074249,Capital Group Dividend Value ETF,Capital Group Dividend Value ETF,,CGDV,2022,2025,4,,12500925425,,equity_longonly,Y,high,Capital Group equity
S000074250,Capital Group Global Growth Equity ETF,Capital Group Global Growth Equity ETF,,CGGO,2022,2025,4,,4787674566,,equity_longonly,Y,high,Capital Group equity
S000074251,Capital Group Core Plus Income ETF,Capital Group Fixed Income ETF Trust,,CGCP,2022,2025,4,,5326167877.43,,fixed_income,Y,high,Capital Group bond
S000074252,OneAscent Large Cap Core ETF,Unified Series Trust,,OALC,2022,2025,4,,130393936.43,,equity_longonly,Y,high,OneAscent large cap core
S000074297,McElhenny Sheffield Managed Risk ETF,ETF Series Solutions,,MSMR,2022,2025,4,,113593005,,allocation_fof,Y,medium,managed-risk tactical ETF allocation
S000074300,iBET Sports Betting & Gaming ETF,ETF Series Solutions,,iBET,2022,2022,1,,664340.621,,equity_longonly,Y,high,sports betting & gaming thematic equity
S000074340,Wahed Dow Jones Islamic World ETF,Listed Funds Trust,,UMMA,2022,2025,4,,113174090,,equity_longonly,Y,high,Islamic world equity
S000074383,Sterling Capital Diverse Multi-Manager Active ETF,Northern Lights Fund Trust IV,,DEIF,2022,2023,2,,93228307.69931509,,equity_longonly,Y,medium,multi-manager active equity
S000074411,UBC Algorithmic Fundamentals ETF,ETF Opportunities Trust,,UBCB,2022,2022,1,,1328649.92,,equity_longonly,Y,low,quant equity; unverified
S000074455,WealthTrust DBS Long Term Growth ETF,ETF Opportunities Trust,,WLTG,2022,2025,4,,41029179.1,,equity_longonly,Y,medium,long-term growth equity
S000074500,PGIM Total Return Bond ETF,PGIM ETF Trust,,PTRB,2022,2025,4,,401222394,,fixed_income,Y,high,total return bond
S000074523,Nationwide S&P 500 Risk-Managed Income ETF,ETF Series Solutions,,NSPI,2022,2023,2,,22353708.971,,equity_options,Y,high,risk-managed income = index + options
S000074524,Nationwide Dow Jones Risk-Managed Income ETF,ETF Series Solutions,,NDJI,2022,2023,2,,26706495.882,,equity_options,Y,high,risk-managed income = index + options
S000074525,Nationwide Russell 2000 Risk-Managed Income ETF,ETF Series Solutions,,NTKI,2022,2023,2,,13130541.793,,equity_options,Y,high,risk-managed income = index + options
S000074545,Amplify Inflation Fighter ETF,Amplify ETF Trust,,IWIN,2022,2023,2,,9235498,,other,Y,low,"inflation-fighter multi-asset (equities, commodities, TIPS)"
S000074569,iShares U.S. Thematic Rotation Active ETF,BlackRock ETF Trust,,THRO,2022,2025,4,,1214666410.48076923,,equity_longonly,Y,high,iShares thematic rotation equity
S000074603,John Hancock Preferred Income ETF,John Hancock Exchange-Traded Fund Trust,,JHPI,2022,2026,5,,114600495,,fixed_income,Y,high,preferreds
S000074623,Syntax Stratified Total Market II ETF,SYNTAX ETF TRUST,,SYII,2022,2023,2,Y,7612488.94923076,,equity_longonly,Y,medium,Syntax stratified equity; fof flag
S000074624,FMC Excelsior Focus Equity ETF,Northern Lights Fund Trust IV,,FMCX,2023,2026,4,,79254634.8094536,,equity_longonly,Y,high,focus equity
S000074631,Amberwave Invest USA JSG Fund,Northern Lights Fund Trust II,,IUSA,2022,2022,1,,1367552.84,,equity_longonly,Y,medium,US equity mandate
S000074654,Motley Fool Global Opportunities ETF,"RBB Fund, Inc.",,TMFG,2022,2024,3,,427213644,,equity_longonly,Y,high,Motley Fool global equity
S000074655,Motley Fool Mid-Cap Growth ETF,"RBB Fund, Inc.",,TMFM,2022,2024,3,,192166073,,equity_longonly,Y,high,Motley Fool mid-cap equity
S000074690,Grizzle Growth ETF,Listed Funds Trust,,GRZZ,2022,2023,2,,1186783,,equity_longonly,Y,high,growth equity
S000074691,Janus Henderson B-BBB CLO ETF,Janus Detroit Street Trust,,JBBB,2022,2025,4,,1467186828.39,,fixed_income,Y,high,CLO
S000074694,The Generation Z ETF,EA Series Trust,,ZGEN,2022,2022,1,,2653646.97,,equity_longonly,Y,high,generation-Z thematic equity
S000074718,FPA Global Equity ETF,NORTHERN LIGHTS FUND TRUST III,,FPAG,2022,2023,2,,32469253,,equity_longonly,Y,high,FPA global equity
S000074719,V-Shares US Leadership Diversity ETF,Managed Portfolio Series,,VDNI,2022,2023,2,,1130404,,equity_longonly,Y,medium,ESG leadership equity
S000074724,VegTech Plant-based Innovation and Climate ETF,Advisors Series Trust,,EATV,2022,2024,3,,5642119.54,,equity_longonly,Y,high,thematic equity
S000074753,Rayliant Quantamental Emerging Market ex-China Equity ETF,ADVISORS' INNER CIRCLE FUND III,,RAYE,2022,2025,4,,64304232,,equity_longonly,Y,high,Rayliant EM ex-China equity
S000074754,Rayliant Quantitative Developed Market Equity ETF,ADVISORS' INNER CIRCLE FUND III,,RAYD,2022,2025,4,,82921106,,equity_longonly,Y,high,Rayliant developed market equity
S000074761,Clockwise Core Equity & Innovation ETF,Capitol Series Trust,,TIME,2022,2023,2,,40414969.4509315,,equity_longonly,Y,low,Clockwise core equity + innovation sleeve; options unverified
S000074770,DoubleLine Opportunistic Core Bond ETF,DoubleLine ETF Trust,,DBND,2022,2025,4,,432741677.86,,fixed_income,Y,high,core bond
S000074771,DoubleLine Shiller CAPE U.S. Equities ETF,DoubleLine ETF Trust,,CAPE,2022,2025,4,,340692482.46,,equity_longonly,Y,medium,Shiller CAPE sector rotation via swap
S000074803,Cultivar ETF,ETF Opportunities Trust,,CVAR,2022,2025,4,,31948414.39,,equity_longonly,Y,medium,active equity
S000074835,Avantis U.S. Small Cap Equity ETF,AMERICAN CENTURY ETF TRUST,,AVSC,2022,2024,3,,825946999.083846,,equity_longonly,Y,high,Avantis systematic equity
S000074838,Convergence Long/Short Equity ETF,Trust for Professional Managers,,CLSE,2022,2025,4,,208965341,,equity_longshort,Y,high,long/short equity
S000074845,Innovator U.S. Equity Accelerated ETF - January,Innovator ETFs Trust,,XDJA,2022,2024,3,,8035281.60852459,,equity_options,Y,high,Innovator accelerated
S000074846,Innovator U.S. Equity Accelerated Plus ETF - January,Innovator ETFs Trust,,XTJA,2022,2025,4,,17090993.0726849,,equity_options,Y,high,Innovator accelerated plus
S000074847,Innovator U.S. Equity Accelerated 9 Buffer ETF - January,Innovator ETFs Trust,,XBJA,2022,2025,4,,95201791.7733425,,equity_options,Y,high,Innovator accelerated buffer
S000074848,Innovator Growth Accelerated Plus ETF - January,Innovator ETFs Trust,,QTJA,2022,2025,4,,19796426.5626849,,equity_options,Y,high,Innovator accelerated defined outcome
S000074852,Subversive Metaverse ETF,Series Portfolios Trust,,PUNK,2022,2022,1,,1055172.97,,equity_longonly,Y,high,metaverse thematic equity
S000074860,Infrastructure Capital Equity Income ETF,Series Portfolios Trust,,ICAP,2022,2025,4,,62397281,,equity_options,Y,medium,InfraCap equity income with option writing
S000074863,UPAR Ultra Risk Parity ETF,Tidal Trust I,,UPAR,2022,2025,4,,60094038.02,,allocation_fof,Y,medium,leveraged multi-asset risk parity
S000074873,RiverNorth Patriot ETF,Listed Funds Trust,,FLDZ,2021,2024,4,,3699430,,equity_longonly,Y,medium,RiverNorth Patriot; US equity
S000074895,ROC ETF,EA Series Trust,,ROCI,2023,2023,1,,5792113.73,,equity_longonly,Y,low,EA Series Trust; name uninformative
S000074922,Rareview Inflation/Deflation ETF,Collaborative Investment Series Trust,,FLTN,2022,2023,2,,16286431.56,,allocation_fof,Y,low,Rareview; multi-asset inflation/deflation sleeves
S000074927,The Future Long/Short ETF,Northern Lights Fund Trust II,,FFLS,2024,2025,2,,34108834.70761641,,equity_longshort,Y,high,long/short in name
S000074951,Conductor Global Equity Value ETF,Two Roads Shared Trust,,CGV,2022,2025,4,,111766333,,equity_longonly,Y,medium,global equity value
S000074985,Astoria Real Assets ETF,INVESTMENT MANAGERS SERIES TRUST II,,PPI,2022,2026,5,,77188637,,other,Y,medium,"real assets multi-sleeve (commodities, REITs, resource equity)"
S000075030,Dimensional US Marketwide Value ETF,Dimensional ETF Trust,,DFUV,2022,2025,4,,11590368726.45,,equity_longonly,Y,high,Dimensional; marketwide value
S000075031,LHA Market State Tactical Q ETF,ETF Series Solutions,,MSTQ,2022,2025,4,,27388270.66,,allocation_fof,Y,medium,LHA Market State tactical (ETF + hedges)
S000075036,SEI Enhanced Low Volatility U.S. Large Cap ETF,SEI Exchange Traded Funds,,SELV,2023,2026,4,,179211929.66999999,,equity_longonly,Y,high,SEI low vol equity
S000075037,SEI Enhanced U.S. Large Cap Momentum Factor ETF,SEI Exchange Traded Funds,,SEIM,2023,2026,4,,871499314.19000006,,equity_longonly,Y,high,SEI factor equity
S000075038,SEI Enhanced U.S. Large Cap Quality Factor ETF,SEI Exchange Traded Funds,,SEIQ,2023,2026,4,,426672477.82999998,,equity_longonly,Y,high,SEI factor equity
S000075039,SEI Enhanced U.S. Large Cap Value Factor ETF,SEI Exchange Traded Funds,,SEIV,2023,2026,4,,853899638.47000003,,equity_longonly,Y,high,SEI factor equity
S000075052,Valkyrie Bitcoin Miners ETF,Valkyrie ETF Trust II,,WGMI,2022,2024,3,,82683526,,equity_longonly,Y,medium,bitcoin miner equities (stocks not crypto)
S000075054,Valkyrie Balance Sheet Opportunities ETF,Valkyrie ETF Trust II,,VBB,2022,2022,1,,633328,,crypto_digital,Y,medium,bitcoin balance-sheet/futures strategy
S000075077,Strategas Global Policy Opportunities ETF,Advisors' Inner Circle Fund III,,SAGP,2022,2025,4,,51012585.50999999,,equity_longonly,Y,medium,Strategas policy thematic equity
S000075078,Strategas Macro Thematic Opportunities ETF,Advisors' Inner Circle Fund III,,SAMT,2022,2025,4,,194135563.66999999,,equity_longonly,Y,medium,Strategas macro thematic equity
S000075084,iMGP RBA Responsible Global Allocation ETF,LITMAN GREGORY FUNDS TRUST,,IRBA,2022,2023,2,Y,8188122.20076923,,allocation_fof,Y,high,"global allocation, fof=Y"
S000075085,AdvisorShares Let Bob AI Powered Momentum ETF,AdvisorShares Trust,,LETB,2022,2023,2,,25624959,,equity_longonly,Y,medium,AI momentum equity
S000075089,Simplify Aggregate Bond ETF,Simplify Exchange Traded Funds,,AGGH,2022,2025,4,,268111359,,fixed_income,Y,high,Simplify aggregate bond
S000075090,Simplify High Yield ETF,Simplify Exchange Traded Funds,,CDX,2022,2025,4,,150347992,,fixed_income,Y,high,high yield credit
S000075091,Simplify Macro Strategy ETF,Simplify Exchange Traded Funds,,FIG,2022,2024,3,Y,32856180,,allocation_fof,Y,medium,"Simplify macro; FoF flag, multi-asset"
S000075092,Simplify Managed Futures Strategy ETF,Simplify Exchange Traded Funds,,CTA,2022,2025,4,,582854708,,commodity_futures,Y,high,managed futures
S000075093,Rareview Systematic Equity ETF,Collaborative Investment Series Trust,,RSEE,2022,2024,3,,45190195.85,,equity_longonly,Y,low,Rareview systematic equity; overlay unclear
S000075116,Morgan Creek - Exos Active SPAC Arbitrage ETF,Listed Funds Trust,,CSH,2022,2022,1,,9295204.606,,equity_longshort,Y,low,"SPAC arbitrage, cash-like equity arb"
S000075148,Dimensional US High Profitability ETF,Dimensional ETF Trust,,DUHP,2022,2025,4,,8229600518.15,,equity_longonly,Y,high,Dimensional; high profitability
S000075149,Dimensional Emerging Markets Core Equity 2 ETF,Dimensional ETF Trust,,DFEM,2022,2025,4,,5159365117.86,,equity_longonly,Y,high,Dimensional equity
S000075150,Dimensional US Real Estate ETF,Dimensional ETF Trust,,DFAR,2022,2025,4,,1308321959.56,,equity_longonly,Y,medium,Dimensional REIT equity
S000075151,Dimensional US Small Cap Value ETF,Dimensional ETF Trust,,DFSV,2022,2025,4,,4581249795.44,,equity_longonly,Y,high,Dimensional; small value
S000075152,Dimensional International Core Equity 2 ETF,Dimensional ETF Trust,,DFIC,2022,2025,4,,8750210690.15385,,equity_longonly,Y,high,Dimensional equity
S000075153,Dimensional International Small Cap Value ETF,Dimensional ETF Trust,,DISV,2022,2025,4,,2830962527.46,,equity_longonly,Y,high,Dimensional; intl small value
S000075154,Dimensional International Small Cap ETF,Dimensional ETF Trust,,DFIS,2022,2025,4,,2925941290.06692,,equity_longonly,Y,high,Dimensional equity
S000075155,Dimensional International High Profitability ETF,Dimensional ETF Trust,,DIHP,2022,2025,4,,3716650835.17,,equity_longonly,Y,high,Dimensional; high profitability
S000075156,Dimensional Emerging Markets High Profitability ETF,Dimensional ETF Trust,,DEHP,2022,2025,4,,242028986.31,,equity_longonly,Y,high,Dimensional equity
S000075157,Dimensional Emerging Markets Value ETF,Dimensional ETF Trust,,DFEV,2022,2025,4,,969459244.44,,equity_longonly,Y,high,Dimensional equity
S000075162,Harbor Long-Term Growers ETF,Harbor ETF Trust,,WINN,2022,2025,4,,838607866.61,,equity_longonly,Y,high,Harbor long-term growers equity
S000075169,FIS Christian Stock Fund,NEOS ETF Trust,,PRAY,2022,2025,4,,62426090,,equity_longonly,Y,high,faith-based stock fund
S000075202,Harbor Commodity All-Weather Strategy ETF,Harbor ETF Trust,,HGER,2022,2023,2,,78590756.75,,commodity_futures,Y,high,Harbor commodity all-weather
S000075229,ActivePassive U.S. Equity ETF,Trust for Professional Managers,,APUE,2023,2024,2,,791986812,,equity_longonly,Y,medium,"US equity, multi-manager"
S000075230,ActivePassive International Equity ETF,Trust for Professional Managers,,APIE,2023,2024,2,,374980936,,equity_longonly,Y,medium,"international equity, multi-manager"
S000075231,ActivePassive Intermediate Municipal Bond ETF,Trust for Professional Managers,,APMU,2023,2024,2,,79932547,,fixed_income,Y,high,municipal bond
S000075232,ActivePassive Core Bond ETF,Trust for Professional Managers,,APCB,2023,2024,2,,371254798,,fixed_income,Y,high,core bond
S000075269,SPDR Blackstone High Income ETF,SSGA Active Trust,,HYBL,2022,2025,4,,266256549.06846153,,fixed_income,Y,high,Blackstone high income credit
S000075296,Fidelity Sustainable High Yield ETF,Fidelity Covington Trust,,FSYD,2022,2025,4,,42205767,,fixed_income,Y,high,Fidelity; high yield
S000075316,Residential REIT ETF,Tidal Trust I,,HAUS,2023,2026,4,,8170697.49,,equity_longonly,Y,high,residential REIT equities
S000075318,ALPS Intermediate Municipal Bond ETF,ALPS ETF Trust,,MNBD,2022,2025,4,,37767110,,fixed_income,Y,high,intermediate municipal
S000075337,Thrivent Small-Mid Cap Equity ETF,Thrivent ETF Trust,,TSME,2023,2025,3,,371452553.98076923,,equity_longonly,Y,high,Thrivent small-mid equity
S000075357,Harbor Human Capital Factor Unconstrained ETF,Harbor ETF Trust,,HAPY,2022,2023,2,,9916989.16,,equity_longonly,Y,high,Harbor factor equity
S000075381,Avantis Responsible Emerging Markets Equity ETF,AMERICAN CENTURY ETF TRUST,,AVSE,2022,2024,3,,67009211.3661538,,equity_longonly,Y,high,Avantis systematic equity
S000075382,Avantis Responsible International Equity ETF,AMERICAN CENTURY ETF TRUST,,AVSD,2022,2024,3,,129055007.991538,,equity_longonly,Y,high,Avantis systematic equity
S000075383,Avantis Responsible U.S. Equity ETF,AMERICAN CENTURY ETF TRUST,,AVSU,2022,2024,3,,229538949.060769,,equity_longonly,Y,high,Avantis systematic equity
S000075395,Neuberger Berman Energy Transition & Infrastructure ETF,Neuberger Berman ETF Trust,,NBET,2022,2025,4,,18908223.00615384,,equity_longonly,Y,high,"Neuberger Berman active equity, energy transition"
S000075396,Neuberger Berman Disrupters ETF,Neuberger Berman ETF Trust,,NBDS,2022,2025,4,,22199767.07,,equity_longonly,Y,high,"Neuberger Berman active equity, disrupters"
S000075397,Neuberger Berman Next Generation Connected Consumer ETF,Neuberger Berman ETF Trust,,NBCC,2022,2024,3,,5523283.36384615,,equity_longonly,Y,high,"Neuberger Berman active equity, thematic consumer"
S000075439,Innovator Buffer Step-Up Strategy ETF,Innovator ETFs Trust,,BSTP,2022,2025,4,,62532307.1265205,,equity_options,Y,high,Innovator buffer step-up
S000075440,Innovator Power Buffer Step-Up Strategy ETF,Innovator ETFs Trust,,PSTP,2022,2025,4,,111504644.104603,,equity_options,Y,medium,Innovator power buffer step-up strategy
S000075490,PGIM Floating Rate Income ETF,PGIM ETF Trust,,PFRL,2022,2025,4,,88385354,,fixed_income,Y,high,floating rate income
S000075502,Columbia Semiconductor and Technology ETF,Columbia ETF Trust I,,SEMI,2022,2024,2,,35792865.1,,equity_longonly,Y,high,sector equity
S000075505,Fairlead Tactical Sector ETF,Capitol Series Trust,,TACK,2023,2026,4,,254160045.96147901,,allocation_fof,Y,high,tactical sector ETF rotation
S000075509,Preferred-Plus ETF,Listed Funds Trust,,IPPP,2022,2024,3,,11350565.754,,fixed_income,Y,medium,preferreds
S000075510,Dividend Performers ETF,Listed Funds Trust,,IPDP,2022,2024,3,,20544922.216,,equity_longonly,Y,low,"dividend equity; overlay unclear, not looked up"
S000075536,AdvisorShares Drone Technology ETF,AdvisorShares Trust,,UAV,2022,2022,1,,609095,,equity_longonly,Y,high,drone technology equity
S000075539,KraneShares Global Carbon Transformation ETF,Krane Shares Trust,,KGHG,2022,2023,2,,2410614.79,,equity_longonly,Y,medium,carbon transition equity
S000075551,X-Square Municipal Income Tax Free ETF,X-SQUARE SERIES TRUST,,ZTAX,2023,2025,3,,4337688,,fixed_income,Y,high,municipal income
S000075557,Carbon Strategy ETF,ETF Series Solutions,,KARB,2023,2023,1,,477037,,commodity_futures,Y,medium,carbon allowance futures
S000075560,NYLI Winslow Large Cap Growth ETF,New York Life Investments Active ETF Trust,,IWLG,2023,2025,3,,72293782,,equity_longonly,Y,high,large cap growth
S000075561,NYLI Winslow Focused Large Cap Growth ETF,New York Life Investments Active ETF Trust,,IWFG,2023,2025,3,,10334308,,equity_longonly,Y,high,large cap growth
S000075564,Optimize AI Smart Sentiment Event-Driven ETF,Series Portfolios Trust,,OAIE,2023,2023,1,,505989,,equity_longonly,Y,medium,AI sentiment event-driven stock selection
S000075566,OneAscent Core Plus Bond ETF,Unified Series Trust,,OACP,2022,2025,4,,169162259.7,,fixed_income,Y,high,core plus bond
S000075593,Newday Ocean Health ETF,Tidal ETF Trust,,AHOY,2023,2024,2,,2532468.36,,equity_longonly,Y,high,thematic ocean-health equity
S000075602,Invesco Electric Vehicle Metals Commodity Strategy No K-1 ETF,Invesco Actively Managed Exchange-Traded Commodity Fund Trust,,EVMT,2022,2025,4,,7290289.39083333,,commodity_futures,Y,high,commodity strategy no K-1
S000075613,R3 Global Dividend Growth ETF,Northern Lights Fund Trust IV,,GDVD,2023,2024,2,,17876815,,equity_longonly,Y,high,global dividend growth equities
S000075684,Regents Park Hedged Market Strategy ETF,Two Roads Shared Trust,,RPHS,2023,2026,4,,52170958.08509589,,equity_longshort,Y,medium,hedged market strategy
S000075715,VanEck Commodity Strategy ETF,VanEck ETF Trust,,PIT,2023,2025,3,,31187655.3476923,,commodity_futures,Y,high,commodity strategy
S000075783,Relative Sentiment Tactical Allocation ETF,EA Series Trust,,MOOD,2023,2026,4,Y,53434692.8,,allocation_fof,Y,high,fof Y; tactical allocation
S000075788,BrandywineGLOBAL-Dynamic US Large Cap Value ETF,Franklin Templeton ETF Trust,,DVAL,2023,2026,4,,110784534.4,,equity_longonly,Y,high,Brandywine; large cap value
S000075790,Martin Currie Sustainable International Equity ETF,Franklin Templeton ETF Trust,,MCSE,2023,2025,3,,30763568.59307692,,equity_longonly,Y,high,Martin Currie international equity
S000075836,Tradr 2X Long Innovation ETF,INVESTMENT MANAGERS SERIES TRUST II,,TARK,2023,2026,4,,39055395,,leveraged_inverse,Y,high,2X daily
S000075837,AXS Short China Internet ETF,INVESTMENT MANAGERS SERIES TRUST II,,SWEB,2023,2023,1,,1642599,,leveraged_inverse,Y,high,-1X daily
S000075900,Fidelity Sustainable Core Plus Bond ETF,Fidelity Merrimack Street Trust,,FSBD,2022,2025,4,,11734582,,fixed_income,Y,high,Fidelity; core plus bond
S000075901,Fidelity Sustainable Low Duration Bond ETF,Fidelity Merrimack Street Trust,,FSLD,2022,2025,4,,4641061,,fixed_income,Y,high,Fidelity; low duration
S000075911,Harbor Dividend Growth Leaders ETF,Harbor ETF Trust,,GDIV,2022,2025,4,,242364847.45,,equity_longonly,Y,high,Harbor; dividend growth
S000075941,Innovator Hedged TSLA Strategy ETF,Innovator ETFs Trust,,TSLH,2022,2023,2,,2176544.53,,equity_options,Y,high,Innovator hedged single stock buffer
S000075991,Teucrium Agricultural Strategy No K-1 ETF,Listed Funds Trust,,TILL,2023,2025,3,,4469294,,commodity_futures,Y,high,Teucrium agricultural futures
S000076008,Ionic Inflation Protection ETF,Tidal ETF Trust,,CPII,2023,2024,2,,11563319.91,,fixed_income,Y,medium,inflation protection: TIPS + rate options
S000076068,Principal Real Estate Active Opportunities ETF,Principal Exchange-Traded Funds,,BYRE,2022,2025,4,,12708966.48384615,,equity_longonly,Y,medium,real estate equity/REITs
S000076071,USCF Dividend Income Fund,USCF ETF Trust,,UDI,2022,2025,4,,4802351,,equity_longonly,Y,medium,USCF dividend income equity
S000076092,AXS 2X PFE Bear Daily ETF,INVESTMENT MANAGERS SERIES TRUST II,,PFES,2023,2023,1,,1559623,,leveraged_inverse,Y,high,AXS daily 2X bear single-stock
S000076093,AXS 2X PFE Bull Daily ETF,INVESTMENT MANAGERS SERIES TRUST II,,PFEL,2023,2023,1,,1061442,,leveraged_inverse,Y,high,AXS daily 2X bull single-stock
S000076094,AXS 1.5X PYPL Bear Daily ETF,INVESTMENT MANAGERS SERIES TRUST II,,PYPS,2023,2023,1,,1111970,,leveraged_inverse,Y,high,AXS daily 1.5X bear single-stock
S000076095,AXS 1.5X PYPL Bull Daily ETF,INVESTMENT MANAGERS SERIES TRUST II,,PYPT,2023,2023,1,,1468343,,leveraged_inverse,Y,high,AXS daily 1.5X bull single-stock
S000076096,Tradr 2X Short TSLA Daily ETF,INVESTMENT MANAGERS SERIES TRUST II,,TSLQ,2023,2026,4,,328900723,,leveraged_inverse,Y,high,2x short daily single stock
S000076105,AXS 2X NKE Bear Daily ETF,INVESTMENT MANAGERS SERIES TRUST II,,NKEQ,2023,2023,1,,1421761,,leveraged_inverse,Y,high,AXS 2X bear single stock
S000076106,AXS 2X NKE Bull Daily ETF,INVESTMENT MANAGERS SERIES TRUST II,,NKEL,2023,2023,1,,971272,,leveraged_inverse,Y,high,AXS 2X bull single stock
S000076107,Tradr 1.5X Short NVDA Daily ETF,INVESTMENT MANAGERS SERIES TRUST II,,NVDS,2023,2026,4,,39128781,,leveraged_inverse,Y,high,Tradr daily 1.5X short single-stock
S000076132,JPMorgan Nasdaq Equity Premium Income ETF,J.P. Morgan Exchange-Traded Fund Trust,,JEPQ,2022,2025,4,,20701317075.21,,equity_options,Y,high,"equity premium income, ELN/calls"
S000076156,JPMorgan Social Advancement ETF,J.P. Morgan Exchange-Traded Fund Trust,,,2022,2023,2,,11769882.06,,,,,
S000076157,JPMorgan Sustainable Consumption ETF,J.P. Morgan Exchange-Traded Fund Trust,,,2022,2023,2,,11368124.5,,,,,
S000076158,JPMorgan Sustainable Infrastructure ETF,J.P. Morgan Exchange-Traded Fund Trust,,BLLD,2022,2024,3,,24617875,,equity_longonly,Y,high,infrastructure equity
S000076160,VanEck Dynamic High Income ETF,VanEck ETF Trust,,INC,2023,2024,2,Y,743207.48461538,,allocation_fof,Y,high,"fund_of_funds=Y, multi-asset income"
S000076256,V-Shares MSCI World ESG Materiality and Carbon Transition ETF,Managed Portfolio Series,,VMAT,2022,2023,2,,2540230,,equity_longonly,Y,high,ESG world equity
S000076340,GraniteShares 2x Long META Daily ETF,GraniteShares ETF Trust,,FBL,2023,2025,3,,140659923,,leveraged_inverse,Y,high,GraniteShares 2x single stock daily
S000076341,GraniteShares 2x Long MSFT Daily ETF,GraniteShares ETF Trust,,MSFL,2024,2025,2,,21432749,,leveraged_inverse,Y,high,GraniteShares 2x long single stock
S000076344,GraniteShares 2x Long NVDA Daily ETF,GraniteShares ETF Trust,,NVDL,2023,2025,3,,4617302949,,leveraged_inverse,Y,high,GraniteShares 2x long single stock
S000076345,GraniteShares 2x Long PLTR Daily ETF,GraniteShares ETF Trust,,PTIR,2025,2025,1,,285012903,,leveraged_inverse,Y,high,GraniteShares daily 2x long single-stock
S000076347,GraniteShares 1.25x Long TSLA Daily ETF,GraniteShares ETF Trust,,TSL,2023,2025,3,,14854997,,leveraged_inverse,Y,high,1.25x long daily single stock
S000076350,GraniteShares 2x Long AMD Daily ETF,GraniteShares ETF Trust,,AMDL,2024,2025,2,,231330855,,leveraged_inverse,Y,high,2x Long daily single stock
S000076351,GraniteShares 2x Long UBER Daily ETF,GraniteShares ETF Trust,,UBRL,2025,2025,1,,16130354,,leveraged_inverse,Y,high,2x long daily single stock
S000076352,GraniteShares 2x Long BABA Daily ETF,GraniteShares ETF Trust,,BABA,2023,2025,3,,59547685,,leveraged_inverse,Y,high,2x Long daily single stock
S000076354,GraniteShares 2x Long AMZN Daily ETF,GraniteShares ETF Trust,,AMZZ,2024,2025,2,,32913178,,leveraged_inverse,Y,high,2x Long daily single stock
S000076355,GraniteShares 2x Long AAPL Daily ETF,GraniteShares ETF Trust,,AAPB,2023,2025,3,,23965693,,leveraged_inverse,Y,high,2x Long daily single stock
S000076356,GraniteShares 2x Long COIN Daily ETF,GraniteShares ETF Trust,,CONL,2023,2025,3,,746490558,,leveraged_inverse,Y,high,2x long daily
S000076366,STF Tactical Growth & Income ETF,Listed Funds Trust,,TUGN,2023,2026,4,,63709613,,equity_longonly,Y,low,STF family; income sleeve unverified
S000076367,STF Tactical Growth ETF,Listed Funds Trust,,TUG,2023,2026,4,,120758494,,equity_longonly,Y,medium,tactical US equity/FI; holds individual stocks; looked up
S000076384,Global X Interest Rate Hedge ETF,Global X Funds,,RATE,2022,2024,3,,1983058.1,,fixed_income,Y,medium,interest-rate hedge via rate options
S000076386,Global X Interest Rate Volatility & Inflation Hedge ETF,Global X Funds,,IRVH,2022,2025,4,,1845045.67,,commodity_futures,Y,medium,rate-vol / inflation hedge via options
S000076400,NightShares 500 ETF,Unified Series Trust,,NSPY,2023,2023,1,,4011695.88,,equity_longonly,Y,medium,NightShares overnight-only large cap equity exposure
S000076402,NightShares 2000 ETF,Unified Series Trust,,NIWM,2023,2023,1,,3705429.81,,equity_longonly,Y,medium,NightShares overnight-only small cap equity exposure
S000076430,FT Vest Laddered Nasdaq Buffer ETF,First Trust Exchange-Traded Fund VIII,,BUFQ,2022,2025,4,Y,885723621.92,,equity_options,Y,medium,laddered buffer ETF-of-ETFs
S000076438,Harbor Energy Transition Strategy ETF,Harbor ETF Trust,,RENW,2022,2023,2,,23563446.6,,commodity_futures,Y,medium,Quantix energy-transition commodity futures
S000076455,VanEck CLO ETF,VanEck ETF Trust,,CLOI,2022,2025,4,,1076811920.13692307,,fixed_income,Y,high,CLO
S000076459,Argent Mid Cap ETF,EA Series Trust,,AMID,2023,2025,3,,85248690.46,,equity_longonly,Y,high,Argent mid cap stocks
S000076475,Gotham 1000 Value ETF,Tidal Trust I,,GVLU,2022,2025,4,,184491777.2,,equity_longonly,Y,high,Gotham value equity
S000076479,AOT Growth and Innovation ETF,EA Series Trust,,AOTG,2023,2025,3,,46756924.49,,equity_longonly,Y,high,growth/innovation stocks
S000076504,Kingsbarn Dividend Opportunity ETF,ETF Opportunities Trust,,DVDN,2024,2025,2,,2225940.87,,equity_longonly,Y,medium,Kingsbarn; dividend equity
S000076539,Alternative Access First Priority CLO Bond ETF,INVESTMENT MANAGERS SERIES TRUST II,,AAA,2023,2026,4,,42777233,,fixed_income,Y,high,CLO bond
S000076580,AXS De-SPAC ETF,INVESTMENT MANAGERS SERIES TRUST II,,DSPC,2022,2022,1,,1533117,,equity_longonly,Y,medium,de-SPAC equity basket
S000076584,AXS Short De-SPAC Daily ETF,INVESTMENT MANAGERS SERIES TRUST II,,SOGU,2022,2023,2,,16708993,,leveraged_inverse,Y,high,-1X daily
S000076585,Tradr 1X Short Innovation Daily ETF,INVESTMENT MANAGERS SERIES TRUST II,,SARK,2022,2026,5,,68275189,,leveraged_inverse,Y,high,-1X daily
S000076599,Gabelli Global Technology Leaders ETF,Gabelli ETFs Trust,,GGTL,2022,2025,4,,5993106,,equity_longonly,Y,high,Gabelli tech equities
S000076601,ProShares Short Bitcoin Strategy ETF,ProShares Trust,,BITI,2023,2023,1,,100813119,,leveraged_inverse,Y,medium,"daily -1x, bitcoin futures underlying"
S000076613,IQ MacKay Multi-Sector Income ETF,IndexIQ Active ETF Trust,,MMSB,2023,2023,1,,24150565,,fixed_income,Y,high,multi-sector income
S000076639,Dimensional US Sustainability Core 1 ETF,Dimensional ETF Trust,,DFSU,2023,2025,3,,1445525559.96,,equity_longonly,Y,high,Dimensional; US core equity
S000076640,Dimensional International Sustainability Core 1 ETF,Dimensional ETF Trust,,DFSI,2023,2025,3,,683191744.576154,,equity_longonly,Y,high,Dimensional; intl core equity
S000076641,Dimensional Emerging Markets Sustainability Core 1 ETF,Dimensional ETF Trust,,DFSE,2023,2025,3,,383153309.67,,equity_longonly,Y,high,Dimensional; EM core equity
S000076642,Dimensional Global Sustainability Fixed Income ETF,Dimensional ETF Trust,,DFSB,2023,2025,3,,464909037.26,,fixed_income,Y,high,global sustainability fixed income
S000076645,Day Hagan Smart Sector International ETF,Strategy Shares,,SSXU,2023,2025,3,Y,36567382.15,,allocation_fof,Y,high,sector ETF fof; fof flag
S000076657,Touchstone Dividend Select ETF,Touchstone ETF Trust,,DVND,2022,2025,4,,36070300,,equity_longonly,Y,high,Touchstone; dividend equity
S000076658,Touchstone Strategic Income ETF,Touchstone ETF Trust,,SIO,2022,2025,4,,201969655,,fixed_income,Y,high,strategic income
S000076659,Touchstone US Large Cap Focused ETF,Touchstone ETF Trust,,LCF,2022,2025,4,,48273610,,equity_longonly,Y,high,large cap focused equity
S000076660,Touchstone Ultra Short Income ETF,Touchstone ETF Trust,,TUSI,2022,2025,4,,182875530,,fixed_income,Y,high,ultra short income
S000076676,SGI Dynamic Tactical ETF,"RBB Fund, Inc.",,DYTA,2023,2024,2,Y,83975974,,allocation_fof,Y,high,FoF flag; SGI tactical multi-asset
S000076677,SGI U.S. Large Cap Core ETF,"RBB Fund, Inc.",,SGLC,2023,2024,2,,93586967,,equity_longonly,Y,high,large cap core equity
S000076705,RiverNorth Enhanced Pre-Merger SPAC ETF,Listed Funds Trust,,SPCZ,2022,2024,3,,5223648,,equity_longonly,Y,low,enhanced pre-merger SPAC
S000076755,Matthews Emerging Markets Equity Active ETF,Matthews International Funds,,MEM,2022,2025,4,,42758060.14,,equity_longonly,Y,high,Matthews active equity
S000076756,Matthews Asia Innovators Active ETF,Matthews International Funds,,MINV,2022,2025,4,,67636730.32,,equity_longonly,Y,high,Matthews active equity
S000076757,Matthews China Active ETF,Matthews International Funds,,MCH,2022,2025,4,,26770284.46,,equity_longonly,Y,high,Matthews active equity
S000076784,Simplify Bitcoin Strategy PLUS Income ETF,Simplify Exchange Traded Funds,,MAXI,2023,2025,3,,40605649,,crypto_digital,Y,high,Simplify bitcoin strategy + income
S000076789,Defiance Daily Short Digitizing the Economy ETF,ETF Series Solutions,,IBIT,2022,2022,1,,823719,,leveraged_inverse,Y,high,Defiance daily short
S000076804,Carbon Collective Climate Solutions U.S. Equity ETF,Tidal Trust II,,CCSO,2023,2024,2,,23354140.83,,equity_longonly,Y,high,climate solutions equity
S000076808,iShares FinTech Active ETF,BlackRock ETF Trust,,BPAY,2023,2025,3,,6408535.5876923,,equity_longonly,Y,high,iShares thematic fintech equity
S000076848,Horizon Kinetics Blockchain Development ETF,Listed Funds Trust,,BCDF,2022,2025,4,,16950585,,equity_longonly,Y,medium,blockchain-related equities
S000076870,Inspire Fidelis Multi Factor ETF,Northern Lights Fund Trust IV,,FDLS,2022,2024,3,,83139250.36625683,,equity_longonly,Y,high,Inspire; multifactor equity
S000076879,AB Tax-Aware Short Duration Municipal ETF,"AB Active ETFs, Inc.",,TAFI,2022,2025,4,,794493086.07384615,,fixed_income,Y,high,municipal
S000076880,AB Ultra Short Income ETF,"AB Active ETFs, Inc.",,YEAR,2022,2025,4,,1365355914.10692307,,fixed_income,Y,high,ultra short income
S000076891,Reverb ETF,Advisors Series Trust,,RVRB,2023,2025,3,,4433020.33,,equity_longonly,Y,high,looked up; sentiment-weighted large cap
S000077042,Innovator Uncapped Accelerated U.S. Equity ETF,Innovator ETFs Trust,,XUSP,2022,2025,4,,45441006.3471233,,equity_options,Y,high,Innovator uncapped accelerated
S000077050,T. Rowe Price Floating Rate ETF,"T. Rowe Price Exchange-Traded Funds, Inc.",,TFLR,2023,2025,3,,221330129,,fixed_income,Y,high,floating rate loans
S000077051,T. Rowe Price U.S. High Yield ETF,"T. Rowe Price Exchange-Traded Funds, Inc.",,THYF,2023,2025,3,,361321292,,fixed_income,Y,high,high yield
S000077070,JPMorgan Active Growth ETF,J.P. Morgan Exchange-Traded Fund Trust,,JGRO,2023,2025,3,,4098857755.55,,equity_longonly,Y,high,JPM active growth
S000077093,Harbor International Compounders ETF,Harbor ETF Trust,,OSEA,2022,2025,4,,411026352.31,,equity_longonly,Y,high,Harbor international equity
S000077095,EA Bridgeway Blue Chip ETF,EA Series Trust,,BBLU,2023,2025,3,,225186133.669,,equity_longonly,Y,high,Bridgeway blue chip stocks
S000077110,Distillate Small/Mid Cash Flow ETF,ETF Series Solutions,,DSMC,2023,2024,2,,65552039.816,,equity_longonly,Y,high,Distillate; cash-flow equity
S000077117,Innovator Equity Managed Floor ETF,Innovator ETFs Trust,,SFLR,2023,2025,3,,803745498.442082,,equity_options,Y,high,Innovator managed floor
S000077118,Innovator Nasdaq-100 Managed Floor ETF,Innovator ETFs Trust,,QFLR,2024,2025,2,,288883838.683781,,equity_options,Y,high,Innovator managed floor
S000077125,Strive 500 ETF,EA Series Trust,,STRV,2023,2023,1,,129482930.7,,equity_longonly,Y,high,Strive equity
S000077126,Strive U.S. Energy ETF,EA Series Trust,,DRLL,2023,2023,1,,351325225.8,,equity_longonly,Y,high,energy sector equity
S000077127,Strive U.S. Semiconductor ETF,EA Series Trust,,SHOC,2023,2023,1,,20703047.17,,equity_longonly,Y,high,semiconductor equity
S000077137,Putnam BDC Income ETF,Putnam ETF Trust,,PBDC,2023,2025,3,,128433981.37,,equity_longonly,Y,medium,portfolio of BDC common shares (equity securities)
S000077138,Putnam BioRevolution ETF,Putnam ETF Trust,,SYNB,2023,2025,3,,5357964,,equity_longonly,Y,high,thematic equity
S000077139,Putnam Emerging Markets ex-China ETF,Putnam ETF Trust,,PEMX,2024,2025,2,,7902283,,equity_longonly,Y,high,EM ex-China equity
S000077171,US Treasury 10 Year Note ETF,"RBB Fund, Inc.",,UTEN,2022,2023,2,,22157734,,fixed_income,Y,high,single treasury note
S000077172,US Treasury 3 Year Note ETF,"RBB Fund, Inc.",,UTRE,2023,2023,1,,1436616,,fixed_income,Y,high,single treasury note
S000077173,US Treasury 12 Month Bill ETF,"RBB Fund, Inc.",,OBIL,2023,2023,1,,65430074,,fixed_income,Y,high,treasury bills
S000077174,US Treasury 2 Year Note ETF,"RBB Fund, Inc.",,UTWO,2022,2023,2,,240291266,,fixed_income,Y,high,single treasury note
S000077175,US Treasury 20 Year Bond ETF,"RBB Fund, Inc.",,UTWY,2023,2023,1,,1241937,,fixed_income,Y,high,single treasury bond
S000077176,US Treasury 3 Month Bill ETF,"RBB Fund, Inc.",,TBIL,2022,2023,2,,564774285,,fixed_income,Y,high,treasury bills
S000077177,US Treasury 30 Year Bond ETF,"RBB Fund, Inc.",,UTHY,2023,2023,1,,2236816,,fixed_income,Y,high,single treasury bond
S000077178,US Treasury 5 Year Note ETF,"RBB Fund, Inc.",,UFIV,2023,2023,1,,1762394,,fixed_income,Y,high,single treasury note
S000077179,US Treasury 6 Month Bill ETF,"RBB Fund, Inc.",,XBIL,2023,2023,1,,135245211,,fixed_income,Y,high,6-month treasury bill
S000077180,US Treasury 7 Year Note ETF,"RBB Fund, Inc.",,USVN,2023,2023,1,,984305,,fixed_income,Y,high,single treasury note
S000077183,AdvisorShares MSOS Daily Leveraged ETF,AdvisorShares Trust,,MSOX,2023,2025,3,,31348266,,leveraged_inverse,Y,high,AdvisorShares daily leveraged
S000077192,NEOS Enhanced Income Aggregate Bond ETF,NEOS ETF Trust,,BNDI,2023,2025,3,Y,50544493,,fixed_income,Y,high,"aggregate bond + option income, fof=Y"
S000077193,NEOS Enhanced Income 1-3 Month T-Bill ETF,NEOS ETF Trust,,CSHI,2023,2025,3,,497563989,,fixed_income,Y,high,"T-bill + option income, bond underlying"
S000077194,NEOS S&P 500(R) High Income ETF,NEOS ETF Trust,,SPYI,2023,2025,3,,2406149601,,equity_options,Y,high,NEOS index option income
S000077243,Main BuyWrite ETF,Northern Lights Fund Trust IV,,BUYW,2022,2025,4,Y,692078120.53,,equity_options,Y,high,buy-write overlay
S000077245,Amplify International Enhanced Dividend Income ETF,Amplify ETF Trust,,IDVO,2022,2024,3,,22509904,,equity_options,Y,high,"Amplify CWP enhanced dividend income, covered calls"
S000077252,NightShares 500 1x/1.5x ETF,Unified Series Trust,,NSPL,2023,2023,1,,5707977.5,,leveraged_inverse,Y,medium,NightShares 1x/1.5x overnight leverage
S000077261,OneAscent Emerging Markets ETF,Unified Series Trust,,OAEM,2023,2025,3,,55445787.37,,equity_longonly,Y,high,OneAscent EM equity
S000077262,OneAscent International Equity ETF,Unified Series Trust,,OAIM,2023,2025,3,,169073320.33,,equity_longonly,Y,high,OneAscent international equity
S000077281,Invesco Agriculture Commodity Strategy No K-1 ETF,Invesco Actively Managed Exchange-Traded Commodity Fund Trust,,PDBA,2022,2025,4,,64814286.81833333,,commodity_futures,Y,high,"agriculture commodity futures, no K-1"
S000077297,Putnam ESG Core Bond ETF,Putnam ETF Trust,,PCRB,2023,2025,3,,663363757.29,,fixed_income,Y,high,core bond
S000077298,Putnam ESG High Yield ETF,Putnam ETF Trust,,PHYD,2023,2025,3,,159500336,,fixed_income,Y,high,high yield bond
S000077299,Putnam ESG Ultra Short ETF,Putnam ETF Trust,,PULT,2023,2025,3,,107118024,,fixed_income,Y,high,ultra short bond
S000077300,Putnam Panagora ESG Emerging Markets Equity ETF,Putnam ETF Trust,,PPEM,2023,2025,3,,33679423.22,,equity_longonly,Y,high,ESG EM equity
S000077301,Putnam Panagora ESG International Equity ETF,Putnam ETF Trust,,PPIE,2023,2025,3,,203743318.05,,equity_longonly,Y,high,ESG international equity
S000077313,Strive Emerging Markets Ex-China ETF,EA Series Trust,,STXE,2023,2023,1,,126383047.3,,equity_longonly,Y,high,Strive EM equity
S000077333,Unlimited HFND Multi-Strategy Return Tracker ETF,Tidal Trust I,,HFND,2023,2025,3,,31656550.41,,allocation_fof,Y,medium,Unlimited; multi-strategy HF replicator
S000077392,FT Vest U.S. Equity Enhance & Moderate Buffer ETF - September,First Trust Exchange-Traded Fund VIII,,XSEP,2023,2025,3,,124791319.82,,equity_options,Y,high,FT Vest enhance & moderate buffer
S000077398,AXS Green Alpha ETF,INVESTMENT MANAGERS SERIES TRUST II,,NXTE,2023,2026,4,,43099139,,equity_longonly,Y,high,AXS thematic/ESG equity
S000077441,John Hancock U.S. High Dividend ETF,John Hancock Exchange-Traded Fund Trust,,JHDV,2023,2026,4,,8616434,,equity_longonly,Y,high,high dividend equity
S000077457,Kovitz Core Equity ETF,Valued Advisers Trust,,EQTY,2023,2025,3,,1219609107.17,,equity_longonly,Y,high,Kovitz; core equity
S000077466,TCW Transform Supply Chain ETF,TCW ETF Trust,,SUPP,2023,2025,3,,14278064.86,,equity_longonly,Y,high,thematic equity
S000077468,Neuberger Berman Commodity Strategy ETF,Neuberger Berman ETF Trust,,NBCM,2023,2025,3,,221452892.68076923,,commodity_futures,Y,high,commodity strategy
S000077479,FT Vest Rising Dividend Achievers Target Income ETF,First Trust Exchange-Traded Fund IV,,RDVI,2022,2025,4,,1913553983.01,,equity_options,Y,high,FT Vest target income overlay
S000077485,Avantis Inflation Focused Equity ETF,AMERICAN CENTURY ETF TRUST,,AVIE,2023,2024,2,,4286822.35615385,,equity_longonly,Y,high,Avantis systematic equity
S000077486,Avantis All Equity Markets ETF,AMERICAN CENTURY ETF TRUST,,AVGE,2023,2024,2,Y,311259753.573077,,allocation_fof,Y,high,"Avantis ETF-of-ETFs, fof=Y"
S000077487,American Century Short Duration Strategic Income ETF,AMERICAN CENTURY ETF TRUST,,SDSI,2023,2024,2,,37916562.6115385,,fixed_income,Y,high,short duration strategic income
S000077497,Alpha Architect 1-3 Month Box ETF,EA Series Trust,,BOXX,2023,2024,2,,220573224.54,,fixed_income,Y,medium,"box spread = synthetic T-bill, cash-like"
S000077499,Altrius Global Dividend ETF,EA Series Trust,,DIVD,2023,2024,2,,6745553.163,,equity_longonly,Y,high,Altrius; global dividend equity
S000077503,Burney U.S. Factor Rotation ETF,EA Series Trust,,BRNY,2023,2024,2,,205915828.691,,equity_longonly,Y,high,factor rotation equity
S000077552,FundX ETF,FundX Investment Trust,,XCOR,2023,2024,2,Y,151221231,,allocation_fof,Y,high,FundX; fund_of_funds flag
S000077553,FundX Aggressive ETF,FundX Investment Trust,,XNAV,2023,2024,2,Y,25459701,,allocation_fof,Y,high,FundX; fund_of_funds flag
S000077600,NYLI MacKay High Income ETF,New York Life Investments Active ETF Trust,,IQHI,2023,2025,3,,64468457,,fixed_income,Y,high,MacKay high income credit
S000077614,Soundwatch Hedged Equity ETF,Trust for Advised Portfolios,,SHDG,2022,2022,1,,101539290.811,,equity_longshort,Y,medium,hedged equity overlay
S000077618,God Bless America ETF,Tidal Trust I,,YALL,2023,2025,3,,86768494.74,,equity_longonly,Y,high,thematic US equity
S000077620,Cambiar Aggressive Value ETF,ADVISORS' INNER CIRCLE FUND,,CAMX,2023,2025,3,,59163709,,equity_longonly,Y,high,Cambiar value equity
S000077649,YieldMax AAPL Option Income Strategy ETF,Tidal Trust II,,APLY,2023,2025,3,,130766725.389,,equity_options,Y,high,YieldMax option income
S000077650,YieldMax TSLA Option Income Strategy ETF,Tidal Trust II,,TSLY,2023,2025,3,,1094454606.449,,equity_options,Y,high,YieldMax option income
S000077651,YieldMax AMZN Option Income Strategy ETF,Tidal Trust II,,AMZY,2023,2025,3,,265943312.968,,equity_options,Y,high,YieldMax option income
S000077652,YieldMax BRK.B Option Income Strategy ETF,Tidal Trust II,,BRKC,2025,2025,1,,20589108.906,,equity_options,Y,high,YieldMax single-stock option income
S000077653,YieldMax COIN Option Income Strategy ETF,Tidal Trust II,,CONY,2023,2025,3,,1167604900.71,,equity_options,Y,high,YieldMax single-stock option income
S000077654,YieldMax GOOGL Option Income Strategy ETF,Tidal Trust II,,GOOY,2023,2025,3,,123040770.161,,equity_options,Y,high,YieldMax option income on single stock
S000077655,YieldMax META Option Income Strategy ETF,Tidal Trust II,,FBY,2023,2025,3,,164816686.664,,equity_options,Y,high,YieldMax; option income
S000077656,YieldMax NFLX Option Income Strategy ETF,Tidal Trust II,,NFLY,2023,2025,3,,127260252.237,,equity_options,Y,high,YieldMax single-stock option income
S000077657,YieldMax NVDA Option Income Strategy ETF,Tidal Trust II,,NVDY,2023,2025,3,,1554313512.566,,equity_options,Y,high,YieldMax option income
S000077658,YieldMax XYZ Option Income Strategy ETF,Tidal Trust II,,XYZY,2023,2025,3,,70801463.749,,equity_options,Y,high,YieldMax single-stock option income
S000077664,YieldMax Innovation Option Income Strategy ETF,Tidal Trust II,,OARK,2023,2025,3,,71443293.792,,equity_options,Y,high,YieldMax option income
S000077665,YieldMax Gold Miners Option Income Strategy ETF,Tidal Trust II,,GDXY,2024,2025,2,,83167371.276,,equity_options,Y,high,YieldMax option income on miners equity
S000077686,Capital Group Municipal Income ETF,Capital Group Fixed Income ETF Trust,,CGMU,2022,2025,4,,3633137644.5,,fixed_income,Y,high,muni
S000077687,Capital Group Short Duration Income ETF,Capital Group Fixed Income ETF Trust,,CGSD,2022,2025,4,,1398005642,,fixed_income,Y,high,short duration income
S000077688,Capital Group U.S. Multi-Sector Income ETF,Capital Group Fixed Income ETF Trust,,CGMS,2022,2025,4,,3007006292.15,,fixed_income,Y,high,multi-sector income
S000077708,Alpha Architect High Inflation and Deflation ETF,EA Series Trust,,HIDE,2023,2024,2,Y,21611873.89,,allocation_fof,Y,high,Alpha Architect inflation/deflation FoF
S000077718,iShares Floating Rate Loan Active ETF,BlackRock ETF Trust II,,BRLN,2023,2025,3,Y,58573645.58153846,,fixed_income,Y,high,floating rate loans
S000077722,Harbor Human Capital Factor US Large Cap ETF,Harbor ETF Trust,,HAPI,2022,2023,2,,242264483.53,,equity_longonly,Y,high,Harbor factor equity
S000077725,Goldman Sachs Defensive Equity ETF,Goldman Sachs ETF Trust,,GDEF,2023,2023,1,,6730441,,equity_options,Y,medium,GS defensive equity; options overlay
S000077753,Angel Oak Income ETF,Angel Oak Funds Trust,,CARY,2023,2026,4,,570270755,,fixed_income,Y,high,Angel Oak credit
S000077754,Angel Oak UltraShort Income ETF,Angel Oak Funds Trust,,UYLD,2023,2026,4,,1013789538,,fixed_income,Y,high,ultrashort income
S000077771,VictoryShares WestEnd U.S. Sector ETF,Victory Portfolios II,,MODL,2023,2025,3,,455316819.83,,allocation_fof,Y,medium,WestEnd sector-ETF rotation
S000077779,Aptus Enhanced Yield ETF,ETF Series Solutions,,JUCY,2023,2025,3,,321549393.33,,equity_options,Y,medium,Aptus enhanced yield; bonds + equity options
S000077785,BNY Mellon Global Infrastructure Income ETF,BNY Mellon ETF Trust,,BKGI,2023,2025,3,,132947461,,equity_longonly,Y,high,infrastructure equity income
S000077801,AllianzIM U.S. Equity Buffer10 Nov ETF,AIM ETF Products Trust,,NVBT,2022,2025,4,,33583208.99,,equity_options,Y,high,AllianzIM buffer
S000077802,AllianzIM U.S. Equity Buffer10 Dec ETF,AIM ETF Products Trust,,DECT,2023,2025,3,,93611831.21999999,,equity_options,Y,high,AllianzIM buffer series
S000077803,AllianzIM U.S. Equity Buffer10 Feb ETF,AIM ETF Products Trust,,FEBT,2023,2025,3,,68085251.95999999,,equity_options,Y,high,AllianzIM; buffer
S000077804,AllianzIM U.S. Equity Buffer10 Mar ETF,AIM ETF Products Trust,,MART,2023,2025,3,,27664369.5,,equity_options,Y,high,AllianzIM buffer
S000077805,AllianzIM U.S. Equity Buffer20 Nov ETF,AIM ETF Products Trust,,NVBW,2022,2025,4,,65329450.46,,equity_options,Y,high,AllianzIM buffer
S000077806,AllianzIM U.S. Equity Buffer20 Dec ETF,AIM ETF Products Trust,,DECW,2023,2025,3,,338609408.38,,equity_options,Y,high,AllianzIM buffer series
S000077807,AllianzIM U.S. Equity Buffer20 Feb ETF,AIM ETF Products Trust,,FEBW,2023,2025,3,,90493164.01,,equity_options,Y,high,AllianzIM; buffer
S000077808,AllianzIM U.S. Equity Buffer20 Mar ETF,AIM ETF Products Trust,,MARW,2023,2025,3,,71236401.21999999,,equity_options,Y,high,AllianzIM buffer
S000077857,Simplify Short Term Treasury Futures Strategy ETF,Simplify Exchange Traded Funds,,TUA,2023,2025,3,,608445393,,fixed_income,Y,medium,short-term treasury futures
S000077868,Simplify Enhanced Income ETF,Simplify Exchange Traded Funds,,HIGH,2023,2025,3,,305529551,,other,Y,low,"Simplify; option income on bill collateral, not an equity book"
S000077869,Simplify Treasury Option Income ETF,Simplify Exchange Traded Funds,,BUCK,2023,2025,3,,258246679,,fixed_income,Y,high,"option income on treasuries, bond underlying"
S000077877,FT Energy Income Partners Strategy ETF,First Trust Exchange-Traded Fund IV,,EIPX,2023,2025,3,,372167452.66,,equity_longonly,Y,high,energy income equity
S000077894,The Meet Kevin Pricing Power ETF,Tidal Trust II,,PP,2023,2024,2,,40480361.63,,equity_longonly,Y,high,thematic stock picking
S000077908,Alpha Architect Tail Risk ETF,EA Series Trust,,CAOS,2023,2024,2,Y,189309501.05,,equity_options,Y,medium,tail risk: bills + index options
S000077930,Subversive Decarbonization ETF,Series Portfolios Trust,,DKRB,2023,2023,1,,621778.926,,equity_longonly,Y,high,thematic decarbonization equity
S000077931,Subversive Food Security ETF,Series Portfolios Trust,,KCAL,2023,2023,1,,596630.906,,equity_longonly,Y,high,thematic equity
S000077932,Subversive Mental Health ETF,Series Portfolios Trust,,SANE,2023,2023,1,,614043,,equity_longonly,Y,high,thematic equity
S000077962,Calvert US Select Equity ETF,Morgan Stanley ETF Trust,,CVSE,2023,2024,2,,27205468.27,,equity_longonly,Y,high,Calvert US equity
S000077963,Calvert Ultra-Short Investment Grade ETF,Morgan Stanley ETF Trust,,CVSB,2023,2024,2,,57988641.7,,fixed_income,Y,high,ultra-short IG
S000077996,Harbor Health Care ETF,Harbor ETF Trust,,MEDI,2023,2025,3,,17128645.17,,equity_longonly,Y,high,Harbor health care equity
S000077998,Adaptiv Select ETF,Series Portfolios Trust,,ADPV,2023,2025,3,,123312050,,equity_longonly,Y,medium,looked up: large-cap equity / T-bill momentum toggle
S000078008,Innovator Gradient Tactical Rotation Strategy ETF,Innovator ETFs Trust,,IGTR,2023,2025,3,,89879792.0241918,,allocation_fof,Y,medium,tactical rotation strategy
S000078017,Strive 1000 Growth ETF,EA Series Trust,,STXG,2023,2023,1,,11061087.62,,equity_longonly,Y,high,Strive growth equity
S000078018,Strive 1000 Value ETF,EA Series Trust,,STXV,2023,2023,1,,7678805.2,,equity_longonly,Y,high,Strive value equity
S000078019,Strive Small-Cap ETF,EA Series Trust,,STXK,2023,2023,1,,9303525.53,,equity_longonly,Y,high,Strive small cap equity
S000078020,Strive 1000 Dividend Growth ETF,EA Series Trust,,STXD,2023,2023,1,,9929529.93,,equity_longonly,Y,high,Strive dividend growth equity
S000078027,BTD Capital Fund,ETF Series Solutions,,DIP,2023,2023,1,,1623506.252,,equity_longonly,Y,medium,BTD Capital; buy-the-dip US stocks
S000078061,Simplify Propel Opportunities ETF,Simplify Exchange Traded Funds,,SURI,2023,2025,3,,85322719,,equity_longonly,Y,medium,small cap private placements
S000078089,EA Bridgeway Omni Small-Cap Value ETF,EA Series Trust,,BSVO,2023,2025,3,,1428587957.71,,equity_longonly,Y,high,Bridgeway small-cap value
S000078169,Federated Hermes U.S. Strategic Dividend ETF,Federated Hermes ETF Trust,,FDV,2023,2025,3,,332109258.276165,,equity_longonly,Y,high,Federated Hermes; dividend equity
S000078265,Nicholas Fixed Income Alternative ETF,Tidal Trust II,,FIAX,2023,2025,3,,159024175.915,,equity_options,Y,low,Nicholas options income sold as fixed-income alternative
S000078276,Virtus Stone Harbor Emerging Markets High Yield Bond ETF,Virtus ETF Trust II,,VEMY,2023,2025,3,,12032411,,fixed_income,Y,high,EM high yield bond
S000078286,Vest 10  Year Interest Rate Hedge ETF,ETF Series Solutions,,RYSE,2023,2024,2,,5295132.205,,fixed_income,Y,medium,10-year rate hedge options
S000078298,Tema American Reshoring ETF,Tema ETF Trust,,RSHO,2024,2026,3,,9423415,,equity_longonly,Y,high,thematic equity
S000078299,Tema Oncology ETF,Tema ETF Trust,,CANC,2024,2026,3,,10865249,,equity_longonly,Y,high,Tema thematic equity
S000078301,Tema Luxury ETF,Tema ETF Trust,,LUX,2024,2025,2,,7004769,,equity_longonly,Y,high,Tema thematic luxury equity
S000078302,Tema Monopolies and Oligopolies ETF,Tema ETF Trust,,TOLL,2024,2026,3,,6001800,,equity_longonly,Y,high,Tema thematic equity
S000078303,Tema Alternative Asset Managers ETF,Tema ETF Trust,,AAUM,2026,2026,1,,2364011,,equity_longonly,Y,high,Tema thematic equity
S000078313,PIMCO Preferred and Capital Securities Active Exchange-Traded Fund,PIMCO ETF Trust,,PRFD,2023,2025,3,,165457640.38,,fixed_income,Y,high,preferred and capital securities
S000078329,Panagram BBB-B CLO ETF,Series Portfolios Trust,,CLOZ,2023,2024,2,,248303330,,fixed_income,Y,high,CLO
S000078790,Defiance Pure Electric Vehicle ETF,ETF Series Solutions,,EVXX,2023,2023,1,,3710306.316,,equity_longonly,Y,high,EV thematic equity
S000078920,Unusual Whales Subversive Democratic Trading ETF,Series Portfolios Trust,,NANC,2023,2024,2,,71747156,,equity_longonly,Y,high,congressional-disclosure stock portfolio
S000078921,Unusual Whales Subversive Republican Trading ETF,Series Portfolios Trust,,KRUZ,2023,2024,2,,16000474,,equity_longonly,Y,high,congressional-trading equity
S000078930,TrueShares Eagle Global Renewables Income ETF,Listed Funds Trust,,RNWZ,2022,2024,3,,2462968,,equity_longonly,Y,medium,renewable-energy equity income
S000078941,Invesco AAA CLO Floating Rate Note ETF,Invesco Actively Managed Exchange-Traded Fund Trust,,ICLO,2023,2025,3,,321622803.235,,fixed_income,Y,high,Invesco AAA CLO
S000078942,Invesco High Yield Select ETF,Invesco Actively Managed Exchange-Traded Fund Trust,,HIYS,2023,2025,3,,8706282.63083333,,fixed_income,Y,high,Invesco high yield
S000078943,Invesco Rochester High Yield Municipal ETF,Invesco Actively Managed Exchange-Traded Fund Trust,,IROC,2023,2025,3,,34422078.53583333,,fixed_income,Y,high,municipal high yield
S000078944,Invesco Short Duration Total Return Bond ETF,Invesco Actively Managed Exchange-Traded Fund Trust,,GTOS,2023,2025,3,,16882837.03333333,,fixed_income,Y,high,Invesco short duration bond
S000078972,Horizon Kinetics Medical ETF,Listed Funds Trust,,MEDX,2023,2025,3,,16683318,,equity_longonly,Y,high,Horizon Kinetics medical equity
S000078973,Horizon Kinetics SPAC Active ETF,Listed Funds Trust,,SPAQ,2023,2025,3,,15143391,,equity_longonly,Y,medium,SPAC equities
S000078987,Dimensional US Large Cap Value ETF,Dimensional ETF Trust,,DFLV,2023,2025,3,,3438886283.71,,equity_longonly,Y,high,Dimensional equity
S000078988,Dimensional Global Real Estate ETF,Dimensional ETF Trust,,DFGR,2023,2025,3,,2417920749.72,,equity_longonly,Y,medium,global REIT equity
S000079010,ClearBridge Sustainable Infrastructure ETF,Franklin Templeton ETF Trust,,INFR,2023,2025,3,,8911692.65384615,,equity_longonly,Y,high,infrastructure equity
S000079041,John Hancock International High Dividend ETF,John Hancock Exchange-Traded Fund Trust,,JHID,2023,2026,4,,10036674,,equity_longonly,Y,high,intl high dividend equity
S000079047,Fidelity Tactical Bond ETF,Fidelity Merrimack Street Trust,,FTBD,2023,2025,3,,28773274,,fixed_income,Y,high,Fidelity; tactical bond
S000079056,Global X Emerging Markets ex-China ETF,Global X Funds,,EMM,2023,2025,3,,23321428.53,,equity_longonly,Y,high,Global X; EM ex-China equity
S000079059,Global X Emerging Markets Great Consumer ETF,Global X Funds,,EMC,2023,2025,3,,89112047.79,,equity_longonly,Y,high,Global X; EM consumer equity
S000079062,Hennessy Sustainable ETF,Hennessy Funds Trust,,STNC,2023,2025,3,,95197598,,equity_longonly,Y,high,sustainable equity
S000079064,iShares AAA CLO Active ETF,BlackRock ETF Trust II,,CLOA,2023,2025,3,,686511786.70461538,,fixed_income,Y,high,CLO
S000079075,FT Vest U.S. Small Cap Moderate Buffer ETF - May,First Trust Exchange-Traded Fund VIII,,SMAY,2023,2025,3,,82306328.55,,equity_options,Y,high,FT Vest buffer
S000079105,PGIM Jennison Focused Value ETF,PGIM ETF Trust,,PJFV,2023,2025,3,,16867241,,equity_longonly,Y,high,Jennison focused value
S000079106,PGIM Jennison Focused Growth ETF,PGIM ETF Trust,,PJFG,2023,2025,3,,114419116,,equity_longonly,Y,high,Jennison focused growth
S000079107,PGIM Portfolio Ballast ETF,PGIM ETF Trust,,PBL,2023,2025,3,,54053963,,equity_options,Y,medium,PGIM Ballast = equity with option downside hedge
S000079228,FT Vest U.S. Equity Moderate Buffer ETF - January,First Trust Exchange-Traded Fund VIII,,GJAN,2023,2025,3,,321909245.35,,equity_options,Y,high,FT Vest moderate buffer
S000079253,Hunter Small Cap Value Fund,TWO ROADS SHARED TRUST,,HSCVX,2024,2024,1,,35443192.44469947,,equity_longonly,N,medium,"open-end mutual fund, not an ETF; small cap value"
S000079261,PMV Adaptive Risk Parity ETF,Advisors' Inner Circle Fund II,,ARP,2023,2025,3,,38216292,,allocation_fof,Y,medium,multi-asset risk parity
S000079263,Tema Global Royalties ETF,Tema ETF Trust,,ROYA,2024,2024,1,,4586885,,equity_longonly,Y,medium,royalty companies
S000079287,AXS Esoterica NextG Economy ETF,INVESTMENT MANAGERS SERIES TRUST II,,WUGI,2023,2026,4,,31860434,,equity_longonly,Y,high,NextG thematic equity
S000079304,Pinnacle Focused Opportunities ETF,Tidal Trust II,,FCUS,2023,2025,3,,40429796.858,,equity_longonly,Y,high,Pinnacle; focused equity
S000079305,Hypatia Women CEO ETF,TWO ROADS SHARED TRUST,,WCEO,2023,2025,3,,4116778,,equity_longonly,Y,high,women CEO thematic equity
S000079334,Veridien Climate Action ETF,Tidal Trust II,,CLIA,2024,2024,1,,15567130.953,,equity_longonly,Y,high,climate action equity
S000079339,Innovator Premium Income 20 Barrier ETF - April,Innovator ETFs Trust,,APRH,2023,2025,3,,27288897.0709863,,equity_options,Y,high,Innovator premium income barrier
S000079340,Innovator Premium Income 40 Barrier ETF - April,Innovator ETFs Trust,,APRQ,2023,2024,2,,23073945.9730328,,equity_options,Y,high,Innovator premium income barrier
S000079342,Matthews Emerging Markets ex China Active ETF,Matthews International Funds,,MEMX,2023,2025,3,,35358486.57,,equity_longonly,Y,high,Matthews active equity
S000079345,"The Energy & Minerals Group EV, Solar & Battery Materials (Lithium, Copper, Cobalt) Futures Strategy ETF",RBB Fund Trust,,CHRG,2023,2023,1,,3061676,,commodity_futures,Y,high,futures strategy on materials
S000079362,Mohr Sector Nav ETF,Collaborative Investment Series Trust,,SNAV,2023,2024,2,,50090358,,allocation_fof,Y,medium,sector ETF rotation
S000079419,Timothy Plan Market Neutral ETF,Timothy Plan,,TPMN,2023,2024,2,,39462111,,equity_longshort,Y,high,market neutral cue
S000079432,Horizon Kinetics Energy and Remediation ETF,Listed Funds Trust,,NVIR,2023,2025,3,,3851952,,equity_longonly,Y,high,Horizon Kinetics thematic equity
S000079434,KraneShares KWEB Covered Call Strategy ETF,Krane Shares Trust,,KLIP,2023,2026,4,Y,110403796.80583599,,equity_options,Y,high,covered call on KWEB
S000079464,Calamos Antetokounmpo Global Sustainable Equities ETF,Calamos ETF Trust,,SROI,2023,2025,3,,13370681.39,,equity_longonly,Y,high,sustainable equity
S000079470,AB Disruptors ETF,"AB Active ETFs, Inc.",,FWD,2023,2025,3,,791009700.88846153,,equity_longonly,Y,high,AB; thematic equity
S000079471,AB US High Dividend ETF,"AB Active ETFs, Inc.",,HIDV,2023,2025,3,,72326454.04,,equity_longonly,Y,high,AB high dividend equities
S000079472,AB US Low Volatility Equity ETF,"AB Active ETFs, Inc.",,LOWV,2023,2025,3,,119351342.99,,equity_longonly,Y,high,"AB low volatility equity, fully transparent series"
S000079512,First Trust Multi-Strategy Alternative ETF,First Trust Exchange-Traded Fund VIII,,LALT,2023,2025,3,,16084843.56,,other,Y,low,multi-strategy alternative
S000079576,Roundhill Magnificent Seven ETF,Listed Funds Trust,,MAGS,2023,2025,3,,2586592145,,equity_longonly,Y,high,Roundhill 7-stock basket
S000079631,Alger Weatherbie Enduring Growth ETF,Alger ETF Trust,,AWEG,2023,2024,2,,4937782.38,,equity_longonly,Y,high,Alger growth equity
S000079652,JPMorgan Active Small Cap Value ETF,J.P. Morgan Exchange-Traded Fund Trust,,JPSV,2023,2025,3,,19032497.44,,equity_longonly,Y,high,small cap value
S000079668,FT Vest U.S. Equity Moderate Buffer ETF - February,First Trust Exchange-Traded Fund VIII,,GFEB,2023,2025,3,,321957912.27,,equity_options,Y,high,FT Vest moderate buffer
S000079685,Fidelity Disruptive Automation ETF,Fidelity Covington Trust,,FBOT,2024,2025,2,,102931725,,equity_longonly,N,medium,Fidelity active equity family
S000079686,Fidelity Disruptive Communications ETF,Fidelity Covington Trust,,FDCF,2024,2025,2,,57305388,,equity_longonly,N,medium,Fidelity active equity family
S000079687,Fidelity Disruptive Finance ETF,Fidelity Covington Trust,,FDFF,2024,2025,2,,45493533,,equity_longonly,N,medium,Fidelity active equity family
S000079688,Fidelity Disruptive Medicine ETF,Fidelity Covington Trust,,FMED,2024,2025,2,,53003570,,equity_longonly,N,medium,Fidelity Disruptive proxy-basket
S000079689,Fidelity Disruptive Technology ETF,Fidelity Covington Trust,,FDTX,2024,2025,2,,159495037,,equity_longonly,N,medium,Fidelity active equity family
S000079690,Fidelity Disruptors ETF,Fidelity Covington Trust,,FDIF,2024,2025,2,Y,91820313,,allocation_fof,Y,medium,FoF of Fidelity disruptive ETFs
S000079702,Return Stacked Bonds & Managed Futures ETF,Tidal Trust II,,RSBT,2024,2026,3,,83908250.81,,commodity_futures,Y,medium,return stacked managed futures
S000079703,Return Stacked Global Stocks & Bonds ETF,Tidal Trust II,,RSSB,2024,2026,3,,321874829.34,,allocation_fof,Y,high,return stacked stocks + bonds
S000079705,Bitwise Trendwise Bitcoin and Treasuries Rotation Strategy ETF,Bitwise Funds Trust,,BITC,2023,2025,3,,19338206,,crypto_digital,Y,high,bitcoin/treasuries rotation
S000079716,PIMCO Commodity Strategy Active Exchange-Traded Fund,PIMCO ETF Trust,,CMDT,2023,2025,3,Y,356595948.04,,commodity_futures,Y,high,PIMCO commodity strategy
S000079746,JPMorgan Active China ETF,J.P. Morgan Exchange-Traded Fund Trust,,JCHI,2023,2025,3,,13337275.17,,equity_longonly,Y,high,JPM China equity
S000079790,-1x Short VIX Mid-Term Futures Strategy ETF,VOLATILITY SHARES TRUST,,ZIVB,2024,2026,3,,4457185.7,,leveraged_inverse,Y,high,-1x short VIX mid-term futures
S000079797,American Century Multisector Floating Income ETF,AMERICAN CENTURY ETF TRUST,,FUSI,2023,2024,2,,29078120.7476923,,fixed_income,Y,high,multisector floating income
S000079812,JPMorgan Equity Focus ETF,J.P. Morgan Exchange-Traded Fund Trust,,JPEF,2024,2025,2,,1083076898.21,,equity_longonly,Y,high,JPM equity focus
S000079813,JPMorgan High Yield Municipal ETF,J.P. Morgan Exchange-Traded Fund Trust,,JMHI,2024,2026,3,,226609315.19,,fixed_income,Y,high,municipal
S000079814,JPMorgan Limited Duration Bond ETF,J.P. Morgan Exchange-Traded Fund Trust,,JPLD,2024,2026,3,,889677435.08,,fixed_income,Y,high,limited duration bond
S000079815,JPMorgan Sustainable Municipal Income ETF,J.P. Morgan Exchange-Traded Fund Trust,,JMSI,2024,2026,3,,240212803.6,,fixed_income,Y,high,municipal
S000079834,T. Rowe Price Capital Appreciation Equity ETF,"T. Rowe Price Exchange-Traded Funds, Inc.",,TCAF,2023,2025,3,,4780085657,,equity_longonly,Y,medium,T. Rowe capital appreciation equity; fully transparent
S000079835,T. Rowe Price Growth ETF,"T. Rowe Price Exchange-Traded Funds, Inc.",,TGRT,2023,2025,3,,723352921,,equity_longonly,Y,high,TRP 2023 launch fully transparent
S000079836,T. Rowe Price International Equity ETF,"T. Rowe Price Exchange-Traded Funds, Inc.",,TOUS,2023,2025,3,,490110797,,equity_longonly,Y,high,TRP 2023 launch transparent
S000079837,T. Rowe Price Small-Mid Cap ETF,"T. Rowe Price Exchange-Traded Funds, Inc.",,TMSL,2023,2025,3,,796822936,,equity_longonly,Y,high,TRP 2023 launch transparent
S000079838,T. Rowe Price Value ETF,"T. Rowe Price Exchange-Traded Funds, Inc.",,TVAL,2023,2025,3,,395565958,,equity_longonly,Y,high,TRP 2023 launch transparent
S000079847,Euclidean Fundamental Value ETF,EA Series Trust,,ECML,2024,2026,3,,138839444.15,,equity_longonly,Y,high,Euclidean; quant value equity
S000079851,FT Vest U.S. Equity Enhance & Moderate Buffer ETF - March,First Trust Exchange-Traded Fund VIII,,XMAR,2023,2025,3,,172101666.33,,equity_options,Y,high,FT Vest enhance & moderate buffer
S000079853,FT Vest U.S. Equity Moderate Buffer ETF - March,First Trust Exchange-Traded Fund VIII,,GMAR,2023,2025,3,,365729848.1,,equity_options,Y,high,FT Vest moderate buffer
S000079855,NYLI CBRE Real Assets ETF,New York Life Investments Active ETF Trust,,IQRA,2024,2025,2,,5235184,,other,Y,medium,real assets multi-sector
S000079881,AB High Yield ETF,"AB Active ETFs, Inc.",,HYFI,2023,2025,3,,218219228.26538461,,fixed_income,Y,high,AB high yield
S000079901,National Security Emerging Markets Index ETF,Northern Lights Fund Trust IV,,NSI,2024,2025,2,,15432970,,equity_longonly,Y,medium,'Index' in name but N-CEN says not an index fund
S000079922,DGA Core Plus Absolute Return ETF,Tidal Trust II,,HF,2024,2024,1,,16542297.72,,allocation_fof,Y,low,"DGA absolute return; multi-strategy, no lookup available"
S000079934,Touchstone Climate Transition ETF,Touchstone ETF Trust,,HEAT,2023,2024,2,,11546311,,equity_longonly,Y,high,climate transition equities
S000079940,Bridges Capital Tactical ETF,EA Series Trust,,BDGS,2024,2026,3,Y,38897451.28,,allocation_fof,Y,medium,"tactical, fof=Y"
S000079952,Harbor Human Capital Factor US Small Cap ETF,Harbor ETF Trust,,HAPS,2023,2023,1,,107510764.98,,equity_longonly,Y,high,Harbor factor equity
S000079954,USCF Sustainable Commodity Strategy Fund,USCF ETF Trust,,ZSC,2024,2025,2,,2296110,,commodity_futures,Y,high,sustainable commodity strategy
S000079961,MKAM ETF,EA Series Trust,,MKAM,2024,2026,3,Y,9726005.87,,allocation_fof,Y,medium,fof Y; tactical ETF allocation
S000079963,Simplify Commodities Strategy No K-1 ETF,Simplify Exchange Traded Funds,,HARD,2023,2025,3,,19339939,,commodity_futures,Y,high,Simplify commodities strategy
S000079967,FT Vest U.S. Equity Moderate Buffer ETF - April,First Trust Exchange-Traded Fund VIII,,GAPR,2023,2025,3,,226980389,,equity_options,Y,high,FT Vest moderate buffer
S000080054,DoubleLine Commercial Real Estate ETF,DoubleLine ETF Trust,,DCRE,2023,2025,3,,261856080.72,,fixed_income,Y,medium,commercial real estate debt/CMBS
S000080055,DoubleLine Mortgage ETF,DoubleLine ETF Trust,,DMBS,2023,2025,3,,404826087,,fixed_income,Y,high,DoubleLine; mortgage bonds
S000080088,Innovator Premium Income 10 Barrier ETF - April,Innovator ETFs Trust,,APRD,2023,2024,2,,8561218.43849727,,equity_options,Y,high,Innovator premium income barrier
S000080090,Innovator Premium Income 30 Barrier ETF - April,Innovator ETFs Trust,,APRJ,2023,2025,3,,36390849.2349041,,equity_options,Y,high,Innovator premium income barrier
S000080116,Beacon Selective Risk ETF,Northern Lights Fund Trust II,,BSR,2024,2026,3,Y,26758601.36483516,,allocation_fof,Y,high,"fund_of_funds Y, multi-asset risk"
S000080117,Beacon Tactical Risk ETF,Northern Lights Fund Trust II,,BTR,2024,2026,3,Y,24930738.98824174,,allocation_fof,Y,high,"fund_of_funds Y, tactical multi-asset"
S000080125,FT Vest DJIA Dogs 10 Target Income ETF,First Trust Exchange-Traded Fund IV,,DOGG,2023,2025,3,,36497502.74,,equity_options,Y,high,target income = call writing on Dogs of the Dow
S000080151,Franklin Focused Growth ETF,Franklin Templeton ETF Trust,,FFOG,2024,2026,3,,177272220.63,,equity_longonly,Y,high,Franklin; focused growth equity
S000080161,Tactical Advantage ETF,Tidal Trust II,,FDAT,2024,2026,3,,33694620.12,,allocation_fof,Y,low,tactical multi-asset
S000080170,Matthews Korea Active ETF,Matthews International Funds,,MKOR,2023,2025,3,,55607385.14,,equity_longonly,Y,high,Matthews active equity
S000080175,Vest 2 Year Interest Rate Hedge ETF,ETF Series Solutions,,HYKE,2024,2024,1,,984838.347,,fixed_income,Y,low,Vest rate-hedge via options; not an equity book
S000080183,BNY Mellon Innovators ETF,BNY Mellon ETF Trust,,BKIV,2024,2025,2,,11158677.71,,equity_longonly,Y,high,BNY growth equity
S000080184,BNY Mellon Womens Opportunities ETF,BNY Mellon ETF Trust,,BKWO,2024,2025,2,,10890252.78,,equity_longonly,Y,high,BNY thematic equity
S000080201,FT Vest U.S. Equity Moderate Buffer ETF - May,First Trust Exchange-Traded Fund VIII,,GMAY,2023,2025,3,,259297135.45,,equity_options,Y,high,FT Vest moderate buffer
S000080208,AB US Large Cap Strategic Equities ETF,"AB Active ETFs, Inc.",,LRGC,2023,2025,3,,443559117.44461538,,equity_longonly,Y,high,AB large cap equity
S000080210,Morgan Dempsey Large Cap Value ETF,EA Series Trust,,MDLV,2024,2026,3,,31049893.3,,equity_longonly,Y,high,large cap value
S000080211,AllianzIM U.S. Equity Buffer10 May ETF,AIM ETF Products Trust,,MAYT,2023,2025,3,,16766758.42,,equity_options,Y,high,AllianzIM buffer
S000080212,AllianzIM U.S. Equity Buffer20 May ETF,AIM ETF Products Trust,,MAYW,2023,2025,3,,63279758.89999999,,equity_options,Y,high,AllianzIM buffer
S000080213,AllianzIM U.S. Equity Buffer10 Jun ETF,AIM ETF Products Trust,,JUNT,2023,2025,3,,18659731.52,,equity_options,Y,high,AllianzIM buffer
S000080214,AllianzIM U.S. Equity Buffer20 Jun ETF,AIM ETF Products Trust,,JUNW,2023,2025,3,,72983650.26,,equity_options,Y,high,AllianzIM buffer
S000080215,AllianzIM U.S. Equity Buffer10 Aug ETF,AIM ETF Products Trust,,AUGT,2023,2025,3,,55139093.04999999,,equity_options,Y,high,AllianzIM buffer
S000080216,AllianzIM U.S. Equity Buffer20 Aug ETF,AIM ETF Products Trust,,AUGW,2023,2025,3,,176973220.34,,equity_options,Y,high,AllianzIM buffer
S000080217,AllianzIM U.S. Equity Buffer10 Sep ETF,AIM ETF Products Trust,,SEPT,2023,2025,3,,42813371.27,,equity_options,Y,high,AllianzIM buffer
S000080218,AllianzIM U.S. Equity Buffer20 Sep ETF,AIM ETF Products Trust,,SEPW,2023,2025,3,,143991037.22999999,,equity_options,Y,high,AllianzIM buffer
S000080330,Dimensional US Large Cap Vector ETF,Dimensional ETF Trust,,DFVX,2024,2025,2,,394988812.15,,equity_longonly,Y,high,Dimensional; vector equity
S000080332,Strive Total Return Bond ETF ,EA Series Trust,,STXT,2024,2025,2,,70988000.018,,fixed_income,Y,high,total return bond
S000080333,Strive Enhanced Income Short Maturity ETF,EA Series Trust,,BUXX,2024,2025,2,,72158527.638,,fixed_income,Y,high,short maturity income
S000080338,SRH REIT Covered Call ETF,Elevation Series Trust,,SRHR,2024,2025,2,,50317018,,equity_options,Y,high,REIT covered call
S000080348,Roundhill Generative AI & Technology ETF,Tidal Trust II,,CHAT,2024,2025,2,,214133276.75,,equity_longonly,Y,high,AI thematic equity
S000080389,Intelligent Real Estate ETF,Tidal Trust I,,REAI,2024,2026,3,,2237922.84,,equity_longonly,Y,medium,real estate stocks
S000080393,Panagram AAA CLO ETF,Series Portfolios Trust,,CLOX,2023,2024,2,,51907874,,fixed_income,Y,high,CLO
S000080410,iShares Large Cap Value Active ETF,BlackRock ETF Trust,,BLCV,2023,2025,3,,22440931.8576923,,equity_longonly,Y,high,iShares large cap value active
S000080411,iShares Flexible Income Active ETF,BlackRock ETF Trust II,,BINC,2023,2025,3,Y,7351282998.15461538,,fixed_income,Y,high,"flexible income, fof=Y"
S000080425,PIMCO Multisector Bond Active Exchange-Traded Fund,PIMCO ETF Trust,,PYLD,2023,2025,3,,3256522532.8,,fixed_income,Y,high,multisector bond
S000080433,Hull Tactical US ETF,Capitol Series Trust,,HTUS,2023,2025,3,Y,100768368.723425,,allocation_fof,Y,medium,Hull tactical S&P timing via ETFs/futures; FoF flag
S000080449,Fundamentals First ETF,Mason Capital Fund Trust,,KNOW,2024,2025,2,,3577668,,equity_longonly,Y,medium,fundamental stock portfolio
S000080457,iShares Short-Term California Muni Active ETF,BlackRock ETF Trust II,,CALI,2023,2025,3,,64245951.06230769,,fixed_income,Y,high,muni
S000080459,Direxion HCM Tactical Enhanced US ETF,Direxion Shares ETF Trust,,HCMT,2023,2025,3,,461176413.937808,,allocation_fof,Y,low,Direxion/HCM tactical US equity exposure via ETFs/futures
S000080465,Franklin Income Focus ETF,Franklin Templeton ETF Trust,,INCM,2024,2026,3,,907599834.55,,allocation_fof,Y,medium,multi-asset income focus
S000080468,Running Oak Efficient Growth ETF,Strategic Trust,,RUNN,2023,2025,3,,295524865,,equity_longonly,Y,high,growth equity
S000080486,Touchstone Securitized Income ETF,Touchstone ETF Trust,,TSEC,2023,2025,3,,113316849,,fixed_income,Y,high,securitized income
S000080487,Touchstone Dynamic International ETF,Touchstone ETF Trust,,TDI,2023,2025,3,,60247091,,equity_longonly,Y,high,Touchstone international equity
S000080497,FT Vest U.S. Equity Moderate Buffer ETF - August,First Trust Exchange-Traded Fund VIII,,GAUG,2023,2025,3,,222708146.32,,equity_options,Y,high,FT Vest moderate buffer
S000080498,FT Vest U.S. Equity Moderate Buffer ETF - July,First Trust Exchange-Traded Fund VIII,,GJUL,2023,2025,3,,358730305.5,,equity_options,Y,high,FT Vest moderate buffer
S000080499,FT Vest U.S. Equity Moderate Buffer ETF - June,First Trust Exchange-Traded Fund VIII,,GJUN,2023,2025,3,,364845834.53,,equity_options,Y,high,FT Vest moderate buffer
S000080504,FT Vest U.S. Equity Moderate Buffer ETF - December,First Trust Exchange-Traded Fund VIII,,GDEC,2024,2025,2,,317585115.66,,equity_options,Y,high,FT Vest moderate buffer
S000080505,FT Vest U.S. Equity Moderate Buffer ETF - November,First Trust Exchange-Traded Fund VIII,,GNOV,2024,2025,2,,243699314.33,,equity_options,Y,high,FT Vest moderate buffer
S000080506,FT Vest U.S. Equity Moderate Buffer ETF - October,First Trust Exchange-Traded Fund VIII,,GOCT,2024,2025,2,,190423244.46,,equity_options,Y,high,FT Vest moderate buffer
S000080507,FT Vest U.S. Equity Moderate Buffer ETF - September,First Trust Exchange-Traded Fund VIII,,GSEP,2024,2025,2,,212341004.28,,equity_options,Y,high,FT Vest moderate buffer
S000080528,JPMorgan Healthcare Leaders ETF,J.P. Morgan Exchange-Traded Fund Trust,,JDOC,2024,2025,2,,7731167.79,,equity_longonly,Y,high,healthcare equity
S000080534,LHA Risk-Managed Income ETF ,ETF Series Solutions,,RMIF,2023,2025,3,,34513787.37,,allocation_fof,Y,low,risk-managed income; likely bond-ETF fof
S000080536,JPMorgan U.S. Tech Leaders ETF,J.P. Morgan Exchange-Traded Fund Trust,,JTEK,2024,2025,2,,1038833026.75,,equity_longonly,Y,high,tech equity
S000080557,Avantis All Equity Markets Value ETF,AMERICAN CENTURY ETF TRUST,,AVGV,2023,2024,2,Y,56571818.2907692,,allocation_fof,Y,high,"Avantis ETF-of-ETFs, fof=Y"
S000080558,Avantis International Small Cap Equity ETF,AMERICAN CENTURY ETF TRUST,,AVDS,2023,2024,2,,14702790.3884615,,equity_longonly,Y,high,Avantis systematic equity
S000080559,Avantis Moderate Allocation ETF,AMERICAN CENTURY ETF TRUST,,AVMA,2023,2024,2,Y,8214274.72538461,,allocation_fof,Y,high,"moderate allocation ETF-of-ETFs, fof=Y"
S000080560,Avantis All International Markets Equity ETF,AMERICAN CENTURY ETF TRUST,,AVNM,2023,2024,2,Y,14016715.7869231,,allocation_fof,Y,high,"Avantis ETF-of-ETFs, fof=Y"
S000080561,Avantis All International Markets Value ETF,AMERICAN CENTURY ETF TRUST,,AVNV,2023,2024,2,Y,1876476.57076923,,allocation_fof,Y,high,"Avantis ETF-of-ETFs, fof=Y"
S000080562,Avantis U.S. Large Cap Equity ETF,AMERICAN CENTURY ETF TRUST,,AVLC,2024,2024,1,,230238289.130769,,equity_longonly,Y,high,Avantis systematic equity
S000080571,Natixis Loomis Sayles Focused Growth ETF,Natixis ETF Trust II,,LSGR,2023,2025,3,,435252713.78076923,,equity_longonly,U,medium,"Natixis Loomis Sayles focused growth; ActiveShares lineage, transparency unverified (no lookup, search budget exhausted)"
S000080576,iMGP Berkshire Dividend Growth ETF,LITMAN GREGORY FUNDS TRUST,,BDVG,2023,2025,3,,8824805.19538461,,equity_longonly,Y,high,dividend growth stocks
S000080583,Simplify Market Neutral Equity Long/Short ETF,Simplify Exchange Traded Funds,,EQLS,2023,2024,2,,113026576,,equity_longshort,Y,high,market neutral long/short
S000080584,Simplify Multi-QIS Alternative ETF,Simplify Exchange Traded Funds,,QIS,2024,2025,2,,108657347,,commodity_futures,Y,medium,multi-QIS alternative risk premia via futures
S000080585,Simplify Opportunistic Income ETF,Simplify Exchange Traded Funds,,CRDT,2023,2025,3,,79610393,,fixed_income,Y,high,opportunistic credit income
S000080587,Aptus Large Cap Enhanced Yield ETF,ETF Series Solutions,,DUBS,2024,2025,2,,198895388.5,,equity_options,Y,medium,Aptus large cap + yield option overlay
S000080591,Segall Bryant & Hamill Select Equity ETF,Segall Bryant & Hamill Trust,,,2023,2025,3,,261130082.28224033,,,,,
S000080610,2x Bitcoin Strategy ETF,VOLATILITY SHARES TRUST,,BITX,2024,2026,3,,106594751.4,,leveraged_inverse,Y,medium,"daily 2x, bitcoin futures underlying"
S000080629,Soundwatch Hedged Equity ETF,Advisor Managed Portfolios,,SHDG,2023,2025,3,,153485005.715,,equity_longshort,Y,medium,hedged equity overlay
S000080645,iShares Large Cap Moderate Buffer ETF,BlackRock ETF Trust II,,IVVM,2023,2025,3,Y,77956987.73,,equity_options,Y,high,buffer / defined outcome
S000080646,iShares Large Cap Deep Buffer ETF,BlackRock ETF Trust II,,IVVB,2023,2025,3,Y,152803040.57,,equity_options,Y,high,buffer / defined outcome
S000080659,Global X India Active ETF,Global X Funds,,NDIA,2023,2025,3,,38113204.07,,equity_longonly,Y,high,India active equity
S000080660,Global X Brazil Active ETF,Global X Funds,,BRAZ,2023,2025,3,,4854306.01999999,,equity_longonly,Y,high,Global X country equity
S000080666,Dimensional California Municipal Bond ETF,Dimensional ETF Trust,,DFCA,2023,2025,3,,430336522.97,,fixed_income,Y,high,muni
S000080670,Bushido Capital US Equity ETF,EA Series Trust,,SMRI,2024,2024,1,,302554445.349,,equity_longonly,Y,high,US equity
S000080686,Principal Focused Blue Chip ETF,Principal Exchange-Traded Funds,,BCHP,2024,2025,2,,96198733.31692307,,equity_longonly,Y,high,Principal blue chip equity
S000080690,VictoryShares Small Cap Free Cash Flow ETF,Victory Portfolios II,,SFLO,2024,2024,1,,37915267,,equity_longonly,Y,high,free cash flow equity
S000080692,BondBloxx USD High Yield Bond Sector Rotation ETF,BondBloxx ETF Trust,,HYSA,2024,2025,2,,30192100.89999999,,fixed_income,Y,high,BondBloxx HY sector rotation
S000080712,FT Vest Laddered Moderate Buffer ETF,First Trust Exchange-Traded Fund VIII,,BUFZ,2024,2025,2,,393597031.51,,equity_options,Y,high,laddered moderate buffer
S000080720,Capital Group Dividend Growers ETF,Capital Group Dividend Growers ETF,,CGDG,2024,2025,2,,1454598440,,equity_longonly,Y,high,Capital Group equity
S000080721,Capital Group Core Balanced ETF,Capital Group Core Balanced ETF,,CGBL,2023,2025,3,,2821825722.27,,allocation_fof,Y,high,balanced multi-asset
S000080722,Capital Group International Equity ETF,Capital Group International Equity ETF,,CGIE,2024,2025,2,,327354820,,equity_longonly,Y,high,Capital Group equity
S000080730,Blueprint Chesapeake Multi-Asset Trend ETF,Tidal Trust II,,TFPN,2024,2025,2,,129728466.81,,commodity_futures,Y,high,multi-asset trend following
S000080742,Level Four Large Cap Growth Active ETF,ALPS ETF Trust,,LGRO,2023,2025,3,,100911694,,equity_longonly,Y,high,large cap growth
S000080755,Innovator Premium Income 10 Barrier ETF - July,Innovator ETFs Trust,,JULD,2023,2024,2,,4465938.44762295,,equity_options,Y,high,Innovator premium income barrier
S000080756,Innovator Premium Income 20 Barrier ETF - July,Innovator ETFs Trust,,JULH,2023,2025,3,,19133765.8088219,,equity_options,Y,high,Innovator premium income barrier
S000080757,Innovator Premium Income 30 Barrier ETF - July,Innovator ETFs Trust,,JULJ,2023,2025,3,,20355398.1085753,,equity_options,Y,high,Innovator premium income barrier
S000080758,Innovator Premium Income 40 Barrier ETF - July,Innovator ETFs Trust,,JULQ,2023,2024,2,,8317243.34540983,,equity_options,Y,high,Innovator premium income barrier
S000080779,Amplify Cash Flow High Income ETF,Amplify ETF Trust,,HCOW,2023,2024,2,,2712903,,equity_options,Y,medium,Amplify cash-cow equities with covered calls
S000080796,KraneShares Rockefeller Ocean Engagement ETF,Krane Shares Trust,,KSEA,2024,2025,2,,2724444.55668492,,equity_longonly,Y,high,engagement equity
S000080799,Harbor Multi-Asset Explorer ETF,Harbor ETF Trust,,MAPP,2023,2025,3,Y,5539236.35,,allocation_fof,Y,high,fof Y; Harbor multi-asset
S000080851,FT Vest U.S. Equity Enhance & Moderate Buffer ETF - August,First Trust Exchange-Traded Fund VIII,,XAUG,2023,2025,3,,36619246.75,,equity_options,Y,high,FT Vest enhance & moderate buffer
S000080852,FT Vest U.S. Equity Enhance & Moderate Buffer ETF - July,First Trust Exchange-Traded Fund VIII,,XJUL,2023,2025,3,,52159090.39,,equity_options,Y,high,FT Vest enhance & moderate buffer
S000080857,Foundations Dynamic Core ETF,TWO ROADS SHARED TRUST,,FDCE,2024,2024,1,Y,4313747.95,,allocation_fof,Y,high,FoF flag; Foundations model portfolio
S000080858,Foundations Dynamic Growth ETF,TWO ROADS SHARED TRUST,,FDGR,2024,2024,1,Y,7918755.4,,allocation_fof,Y,high,FoF flag; Foundations model portfolio
S000080859,Foundations Dynamic Income ETF,TWO ROADS SHARED TRUST,,FDTB,2024,2024,1,Y,6843761.02,,allocation_fof,Y,high,FoF flag; Foundations model portfolio
S000080860,Foundations Dynamic Value ETF,TWO ROADS SHARED TRUST,,FDVL,2024,2024,1,Y,6108718.01551155,,allocation_fof,Y,high,FoF flag; Foundations model portfolio
S000080897,T-Rex 2X Inverse NVIDIA Daily Target ETF ,ETF Opportunities Trust,,NVDQ,2024,2025,2,,48635443.8,,leveraged_inverse,Y,high,T-Rex daily 2X inverse single-stock
S000080898,T-Rex 2X Inverse Tesla Daily Target ETF ,ETF Opportunities Trust,,TSLZ,2024,2025,2,,74188767.62,,leveraged_inverse,Y,high,2x inverse daily single stock
S000080899,T-Rex 2X Long NVIDIA Daily Target ETF ,ETF Opportunities Trust,,NVDX,2024,2025,2,,601565632.03,,leveraged_inverse,Y,high,T-Rex daily 2X long single-stock
S000080900,T-Rex 2X Long Tesla Daily Target ETF ,ETF Opportunities Trust,,TSLT,2024,2025,2,,400430897.66,,leveraged_inverse,Y,high,2x long daily single stock
S000080903,Innovator Equity Defined Protection ETF - 2 Yr to July 2027,Innovator ETFs Trust,,TJUL,2023,2025,3,,180931039.538877,,equity_options,Y,high,Innovator defined protection
S000080918,Capital Group Core Bond ETF,Capital Group Fixed Income ETF Trust,,CGCB,2023,2025,3,,2651603275.85,,fixed_income,Y,high,Capital Group bond
S000080919,Capital Group Short Duration Municipal Income ETF,Capital Group Fixed Income ETF Trust,,CGSM,2023,2025,3,,752531266.25,,fixed_income,Y,high,muni
S000080946,PGIM Short Duration Multi-Sector Bond ETF,PGIM ETF Trust,,PSDM,2023,2025,3,,65383113,,fixed_income,Y,high,short duration multi-sector bond
S000080947,PGIM AAA CLO ETF,PGIM ETF Trust,,PAAA,2023,2025,3,,2396902529,,fixed_income,Y,high,AAA CLO
S000080998,First Trust Intermediate Government Opportunities ETF,First Trust Exchange-Traded Fund IV,,MGOV,2023,2025,3,,64656933.68,,fixed_income,Y,high,intermediate government bonds
S000081022,Leverage Shares 2x Long BULL Daily ETF,Themes ETF Trust,,BULG,2025,2025,1,,5568918,,leveraged_inverse,Y,high,Leverage Shares 2x daily
S000081029,Leverage Shares 2x Long CRWV Daily ETF,Themes ETF Trust,,CRWG,2025,2025,1,,44880744,,leveraged_inverse,Y,high,Leverage Shares 2x daily
S000081031,Leverage Shares 2x Long GLXY Daily ETF ,Themes ETF Trust,,GLGG,2025,2025,1,,2061755,,leveraged_inverse,Y,high,2x single-stock daily
S000081035,Leverage Shares 2x Long CRCL Daily ETF,Themes ETF Trust,,CRCG,2025,2025,1,,31852428,,leveraged_inverse,Y,high,Leverage Shares 2x daily
S000081041,Themes Global Systemically Important Banks ETF,Themes ETF Trust,,GSIB,2024,2024,1,,1165849,,equity_longonly,Y,high,Themes; bank equities
S000081048,Neuberger Berman China Equity ETF,Neuberger Berman ETF Trust,,NBCE,2024,2025,2,,6189159.48384615,,equity_longonly,Y,high,"Neuberger Berman active equity, China"
S000081049,Neuberger Berman Global Real Estate ETF,Neuberger Berman ETF Trust,,NBGR,2024,2024,1,,5168302.59,,equity_longonly,Y,high,"Neuberger Berman active equity, global real estate securities"
S000081094,Madison Covered Call ETF,Madison ETFs Trust,,CVRD,2024,2025,2,,59083560,,equity_options,Y,high,covered call
S000081095,Madison Short-Term Strategic Income ETF,Madison ETFs Trust,,MSTI,2024,2025,2,,65840991,,fixed_income,Y,high,short-term strategic income
S000081096,Madison Dividend Value ETF,Madison ETFs Trust,,DIVL,2024,2025,2,,58765514,,equity_longonly,Y,high,Madison; dividend value
S000081097,Madison Aggregate Bond ETF,Madison ETFs Trust,,MAGG,2024,2025,2,,64355033,,fixed_income,Y,high,aggregate bond
S000081142,GraniteShares 2x Short NVDA Daily ETF,GraniteShares ETF Trust,,NVD,2024,2025,2,,92435058,,leveraged_inverse,Y,high,GraniteShares 2x short single stock
S000081144,GraniteShares 2x Short TSLA Daily ETF,GraniteShares ETF Trust,,TSDD,2024,2025,2,,47416783,,leveraged_inverse,Y,high,2x short daily single stock
S000081146,GraniteShares 2x Long TSLA Daily ETF,GraniteShares ETF Trust,,TSLR,2024,2025,2,,152140544,,leveraged_inverse,Y,high,2x long daily single stock
S000081152,GraniteShares 1x Short AMD Daily ETF,GraniteShares ETF Trust,,AMDS,2024,2024,1,,1144817,,leveraged_inverse,Y,high,1x Short daily single stock
S000081153,GraniteShares 2x Short COIN Daily ETF,GraniteShares ETF Trust,,CONI,2025,2025,1,,6934688,,leveraged_inverse,Y,high,2x short daily
S000081163,GraniteShares 2x Long LCID Daily ETF,GraniteShares ETF Trust,,LCDL,2025,2025,1,,1965284,,leveraged_inverse,Y,high,2x single stock daily
S000081164,GraniteShares 2x Long RIVN Daily ETF,GraniteShares ETF Trust,,RVNL,2025,2025,1,,1252080,,leveraged_inverse,Y,high,2X single-stock daily
S000081195,Western Asset Bond ETF,Franklin Templeton ETF Trust,,WABF,2024,2026,3,,16667160.35,,fixed_income,Y,high,Western Asset bond
S000081198,Bitwise Trendwise Ethereum and Treasuries Rotation Strategy ETF,Bitwise Funds Trust,,AETH,2023,2025,3,,8120936,,crypto_digital,Y,high,ether/treasuries rotation
S000081203,Astoria US Equal Weight Quality Kings ETF,EA Series Trust,,ROE,2024,2025,2,,42108687.02,,equity_longonly,Y,high,quality factor equity
S000081227,Bahl & Gaynor Income Growth ETF,ETF Series Solutions,,BGIG,2023,2025,3,,256347205.99,,equity_longonly,Y,high,dividend income growth stocks
S000081234,First Trust Active Global Quality Income ETF,First Trust Exchange-Traded Fund VIII,,AGQI,2023,2025,3,,56040669.01,,equity_longonly,Y,medium,global dividend/quality equity income
S000081237,JPMorgan Global Select Equity ETF,J.P. Morgan Exchange-Traded Fund Trust,,JGLO,2023,2025,3,,6678727877.28,,equity_longonly,Y,high,global equity
S000081238,JPMorgan International Value ETF,J.P. Morgan Exchange-Traded Fund Trust,,JIVE,2023,2025,3,,346567496.79,,equity_longonly,Y,high,intl value equity
S000081251,NEOS Bitcoin High Income ETF,NEOS ETF Trust,,BTCI,2025,2025,1,,87444619,,crypto_digital,Y,high,"bitcoin income, crypto underlying"
S000081253,Kurv Yield Premium Strategy Amazon (AMZN) ETF,NEOS ETF Trust,,AMZP,2024,2024,1,,763407,,equity_options,Y,high,"Kurv yield premium, single stock calls"
S000081254,Kurv Yield Premium Strategy Apple (AAPL) ETF,NEOS ETF Trust,,AAPY,2024,2024,1,,549936,,equity_options,Y,high,"Kurv yield premium, single stock calls"
S000081258,Kurv Yield Premium Strategy Microsoft (MSFT) ETF,NEOS ETF Trust,,MSFY,2024,2024,1,,682940,,equity_options,Y,high,Kurv yield premium single stock
S000081270,Calamos Convertible Equity Alternative ETF,Calamos ETF Trust,,CVRT,2024,2025,2,,11869925.29,,fixed_income,Y,medium,convertibles
S000081272,First Trust Intermediate Duration Investment Grade Corporate ETF,First Trust Exchange-Traded Fund IV,,FIIG,2023,2025,3,,478742064.13,,fixed_income,Y,high,First Trust; IG corporate
S000081275,FT Vest SMID Rising Dividend Achievers Target Income ETF,First Trust Exchange-Traded Fund IV,,SDVD,2023,2025,3,,419501664.83,,equity_options,Y,high,FT Vest target income overlay
S000081278,FT Vest Technology Dividend Target Income ETF,First Trust Exchange-Traded Fund IV,,TDVI,2023,2025,3,,94033508.78,,equity_options,Y,high,FT Vest target income covered call
S000081280,Valkyrie Bitcoin Futures Leveraged Strategy ETF,Valkyrie ETF Trust II,,BTFX,2024,2024,1,,30552178,,leveraged_inverse,Y,medium,leveraged bitcoin futures strategy
S000081285,LAFFER TENGLER Equity Income ETF,ETF Opportunities Trust,,TGLR,2024,2025,2,,14199995.88,,equity_longonly,Y,high,equity income; no options language
S000081291,Academy Veteran Impact ETF,Tidal ETF Trust,,VETZ,2024,2024,1,,47283303.036,,fixed_income,Y,medium,veteran-impact loans/bonds
S000081302,American Beacon AHL Trend ETF,AMERICAN BEACON SELECT FUNDS,,AHLT,2024,2026,3,,48787108.91461538,,commodity_futures,Y,high,AHL trend / managed futures
S000081313,Kurv Yield Premium Strategy Google (GOOGL) ETF,NEOS ETF Trust,,GOOP,2024,2024,1,,641996,,equity_options,Y,high,Kurv yield premium on single stock
S000081314,Kurv Yield Premium Strategy Tesla (TSLA) ETF,NEOS ETF Trust,,TSLP,2024,2024,1,,1298997,,equity_options,Y,high,Kurv yield premium single stock
S000081334,FT Vest U.S. Small Cap Moderate Buffer ETF - August,First Trust Exchange-Traded Fund VIII,,SAUG,2023,2025,3,,84811850.81,,equity_options,Y,high,FT Vest buffer
S000081338,Grizzle Growth ETF,Tidal Trust II,,DARP,2024,2024,1,,11388604.07,,equity_longonly,Y,high,growth equity
S000081376,Hartford Quality Value ETF,Hartford Funds Exchange-Traded Trust,,QUVU,2023,2025,3,,162300930.46,,equity_longonly,Y,high,quality value equity
S000081384,Congress SMid Growth ETF,Professionally Managed Portfolios,,CSMD,2023,2025,3,,290534866,,equity_longonly,Y,high,SMid growth equity
S000081385,Congress Large Cap Growth ETF,Professionally Managed Portfolios,,CAML,2023,2025,3,,289741735,,equity_longonly,Y,high,large cap growth
S000081418,USCF Aluminum Strategy Fund,USCF ETF Trust,,ALUM,2024,2024,1,,2633392,,commodity_futures,Y,high,aluminum futures
S000081453,First Trust S&P 500 Diversified Free Cash Flow ETF,First Trust Exchange-Traded Fund,,FCFY,2023,2023,1,,1184804.13,,equity_longonly,Y,high,free cash flow equity
S000081454,YieldMax ABNB Option Income Strategy ETF,Tidal Trust II,,ABNY,2024,2025,2,,32242897.079,,equity_options,Y,high,YieldMax option income
S000081455,YieldMax XOM Option Income Strategy ETF,Tidal Trust II,,XOMO,2023,2025,3,,49987616.339,,equity_options,Y,high,YieldMax single-stock option income
S000081456,YieldMax AMD Option Income Strategy ETF,Tidal Trust II,,AMDY,2023,2025,3,,163105019.622,,equity_options,Y,high,YieldMax option income
S000081458,YieldMax DIS Option Income Strategy ETF,Tidal Trust II,,DISO,2023,2025,3,,36595058.156,,equity_options,Y,high,YieldMax; option income
S000081459,YieldMax JPM Option Income Strategy ETF,Tidal Trust II,,JPMO,2023,2025,3,,52811409.28,,equity_options,Y,high,YieldMax single-stock option income
S000081460,YieldMax MRNA Option Income Strategy ETF,Tidal Trust II,,MRNY,2023,2025,3,,79635750.626,,equity_options,Y,high,YieldMax single-stock option income
S000081461,YieldMax MSFT Option Income Strategy ETF,Tidal Trust II,,MSFO,2023,2025,3,,123579932.801,,equity_options,Y,high,YieldMax single-stock option income
S000081463,YieldMax PYPL Option Income Strategy ETF,Tidal Trust II,,PYPY,2023,2025,3,,54781465.448,,equity_options,Y,high,YieldMax option income
S000081510,Goldman Sachs Nasdaq-100 Premium Income ETF,Goldman Sachs ETF Trust,,GPIQ,2024,2025,2,,1198583681,,equity_options,Y,high,GS premium income (covered call)
S000081511,Goldman Sachs S&P 500 Premium Income ETF,Goldman Sachs ETF Trust,,GPIX,2024,2025,2,,1231318113,,equity_options,Y,high,GS premium income (covered call)
S000081514,Goose Hollow Multi-Strategy Income ETF,Collaborative Investment Series Trust,,GHMS,2024,2024,1,,12797996,,fixed_income,Y,low,"Goose Hollow; credit/income sleeves, mix unclear"
S000081525,MarketDesk Focused U.S. Dividend ETF,EA Series Trust,,FDIV,2024,2024,1,,79102063.572,,equity_longonly,Y,high,MarketDesk; dividend equity
S000081541,Tema Obesity & Cardiometabolic ETF,Tema ETF Trust,,HRTS,2024,2026,3,,23428541,,equity_longonly,Y,high,Tema thematic equity
S000081543,Tema Neuroscience and Mental Health ETF,Tema ETF Trust,,MNTL,2024,2025,2,,8901002,,equity_longonly,Y,high,Tema thematic equity
S000081567,Harbor Long-Short Equity ETF,Harbor ETF Trust,,LSEQ,2024,2025,2,,20022779.26,,equity_longshort,Y,high,Harbor long/short equity
S000081571,REX FANG & Innovation Equity Premium Income ETF,ETF Opportunities Trust,,FEPI,2024,2025,2,,431462296.36,,equity_options,Y,high,REX; equity premium income
S000081585,CoreValues Alpha Greater China Growth ETF,Tidal Trust II,,CGRO,2024,2025,2,,9175304.7,,equity_longonly,Y,high,China growth equity
S000081587,SPDR Portfolio S&P Sector Neutral Dividend ETF,SPDR SERIES TRUST,,SPDG,2024,2025,2,,8513911.60846153,,equity_longonly,Y,high,dividend equity
S000081588,Polen Capital Global Growth ETF,LITMAN GREGORY FUNDS TRUST,,PCGG,2023,2025,3,,178523969.05846153,,equity_longonly,Y,high,Polen global growth equity
S000081605,KraneShares Dynamic Emerging Markets Strategy ETF,Krane Shares Trust,,KEM,2024,2025,2,Y,4582169.47512329,,allocation_fof,Y,medium,"EM strategy, fof=Y"
S000081633,Kurv Yield Premium Strategy Netflix (NFLX) ETF,NEOS ETF Trust,,NFLP,2024,2024,1,,618184,,equity_options,Y,high,Kurv yield premium single stock
S000081642,Brandes International ETF,2023 ETF Series Trust,,BINV,2024,2025,2,,162184075,,equity_longonly,Y,high,Brandes intl value equity
S000081643,Brandes U.S. Small-Mid Cap Value ETF,2023 ETF Series Trust,,BSMC,2024,2025,2,,83037453,,equity_longonly,Y,high,Brandes value equity
S000081644,Brandes U.S. Value ETF,2023 ETF Series Trust,,BUSA,2024,2025,2,,199053731,,equity_longonly,Y,high,Brandes value equity
S000081645,Eagle Capital Select Equity ETF,2023 ETF Series Trust,,EAGL,2024,2025,2,,2305025072,,equity_longonly,Y,high,Eagle Capital; concentrated equity
S000081659,Defiance Nasdaq 100 Enhanced Options & 0DTE Income ETF,Tidal Trust II,,QQQY,2024,2024,1,,224288618.74,,equity_options,Y,high,Defiance 0DTE option income
S000081660,Defiance R2000 Enhanced Options & 0DTE Income ETF,Tidal Trust II,,IWMY,2024,2024,1,,113859076.03,,equity_options,Y,high,0DTE index option income
S000081661,Defiance S&P 500 Enhanced Options & 0DTE Income ETF ,Tidal Trust II,,WDTE,2024,2024,1,,103733973.78,,equity_options,Y,high,0DTE option income on S&P 500
S000081688,WHITEWOLF Publicly Listed Private Equity ETF,EA Series Trust,,LBO,2024,2026,3,,8008740.162,,equity_longonly,Y,medium,listed private equity stocks
S000081702,iShares U.S. Large Cap Premium Income Active ETF,BlackRock ETF Trust,,BALI,2023,2025,3,,386636923,,equity_options,Y,high,"premium income, covered calls"
S000081704,F/m Opportunistic Income ETF,"RBB Fund, Inc.",,XFIX,2024,2024,1,,28174278,,fixed_income,Y,high,F/m opportunistic income
S000081709,Innovator International Developed Power Buffer ETF - September,Innovator ETFs Trust,,ISEP,2023,2025,3,,82067043.8121644,,equity_options,Y,high,Innovator buffer series
S000081710,Innovator International Developed Power Buffer ETF - November,Innovator ETFs Trust,,INOV,2023,2025,3,,12657170.3901918,,equity_options,Y,high,Innovator buffer series
S000081711,Innovator International Developed Power Buffer ETF - December,Innovator ETFs Trust,,IDEC,2024,2025,2,,20457169.1773425,,equity_options,Y,high,Innovator buffer series
S000081712,Innovator International Developed Power Buffer ETF - February,Innovator ETFs Trust,,IFEB,2024,2025,2,,22948172.12,,equity_options,Y,high,Innovator buffer series
S000081714,Innovator International Developed Power Buffer ETF - March,Innovator ETFs Trust,,IMAR,2024,2025,2,,39859596.634137,,equity_options,Y,high,Innovator buffer series
S000081715,Innovator International Developed Power Buffer ETF - May,Innovator ETFs Trust,,IMAY,2024,2025,2,,21694812.7686575,,equity_options,Y,high,Innovator buffer series
S000081716,Innovator International Developed Power Buffer ETF - June,Innovator ETFs Trust,,IJUN,2024,2025,2,,42906336.206137,,equity_options,Y,high,Innovator buffer series
S000081717,Innovator International Developed Power Buffer ETF - August,Innovator ETFs Trust,,IAUG,2024,2025,2,,25278853.6952877,,equity_options,Y,high,Innovator power buffer
S000081720,Return Stacked U.S. Stocks & Managed Futures ETF,Tidal Trust II,,RSST,2024,2026,3,,268307517.35,,commodity_futures,Y,medium,return stacked stocks + managed futures
S000081759,Sovereign's Capital Flourish Fund,Elevation Series Trust,,SOVF,2024,2025,2,,92839581,,equity_longonly,Y,medium,faith-based equity
S000081760,Brookstone Active ETF,Northern Lights Fund Trust IV,,BAMA,2024,2025,2,Y,39420989.11835613,,allocation_fof,Y,medium,"Brookstone model portfolio, fof=Y"
S000081761,Brookstone Dividend Stock ETF,Northern Lights Fund Trust IV,,BAMD,2024,2025,2,,86528201.7586027,,equity_longonly,Y,high,dividend stocks
S000081762,Brookstone Growth Stock ETF,Northern Lights Fund Trust IV,,BAMG,2024,2025,2,,94577011.62805481,,equity_longonly,Y,high,growth stocks
S000081763,Brookstone Intermediate Bond ETF,Northern Lights Fund Trust IV,,BAMB,2024,2025,2,Y,58264976.4683836,,fixed_income,Y,high,"bond, fof=Y"
S000081764,Brookstone Opportunities ETF,Northern Lights Fund Trust IV,,BAMO,2024,2025,2,Y,37056046.35808216,,allocation_fof,Y,medium,"Brookstone model portfolio, fof=Y"
S000081765,Brookstone Ultra-Short Bond ETF,Northern Lights Fund Trust IV,,BAMU,2024,2025,2,Y,66285147.67975346,,fixed_income,Y,high,"ultra-short bond, fof=Y"
S000081766,Brookstone Value Stock ETF,Northern Lights Fund Trust IV,,BAMV,2024,2025,2,,83825083.38791784,,equity_longonly,Y,high,value stocks
S000081767,Brookstone Yield ETF,Northern Lights Fund Trust IV,,BAMY,2024,2025,2,Y,35759253.27361643,,allocation_fof,Y,low,"generic yield sleeve, fof=Y"
S000081780,Dimensional US Core Equity 1 ETF,Dimensional ETF Trust,,DCOR,2023,2025,3,,1592123904.38,,equity_longonly,Y,high,Dimensional core equity
S000081781,Dimensional World Equity ETF,Dimensional ETF Trust,,DFGE,2023,2025,3,Y,701145773.64,,allocation_fof,Y,medium,"Dimensional world equity, FoF Y"
S000081782,Dimensional Global Core Plus Fixed Income ETF,Dimensional ETF Trust,,DFGP,2024,2025,2,,1464457144.9,,fixed_income,Y,high,global core plus
S000081783,Dimensional Global ex US Core Fixed Income ETF,Dimensional ETF Trust,,DFGX,2024,2025,2,,857510456.4,,fixed_income,Y,high,global ex-US fixed income
S000081784,Dimensional Global Credit ETF,Dimensional ETF Trust,,DGCB,2024,2025,2,,584914556.64,,fixed_income,Y,high,Dimensional; global credit
S000081785,Dimensional Ultrashort Fixed Income ETF,Dimensional ETF Trust,,DUSB,2023,2025,3,,1178272845.21,,fixed_income,Y,high,Dimensional; ultrashort
S000081790,FT Vest U.S. Equity Buffer & Premium Income ETF - September,First Trust Exchange-Traded Fund VIII,,XISE,2024,2025,2,,69626135.72,,equity_options,Y,high,FT Vest buffer & premium income
S000081800,TBG Dividend Focus ETF,EA Series Trust,,TBG,2024,2024,1,,54053755.112,,equity_longonly,Y,high,dividend equity
S000081802,Fidelity Enhanced International ETF,Fidelity Covington Trust,,FENI,2024,2025,2,,1982995077,,equity_longonly,N,medium,Fidelity Enhanced active equity
S000081803,Fidelity Enhanced Mid Cap ETF,Fidelity Covington Trust,,FMDE,2024,2025,2,,2222268326,,equity_longonly,N,medium,Fidelity Enhanced family per rubric
S000081804,Fidelity Enhanced Large Cap Core ETF,Fidelity Covington Trust,,FELC,2024,2025,2,,3968622884,,equity_longonly,N,medium,Fidelity Enhanced active equity
S000081805,Fidelity Enhanced Large Cap Growth ETF,Fidelity Covington Trust,,FELG,2024,2025,2,,3060386782,,equity_longonly,N,medium,Fidelity Enhanced active equity
S000081806,Fidelity Enhanced Large Cap Value ETF,Fidelity Covington Trust,,FELV,2024,2025,2,,2062615128,,equity_longonly,N,medium,Fidelity Enhanced active equity
S000081807,Fidelity Enhanced Small Cap ETF,Fidelity Covington Trust,,FESM,2024,2025,2,,1376932293,,equity_longonly,N,medium,Fidelity Enhanced active equity
S000081814,Tuttle Capital Daily 2X Inverse Regional Banks ETF,ETF Opportunities Trust,,SKRE,2024,2025,2,,4254122.14,,leveraged_inverse,Y,high,daily 2X inverse
S000081816,JPMorgan Hedged Equity Laddered Overlay ETF,J.P. Morgan Exchange-Traded Fund Trust,,HELO,2023,2025,3,,2853507411.76,,equity_options,Y,high,JPM laddered options overlay
S000081828,JPMorgan Active Bond ETF,J.P. Morgan Exchange-Traded Fund Trust,,JBND,2024,2026,3,,150434893.16,,fixed_income,Y,high,active bond
S000081846,GGM Macro Alignment ETF,Northern Lights Fund Trust II,,GGM,2024,2025,2,Y,20459409.2404932,,allocation_fof,Y,medium,macro allocation; FoF flag
S000081862,Matthews Emerging Markets Sustainable Future Active ETF,Matthews International Funds,,EMSF,2023,2025,3,,27897893.07,,equity_longonly,Y,high,Matthews; EM equity
S000081863,Matthews Pacific Tiger Active ETF,Matthews International Funds,,ASIA,2023,2025,3,,46236899.97,,equity_longonly,Y,high,Matthews Asia equity
S000081864,Matthews India Active ETF,Matthews International Funds,,INDE,2023,2025,3,,12179741.07,,equity_longonly,Y,high,Matthews country equity
S000081865,Matthews Japan Active ETF,Matthews International Funds,,JPAN,2023,2025,3,,4778766.31,,equity_longonly,Y,high,Matthews country equity
S000081866,Matthews Asia Dividend Active ETF,Matthews International Funds,,ADVE,2023,2025,3,,3892326.37,,equity_longonly,Y,high,Matthews Asia dividend equity
S000081958,Zacks Small/Mid Cap ETF,Zacks Trust,,SMIZ,2023,2025,3,,126043721.84906861,,equity_longonly,Y,high,Zacks small/mid equity
S000081978,Goldman Sachs Small Cap Equity ETF,Goldman Sachs ETF Trust,,GSC,2024,2025,2,,131867883,,equity_longonly,Y,high,GS small cap equity
S000081984,Innovator Premium Income 9 Buffer ETF - October,Innovator ETFs Trust,,HOCT,2023,2024,2,,13109757.6599454,,equity_options,Y,high,Innovator premium income buffer
S000081985,Innovator Premium Income 15 Buffer ETF - October,Innovator ETFs Trust,,LOCT,2023,2025,3,,16501165.9101096,,equity_options,Y,high,Innovator buffer/defined outcome
S000081986,Innovator U.S. Equity 5 to 15 Buffer ETF - Quarterly,Innovator ETFs Trust,,EALT,2023,2025,3,,124224707.581507,,equity_options,Y,high,Innovator; buffer
S000081987,Innovator U.S. Equity 10 Buffer ETF - Quarterly,Innovator ETFs Trust,,ZALT,2023,2025,3,,444454317.272164,,equity_options,Y,high,Innovator 10 buffer quarterly
S000082009,ALPS Smith Core Plus Bond ETF,ALPS ETF Trust,,SMTH,2024,2025,2,,1780827122,,fixed_income,Y,high,core plus bond
S000082141,John Hancock Dynamic Municipal Bond ETF ,John Hancock Exchange-Traded Fund Trust,,JHMU,2024,2026,3,,33566197,,fixed_income,Y,high,municipal
S000082197,iShares LifePath Retirement ETF,iShares Trust,,IRTR,2024,2025,2,Y,12456821.48,,allocation_fof,Y,high,"LifePath target date, fof=Y"
S000082198,iShares LifePath Target Date 2065 ETF,iShares Trust,,ITDI,2024,2025,2,Y,8234230.37,,allocation_fof,Y,high,"target date, fof=Y"
S000082199,iShares LifePath Target Date 2025 ETF,iShares Trust,,ITDA,2024,2024,1,Y,2887594,,allocation_fof,Y,high,"target date, fof=Y"
S000082200,iShares LifePath Target Date 2030 ETF,iShares Trust,,ITDB,2024,2025,2,Y,17972897.21,,allocation_fof,Y,high,"target date, fof=Y"
S000082201,iShares LifePath Target Date 2035 ETF,iShares Trust,,ITDC,2024,2025,2,Y,25821723.36,,allocation_fof,Y,high,"target date, fof=Y"
S000082202,iShares LifePath Target Date 2040 ETF,iShares Trust,,ITDD,2024,2025,2,Y,24371642.14,,allocation_fof,Y,high,"target date, fof=Y"
S000082203,iShares LifePath Target Date 2045 ETF,iShares Trust,,ITDE,2024,2025,2,Y,22467032.84,,allocation_fof,Y,high,"target date, fof=Y"
S000082204,iShares LifePath Target Date 2050 ETF,iShares Trust,,ITDF,2024,2025,2,Y,21714596.43,,allocation_fof,Y,high,"target date, fof=Y"
S000082205,iShares LifePath Target Date 2055 ETF,iShares Trust,,ITDG,2024,2025,2,Y,14544528.52,,allocation_fof,Y,high,"target date, fof=Y"
S000082206,iShares LifePath Target Date 2060 ETF,iShares Trust,,ITDH,2024,2025,2,Y,9465486.92,,allocation_fof,Y,high,"target date, fof=Y"
S000082235,YieldMax AI Option Income Strategy ETF,Tidal Trust II,,AIYY,2024,2025,2,,87307563.21,,equity_options,Y,high,YieldMax option income
S000082242,YieldMax SNOW Option Income Strategy ETF,Tidal Trust II,,SNOY,2024,2025,2,,61881192.249,,equity_options,Y,high,YieldMax single-stock option income
S000082246,Eaton Vance High Yield ETF,Morgan Stanley ETF Trust,,EVHY,2024,2024,1,,20910969.34,,fixed_income,Y,high,Eaton Vance; high yield
S000082247,Eaton Vance Intermediate Municipal Income ETF,Morgan Stanley ETF Trust,,EVM,2024,2024,1,,21195650.76,,fixed_income,Y,high,Eaton Vance; municipal
S000082248,Eaton Vance Ultra-Short Income ETF,Morgan Stanley ETF Trust,,EVSB,2024,2024,1,,32950352.26,,fixed_income,Y,high,Eaton Vance; ultra-short
S000082250,Parametric Hedged Equity ETF,Morgan Stanley ETF Trust,,PHEQ,2024,2024,1,,29547241.93,,equity_options,Y,medium,Parametric hedged equity = index option collar
S000082252,Parametric Equity Premium Income ETF,Morgan Stanley ETF Trust,,PAPI,2024,2024,1,,36387844.25,,equity_options,Y,high,equity premium income
S000082262,Nomura Global Listed Infrastructure ETF,Nomura ETF Trust,,BILD,2024,2026,3,,6302596.30999999,,equity_longonly,Y,high,infrastructure equity
S000082263,Nomura Energy Transition ETF,Nomura ETF Trust,,PWER,2024,2026,3,,7963729.96,,equity_longonly,Y,high,energy transition thematic equity
S000082264,Nomura Tax-Free USA Short Term ETF,Nomura ETF Trust,,STAX,2024,2026,3,,5658245.49,,fixed_income,Y,high,tax-free short term
S000082273,Amplify U.S. Alternative Harvest ETF,Amplify ETF Trust,,MJUS,2024,2024,1,,120003919,,equity_longonly,Y,medium,cannabis equities via swaps
S000082286,FT Vest U.S. Equity Enhance & Moderate Buffer ETF - April,First Trust Exchange-Traded Fund VIII,,XAPR,2024,2025,2,,33889351.51,,equity_options,Y,high,FT Vest enhance and buffer
S000082287,FT Vest U.S. Equity Enhance & Moderate Buffer ETF - February,First Trust Exchange-Traded Fund VIII,,XFEB,2024,2025,2,,40021323.58,,equity_options,Y,high,FT Vest enhance & moderate buffer
S000082288,FT Vest U.S. Equity Enhance & Moderate Buffer ETF - January,First Trust Exchange-Traded Fund VIII,,XJAN,2024,2025,2,,47852247.23,,equity_options,Y,high,FT Vest enhance & moderate buffer
S000082289,FT Vest U.S. Equity Enhance & Moderate Buffer ETF - May,First Trust Exchange-Traded Fund VIII,,XMAY,2024,2025,2,,23934317.48,,equity_options,Y,high,FT Vest enhance & moderate buffer
S000082290,FT Vest U.S. Equity Enhance & Moderate Buffer ETF - November,First Trust Exchange-Traded Fund VIII,,XNOV,2024,2025,2,,23010793.05,,equity_options,Y,high,FT Vest enhance & moderate buffer
S000082291,FT Vest U.S. Equity Enhance & Moderate Buffer ETF - October,First Trust Exchange-Traded Fund VIII,,XOCT,2024,2025,2,,77999436.77,,equity_options,Y,high,FT Vest enhance & moderate buffer
S000082296,Gotham Short Strategies ETF,Tidal Trust I,,SHRT,2024,2025,2,,12097848.49,,equity_longshort,Y,medium,Gotham short strategies
S000082310,Innovator Premium Income 10 Barrier ETF - October,Innovator ETFs Trust,,OCTD,2023,2024,2,,4743165.73508197,,equity_options,Y,high,Innovator premium income barrier
S000082311,Innovator Premium Income 20 Barrier ETF - October,Innovator ETFs Trust,,OCTH,2023,2025,3,,19375379.4188493,,equity_options,Y,high,Innovator premium income barrier
S000082312,Innovator Premium Income 30 Barrier ETF - October,Innovator ETFs Trust,,OCTJ,2023,2025,3,,21059081.383863,,equity_options,Y,high,Innovator premium income barrier
S000082313,Innovator Premium Income 40 Barrier ETF - October,Innovator ETFs Trust,,OCTQ,2023,2024,2,,11763614.4965574,,equity_options,Y,high,Innovator premium income barrier
S000082317,iShares Large Cap Core Active ETF,BlackRock ETF Trust,,BLCR,2024,2025,2,,7892135.12153846,,equity_longonly,Y,high,iShares large cap core active
S000082325,2x Ether ETF,VOLATILITY SHARES TRUST,,ETHU,2025,2026,2,,1497572404.947,,leveraged_inverse,Y,high,2x ether daily
S000082334,Brendan Wood TopGun ETF,ETF Opportunities Trust,,BWTG,2024,2025,2,,12791485.64,,equity_longonly,Y,high,active stock selection
S000082342,John Hancock Fundamental All Cap Core ETF,John Hancock Exchange-Traded Fund Trust,,JHAC,2024,2026,3,,3978059,,equity_longonly,Y,high,all cap core equity
S000082346,Neuberger Berman Option Strategy ETF,Neuberger Berman ETF Trust,,NBOS,2024,2025,2,,454130099.65923076,,equity_options,Y,high,NB option strategy
S000082352,ProShares Bitcoin & Ether Market Cap Weight ETF,ProShares Trust,,BETH,2024,2025,2,,10928706.22,,crypto_digital,Y,high,bitcoin/ether futures
S000082361,Bitwise Trendwise BTC/ETH and Treasuries Rotation Strategy ETF,Bitwise Funds Trust,,BTOP,2023,2025,3,,4953689,,crypto_digital,Y,medium,BTC/ETH vs treasuries rotation
S000082365,ProShares Bitcoin & Ether Equal Weight ETF,ProShares Trust,,BETE,2024,2025,2,,7513446.05999999,,crypto_digital,Y,high,bitcoin/ether futures
S000082566,AB Conservative Buffer ETF,"AB Active ETFs, Inc.",,BUFC,2024,2025,2,,857187017.40923076,,equity_options,Y,high,AB buffer series
S000082567,AB Core Plus Bond ETF,"AB Active ETFs, Inc.",,CPLS,2024,2025,2,,141403911.85846153,,fixed_income,Y,high,core plus bond
S000082568,AB Corporate Bond ETF,"AB Active ETFs, Inc.",,EYEG,2024,2025,2,,26304705.40923076,,fixed_income,Y,high,AB; corporate bond
S000082569,AB Tax-Aware Intermediate Municipal ETF,"AB Active ETFs, Inc.",,TAFM,2024,2025,2,,260642333.21230769,,fixed_income,Y,high,municipal
S000082570,AB Tax-Aware Long Municipal ETF,"AB Active ETFs, Inc.",,TAFL,2024,2025,2,,32302665.91230769,,fixed_income,Y,high,municipal
S000082648,The Brinsmere Fund - Growth ETF,ETF Series Solutions,,TBFG,2024,2024,1,,275516805.988,,allocation_fof,Y,medium,Brinsmere multi-asset ETF fof
S000082649,The Brinsmere Fund - Conservative ETF,ETF Series Solutions,,TBFC,2024,2024,1,,283152822.042,,allocation_fof,Y,medium,Brinsmere multi-asset ETF fof
S000082787,First Trust Core Investment Grade ETF,First Trust Exchange-Traded Fund IV,,FTCB,2024,2025,2,,532941074.06,,fixed_income,Y,high,First Trust; IG core
S000082790,Mast Global Battery Recycling & Production ETF,NEOS ETF Trust,,EV,2024,2024,1,,5864773,,equity_longonly,Y,high,battery thematic equity
S000082798,ARK 21 Shares Active Bitcoin Futures Strategy ETF ,EA Series Trust,,ARKA,2024,2024,1,,12912224.8,,crypto_digital,Y,high,bitcoin futures
S000082799,ARK 21Shares Active On-Chain Bitcoin Strategy ETF,EA Series Trust,,ARKC,2024,2024,1,Y,1987908.97,,crypto_digital,Y,high,"on-chain bitcoin strategy, fof=Y"
S000082800,ARK 21Shares Blockchain and Digital Economy Innovation ETF,EA Series Trust,,ARKD,2024,2024,1,Y,2991863.17,,crypto_digital,Y,medium,"blockchain/digital economy, fof=Y"
S000082804,Virtus Newfleet Short Duration Core Plus Bond ETF,Virtus ETF Trust II,,SDCP,2024,2025,2,,10994042,,fixed_income,Y,high,short duration core plus
S000082806,FT Vest U.S. Small Cap Moderate Buffer ETF - November,First Trust Exchange-Traded Fund VIII,,SNOV,2024,2025,2,,85150363.07,,equity_options,Y,high,FT Vest buffer
S000082812,FundX Flexible ETF,FundX Investment Trust,,XFLX,2024,2024,1,Y,60300014,,allocation_fof,Y,high,FundX; fund_of_funds flag
S000082813,FundX Conservative ETF,FundX Investment Trust,,XRLX,2024,2024,1,Y,56773036,,allocation_fof,Y,high,FundX; fund_of_funds flag
S000082825,Avantis Emerging Markets Small Cap Equity ETF,AMERICAN CENTURY ETF TRUST,,AVEE,2024,2024,1,,12053885.1854545,,equity_longonly,Y,high,Avantis systematic equity
S000082826,Avantis U.S. Mid Cap Equity ETF,AMERICAN CENTURY ETF TRUST,,AVMC,2024,2024,1,,29705335.2690909,,equity_longonly,Y,high,Avantis systematic equity
S000082827,Avantis U.S. Mid Cap Value ETF,AMERICAN CENTURY ETF TRUST,,AVMV,2024,2024,1,,22380502.6745455,,equity_longonly,Y,high,Avantis systematic equity
S000082843,Sequoia Global Value ETF,EA Series Trust,,SFGV,2024,2025,2,Y,980960076.41,,equity_longonly,Y,medium,global value equity; fof flag looks incidental
S000082853,Unlimited HFEQ Equity Long/Short ETF,Tidal Trust I,,HFEQ,2025,2025,1,,4554906.89,,equity_longshort,Y,high,Unlimited; equity long/short replication
S000082856,Unlimited HFGM Global Macro ETF,Tidal Trust I,,HFGM,2025,2025,1,,16754485.69,,commodity_futures,Y,high,Unlimited; global macro replication
S000082857,Unlimited HFMF Managed Futures ETF,Tidal Trust I,,HFMF,2025,2025,1,,1693103.85,,commodity_futures,Y,high,Unlimited; managed futures replication
S000082864,IDX Dynamic Fixed Income ETF,ETF Opportunities Trust,,DYFI,2024,2025,2,Y,37636573.67,,allocation_fof,Y,medium,FoF flag; tactical bond ETF-of-ETFs
S000082865,IDX Dynamic Innovation ETF,ETF Opportunities Trust,,DYNI,2024,2024,1,Y,29891598.15,,allocation_fof,Y,medium,FoF flag; innovation ETF sleeve
S000082880,SP Funds S&P Global Technology ETF,SP Funds Trust,,SPTE,2024,2025,2,,55134485,,equity_longonly,Y,high,global technology equity
S000082910,Langar Global HealthTech ETF,Spinnaker ETF Series,,LGHT,2024,2025,2,,3570988.77,,equity_longonly,Y,high,thematic healthtech equity
S000082930,Janus Henderson Securitized Income ETF,Janus Detroit Street Trust,,JSI,2024,2025,2,,799260811.09,,fixed_income,Y,high,securitized
S000082960,Honeytree U.S. Equity ETF,EA Series Trust,,BEEZ,2024,2024,1,,4787601.65,,equity_longonly,Y,high,US equity
S000082966,Simplify MBS ETF,Simplify Exchange Traded Funds,,MTBA,2024,2025,2,,1394502044,,fixed_income,Y,high,Simplify MBS
S000082967,Simplify US Equity PLUS QIS ETF,Simplify Exchange Traded Funds,,SPQ,2024,2024,1,,3237308,,equity_options,Y,low,Simplify PLUS QIS overlay; overlay type uncertain
S000082979,CornerCap Fundametrics Large-Cap ETF,Advisor Managed Portfolios,,FUNL,2024,2025,2,,198782817.61,,equity_longonly,Y,high,CornerCap quant large cap
S000082989,LG QRAFT AI-Powered U.S. Large Cap Core ETF,Exchange Listed Funds Trust,,LQAI,2024,2025,2,,4938531.59556164,,equity_longonly,Y,high,QRAFT AI large cap core
S000082992,GMO U.S. Quality ETF,2023 ETF Series Trust II,,QLTY,2024,2026,3,,1422845467.97153846,,equity_longonly,Y,high,GMO US quality equity
S000082999,Amplify Samsung SOFR ETF,Amplify ETF Trust,,SOFR,2024,2024,1,,155000401,,fixed_income,Y,high,SOFR cash-like
S000083010,ARK 21Shares Active Bitcoin Ethereum Strategy ETF,EA Series Trust,,ARKY,2024,2024,1,Y,3482816.61,,crypto_digital,Y,high,"bitcoin/ether strategy, fof=Y"
S000083011,ARK 21 Shares Active Ethereum Futures Strategy ETF,EA Series Trust,,ARKZ,2024,2024,1,,8631912.03,,crypto_digital,Y,high,ether futures
S000083012,Vert Global Sustainable Real Estate ETF,Manager Directed Portfolios,,VGSR,2024,2025,2,,412508608,,equity_longonly,Y,medium,global REIT equities
S000083023,SoFi Enhanced Yield ETF,Tidal ETF Trust,,THTA,2024,2026,3,,6060583.12,,equity_options,Y,medium,SoFi enhanced yield; index option income
S000083027,Counterpoint Quantitative Equity ETF,NORTHERN LIGHTS FUND TRUST III,,CPAI,2024,2025,2,,71880397.49,,equity_longonly,Y,high,quantitative equity
S000083030,Federated Hermes Total Return Bond ETF,Federated Hermes ETF Trust,,FTRB,2024,2025,2,Y,232714295.786923,,fixed_income,Y,medium,total return bond despite FoF flag
S000083044,FT Raymond James Multicap Growth Equity ETF,First Trust Exchange-Traded Fund VIII,,RJMG,2024,2025,2,,11157945.88,,equity_longonly,Y,high,multicap growth equity
S000083066,Alpha Blue Capital US Small-Mid Cap Dynamic ETF,EA Series Trust,,ABCS,2024,2025,2,Y,10538151.202,,equity_longonly,Y,medium,small-mid cap stocks; fof=Y flag
S000083073,iShares Total Return Active ETF,BlackRock ETF Trust II,,BRTR,2024,2025,2,,160402309.47307692,,fixed_income,Y,medium,iShares total return = core bond
S000083082,Hilton Small-MidCap Opportunity ETF,Tidal Trust II,,SMCO,2024,2025,2,,108166741.676,,equity_longonly,Y,high,small-mid cap equity
S000083083,Miller Value Partners Leverage ETF,Advisor Managed Portfolios,,MVPL,2024,2024,1,,5901043.728,,equity_longonly,Y,low,Miller Value levered long equity; not a daily-reset leveraged product
S000083084,Miller Value Partners Appreciation ETF,Advisor Managed Portfolios,,MVPA,2024,2024,1,,50399066.497,,equity_longonly,Y,high,Miller Value appreciation equity
S000083143,Natixis Gateway Quality Income ETF,Natixis ETF Trust,,GQI,2023,2025,3,,159922374.68153846,,equity_options,Y,high,Gateway quality income; index call writing
S000083148,Calamos CEF Income & Arbitrage ETF,Calamos ETF Trust,,CCEF,2024,2025,2,Y,16509760.52,,allocation_fof,Y,high,"closed-end fund of funds, FoF Y"
S000083155,Infrastructure Capital Small Cap Income ETF,Series Portfolios Trust,,SCAP,2024,2025,2,,14149041,,equity_options,Y,medium,InfraCap small-cap income with options
S000083165,FT Vest U.S. Equity Buffer & Premium Income ETF - December,First Trust Exchange-Traded Fund VIII,,XIDE,2024,2025,2,,21911428.45,,equity_options,Y,high,FT Vest buffer & premium income
S000083184,CastleArk Large Growth ETF,Advisors' Inner Circle Fund II,,CARK,2024,2025,2,,333425590,,equity_longonly,Y,high,large growth equity
S000083197,VANGUARD CORE BOND ETF,VANGUARD MALVERN FUNDS,,VCRB,2024,2025,2,,2520080593.8625,,fixed_income,Y,high,core bond
S000083198,VANGUARD CORE-PLUS BOND ETF,VANGUARD MALVERN FUNDS,,VPLS,2024,2025,2,,505215406.325,,fixed_income,Y,high,core plus bond
S000083238,iShares International Dividend Active ETF,BlackRock ETF Trust,,BIDD,2025,2025,1,,731437171.65833333,,equity_longonly,Y,high,international dividend equity
S000083268,PGIM S&P 500 Buffer 20 ETF - December,PGIM Rock ETF Trust,,PBDE,2024,2025,2,,18842648,,equity_options,Y,high,PGIM S&P 500 buffer
S000083269,PGIM S&P 500 Buffer 20 ETF - March,PGIM Rock ETF Trust,,PBMR,2024,2025,2,,11213305,,equity_options,Y,high,PGIM S&P 500 buffer
S000083270,PGIM S&P 500 Buffer 20 ETF - February,PGIM Rock ETF Trust,,PBFB,2024,2025,2,,11733485,,equity_options,Y,high,PGIM S&P 500 buffer
S000083271,PGIM S&P 500 Buffer 20 ETF - January,PGIM Rock ETF Trust,,PBJA,2024,2025,2,,33388481,,equity_options,Y,high,PGIM S&P 500 buffer
S000083272,PGIM S&P 500 Buffer 12 ETF - December,PGIM Rock ETF Trust,,DECP,2024,2025,2,,7272442,,equity_options,Y,high,PGIM buffer series
S000083273,PGIM S&P 500 Buffer 12 ETF - November,PGIM Rock ETF Trust,,NOVP,2024,2025,2,,5254757,,equity_options,Y,high,PGIM S&P 500 buffer
S000083274,PGIM S&P 500 Buffer 12 ETF - October,PGIM Rock ETF Trust,,OCTP,2024,2025,2,,10421583,,equity_options,Y,high,PGIM S&P 500 buffer
S000083275,PGIM S&P 500 Buffer 12 ETF - September,PGIM Rock ETF Trust,,SEPP,2024,2025,2,,7377393,,equity_options,Y,high,PGIM buffer
S000083276,PGIM S&P 500 Buffer 12 ETF - August,PGIM Rock ETF Trust,,AUGP,2024,2025,2,,7235753,,equity_options,Y,high,PGIM buffer
S000083277,PGIM S&P 500 Buffer 12 ETF - July,PGIM Rock ETF Trust,,JULP,2024,2025,2,,10268687,,equity_options,Y,high,PGIM buffer
S000083278,PGIM S&P 500 Buffer 12 ETF - June,PGIM Rock ETF Trust,,JUNP,2024,2025,2,,8981741,,equity_options,Y,high,PGIM buffer
S000083279,PGIM S&P 500 Buffer 20 ETF - November,PGIM Rock ETF Trust,,PBNV,2024,2025,2,,8441001,,equity_options,Y,high,PGIM S&P 500 buffer
S000083280,PGIM S&P 500 Buffer 12 ETF - May,PGIM Rock ETF Trust,,MAYP,2024,2025,2,,6608603,,equity_options,Y,high,PGIM S&P 500 buffer
S000083281,PGIM S&P 500 Buffer 12 ETF - April,PGIM Rock ETF Trust,,APRP,2024,2025,2,,8505285,,equity_options,Y,high,PGIM buffer
S000083282,PGIM S&P 500 Buffer 12 ETF - March,PGIM Rock ETF Trust,,MRCP,2024,2025,2,,8011139,,equity_options,Y,high,PGIM S&P 500 buffer
S000083283,PGIM S&P 500 Buffer 12 ETF - February,PGIM Rock ETF Trust,,FEBP,2024,2025,2,,7529220,,equity_options,Y,high,PGIM; buffer
S000083284,PGIM S&P 500 Buffer 12 ETF - January,PGIM Rock ETF Trust,,JANP,2024,2025,2,,7921007,,equity_options,Y,high,PGIM buffer
S000083285,PGIM S&P 500 Buffer 20 ETF - October,PGIM Rock ETF Trust,,PBOC,2024,2025,2,,8790966,,equity_options,Y,high,PGIM S&P 500 buffer
S000083286,PGIM S&P 500 Buffer 20 ETF - September,PGIM Rock ETF Trust,,PBSE,2024,2025,2,,9932527,,equity_options,Y,high,PGIM S&P 500 buffer
S000083287,PGIM S&P 500 Buffer 20 ETF - August,PGIM Rock ETF Trust,,PBAU,2024,2025,2,,8516833,,equity_options,Y,high,PGIM S&P 500 buffer
S000083288,PGIM S&P 500 Buffer 20 ETF - July,PGIM Rock ETF Trust,,PBJL,2024,2025,2,,14858452,,equity_options,Y,high,PGIM S&P 500 buffer
S000083289,PGIM S&P 500 Buffer 20 ETF - June,PGIM Rock ETF Trust,,PBJN,2024,2025,2,,12461408,,equity_options,Y,high,PGIM S&P 500 buffer
S000083290,PGIM S&P 500 Buffer 20 ETF - May,PGIM Rock ETF Trust,,PBMY,2024,2025,2,,9474564,,equity_options,Y,high,PGIM S&P 500 buffer
S000083291,PGIM S&P 500 Buffer 20 ETF - April,PGIM Rock ETF Trust,,PBAP,2024,2025,2,,15066835,,equity_options,Y,high,PGIM S&P 500 buffer
S000083302,The Nightview Fund,Capitol Series Trust,,NITE,2025,2026,2,,27033139.5723836,,equity_longonly,Y,medium,Nightview concentrated equity
S000083331,PGIM Jennison Better Future ETF,PGIM ETF Trust,,PJBF,2024,2025,2,,16633618,,equity_longonly,Y,high,Jennison thematic growth equity
S000083332,PGIM Jennison International Opportunities ETF,PGIM ETF Trust,,PJIO,2024,2025,2,,15488825,,equity_longonly,Y,high,Jennison international equity
S000083333,PGIM Jennison Focused Mid-Cap ETF,PGIM ETF Trust,,PJFM,2024,2025,2,,13837002,,equity_longonly,Y,high,Jennison focused mid-cap
S000083334,PGIM Short Duration High Yield ETF,PGIM ETF Trust,,PSH,2024,2025,2,,50541298,,fixed_income,Y,high,short duration high yield
S000083335,PlanRock Alternative Growth Fund,NORTHERN LIGHTS FUND TRUST III,,PRAE,2024,2025,2,Y,8776419.49,,allocation_fof,Y,high,N-CEN fund_of_funds=Y; alternative allocation
S000083338,PlanRock Market Neutral Income ETF,NORTHERN LIGHTS FUND TRUST III,,PRMN,2024,2024,1,Y,2275965.2,,equity_longshort,Y,medium,market-neutral income; N-CEN fund_of_funds=Y
S000083345,FT Vest U.S. Small Cap Moderate Buffer ETF - February,First Trust Exchange-Traded Fund VIII,,SFEB,2024,2025,2,,71298958.05,,equity_options,Y,high,FT Vest buffer
S000083349,John Hancock Disciplined Value International Select ETF,John Hancock Exchange-Traded Fund Trust,,JDVI,2024,2026,3,,45442180,,equity_longonly,Y,high,JH disciplined value equity
S000083413,Eaton Vance Total Return Bond Fund,Morgan Stanley ETF Trust,,EVTR,2024,2024,1,,436408076.30000001,,fixed_income,Y,high,Eaton Vance; total return bond
S000083416,Eaton Vance Short Duration Municipal Income ETF,Morgan Stanley ETF Trust,,EVSM,2024,2024,1,,128032645.75,,fixed_income,Y,high,Eaton Vance; short duration muni
S000083425,Avantis Emerging Markets ex-China Equity ETF,AMERICAN CENTURY ETF TRUST,,AVXC,2024,2024,1,,10766923.56,,equity_longonly,Y,high,Avantis systematic equity
S000083429,Swan Enhanced Dividend Income ETF,Northern Lights Fund Trust III,,SCLZ,2024,2025,2,,7517168.42,,equity_options,Y,medium,Swan enhanced dividend income options
S000083434,Polen Capital China Growth ETF,LITMAN GREGORY FUNDS TRUST,,PCCE,2024,2025,2,,1578839.83,,equity_longonly,Y,high,Polen China growth equity
S000083435,Polen Capital Emerging Markets ex-China Growth ETF,LITMAN GREGORY FUNDS TRUST,,PCEM,2024,2025,2,,2635784.67923076,,equity_longonly,Y,high,Polen EM ex-China growth equity
S000083437,Polen Capital International Growth ETF,LITMAN GREGORY FUNDS TRUST,,PCIG,2024,2025,2,,27179397.57307692,,equity_longonly,Y,high,Polen international growth equity
S000083459,Bancreek US Large Cap ETF,Exchange Listed Funds Trust,,BCUS,2024,2025,2,,90333425.8328768,,equity_longonly,Y,high,Bancreek US large cap
S000083476,Calamos Nasdaq Equity & Income ETF,Calamos ETF Trust,,CANQ,2024,2025,2,,6834780.53,,equity_options,Y,medium,"Calamos equity & income, option overlay"
S000083494,Cambria Micro and SmallCap Shareholder Yield ETF,Cambria ETF Trust,,MYLD,2024,2025,2,,28294871,,equity_longonly,Y,high,Cambria shareholder yield equity
S000083495,Cambria Tactical Yield ETF,Cambria ETF Trust,,TYLD,2024,2025,2,,20838315,,fixed_income,Y,medium,Cambria tactical yield; treasuries/bonds
S000083496,SP Funds S&P World (ex-US) ETF,SP Funds Trust,,SPWO,2024,2025,2,,50546466,,equity_longonly,Y,high,world ex-US equity
S000083544,Innovator Equity Defined Protection ETF - 2 Yr to January 2028,Innovator ETFs Trust,,AJAN,2024,2025,2,,50381615.3834521,,equity_options,Y,high,Innovator defined protection
S000083545,Innovator Premium Income 10 Barrier ETF - January,Innovator ETFs Trust,,JAND,2024,2024,1,,4537103.19802632,,equity_options,Y,high,Innovator premium income barrier
S000083546,Innovator Premium Income 20 Barrier ETF - January,Innovator ETFs Trust,,JANH,2024,2025,2,,11421481.7393699,,equity_options,Y,high,Innovator premium income barrier
S000083547,Innovator Premium Income 30 Barrier ETF - January,Innovator ETFs Trust,,JANJ,2024,2025,2,,18698841.8667123,,equity_options,Y,high,Innovator premium income barrier
S000083548,Innovator Premium Income 40 Barrier ETF - January,Innovator ETFs Trust,,JANQ,2024,2024,1,,8631852.20848684,,equity_options,Y,high,Innovator premium income barrier
S000083549,Innovator Premium Income 9 Buffer ETF - January,Innovator ETFs Trust,,HJAN,2024,2024,1,,8975569.07263158,,equity_options,Y,high,Innovator premium income buffer
S000083550,Innovator Premium Income 15 Buffer ETF - January,Innovator ETFs Trust,,LJAN,2024,2025,2,,11835002.4261644,,equity_options,Y,high,Innovator buffer/defined outcome
S000083575,AXS Knowledge Leaders ETF,INVESTMENT MANAGERS SERIES TRUST II,,KNO,2025,2026,2,,41220733,,equity_longonly,Y,high,Knowledge Leaders equity
S000083675,T-REX 2X Long Alphabet Daily Target ETF,ETF Opportunities Trust,,GOOX,2024,2025,2,,22513752.26,,leveraged_inverse,Y,high,T-REX 2x single-stock daily
S000083676,T-REX 2X Long Apple Daily Target ETF,ETF Opportunities Trust,,AAPX,2024,2025,2,,10907973.35,,leveraged_inverse,Y,high,T-REX 2X daily
S000083677,T-REX 2X Long Microsoft Daily Target ETF,ETF Opportunities Trust,,MSFX,2024,2025,2,,10510475.13,,leveraged_inverse,Y,high,T-REX 2X long single stock
S000083695,YieldMax Magnificent 7 Fund of Option Income ETFs,Tidal Trust II,,YMAG,2024,2025,2,Y,336928653.058,,allocation_fof,Y,high,fund of YieldMax option-income ETFs; fof flag
S000083696,YieldMax Universe Fund of Option Income ETFs,Tidal Trust II,,YMAX,2024,2025,2,Y,805393713.943,,allocation_fof,Y,high,fund of YieldMax option-income ETFs; fof flag
S000083700,DoubleLine Commodity Strategy ETF ,DoubleLine ETF Trust,,DCMT,2024,2025,2,,21408998.01,,commodity_futures,Y,high,commodity strategy
S000083794,AllianzIM U.S. Equity 6 Month Buffer10 Feb/Aug ETF,AIM ETF Products Trust,,SIXF,2024,2025,2,,41681133.52,,equity_options,Y,high,AllianzIM buffer
S000083795,AllianzIM U.S. Equity 6 Month Buffer10 Mar/Sep ETF,AIM ETF Products Trust,,SIXP,2024,2025,2,,89161882.25,,equity_options,Y,high,AllianzIM buffer
S000083796,AllianzIM U.S. Equity 6 Month Buffer10 May/Nov ETF,AIM ETF Products Trust,,SIXZ,2024,2025,2,,18357684.19999999,,equity_options,Y,high,AllianzIM buffer
S000083797,AllianzIM U.S. Equity 6 Month Buffer10 Jun/Dec ETF,AIM ETF Products Trust,,SIXD,2024,2025,2,,78019824.54,,equity_options,Y,high,AllianzIM buffer
S000083800,AllianzIM U.S. Equity 6 Month Floor5 Jan/Jul ETF,AIM ETF Products Trust,,FLJJ,2024,2025,2,,17677167.67,,equity_options,Y,high,AllianzIM; floor
S000083801,AllianzIM U.S. Equity 6 Month Floor5 Apr/Oct ETF,AIM ETF Products Trust,,FLAO,2024,2025,2,,14830178.13,,equity_options,Y,high,AllianzIM; floor
S000083807,Roundhill Bitcoin Covered Call Strategy ETF,Roundhill ETF Trust,,YBTC,2024,2025,2,,218249838.878,,crypto_digital,Y,high,bitcoin covered call
S000083809,Roundhill S&P 500 0DTE Covered Call Strategy ETF,Roundhill ETF Trust,,XDTE,2024,2025,2,,388084087.978,,equity_options,Y,high,Roundhill 0DTE covered call
S000083811,Roundhill Innovation-100 0DTE Covered Call Strategy ETF,Roundhill ETF Trust,,QDTE,2024,2025,2,,815216801.331,,equity_options,Y,high,0DTE covered call
S000083812,Angel Oak High Yield Opportunities ETF,Angel Oak Funds Trust,,AOHY,2025,2026,2,,120974785,,fixed_income,Y,high,high yield
S000083813,Angel Oak Mortgage-Backed Securities ETF,Angel Oak Funds Trust,,MBS,2025,2026,2,,163660865,,fixed_income,Y,high,Angel Oak MBS
S000083823,FT Energy Income Partners Enhanced Income ETF,First Trust Exchange-Traded Fund VIII,,EIPI,2024,2025,2,,930019652.57,,equity_options,Y,medium,energy equity + covered calls
S000083827,Eaton Vance Floating-Rate ETF,Morgan Stanley ETF Trust,,EVLN,2024,2024,1,,643127375.69000006,,fixed_income,Y,high,Eaton Vance; floating rate loans
S000083828,Matthews Emerging Markets Discovery Active ETF,Matthews International Funds,,MEMS,2024,2025,2,,17954224.8,,equity_longonly,Y,high,Matthews active equity
S000083829,Matthews China Discovery Active ETF,Matthews International Funds,,MCHS,2024,2025,2,,2379614.56,,equity_longonly,Y,high,Matthews active equity
S000083833,KraneShares 90% KWEB Defined Outcome January 2027 ETF,Krane Shares Trust,,KBUF,2024,2026,3,Y,3795603.52471232,,equity_options,Y,high,defined outcome on KWEB
S000083834,KraneShares 100% KWEB Defined Outcome January 2027 ETF,Krane Shares Trust,,KPRO,2024,2026,3,Y,2901009.87216437,,equity_options,Y,high,defined outcome on KWEB
S000083864,AB Short Duration High Yield ETF,"AB Active ETFs, Inc.",,SYFI,2024,2025,2,,796864543.10384615,,fixed_income,Y,high,short duration high yield
S000083865,AB Short Duration Income ETF,"AB Active ETFs, Inc.",,SDFI,2024,2025,2,,117313191.96846153,,fixed_income,Y,high,short duration income
S000083869,Xtrackers RREEF Global Natural Resources ETF,DBX ETF Trust,,NRES,2024,2025,2,,28498974,,equity_longonly,Y,medium,RREEF natural resource EQUITIES
S000083870,AB International Low Volatility Equity ETF,"AB Active ETFs, Inc.",,ILOW,2024,2025,2,,1182053211.41461538,,equity_longonly,Y,high,low-vol intl equity
S000083872,FPA Global Equity ETF,Investment Managers Series Trust III,,FPAG,2024,2024,1,,96191554.3558333,,equity_longonly,Y,high,FPA global equity
S000083890,TappAlpha Innovation 100 Growth & Daily Income ETF,ETF Opportunities Trust,,TDAQ,2025,2025,1,Y,29389949,,equity_options,Y,high,TappAlpha daily 0DTE income on Nasdaq-100
S000083891,TappAlpha SPY Growth & Daily Income ETF,ETF Opportunities Trust,,TSPY,2024,2025,2,Y,61478520,,equity_options,Y,high,TappAlpha SPY 0DTE income
S000083896,American Beacon GLG Natural Resources ETF,AMERICAN BEACON SELECT FUNDS,,MGNR,2025,2026,2,,225862885.91615384,,equity_longonly,Y,medium,GLG natural resource EQUITIES
S000083903,NEOS Nasdaq-100(R) High Income ETF,NEOS ETF Trust,,QQQI,2024,2025,2,,732392887,,equity_options,Y,high,NEOS high income via options
S000083914,BondBloxx IR+M Tax-Aware Short Duration ETF,BondBloxx ETF Trust,,TAXX,2024,2025,2,,164669712.18000001,,fixed_income,Y,high,municipal
S000083954,Roundhill S&P 500 Target 20 Managed Distribution ETF,Roundhill ETF Trust,,XPAY,2024,2025,2,,38172207.114,,equity_options,Y,medium,Roundhill managed distribution via index options
S000083969,FT Vest Dow Jones Internet & Target Income ETF,First Trust Exchange-Traded Fund IV,,FDND,2024,2025,2,,5745327.31,,equity_options,Y,high,target income = call writing
S000083982,JPMorgan Active Developing Markets Equity ETF,J.P. Morgan Exchange-Traded Fund Trust,,JADE,2024,2025,2,,15510889.06,,equity_longonly,Y,high,JPM EM equity
S000083995,Virtus AlphaSimplex Managed Futures ETF,Virtus ETF Trust II,,ASMF,2024,2025,2,,14338507,,commodity_futures,Y,high,managed futures
S000084010,SGI Enhanced Core ETF,"RBB Fund, Inc.",,USDX,2024,2024,1,,82342654,,fixed_income,Y,high,short credit + option income; looked up
S000084011,SGI Enhanced Global Income ETF,"RBB Fund, Inc.",,GINX,2024,2024,1,,53050410,,equity_options,Y,medium,SGI 'Enhanced Income'; equity + option writing
S000084016,Fidelity Fundamental Large Cap Value ETF,FIDELITY COVINGTON TRUST,,FFLV,2024,2025,2,,7380856,,equity_longonly,N,medium,Fidelity Fundamental active equity
S000084018,Fidelity Low Duration Bond ETF,Fidelity Merrimack Street Trust,,FLDB,2024,2025,2,,375990012,,fixed_income,Y,high,Fidelity; low duration bond
S000084024,Keating Active ETF,EA Series Trust,,KEAT,2025,2026,2,Y,92708371.49,,allocation_fof,Y,medium,"fof=Y, active allocation"
S000084026,First Trust Commercial Mortgage Opportunities ETF,First Trust Exchange-Traded Fund IV,,CAAA,2024,2025,2,,14570615.05,,fixed_income,Y,high,commercial mortgage
S000084031,iShares U.S. Industry Rotation Active ETF,BlackRock ETF Trust,,INRO,2024,2025,2,,20124236.69307692,,equity_longonly,Y,medium,"industry rotation, stock portfolio"
S000084049,NEOS Nasdaq-100(R) Hedged Equity Income ETF,NEOS ETF Trust,,QQQH,2025,2025,1,,330419791,,equity_options,Y,high,NEOS hedged equity income via options
S000084068,NEOS Enhanced Income Credit Select ETF,NEOS ETF Trust,,HYBI,2025,2025,1,Y,137632426,,fixed_income,Y,medium,NEOS credit with option income; FoF flag
S000084069,Simplify Tara India Opportunities ETF,Simplify Exchange Traded Funds,,IOPP,2024,2025,2,,10633873,,equity_longonly,Y,medium,India equity
S000084078,YieldMax Ultra Option Income Strategy ETF,Tidal Trust II,,ULTY,2024,2025,2,,1097519324.692,,equity_options,Y,high,YieldMax option income
S000084087,YieldMax MSTR Option Income Strategy ETF,Tidal Trust II,,MSTY,2024,2025,2,,3233375016.628,,equity_options,Y,high,YieldMax single-stock option income
S000084090,First Trust Structured Credit Income Opportunities ETF,First Trust Exchange-Traded Fund IV,,SCIO,2024,2025,2,,14485419.61,,fixed_income,Y,high,structured credit
S000084091,Carbon Collective Short Duration Green Bond ETF,Tidal Trust II,,CCSB,2024,2024,1,,10014040.88,,fixed_income,Y,high,green bond
S000084093,Regan Floating Rate MBS ETF,Valued Advisers Trust,,MBSF,2025,2026,2,,157471391.18,,fixed_income,Y,high,floating rate MBS
S000084154,Performance Trust Short Term Bond ETF,Trust for Professional Managers,,STBF,2024,2024,1,,10607222,,fixed_income,Y,high,short term bond
S000084161,Trenchless Fund ETF,Advisor Managed Portfolios,,RVER,2024,2025,2,,84742213.83,,equity_longonly,Y,high,looked up; 12-30 US stocks
S000084165,Roundhill Daily 2X Long Magnificent Seven ETF,Roundhill ETF Trust,,MAGX,2024,2025,2,,67665375.13,,leveraged_inverse,Y,high,Roundhill daily 2X
S000084168,Roundhill Uranium ETF,Roundhill ETF Trust,,UX,2025,2025,1,,1622427.708,,commodity_futures,Y,high,uranium swaps + physical uranium trusts; looked up
S000084176,Defiance Nasdaq 100 Income Target ETF,Tidal Trust II,,QQQT,2024,2024,1,,8197711.41,,equity_options,Y,high,Defiance income target options
S000084178,Defiance S&P 500 Income Target ETF,Tidal Trust II,,SPYT,2024,2024,1,,24280312.39,,equity_options,Y,high,income target option overlay
S000084179,Westwood Salient Enhanced Energy Income ETF,Ultimus Managers Trust,,,2024,2025,2,,17728380.56,,,,,
S000084180,Westwood Salient Enhanced Midstream Income ETF,Ultimus Managers Trust,,,2024,2025,2,,97642928.88,,,,,
S000084183,Eaton Vance Short Duration Income ETF,Morgan Stanley ETF Trust,,EVSD,2024,2024,1,,180655542.78,,fixed_income,Y,high,Eaton Vance; short duration
S000084188,Nuveen Core Plus Bond ETF,Nushares ETF Trust,,NCPB,2025,2025,1,,52276394.21,,fixed_income,Y,high,core plus bond
S000084189,Nuveen Preferred and Income ETF,Nushares ETF Trust,,NPFI,2025,2025,1,,49443085.91,,fixed_income,Y,high,preferred and income
S000084190,Nuveen Ultra Short Income ETF,Nushares ETF Trust,,NUSB,2025,2025,1,,135517110.63,,fixed_income,Y,high,ultra short income
S000084191,Nuveen Sustainable Core ETF,Nushares ETF Trust,,NSCR,2025,2025,1,,5941893.02,,equity_longonly,Y,medium,"Nuveen sustainable core equity, 2025 transparent series"
S000084196,NYLI MacKay Securitized Income ETF,New York Life Investments Active ETF Trust,,SECR,2025,2025,1,,133886726,,fixed_income,Y,high,securitized income
S000084215,Cullen Enhanced Equity Income ETF,Advisors' Inner Circle Fund II,,DIVP,2024,2024,1,,7355473.29,,equity_options,Y,medium,Cullen enhanced equity income; call writing
S000084229,YieldMax Short COIN Option Income Strategy ETF,Tidal Trust II,,FIAT,2024,2025,2,,40119955.921,,equity_options,Y,medium,YieldMax short COIN synthetic + option income
S000084231,YieldMax Short NVDA Option Income Strategy ETF,Tidal Trust II,,DIPS,2024,2025,2,,11032299.13,,equity_options,Y,medium,YieldMax short NVDA synthetic + option income
S000084232,YieldMax Short TSLA Option Income Strategy ETF,Tidal Trust II,,CRSH,2024,2025,2,,25556232.955,,equity_options,Y,medium,YieldMax synthetic short + option income
S000084234,YieldMax Short N100 Option Income Strategy ETF,Tidal Trust II,,YQQQ,2024,2025,2,,10826136.928,,equity_options,Y,medium,YieldMax short Nasdaq-100 option income
S000084236,Neuberger Berman Small-Mid Cap ETF,Neuberger Berman ETF Trust,,NBSM,2024,2025,2,,192969048.11384615,,equity_longonly,Y,high,"Neuberger Berman active equity, small-mid cap"
S000084270,Bancreek International Large Cap ETF,Exchange Listed Funds Trust,,BCIL,2024,2025,2,,30369547.45205479,,equity_longonly,Y,high,Bancreek intl large cap
S000084280,Alger Concentrated Equity ETF,Alger ETF Trust,,CNEQ,2024,2025,2,,89251806.46,,equity_longonly,Y,high,Alger concentrated equity
S000084281,Alger AI Enablers & Adopters ETF,Alger ETF Trust,,ALAI,2024,2025,2,,126161616.98,,equity_longonly,Y,high,Alger AI thematic equity
S000084288,TCW Artificial Intelligence ETF,TCW ETF Trust,,AIFD,2024,2025,2,,65310496.3,,equity_longonly,Y,high,AI thematic equity
S000084289,TCW Durable Growth ETF,TCW ETF Trust,,GRW,2024,2025,2,,142861552.55,,equity_longonly,Y,high,TCW growth equity
S000084295,Inspire 500 ETF,Northern Lights Fund Trust IV,,PTL,2024,2024,1,,161408401.39844003,,equity_longonly,Y,high,faith-based large cap equity
S000084303,Fidelity Hedged Equity ETF,Fidelity Greenwood Street Trust,,FHEQ,2025,2026,2,,534187359,,equity_options,U,low,Fidelity hedged equity; structure unclear
S000084304,Fidelity Dynamic Buffered Equity ETF,Fidelity Greenwood Street Trust,,FBUF,2025,2026,2,,11995233,,equity_options,U,low,Fidelity dynamic buffered equity; structure unclear
S000084305,Fidelity Yield Enhanced Equity ETF,Fidelity Greenwood Street Trust,,FYEE,2025,2026,2,,47253969,,equity_options,Y,medium,Fidelity; equity with call writing for yield
S000084308,North Shore Equity Rotation ETF,Spinnaker ETF Series,,KOOL,2025,2026,2,,50775606.85,,equity_longonly,Y,low,equity rotation; ETF vs stock sleeve unclear
S000084310,FT Vest U.S. Equity Max Buffer ETF - March,First Trust Exchange-Traded Fund VIII,,MARM,2024,2025,2,,167147471.88,,equity_options,Y,high,FT Vest max buffer
S000084318,FT Vest U.S. Equity Buffer & Premium Income ETF - March,First Trust Exchange-Traded Fund VIII,,XIMR,2024,2025,2,,30779394.27,,equity_options,Y,high,FT Vest buffer & premium income
S000084347,T-Rex 2X Inverse Bitcoin Daily Target ETF,World Funds Trust,,BTCZ,2024,2025,2,,5446642,,leveraged_inverse,Y,high,T-Rex 2X inverse daily target
S000084348,T-Rex 2X Long Bitcoin Daily Target ETF,World Funds Trust,,BTCL,2024,2025,2,,51700292,,leveraged_inverse,Y,high,T-Rex 2X long daily target
S000084370,DailyDelta Q100 Downside Option Strategy ETF,Strategic Trust,,QDWN,2025,2025,1,,576363,,equity_options,Y,high,Q100 downside option strategy
S000084371,DailyDelta Q100 Upside Option Strategy ETF,Strategic Trust,,QUP,2025,2025,1,,671129,,equity_options,Y,high,Q100 upside option strategy
S000084405,AllianzIM U.S. Equity Buffer15 Uncapped Jan ETF,AIM ETF Products Trust,,JANU,2025,2025,1,,63512405.88,,equity_options,Y,high,AllianzIM buffer
S000084406,AllianzIM U.S. Equity Buffer15 Uncapped Oct ETF,AIM ETF Products Trust,,OCTU,2024,2025,2,,40811636.99,,equity_options,Y,high,AllianzIM uncapped buffer
S000084407,AllianzIM U.S. Equity Buffer15 Uncapped Nov ETF,AIM ETF Products Trust,,NVBU,2024,2025,2,,23409475.66,,equity_options,Y,high,AllianzIM buffer
S000084408,AllianzIM U.S. Equity Buffer15 Uncapped Dec ETF,AIM ETF Products Trust,,DECU,2025,2025,1,,110895246.77,,equity_options,Y,high,AllianzIM buffer series
S000084409,AllianzIM U.S. Equity Buffer15 Uncapped Feb ETF,AIM ETF Products Trust,,FEBU,2025,2025,1,,42743637.39999999,,equity_options,Y,high,AllianzIM; buffer
S000084410,AllianzIM U.S. Equity Buffer15 Uncapped Mar ETF,AIM ETF Products Trust,,MARU,2025,2025,1,,17613397.03999999,,equity_options,Y,high,AllianzIM buffer
S000084411,AllianzIM U.S. Equity Buffer15 Uncapped Apr ETF,AIM ETF Products Trust,,ARLU,2024,2025,2,,35572282.28,,equity_options,Y,high,AllianzIM buffer
S000084412,AllianzIM U.S. Equity Buffer15 Uncapped May ETF,AIM ETF Products Trust,,MAYU,2024,2025,2,,19324112.26,,equity_options,Y,high,AllianzIM buffer
S000084413,AllianzIM U.S. Equity Buffer15 Uncapped Jun ETF,AIM ETF Products Trust,,JNEU,2024,2025,2,,18011303.18,,equity_options,Y,high,AllianzIM buffer
S000084414,AllianzIM U.S. Equity Buffer15 Uncapped Jul ETF,AIM ETF Products Trust,,JULU,2024,2025,2,,68345807.89,,equity_options,Y,high,AllianzIM buffer
S000084415,AllianzIM U.S. Equity Buffer15 Uncapped Aug ETF,AIM ETF Products Trust,,AUGU,2024,2025,2,,27838469.71999999,,equity_options,Y,high,AllianzIM buffer
S000084416,AllianzIM U.S. Equity Buffer15 Uncapped Sep ETF,AIM ETF Products Trust,,SEPU,2024,2025,2,,43941856.47999999,,equity_options,Y,high,AllianzIM buffer
S000084421,FT Vest Nasdaq-100 Moderate Buffer ETF - August,First Trust Exchange-Traded Fund VIII,,QMAG,2024,2025,2,,47097830.78,,equity_options,Y,high,FT Vest moderate buffer
S000084422,FT Vest Nasdaq-100 Moderate Buffer ETF - February,First Trust Exchange-Traded Fund VIII,,QMFE,2025,2025,1,,36177229.15,,equity_options,Y,high,FT Vest moderate buffer
S000084423,FT Vest Nasdaq-100 Moderate Buffer ETF - May,First Trust Exchange-Traded Fund VIII,,QMMY,2024,2025,2,,63509686.41,,equity_options,Y,high,FT Vest moderate buffer
S000084424,FT Vest Nasdaq-100 Moderate Buffer ETF - November,First Trust Exchange-Traded Fund VIII,,QMNV,2025,2025,1,,35399429.81,,equity_options,Y,high,FT Vest moderate buffer
S000084429,FT Vest Nasdaq-100 Conservative Buffer ETF - April,First Trust Exchange-Traded Fund VIII,,QCAP,2024,2025,2,,34951414.86,,equity_options,Y,high,FT Vest conservative buffer
S000084430,FT Vest Nasdaq-100 Conservative Buffer ETF - January,First Trust Exchange-Traded Fund VIII,,QCJA,2025,2025,1,,41128145.41,,equity_options,Y,high,FT Vest conservative buffer
S000084431,FT Vest Nasdaq-100 Conservative Buffer ETF - July,First Trust Exchange-Traded Fund VIII,,QCJL,2024,2025,2,,56989847.11,,equity_options,Y,high,FT Vest conservative buffer
S000084432,FT Vest Nasdaq-100 Conservative Buffer ETF - October,First Trust Exchange-Traded Fund VIII,,QCOC,2025,2025,1,,31908990.08,,equity_options,Y,high,FT Vest conservative buffer
S000084434,Even Herd Long Short ETF,Tidal Trust II,,EHLS,2025,2026,2,,55970658.53,,equity_longshort,Y,high,long/short in name
S000084439,Neuberger Berman Short Duration Income ETF,Neuberger Berman ETF Trust,,NBSD,2024,2025,2,,270084969.58461538,,fixed_income,Y,high,short duration income
S000084446,Grayscale Bitcoin Covered Call ETF,Grayscale Funds Trust,,BTCC,2025,2025,1,,20128566,,crypto_digital,Y,high,"bitcoin covered call, crypto underlying"
S000084449,Obra Opportunistic Structured Products ETF,Spinnaker ETF Series,,OOSP,2025,2026,2,,44413839.77,,fixed_income,Y,high,structured products / securitized credit
S000084450,Obra High Grade Structured Products ETF,Spinnaker ETF Series,,OGSP,2025,2026,2,,28889330.68,,fixed_income,Y,high,structured products / securitized credit
S000084451,Innovator Equity Defined Protection ETF - 2 Yr to April 2026,Innovator ETFs Trust,,AAPR,2024,2025,2,,63364589.7580548,,equity_options,Y,high,Innovator defined protection
S000084452,Innovator Premium Income 9 Buffer ETF - April,Innovator ETFs Trust,,HAPR,2024,2024,1,,1706846.68154206,,equity_options,Y,high,Innovator premium income buffer
S000084453,Innovator Premium Income 15 Buffer ETF - April,Innovator ETFs Trust,,LAPR,2024,2025,2,,5479548.3910137,,equity_options,Y,high,Innovator premium income buffer
S000084471,Rayliant SMDAM Japan Equity ETF,ADVISORS' INNER CIRCLE FUND III,,RAYJ,2024,2025,2,,23999528,,equity_longonly,Y,high,Rayliant Japan equity
S000084480,Strategas Macro Momentum ETF,Advisors' Inner Circle Fund III,,SAMM,2024,2025,2,,16769832.25,,equity_longonly,Y,medium,Strategas macro momentum equity baskets
S000084565,Peerless Option Income Wheel ETF,Tidal Trust II,,WEEL,2025,2026,2,,19522668.82,,equity_options,Y,high,option wheel: cash-secured puts / covered calls
S000084573,StockSnips AI-Powered Sentiment US All Cap ETF,EA Series Trust,,NEWZ,2025,2026,2,,22055144.802,,equity_longonly,Y,high,AI sentiment stock selection
S000084597,Leverage Shares 2X Long FIG Daily ETF ,Themes ETF Trust,,FIGG,2025,2025,1,,2636615,,leveraged_inverse,Y,high,2X single stock daily
S000084615,Draco Evolution AI ETF,EA Series Trust,,DRAI,2025,2025,1,Y,10638068.14,,allocation_fof,Y,medium,FoF flag; AI-driven multi-asset
S000084633,YieldMax Bitcoin Option Income Strategy ETF,Tidal Trust II,,YBIT,2024,2025,2,,121155721.048,,crypto_digital,Y,high,YieldMax option income on bitcoin
S000084638,Return Stacked Bonds & Futures Yield ETF,Tidal Trust II,,RSBY,2025,2026,2,,96712326.93,,commodity_futures,Y,medium,return stacked futures yield
S000084639,Return Stacked U.S. Stocks & Futures Yield ETF,Tidal Trust II,,RSSY,2025,2026,2,,115264764.05,,commodity_futures,Y,medium,return stacked futures yield
S000084644,PeakShares Sector Rotation ETF,Northern Lights Fund Trust II,,PSTR,2025,2026,2,Y,37046008.75013696,,allocation_fof,Y,high,N-CEN fund_of_funds=Y; sector rotation via ETFs
S000084649,Tremblant Global ETF,Managed Portfolio Series,,TOGA,2024,2025,2,,174717577,,equity_longonly,Y,high,concentrated long-only global equity; looked up
S000084690,Harbor Disciplined Bond ETF,Harbor ETF Trust,,AGGS,2024,2025,2,,29702346.44,,fixed_income,Y,high,Harbor bond
S000084699,John Hancock High Yield ETF,John Hancock Exchange-Traded Fund Trust,,JHHY,2025,2026,2,,55460814,,fixed_income,Y,high,high yield
S000084701,Optimize Strategy Index ETF,Advisor Managed Portfolios,,OPTZ,2025,2025,1,,143724560.721,,equity_longonly,Y,medium,"looked up; broad US quality/momentum equity, no options"
S000084713,Anydrus Advantage ETF,Collaborative Investment Series Trust,,NDOW,2025,2026,2,,51368932.03,,equity_longonly,U,low,"Anydrus Advantage; strategy not determinable from name, no lookup available"
S000084720,Innovator Equity Premium Income - Daily PutWrite ETF,Innovator ETFs Trust,,SPUT,2025,2025,1,,6487169.59344828,,equity_options,Y,high,daily putwrite
S000084722,Capital Group Global Equity ETF,Capital Group Global Equity ETF,,CGGE,2025,2025,1,,139106541,,equity_longonly,Y,high,Capital Group equity
S000084724,Capital Group Conservative Equity ETF,Capital Group Conservative Equity ETF,,CGCV,2025,2025,1,,170727084,,equity_longonly,Y,high,Capital Group equity
S000084726,Capital Group International Core Equity ETF,Capital Group International Core Equity ETF,,CGIC,2025,2025,1,,78435595,,equity_longonly,Y,high,Capital Group equity
S000084728,Capital Group New Geography Equity ETF,Capital Group New Geography Equity ETF,,CGNG,2025,2025,1,,143396518,,equity_longonly,Y,high,Capital Group equity
S000084738,TrueShares Active Yield ETF,Listed Funds Trust,,ERNZ,2024,2024,1,,141249389,,equity_longonly,Y,low,"looked up: 50-150 income-generating securities, equity sleeve"
S000084790,Calamos Nasdaq-100 Structured Alt Protection ETF - December,Calamos ETF Trust,,CPNQ,2025,2025,1,,27350164.8,,equity_options,Y,high,Calamos structured protection series
S000084791,Calamos Nasdaq-100 Structured Alt Protection ETF - June,Calamos ETF Trust,,CPNJ,2024,2025,2,,41752841.85,,equity_options,Y,high,Calamos structured protection series
S000084792,Calamos Nasdaq-100 Structured Alt Protection ETF - March,Calamos ETF Trust,,CPNM,2025,2025,1,,14381641.69,,equity_options,Y,high,Calamos structured protection series
S000084793,Calamos Nasdaq-100 Structured Alt Protection ETF - September,Calamos ETF Trust,,CPNS,2025,2025,1,,33407276.16,,equity_options,Y,high,Calamos structured protection series
S000084798,Calamos S&P 500 Structured Alt Protection ETF - August,Calamos ETF Trust,,CPSA,2025,2025,1,,40145446.8,,equity_options,Y,high,Calamos structured protection series
S000084799,Calamos S&P 500 Structured Alt Protection ETF - September,Calamos ETF Trust,,CPST,2025,2025,1,,26664972.96,,equity_options,Y,high,Calamos structured protection series
S000084800,Calamos S&P 500 Structured Alt Protection ETF - May,Calamos ETF Trust,,CPSM,2024,2025,2,,70297841.08,,equity_options,Y,high,Calamos structured protection series
S000084801,Calamos S&P 500 Structured Alt Protection ETF - July,Calamos ETF Trust,,CPSJ,2024,2025,2,,35275894.14,,equity_options,Y,high,Calamos structured protection series
S000084817,Defiance Oil Enhanced Options Income ETF,Tidal Trust II,,USOY,2024,2024,1,,6828170.9,,commodity_futures,Y,medium,option income on oil (commodity underlying)
S000084822,Stratified LargeCap Hedged ETF,Exchange Listed Funds Trust,,SHUS,2024,2025,2,Y,25343965.4418904,,equity_options,Y,medium,stratified large cap hedged; fof flag
S000084824,T. Rowe Price Intermediate Municipal Income ETF,"T. Rowe Price Exchange-Traded Funds, Inc.",,TAXE,2024,2025,2,,48710145,,fixed_income,Y,high,municipal
S000084932,Genter Capital Taxable Quality Intermediate ETF,Spinnaker ETF Series,,GENT,2025,2025,1,,27405612.19,,fixed_income,Y,high,taxable intermediate bonds
S000084933,Genter Capital Municipal Quality Intermediate ETF,Spinnaker ETF Series,,GENM,2025,2025,1,,1656982.24,,fixed_income,Y,high,muni
S000084942,Nomura Focused Large Growth ETF,Nomura ETF Trust,,LRGG,2025,2026,2,,298289837.82999998,,equity_longonly,Y,high,Nomura focused large growth
S000084950,Otter Creek Focus Strategy ETF,Professionally Managed Portfolios,,OCFS,2024,2025,2,,8754832,10/2025,equity_longonly,Y,medium,looked up; EDGAR FTS shows no short-sale language in 497K
S000084956,OneAscent Small Cap Core ETF,Unified Series Trust,,OASC,2024,2025,2,,20040488.14,,equity_longonly,Y,high,OneAscent small cap core
S000084968,SPDR Portfolio Treasury ETF,SPDR SERIES TRUST,,SPTB,2024,2025,2,,63936252.81153846,,fixed_income,Y,high,treasury
S000085000,Roundhill GLP-1 & Weight Loss ETF,Roundhill ETF Trust,,OZEM,2024,2025,2,,36889143.88,,equity_longonly,Y,high,Roundhill thematic equity
S000085026,Clockwise Core Equity & Innovation ETF,Tidal Trust II,,TIME,2024,2024,1,,19868716.23,,equity_longonly,Y,low,Clockwise core equity + innovation sleeve; options unverified
S000085048,PIMCO Mortgage-Backed Securities Active Exchange-Traded Fund,PIMCO ETF Trust,,PMBS,2025,2025,1,,254666606.05,,fixed_income,Y,high,mortgage-backed securities
S000085056,iShares Enhanced Short-Term Bond Active ETF,BlackRock ETF Trust,,CSHP,2024,2025,2,,85648825.20461538,,fixed_income,Y,high,short-term bond
S000085059,iShares High Yield Active ETF,BlackRock ETF Trust II,,BRHY,2024,2025,2,,89243369.8276923,,fixed_income,Y,high,iShares high yield
S000085065,iShares Long-Term U.S. Equity Active ETF,BlackRock ETF Trust,,,2025,2025,1,,9357459.29454545,,,,,
S000085067,iShares Large Cap Growth Active ETF,BlackRock ETF Trust,,,2025,2025,1,,6242990.63727272,,,,,
S000085069,Palmer Square Credit Opportunities ETF,Palmer Square Funds Trust,,PSQO,2025,2025,1,,35302198.19,,fixed_income,Y,high,credit opportunities
S000085073,Cambria Chesapeake Pure Trend ETF,Tidal Trust II,,MFUT,2024,2025,2,,21771719.258,,commodity_futures,Y,high,Cambria/Chesapeake pure trend
S000085083,Capital Group International Bond ETF (USD-Hedged),Capital Group Fixed Income ETF Trust,,CGIB,2024,2025,2,,69371381.15,,fixed_income,Y,high,international bond
S000085084,Capital Group Municipal High-Income ETF,Capital Group Fixed Income ETF Trust,,CGHM,2024,2025,2,,1059926391.96,,fixed_income,Y,high,muni
S000085085,Capital Group Ultra Short Income ETF,Capital Group Fixed Income ETF Trust,,CGUI,2024,2025,2,,83186031.07,,fixed_income,Y,high,ultra short income
S000085089,FT Vest Laddered Small Cap Moderate Buffer ETF,First Trust Exchange-Traded Fund VIII,,BUFS,2024,2025,2,,62168907.91,,equity_options,Y,high,laddered moderate buffer
S000085091,FT Vest Laddered International Moderate Buffer ETF,First Trust Exchange-Traded Fund VIII,,BUFY,2025,2025,1,Y,17323313.82,,equity_options,Y,medium,laddered buffer ETF-of-ETFs
S000085093,REX AI Equity Premium Income ETF,ETF Opportunities Trust,,AIPI,2025,2025,1,,147605771.03,,equity_options,Y,high,AI equity premium income (calls)
S000085120,Defiance Daily Target 2X Long RIOT ETF,Tidal Trust II,,RIOX,2025,2025,1,,11190771.8,,leveraged_inverse,Y,high,2X single-stock daily
S000085136,Defiance Daily Target 2X Long LLY ETF,Tidal Trust II,,LLYX,2025,2025,1,,11144770.45,,leveraged_inverse,Y,high,Defiance daily 2X single stock
S000085137,Defiance Daily Target 2X Long MSTR ETF,Tidal Trust II,,MSTX,2025,2025,1,,992080648.77,,leveraged_inverse,Y,high,Defiance daily 2X single stock
S000085138,Defiance Daily Target 2x Long NVO ETF,Tidal Trust II,,NVOX,2025,2025,1,,2255202.2,,leveraged_inverse,Y,high,Defiance daily 2x long single-stock
S000085139,Defiance Daily Target 2X Long AVGO ETF,Tidal Trust II,,AVGX,2025,2025,1,,49386980.94,,leveraged_inverse,Y,high,Defiance 2X daily single stock
S000085140,Defiance Daily Target 2X Long SMCI ETF,Tidal Trust II,,SMCX,2025,2025,1,,144510480.57,,leveraged_inverse,Y,high,2X single-stock daily
S000085146,PGIM Ultra Short Municipal Bond ETF,PGIM ETF Trust,,PUSH,2024,2025,2,,32736871,,fixed_income,Y,high,ultra short municipal
S000085147,PGIM Municipal Income Opportunities ETF,PGIM ETF Trust,,PMIO,2024,2025,2,,25892429,,fixed_income,Y,high,municipal income
S000085236,Rareview Total Return Bond ETF,Collaborative Investment Series Trust,,RTRE,2024,2024,1,,18334877,,fixed_income,Y,high,total return bond
S000085263,SGI Enhanced Nasdaq-100 ETF,"RBB Fund, Inc.",,QXQ,2024,2024,1,,7396713,,equity_options,Y,medium,looked up; Nasdaq-100 exposure + put/call writing
S000085270,iShares Large Cap Max Buffer Mar ETF,iShares Trust,,MMAX,2025,2025,1,Y,36716467.22,,equity_options,Y,high,iShares max buffer; fof flag = holds IVV + options
S000085271,iShares Large Cap Max Buffer Jun ETF,iShares Trust,,MAXJ,2024,2025,2,Y,132993385.8,,equity_options,Y,high,iShares max buffer; fof flag = holds IVV + options
S000085272,iShares Large Cap Max Buffer Sep ETF,iShares Trust,,SMAX,2025,2025,1,Y,114259495.7,,equity_options,Y,high,iShares max buffer; fof flag incidental
S000085273,iShares Large Cap Max Buffer Dec ETF,iShares Trust,,DMAX,2025,2025,1,Y,76430998.8,,equity_options,Y,high,iShares max buffer; FoF flag = holds IVV + FLEX options
S000085275,Cambria LargeCap Shareholder Yield ETF,Cambria ETF Trust,,LYLD,2025,2025,1,,8849451,,equity_longonly,Y,high,Cambria shareholder yield equity
S000085297,FT Vest U.S. Equity Equal Weight Buffer ETF - June,First Trust Exchange-Traded Fund VIII,,RSJN,2025,2025,1,,22745581.54,,equity_options,Y,high,FT Vest buffer
S000085330,American Century California Municipal Bond ETF,AMERICAN CENTURY ETF TRUST,,CATF,2024,2024,1,,17588835.6566667,,fixed_income,Y,high,muni bond; American Century transparent series
S000085353,FT Vest U.S. Equity Buffer & Premium Income ETF - June,First Trust Exchange-Traded Fund VIII,,XIJN,2024,2025,2,,7834782.5,,equity_options,Y,high,FT Vest buffer & premium income
S000085355,FT Vest U.S. Equity Max Buffer ETF - June,First Trust Exchange-Traded Fund VIII,,JUNM,2025,2025,1,,71308653.34,,equity_options,Y,high,FT Vest max buffer
S000085368,Defiance Daily Target 2X Short MSTR ETF,Tidal Trust II,,SMST,2025,2025,1,,30333931.9,,leveraged_inverse,Y,high,2X short single stock daily
S000085376,SanJac Alpha Low Duration ETF,Manager Directed Portfolios,,SJLD,2025,2025,1,,500076.916,,fixed_income,Y,high,low duration bond
S000085377,SanJac Alpha Core Plus Bond ETF,Manager Directed Portfolios,,SJCP,2025,2025,1,,808992.306,,fixed_income,Y,high,core plus bond
S000085401,PGIM Laddered S&P 500 Buffer 12 ETF,PGIM Rock ETF Trust,,BUFP,2024,2025,2,,42636986,,equity_options,Y,high,PGIM laddered buffer
S000085402,PGIM Laddered S&P 500 Buffer 20 ETF,PGIM Rock ETF Trust,,PBFR,2024,2025,2,,44378663,,equity_options,Y,high,PGIM laddered buffer
S000085471,VictoryShares WestEnd Global Equity ETF,Victory Portfolios II,,GLOW,2024,2025,2,,5705103.33,,equity_longonly,Y,low,VictoryShares WestEnd; may hold sector ETFs
S000085472,VictoryShares WestEnd Economic Cycle Bond ETF,Victory Portfolios II,,BMDL,2024,2025,2,,68130018.2,,fixed_income,Y,high,bond
S000085473,VictoryShares Hedged Equity Income ETF,Victory Portfolios II,,HEJD,2025,2025,1,,23368475.99,,equity_options,Y,medium,hedged equity income; options overlay
S000085477,First Trust S&P 500 Economic Moat ETF,First Trust Exchange-Traded Fund VI,,EMOT,2024,2024,1,,1444079.43,,equity_longonly,Y,high,First Trust; moat equity
S000085491,Leverage Shares 2x Capped Accelerated COIN Monthly ETF ,Themes ETF Trust,,COIO,2025,2025,1,,746308,,leveraged_inverse,Y,high,2x capped accelerated monthly
S000085493,Leverage Shares 2X Long UNH Daily ETF ,Themes ETF Trust,,UNHG,2025,2025,1,,199529748,,leveraged_inverse,Y,high,2x long daily single stock
S000085494,Leverage Shares 2x Capped Accelerated MSTR Monthly ETF ,Themes ETF Trust,,MSOO,2025,2025,1,,629506,,leveraged_inverse,Y,high,"Leverage Shares 2x capped accelerated, monthly"
S000085498,Leverage Shares 2x Capped Accelerated NVDA Monthly ETF,Themes ETF Trust,,NVDO,2025,2025,1,,1208717,,leveraged_inverse,Y,high,"Leverage Shares 2x capped accelerated, monthly"
S000085499,Leverage Shares 2x Capped Accelerated PLTR Monthly ETF,Themes ETF Trust,,PLOO,2025,2025,1,,842785,,equity_options,Y,medium,"monthly capped/accelerated defined-outcome options, not daily reset"
S000085501,Leverage Shares 2x Capped Accelerated TSLA Monthly ETF,Themes ETF Trust,,TSLO,2025,2025,1,,1177118,,equity_options,Y,low,monthly capped accelerated defined outcome; not daily reset
S000085506,KraneShares Artificial Intelligence and Technology ETF,Krane Shares Trust,,AGIX,2025,2026,2,,86131315.7357808,,equity_longonly,Y,high,AI/tech thematic equity
S000085520,TrueShares Quarterly Bear Hedge ETF,Elevation Series Trust,,QBER,2024,2025,2,,155481942,,equity_options,Y,medium,TrueShares quarterly bear hedge via options
S000085521,TrueShares Quarterly Bull Hedge ETF,Elevation Series Trust,,QBUL,2024,2025,2,,40436492,,equity_options,Y,medium,TrueShares quarterly bull hedge via options
S000085523,BondBloxx IR+M Tax-Aware ETF for Massachusetts Residents,BondBloxx ETF Trust,,TAXM,2025,2025,1,,8240712.5,,fixed_income,Y,high,municipal
S000085536,Neuberger Berman Flexible Credit Income ETF,Neuberger Berman ETF Trust,,NBFC,2024,2025,2,,53484135.91538461,,fixed_income,Y,high,flexible credit income
S000085544,TCW AAA CLO ETF,TCW ETF Trust,,ACLO,2025,2025,1,,215431709.95416666,,fixed_income,Y,high,AAA CLO
S000085545,TCW Flexible Income ETF,TCW ETF Trust,,FLXR,2024,2025,2,,1081380997.31384615,,fixed_income,Y,high,TCW; flexible income
S000085546,TCW High Yield Bond ETF,TCW ETF Trust,,HYBX,2025,2025,1,,39722163.04,,fixed_income,Y,high,TCW high yield
S000085548,TCW Multisector Credit Income ETF,TCW ETF Trust,,MUSE,2025,2025,1,,50310761.92166666,,fixed_income,Y,high,TCW multisector credit
S000085549,TCW Senior Loan ETF,TCW ETF Trust,,SLNZ,2025,2025,1,,303229361.13,,fixed_income,Y,high,senior loan
S000085554,NEOS Russell 2000(R) High Income ETF,NEOS ETF Trust,,IWMI,2025,2025,1,Y,105922614,,equity_options,Y,high,NEOS index option income
S000085568,Innovator Growth-100 Power Buffer ETF - June,Innovator ETFs Trust,,NJUN,2024,2025,2,,47910321.0303014,,equity_options,Y,high,Innovator buffer/defined outcome
S000085570,Innovator U.S. Small Cap Power Buffer ETF - June,Innovator ETFs Trust,,KJUN,2024,2025,2,,17773590.446,,equity_options,Y,high,Innovator buffer series
S000085571,Kurv Technology Titans Select ETF,KURV ETF Trust,,KQQQ,2024,2025,2,,15513699.65,,equity_longonly,Y,medium,tech equity select
S000085601,Invesco QQQ Income Advantage ETF,Invesco Actively Managed Exchange-Traded Fund Trust,,QQA,2024,2025,2,,246511929.57166667,,equity_options,Y,high,QQQ income advantage option overlay
S000085602,Invesco S&P 500 Equal Weight Income Advantage ETF,Invesco Actively Managed Exchange-Traded Fund Trust,,RSPA,2024,2025,2,,344940429.1525,,equity_options,Y,high,income advantage call writing
S000085612,SMI 3Fourteen Full-Cycle Trend ETF,ETF Opportunities Trust,,FCTE,2024,2025,2,,419813149.38,,allocation_fof,Y,low,SMI trend rotation across ETFs/treasuries
S000085629,Calamos Russell 2000 Structured Alt Protection ETF - April,Calamos ETF Trust,,CPRA,2025,2025,1,,6329614.7,,equity_options,Y,high,Calamos structured protection series
S000085630,Calamos Russell 2000 Structured Alt Protection ETF - January,Calamos ETF Trust,,CPRY,2025,2025,1,,49249912.7,,equity_options,Y,high,Calamos structured protection series
S000085631,Calamos Russell 2000 Structured Alt Protection ETF - July,Calamos ETF Trust,,CPRJ,2024,2025,2,,52219230.74,,equity_options,Y,high,Calamos structured protection series
S000085632,Calamos Russell 2000 Structured Alt Protection ETF - October,Calamos ETF Trust,,CPRO,2025,2025,1,,28252404.34,,equity_options,Y,high,Calamos structured protection series
S000085642,Innovator Equity Defined Protection ETF - 2 Yr to July 2026,Innovator ETFs Trust,,AJUL,2024,2025,2,,66926315.5773699,,equity_options,Y,high,Innovator defined protection
S000085643,Innovator Hedged Nasdaq-100 ETF,Innovator ETFs Trust,,QHDG,2024,2025,2,,8841545.48216438,,equity_options,Y,high,Innovator hedged equity via options
S000085645,Innovator Nasdaq-100 10 Buffer ETF - Quarterly,Innovator ETFs Trust,,QBUF,2024,2025,2,,120810881.172082,,equity_options,Y,high,Innovator quarterly buffer
S000085646,Innovator U.S. Small Cap 10 Buffer ETF - Quarterly,Innovator ETFs Trust,,RBUF,2024,2025,2,,60839165.1052329,,equity_options,Y,high,Innovator quarterly buffer
S000085647,Innovator International Developed 10 Buffer ETF - Quarterly,Innovator ETFs Trust,,IBUF,2024,2025,2,,33232375.7370959,,equity_options,Y,high,Innovator buffer
S000085648,Innovator Emerging Markets 10 Buffer ETF - Quarterly,Innovator ETFs Trust,,EBUF,2024,2025,2,,9151729.65983562,,equity_options,Y,high,Innovator; buffer
S000085649,Innovator Premium Income 9 Buffer ETF - July,Innovator ETFs Trust,,HJUL,2024,2024,1,,1496267.97097561,,equity_options,Y,high,Innovator premium income buffer
S000085650,Innovator Premium Income 15 Buffer ETF - July,Innovator ETFs Trust,,LJUL,2024,2025,2,,3880798.03989041,,equity_options,Y,high,Innovator buffer/defined outcome
S000085656,Ocean Park Diversified Income ETF,NORTHERN LIGHTS FUND TRUST,,DUKZ,2025,2025,1,Y,6407214.48873239,,allocation_fof,Y,medium,Ocean Park tactical ETF-of-ETFs; FoF flag
S000085657,Ocean Park Domestic ETF,NORTHERN LIGHTS FUND TRUST,,DUKQ,2025,2025,1,Y,7498442.49374647,,allocation_fof,Y,medium,Ocean Park tactical ETF-of-ETFs; FoF flag
S000085658,Ocean Park High Income ETF,NORTHERN LIGHTS FUND TRUST,,DUKH,2025,2025,1,Y,5053643.10312676,,allocation_fof,Y,medium,Ocean Park tactical ETF-of-ETFs; FoF flag
S000085659,Ocean Park International ETF,NORTHERN LIGHTS FUND TRUST,,DUKX,2025,2025,1,Y,1445562.40011267,,allocation_fof,Y,medium,Ocean Park tactical ETF-of-ETFs; FoF flag
S000085666,MFS Active Core Plus Bond ETF,MFS Active Exchange Traded Funds Trust,,MFSB,2025,2026,2,,104593866.65230769,,fixed_income,Y,high,MFS core plus bond
S000085667,MFS Active Growth ETF,MFS Active Exchange Traded Funds Trust,,MFSG,2025,2026,2,,128489090.26615384,,equity_longonly,Y,high,MFS active growth
S000085668,MFS Active Intermediate Muni Bond ETF,MFS Active Exchange Traded Funds Trust,,MFSM,2025,2026,2,,48386903.40230769,,fixed_income,Y,high,MFS intermediate muni
S000085669,MFS Active International ETF,MFS Active Exchange Traded Funds Trust,,MFSI,2025,2026,2,,452090006.67538461,,equity_longonly,Y,high,MFS active international
S000085670,MFS Active Value ETF,MFS Active Exchange Traded Funds Trust,,MFSV,2025,2026,2,,121921784.86538461,,equity_longonly,Y,high,MFS active value
S000085672,ALPS | CoreCommodity Natural Resources ETF,Financial Investors Trust,,CCNR,2024,2025,2,,338856563,,commodity_futures,Y,medium,natural resources: commodity futures + resource equities
S000085697,Simplify Gamma Emerging Market Bond ETF,Simplify Exchange Traded Funds,,GAEM,2025,2025,1,,10504643,,fixed_income,Y,high,Simplify; EM bond
S000085698,Simplify National Muni Bond ETF,Simplify Exchange Traded Funds,,NMB,2025,2025,1,,78222870,,fixed_income,Y,high,national municipal bond
S000085719,Invesco MSCI EAFE Income Advantage ETF,Invesco Actively Managed Exchange-Traded Fund Trust,,EFAA,2024,2025,2,,146756306.87083333,,equity_options,Y,high,Invesco income advantage = call overlay
S000085746,Nomura Focused Emerging Markets Equity ETF,Nomura ETF Trust,,EMEQ,2025,2026,2,,106587207.56,,equity_longonly,Y,high,Nomura; EM equity
S000085748,Neuberger Berman Core Equity ETF,Neuberger Berman ETF Trust,,NBCR,2024,2025,2,,278514096.36846153,,equity_longonly,Y,high,"Neuberger Berman active equity, core"
S000085753,Federated Hermes MDT Large Cap Core ETF,Federated Hermes ETF Trust,,FLCC,2025,2026,2,,40255007.3480822,,equity_longonly,Y,high,Federated Hermes MDT; large cap core
S000085754,Federated Hermes MDT Large Cap Growth ETF,Federated Hermes ETF Trust,,FLCG,2025,2026,2,,257628927.907781,,equity_longonly,Y,high,Federated Hermes MDT; large cap growth
S000085755,Federated Hermes MDT Large Cap Value ETF,Federated Hermes ETF Trust,,FLCV,2025,2026,2,,45411414.3589315,,equity_longonly,Y,high,Federated Hermes MDT; large cap value
S000085756,Federated Hermes MDT Small Cap Core ETF,Federated Hermes ETF Trust,,FSCC,2025,2026,2,,45671271.4527123,,equity_longonly,Y,high,Federated MDT; small cap core
S000085808,Goldman Sachs Ultra Short Municipal Income ETF,Goldman Sachs ETF Trust,,GUMI,2024,2025,2,,9179884,,fixed_income,Y,high,GS ultra short muni
S000085812,Goldman Sachs Dynamic California Municipal Income ETF,Goldman Sachs ETF Trust,,GCAL,2024,2025,2,,24287845,,fixed_income,Y,high,GS CA muni
S000085813,Goldman Sachs Dynamic New York Municipal Income ETF,Goldman Sachs ETF Trust,,GMNY,2024,2025,2,,8069234,,fixed_income,Y,high,GS NY muni
S000085814,Goldman Sachs Municipal Income ETF,Goldman Sachs ETF Trust,,GMUB,2024,2025,2,,25381794,,fixed_income,Y,high,GS muni
S000085815,Innovator Equity Defined Protection ETF - 1 Yr July,Innovator ETFs Trust,,ZJUL,2024,2025,2,,122886786.326219,,equity_options,Y,high,Innovator defined protection
S000085816,Innovator Equity Defined Protection ETF - 6 Mo Jan/Jul,Innovator ETFs Trust,,JAJL,2024,2025,2,,214997002.946247,,equity_options,Y,high,defined protection
S000085829,Nicholas Global Equity and Income ETF,Tidal Trust II,,GIAX,2024,2025,2,,55668329.108,,equity_options,Y,medium,global equity with option income
S000085836,FT Vest U.S. Equity Max Buffer ETF - July,First Trust Exchange-Traded Fund VIII,,JULM,2025,2025,1,,16761885.59,,equity_options,Y,high,FT Vest max buffer
S000085903,JPMorgan Dividend Leaders ETF,J.P. Morgan Exchange-Traded Fund Trust,,JDIV,2024,2025,2,,7334370.74,,equity_longonly,Y,high,dividend equity
S000085931,Jensen Quality Growth ETF,Trust for Professional Managers,,,2025,2025,1,,63332933,,,,,
S000085949,Innovator Growth-100 Power Buffer ETF - August,Innovator ETFs Trust,,NAUG,2024,2025,2,,31989918.8090959,,equity_options,Y,high,Innovator buffer/defined outcome
S000085951,Innovator Growth-100 Power Buffer ETF - September,Innovator ETFs Trust,,NSEP,2024,2025,2,,37983967.6946027,,equity_options,Y,high,Innovator buffer/defined outcome
S000085953,Innovator Growth-100 Power Buffer ETF - November,Innovator ETFs Trust,,NNOV,2024,2025,2,,23775931.5062192,,equity_options,Y,high,Innovator buffer/defined outcome
S000085958,Innovator Growth-100 Power Buffer ETF - December,Innovator ETFs Trust,,NDEC,2025,2025,1,,71395715.317994,,equity_options,Y,high,Innovator buffer/defined outcome
S000085960,Innovator Growth-100 Power Buffer ETF - February,Innovator ETFs Trust,,NFEB,2025,2025,1,,49159503.8448709,,equity_options,Y,high,Innovator buffer/defined outcome
S000085962,Innovator Growth-100 Power Buffer ETF - March,Innovator ETFs Trust,,NMAR,2025,2025,1,,33685767.2457613,,equity_options,Y,high,Innovator buffer/defined outcome
S000085964,Innovator Growth-100 Power Buffer ETF - May,Innovator ETFs Trust,,NMAY,2025,2025,1,,16502043.573913,,equity_options,Y,high,Innovator buffer/defined outcome
S000085966,Innovator U.S. Small Cap Power Buffer ETF - August,Innovator ETFs Trust,,KAUG,2024,2025,2,,110703108.29663,,equity_options,Y,high,Innovator buffer series
S000085968,Innovator U.S. Small Cap Power Buffer ETF - September,Innovator ETFs Trust,,KSEP,2024,2025,2,,17577013.7071507,,equity_options,Y,high,Innovator buffer series
S000085970,Innovator U.S. Small Cap Power Buffer ETF - November,Innovator ETFs Trust,,KNOV,2024,2025,2,,18577504.2498356,,equity_options,Y,high,Innovator buffer series
S000085972,Innovator U.S. Small Cap Power Buffer ETF - December,Innovator ETFs Trust,,KDEC,2025,2025,1,,56356209.3822455,,equity_options,Y,high,Innovator buffer series
S000085974,SEI Select Emerging Markets Equity ETF,SEI Exchange Traded Funds,,SEEM,2025,2026,2,,314580365.72000003,,equity_longonly,Y,high,SEI active equity
S000085975,SEI Select International Equity ETF,SEI Exchange Traded Funds,,SEIE,2025,2026,2,,739090564.91999996,,equity_longonly,Y,high,SEI active equity
S000085976,SEI Select Small Cap ETF,SEI Exchange Traded Funds,,SEIS,2025,2026,2,,329122365.37,,equity_longonly,Y,high,SEI active equity
S000085977,Innovator U.S. Small Cap Power Buffer ETF - February,Innovator ETFs Trust,,KFEB,2025,2025,1,,27010422.9587823,,equity_options,Y,high,Innovator buffer series
S000085979,Innovator U.S. Small Cap Power Buffer ETF - March,Innovator ETFs Trust,,KMAR,2025,2025,1,,11955149.7817284,,equity_options,Y,high,Innovator buffer series
S000085981,AAM Brentview Dividend Growth ETF,ETF Series Solutions,,BDIV,2024,2025,2,,3119333,,equity_longonly,Y,high,dividend growth stocks
S000085982,AAM Sawgrass U.S. Small Cap Quality Growth ETF,ETF Series Solutions,,SAWS,2024,2025,2,,1137324,,equity_longonly,Y,high,quality growth equity
S000085983,AAM Sawgrass U.S. Large Cap Quality Growth ETF,ETF Series Solutions,,SAWG,2024,2025,2,,1969376,,equity_longonly,Y,high,quality growth equity
S000085984,Innovator U.S. Small Cap Power Buffer ETF - May,Innovator ETFs Trust,,KMAY,2025,2025,1,,34911306.3929891,,equity_options,Y,high,Innovator buffer series
S000085986,Schwab Ultra-Short Income ETF,SCHWAB STRATEGIC TRUST,,SCUS,2024,2025,2,,106780703.7876923,,fixed_income,Y,high,ultra-short income
S000086049,JPMorgan Fundamental Data Science Large Core ETF,J.P. Morgan Exchange-Traded Fund Trust,,LCDS,2025,2025,1,,12365444.23,,equity_longonly,Y,high,quant large core
S000086050,JPMorgan Fundamental Data Science Mid Core ETF,J.P. Morgan Exchange-Traded Fund Trust,,MCDS,2025,2025,1,,6514580.92,,equity_longonly,Y,high,JPM quant mid core equity
S000086051,JPMorgan Fundamental Data Science Small Core ETF,J.P. Morgan Exchange-Traded Fund Trust,,SCDS,2025,2025,1,,6163399.21,,equity_longonly,Y,high,JPM data science small core
S000086111,Tradr 2X Long Innovation 100 Monthly ETF,INVESTMENT MANAGERS SERIES TRUST II,,MQQQ,2025,2026,2,,83594145,,leveraged_inverse,Y,high,"Tradr 2X long index, monthly reset"
S000086112,Tradr 2X Long Innovation 100 Quarterly ETF,INVESTMENT MANAGERS SERIES TRUST II,,QQQP,2025,2026,2,,14756645,,leveraged_inverse,Y,medium,"Tradr 2X leveraged, quarterly reset"
S000086119,Tradr 2X Long SPY Quarterly ETF,INVESTMENT MANAGERS SERIES TRUST II,,SPYQ,2025,2026,2,,11323413,,leveraged_inverse,Y,high,2X long SPY quarterly
S000086142,Tradr 1X Short Innovation 100 Monthly ETF,INVESTMENT MANAGERS SERIES TRUST II,,SMQ,2026,2026,1,,968944,,leveraged_inverse,Y,high,-1X monthly inverse
S000086172,T. Rowe Price Technology ETF,"T. Rowe Price Exchange-Traded Funds, Inc.",,TTEQ,2024,2025,2,,49865779,,equity_longonly,Y,high,TRP sector equity 2024
S000086184,Kurv Yield Premium Strategy Amazon (AMZN) ETF,KURV ETF Trust,,AMZP,2025,2025,1,,5791968.06,,equity_options,Y,high,"Kurv yield premium, single stock calls"
S000086185,Kurv Yield Premium Strategy Apple (AAPL) ETF,KURV ETF Trust,,AAPY,2025,2025,1,,2381829.945,,equity_options,Y,high,"Kurv yield premium, single stock calls"
S000086186,Kurv Yield Premium Strategy Google (GOOGL) ETF,KURV ETF Trust,,GOOP,2025,2025,1,,4402921.103,,equity_options,Y,high,Kurv yield premium on single stock
S000086187,Kurv Yield Premium Strategy Microsoft (MSFT) ETF,KURV ETF Trust,,MSFY,2025,2025,1,,2882350.14,,equity_options,Y,high,Kurv yield premium single stock
S000086188,Kurv Yield Premium Strategy Netflix (NFLX) ETF,KURV ETF Trust,,NFLP,2025,2025,1,,5124917.445,,equity_options,Y,high,Kurv yield premium single stock
S000086189,Kurv Yield Premium Strategy Tesla (TSLA) ETF,KURV ETF Trust,,TSLP,2025,2025,1,,10479185.376,,equity_options,Y,high,Kurv yield premium single stock
S000086190,Essential 40 Stock ETF,Northern Lights Fund Trust II,,ESN,2025,2025,1,,77882581.43978081,,equity_longonly,Y,high,concentrated US equity
S000086192,Roundhill China Magnificent Seven ETF,Roundhill ETF Trust,,MAGC,2024,2025,2,,31421851.94,,equity_longonly,Y,high,Roundhill China mega-cap basket
S000086268,iShares A.I. Innovation and Tech Active ETF,BlackRock ETF Trust,,BAI,2025,2025,1,,68908517.52857142,,equity_longonly,Y,high,iShares AI thematic equity
S000086269,iShares Technology Opportunities Active ETF,BlackRock ETF Trust,,TEK,2025,2025,1,,16530523.16714285,,equity_longonly,Y,high,iShares active tech equity
S000086344,Innovator Equity Defined Protection ETF - 6 Mo Apr/Oct,Innovator ETFs Trust,,APOC,2024,2025,2,,73890552.490548,,equity_options,Y,high,Innovator defined protection
S000086345,Innovator Equity Defined Protection ETF - 1 Yr October,Innovator ETFs Trust,,ZOCT,2024,2025,2,,72343802.2738356,,equity_options,Y,high,Innovator defined protection
S000086346,Innovator Equity Defined Protection ETF - 1 Yr August,Innovator ETFs Trust,,ZAUG,2024,2025,2,,81336372.6496986,,equity_options,Y,high,Innovator defined protection
S000086347,Innovator Equity Defined Protection ETF - 1 Yr September,Innovator ETFs Trust,,ZSEP,2024,2025,2,,94359460.4903836,,equity_options,Y,high,Innovator defined protection
S000086348,Innovator Equity Defined Protection ETF - 2 Yr to October 2026,Innovator ETFs Trust,,AOCT,2024,2025,2,,79113893.7605479,,equity_options,Y,high,Innovator defined protection
S000086349,Innovator Equity Defined Protection ETF - 2 Yr to January 2027,Innovator ETFs Trust,,TJAN,2025,2025,1,,41885594.0953795,,equity_options,Y,high,Innovator defined protection
S000086350,Innovator Equity Defined Protection ETF - 2 Yr to April 2027,Innovator ETFs Trust,,TAPR,2025,2025,1,,8965672.16004673,,equity_options,Y,high,defined protection
S000086351,Innovator Equity Defined Protection ETF - 2 Yr to October 2027,Innovator ETFs Trust,,TOCT,2025,2025,1,,8132353.24193548,,equity_options,Y,high,Innovator defined protection
S000086352,TradersAI Large Cap Equity & Cash ETF,Tidal Trust III,,HFSP,2025,2025,1,,1001785,,allocation_fof,Y,low,equity/cash rotation sleeve
S000086353,YieldMax BABA Option Income Strategy ETF,Tidal Trust II,,BABO,2024,2025,2,,45157969.449,,equity_options,Y,high,YieldMax option income
S000086355,YieldMax SMCI Option Income Strategy ETF,Tidal Trust II,,SMCY,2024,2025,2,,179938245.444,,equity_options,Y,high,YieldMax single-stock option income
S000086356,YieldMax TSM Option Income Strategy ETF,Tidal Trust II,,TSMY,2024,2025,2,,50756727.458,,equity_options,Y,high,YieldMax option income
S000086357,YieldMax CVNA Option Income Strategy ETF,Tidal Trust II,,CVNY,2025,2025,1,,52063118.319,,equity_options,Y,high,YieldMax single-stock option income
S000086358,YieldMax DKNG Option Income Strategy ETF,Tidal Trust II,,DRAY,2025,2025,1,,11962255.167,,equity_options,Y,high,YieldMax; option income
S000086359,YieldMax HOOD Option Income Strategy ETF,Tidal Trust II,,HOOY,2025,2025,1,,150281422.311,,equity_options,Y,high,YieldMax option income on single stock
S000086361,YieldMax MARA Option Income Strategy ETF,Tidal Trust II,,MARO,2025,2025,1,,69030416.661,,equity_options,Y,high,YieldMax single-stock option income
S000086363,YieldMax PLTR Option Income Strategy ETF,Tidal Trust II,,PLTY,2024,2025,2,,351583863.339,,equity_options,Y,high,YieldMax option income
S000086364,YieldMax RBLX Option Income Strategy ETF,Tidal Trust II,,RBLY,2025,2025,1,,14328062.621,,equity_options,Y,high,YieldMax option income
S000086368,Rockefeller California Municipal Bond ETF,Tidal Trust III,,RMCA,2025,2025,1,,15407236,,fixed_income,Y,high,municipal
S000086369,Rockefeller New York Municipal Bond ETF,Tidal Trust III,,RMNY,2025,2025,1,,7270112,,fixed_income,Y,high,municipal
S000086370,Rockefeller Opportunistic Municipal Bond ETF,Tidal Trust III,,RMOP,2025,2025,1,,119547508,,fixed_income,Y,high,municipal
S000086372,Janus Henderson Emerging Markets Debt Hard Currency ETF,Janus Detroit Street Trust,,JEMB,2024,2025,2,,289573120.71,,fixed_income,Y,high,EM debt
S000086441,GraniteShares YieldBOOST NVDA ETF,GraniteShares ETF Trust,,NVYY,2025,2025,1,,3462846,,equity_options,Y,high,GraniteShares YieldBOOST option income
S000086443,GraniteShares YieldBOOST QQQ ETF,GraniteShares ETF Trust,,TQQY,2025,2025,1,,1350144,,equity_options,Y,high,YieldBOOST put-write on QQQ
S000086444,GraniteShares YieldBOOST SPY ETF,GraniteShares ETF Trust,,YSPY,2025,2025,1,,1632918,,equity_options,Y,high,YieldBOOST option income on SPY
S000086449,GraniteShares YieldBOOST TSLA ETF,GraniteShares ETF Trust,,TSYY,2025,2025,1,,5700660,,equity_options,Y,high,YieldBOOST put-write single stock
S000086456,GraniteShares YieldBOOST Bitcoin ETF,GraniteShares ETF Trust,,XBTY,2025,2025,1,,2854883,,crypto_digital,Y,high,YieldBOOST option income on bitcoin
S000086490,FT Vest U.S. Equity Max Buffer ETF - August,First Trust Exchange-Traded Fund VIII,,AUGM,2025,2025,1,,21393425.39,,equity_options,Y,high,FT Vest max buffer
S000086491,FT Vest U.S. Equity Max Buffer ETF - September,First Trust Exchange-Traded Fund VIII,,SEPM,2025,2025,1,,23231271.14,,equity_options,Y,high,FT Vest max buffer
S000086501,Dimensional US Vector Equity ETF,Dimensional ETF Trust,,DXUV,2024,2025,2,,181625726.41,,equity_longonly,Y,high,Dimensional; US vector
S000086502,Dimensional International Vector Equity ETF,Dimensional ETF Trust,,DXIV,2024,2025,2,,81763829.02,,equity_longonly,Y,high,Dimensional; intl vector
S000086503,Dimensional Emerging Markets ex China Core Equity ETF,Dimensional ETF Trust,,DEXC,2025,2025,1,,149199141.16,,equity_longonly,Y,high,Dimensional equity
S000086506,Texas Capital Government Money Market ETF,Texas Capital Funds Trust,,MMKT,2024,2025,2,,54133106.2063013,,other,Y,high,government money market ETF
S000086526,Eventide High Dividend ETF,Strategy Shares,,ELCV,2025,2025,1,,50838211.47,,equity_longonly,Y,high,Eventide; dividend equity
S000086569,Twin Oak Short Horizon Absolute Return ETF,Manager Directed Portfolios,,TOAK,2025,2025,1,,20313059.067,,equity_options,Y,high,QQQ puts/calls/debit spreads; looked up
S000086570,Twin Oak Active Opportunities ETF,Manager Directed Portfolios,,TSPX,2025,2025,1,,335542515.813,,allocation_fof,Y,high,82% VOO + ultra-short bond ETFs; looked up
S000086576,T-Rex 2X Inverse Ether Daily Target ETF,World Funds Trust,,ETQ,2024,2025,2,,1531947,,leveraged_inverse,Y,high,2x inverse ether daily
S000086577,T-Rex 2X Long Ether Daily Target ETF,World Funds Trust,,ETU,2024,2025,2,,17786142,,leveraged_inverse,Y,high,2x long ether daily
S000086582,Roundhill S&P 500 No Dividend Target ETF,Roundhill ETF Trust,,XDIV,2025,2025,1,,12722034.662,,allocation_fof,Y,high,looked up; holds IVV 99.9% as ETF-of-ETF
S000086585,Roundhill Ether Covered Call Strategy ETF,Roundhill ETF Trust,,YETH,2024,2025,2,,63935717.098,,crypto_digital,Y,high,ether covered call
S000086592,Harbor Active Small Cap ETF,Harbor ETF Trust,,SMLL,2024,2025,2,,16873287.84,,equity_longonly,Y,high,active small cap equity
S000086635,Leverage Shares 2X Long TSLA Daily ETF ,Themes ETF Trust,,TSLG,2025,2025,1,,24158747,,leveraged_inverse,Y,high,2x long daily single stock
S000086636,Leverage Shares 2X Long TSM Daily ETF ,Themes ETF Trust,,TSMG,2025,2025,1,,3217326,,leveraged_inverse,Y,high,2x long daily single stock
S000086639,Leverage Shares 2X Long AMD Daily ETF ,Themes ETF Trust,,AMDG,2025,2025,1,,7757202,,leveraged_inverse,Y,high,2X Long daily single stock
S000086640,Leverage Shares 2X Long ARM Daily ETF ,Themes ETF Trust,,ARMG,2025,2025,1,,8297255,,leveraged_inverse,Y,high,2X Long daily single stock
S000086641,Leverage Shares 2X Long ASML Daily ETF ,Themes ETF Trust,,ASMG,2025,2025,1,,10738998,,leveraged_inverse,Y,high,2X Long daily single stock
S000086642,Leverage Shares 2X Long BA Daily ETF ,Themes ETF Trust,,BOEG,2025,2025,1,,1182484,,leveraged_inverse,Y,high,Leverage Shares 2x daily single-stock
S000086643,Leverage Shares 2X Long COIN Daily ETF ,Themes ETF Trust,,COIG,2025,2025,1,,4073372,,leveraged_inverse,Y,high,Leverage Shares 2X daily
S000086646,Leverage Shares 2X Long NVDA Daily ETF ,Themes ETF Trust,,NVDG,2025,2025,1,,12382908,,leveraged_inverse,Y,high,Leverage Shares 2X long single stock
S000086651,Sparkline International Intangible Value ETF,EA Series Trust,,DTAN,2025,2025,1,,5859220.28,,equity_longonly,Y,high,Sparkline; intangible value equity
S000086657,FT Vest Emerging Markets Buffer ETF - December,First Trust Exchange-Traded Fund VIII,,TDEC,2025,2025,1,,7051585.8,,equity_options,Y,high,FT Vest buffer series
S000086658,FT Vest Emerging Markets Buffer ETF - March,First Trust Exchange-Traded Fund VIII,,TMAR,2025,2025,1,,1489248.63,,equity_options,Y,high,FT Vest buffer series
S000086659,FT Vest Emerging Markets Buffer ETF - September,First Trust Exchange-Traded Fund VIII,,TSEP,2025,2025,1,,1704258.89,,equity_options,Y,high,FT Vest buffer series
S000086663,First Trust WCM Developing World Equity ETF,First Trust Exchange-Traded Fund,,WCME,2024,2025,2,,8565358.61,,equity_longonly,Y,high,WCM developing world equity
S000086665,First Trust WCM International Equity ETF,First Trust Exchange-Traded Fund,,WCMI,2024,2025,2,,356036538.21,,equity_longonly,Y,high,WCM international equity
S000086669,GammaRoad Market Navigation ETF,Tidal Trust III,,GMMA,2025,2025,1,Y,4350143,,allocation_fof,Y,high,GammaRoad; tactical allocation FoF
S000086676,Amplify CWP Growth & Income ETF,Amplify ETF Trust,,QDVO,2024,2024,1,,6200751,,equity_options,Y,high,CWP covered call growth & income
S000086715,Rockefeller Global Equity ETF,Tidal Trust III,,RGEF,2025,2025,1,,683786796,,equity_longonly,Y,high,Rockefeller global equity
S000086716,Rockefeller U.S. Small-Mid Cap ETF,Tidal Trust III,,RSMC,2025,2025,1,,749540882,,equity_longonly,Y,high,Rockefeller SMID equity
S000086736,FT Vest U.S. Equity Uncapped Accelerator ETF - January,First Trust Exchange-Traded Fund VIII,,UXJA,2025,2025,1,,3351536.99,,equity_options,Y,high,FT Vest accelerator options
S000086737,FT Vest U.S. Equity Uncapped Accelerator ETF - April,First Trust Exchange-Traded Fund VIII,,UXAP,2025,2025,1,,5324724.55,,equity_options,Y,high,FT Vest accelerator options
S000086738,FT Vest U.S. Equity Uncapped Accelerator ETF - October,First Trust Exchange-Traded Fund VIII,,UXOC,2025,2025,1,,9481637.59,,equity_options,Y,high,FT Vest accelerator options
S000086742,FT Vest U.S. Equity Equal Weight Buffer ETF - December,First Trust Exchange-Traded Fund VIII,,RSDE,2025,2025,1,,12931954.09,,equity_options,Y,high,FT Vest buffer
S000086743,FT Vest U.S. Equity Equal Weight Buffer ETF - March,First Trust Exchange-Traded Fund VIII,,RSMR,2025,2025,1,,3764058.46,,equity_options,Y,high,FT Vest buffer
S000086744,FT Vest U.S. Equity Equal Weight Buffer ETF - September,First Trust Exchange-Traded Fund VIII,,RSSE,2025,2025,1,,17901104.4,,equity_options,Y,high,FT Vest buffer
S000086746,Neuberger Berman Japan Equity ETF,Neuberger Berman ETF Trust,,NBJP,2025,2025,1,,22614890.03666666,,equity_longonly,Y,high,"Neuberger Berman active equity, Japan"
S000086826,Columbia Short Duration High Yield ETF,Columbia ETF Trust I,,HYSD,2025,2026,2,,86553817.82,,fixed_income,Y,high,Columbia short duration HY
S000086827,Columbia U.S. High Yield ETF,Columbia ETF Trust I,,NJNK,2025,2026,2,,38520916.97,,fixed_income,Y,high,US high yield
S000086878,Intelligent Livermore ETF,EA Series Trust,,LIVR,2025,2025,1,,18840727.334,,equity_longonly,Y,medium,active concentrated stock strategy
S000086979,Calamos S&P 500 Structured Alt Protection ETF - April,Calamos ETF Trust,,CPSP,2025,2025,1,,15423980.06,,equity_options,Y,high,Calamos structured protection series
S000086980,Calamos S&P 500 Structured Alt Protection ETF - December,Calamos ETF Trust,,CPSD,2025,2025,1,,48096389.36,,equity_options,Y,high,Calamos structured protection series
S000086981,Calamos S&P 500 Structured Alt Protection ETF - February,Calamos ETF Trust,,CPSF,2025,2025,1,,22975998.77,,equity_options,Y,high,Calamos structured protection series
S000086982,Calamos S&P 500 Structured Alt Protection ETF - January,Calamos ETF Trust,,CPSY,2025,2025,1,,20255926.18,,equity_options,Y,high,Calamos structured protection series
S000086983,Calamos S&P 500 Structured Alt Protection ETF - June,Calamos ETF Trust,,CPSU,2025,2025,1,,18440879.6,,equity_options,Y,high,Calamos structured protection series
S000086984,Calamos S&P 500 Structured Alt Protection ETF - March,Calamos ETF Trust,,CPSR,2025,2025,1,,21523284.68,,equity_options,Y,high,Calamos structured protection series
S000086985,Calamos S&P 500 Structured Alt Protection ETF - November,Calamos ETF Trust,,CPSN,2025,2025,1,,19839210.02,,equity_options,Y,high,Calamos structured protection series
S000086986,Calamos S&P 500 Structured Alt Protection ETF - October,Calamos ETF Trust,,CPSO,2025,2025,1,,21057776.81,,equity_options,Y,high,Calamos structured protection series
S000087366,Kensington Hedged Premium Income ETF,Managed Portfolio Series,,KHPI,2024,2025,2,,153606614,,equity_options,Y,high,hedged premium income
S000087460,T-REX 2X LONG CRCL DAILY TARGET ETF,ETF Opportunities Trust,,CCUP,2025,2025,1,,13999660,,leveraged_inverse,Y,high,T-REX 2X daily target
S000087463,T-REX 2X LONG ARM DAILY TARGET ETF,ETF Opportunities Trust,,ARMU,2025,2025,1,,1823838,,leveraged_inverse,Y,high,T-REX 2X daily
S000087465,T-REX 2X Long CRWV Daily Target ETF,ETF Opportunities Trust,,CRWU,2025,2025,1,,15196233,,leveraged_inverse,Y,high,T-REX 2X daily target
S000087466,T-REX 2X Long SMR Daily Target ETF,ETF Opportunities Trust,,SMUP,2025,2025,1,,6303955,,leveraged_inverse,Y,high,2X single-stock daily
S000087468,T-REX 2X Long DJT Daily Target ETF,ETF Opportunities Trust,,DJTU,2025,2025,1,,8848317,,leveraged_inverse,Y,high,T-REX 2X single stock daily
S000087469,T-REX 2X Long GME Daily Target ETF,ETF Opportunities Trust,,GMEU,2025,2025,1,,23320001,,leveraged_inverse,Y,high,T-REX 2x single-stock daily
S000087470,T-REX 2X Long HOOD Daily Target ETF,ETF Opportunities Trust,,ROBN,2025,2025,1,,152487331,,leveraged_inverse,Y,high,2X single-stock daily
S000087472,T-Rex 2X Long NFLX Daily Target ETF,ETF Opportunities Trust,,NFLU,2025,2025,1,,11215922.66,,leveraged_inverse,Y,high,T-Rex 2X long single stock
S000087474,T-REX 2X Long BULL Daily Target ETF,ETF Opportunities Trust,,BULU,2025,2025,1,,1324764,,leveraged_inverse,Y,high,T-REX 2X daily target
S000087475,T-REX 2X Long RBLX Daily Target ETF,ETF Opportunities Trust,,RBLU,2025,2025,1,,6608416,,leveraged_inverse,Y,high,T-Rex daily 2X long single-stock
S000087477,T-REX 2X Long DKNG Daily Target ETF,ETF Opportunities Trust,,DKUP,2025,2025,1,,886011,,leveraged_inverse,Y,high,T-REX 2X single stock daily
S000087479,T-REX 2X Long SNOW Daily Target ETF,ETF Opportunities Trust,,SNOU,2025,2025,1,,6100563,,leveraged_inverse,Y,high,2X single-stock daily
S000087592,LifeX 2048 Longevity Income ETF,Stone Ridge Trust,,LFAE,2024,2024,1,,2251277,,fixed_income,Y,medium,LifeX treasury ladder
S000087593,LifeX 2057 Longevity Income ETF,Stone Ridge Trust,,LFAR,2024,2024,1,,1900800,,fixed_income,Y,medium,LifeX treasury ladder
S000087594,LifeX 2058 Longevity Income ETF,Stone Ridge Trust,,LFAU,2024,2024,1,,1830765,,fixed_income,Y,medium,LifeX treasury ladder
S000087595,LifeX 2059 Longevity Income ETF,Stone Ridge Trust,,LFAV,2024,2024,1,,2009715,,fixed_income,Y,medium,LifeX treasury ladder
S000087596,LifeX 2060 Longevity Income ETF,Stone Ridge Trust,,LFAW,2024,2025,2,,2735706,,fixed_income,Y,medium,LifeX treasury ladder
S000087597,LifeX 2061 Longevity Income ETF,Stone Ridge Trust,,LFAX,2024,2024,1,,1838112,,fixed_income,Y,medium,LifeX treasury ladder
S000087598,LifeX 2062 Longevity Income ETF,Stone Ridge Trust,,LFAZ,2024,2024,1,,1801557,,fixed_income,Y,medium,LifeX treasury ladder
S000087599,LifeX 2063 Longevity Income ETF,Stone Ridge Trust,,LFBB,2024,2024,1,,1905095,,fixed_income,Y,medium,LifeX treasury ladder
S000087600,LifeX 2048 Inflation-Protected Longevity Income ETF,Stone Ridge Trust,,LIAB,2024,2024,1,,1891080,,fixed_income,Y,high,Stone Ridge LifeX; TIPS/treasury income ladder
S000087601,LifeX 2049 Inflation-Protected Longevity Income ETF,Stone Ridge Trust,,LIAC,2024,2024,1,,1813711,,fixed_income,Y,high,Stone Ridge LifeX; TIPS/treasury income ladder
S000087602,LifeX 2050 Inflation-Protected Longevity Income ETF,Stone Ridge Trust,,LIAE,2024,2025,2,,3588737,,fixed_income,Y,high,Stone Ridge LifeX; TIPS/treasury income ladder
S000087603,LifeX 2049 Longevity Income ETF,Stone Ridge Trust,,LFAF,2024,2024,1,,2382442,,fixed_income,Y,medium,LifeX treasury ladder
S000087604,LifeX 2051 Inflation-Protected Longevity Income ETF,Stone Ridge Trust,,LIAF,2024,2024,1,,1796968,,fixed_income,Y,high,Stone Ridge LifeX; TIPS/treasury income ladder
S000087605,LifeX 2052 Inflation-Protected Longevity Income ETF,Stone Ridge Trust,,LIAG,2024,2024,1,,1838103,,fixed_income,Y,high,Stone Ridge LifeX; TIPS/treasury income ladder
S000087606,LifeX 2053 Inflation-Protected Longevity Income ETF,Stone Ridge Trust,,LIAJ,2024,2024,1,,1818713,,fixed_income,Y,high,Stone Ridge LifeX; TIPS/treasury income ladder
S000087607,LifeX 2054 Inflation-Protected Longevity Income ETF,Stone Ridge Trust,,LIAK,2024,2024,1,,1990161,,fixed_income,Y,high,Stone Ridge LifeX; TIPS/treasury income ladder
S000087608,LifeX 2055 Inflation-Protected Longevity Income ETF,Stone Ridge Trust,,LIAM,2024,2025,2,,3631356,,fixed_income,Y,high,Stone Ridge LifeX; TIPS/treasury income ladder
S000087609,LifeX 2056 Inflation-Protected Longevity Income ETF,Stone Ridge Trust,,LIAO,2024,2024,1,,2210162,,fixed_income,Y,high,Stone Ridge LifeX; TIPS/treasury income ladder
S000087610,LifeX 2057 Inflation-Protected Longevity Income ETF,Stone Ridge Trust,,LIAP,2024,2024,1,,1889472,,fixed_income,Y,high,Stone Ridge LifeX; TIPS/treasury income ladder
S000087611,LifeX 2058 Inflation-Protected Longevity Income ETF,Stone Ridge Trust,,LIAQ,2024,2024,1,,1898427,,fixed_income,Y,high,Stone Ridge LifeX; TIPS/treasury income ladder
S000087612,LifeX 2059 Inflation-Protected Longevity Income ETF,Stone Ridge Trust,,LIAT,2024,2024,1,,2047221,,fixed_income,Y,high,Stone Ridge LifeX; TIPS/treasury income ladder
S000087613,LifeX 2060 Inflation-Protected Longevity Income ETF,Stone Ridge Trust,,LIAU,2024,2025,2,,3627499,,fixed_income,Y,high,Stone Ridge LifeX; TIPS/treasury income ladder
S000087614,LifeX 2050 Longevity Income ETF,Stone Ridge Trust,,LFAI,2024,2025,2,,3122385,,fixed_income,Y,medium,LifeX treasury ladder
S000087615,LifeX 2061 Inflation-Protected Longevity Income ETF,Stone Ridge Trust,,LIAV,2024,2024,1,,1794709,,fixed_income,Y,high,Stone Ridge LifeX; TIPS/treasury income ladder
S000087616,LifeX 2062 Inflation-Protected Longevity Income ETF,Stone Ridge Trust,,LIAW,2024,2024,1,,1821149,,fixed_income,Y,high,Stone Ridge LifeX; TIPS/treasury income ladder
S000087617,LifeX 2063 Inflation-Protected Longevity Income ETF,Stone Ridge Trust,,LIAX,2024,2024,1,,2288289,,fixed_income,Y,high,Stone Ridge LifeX; TIPS/treasury income ladder
S000087618,LifeX 2051 Longevity Income ETF,Stone Ridge Trust,,LFAJ,2024,2024,1,,1983468,,fixed_income,Y,medium,LifeX treasury ladder
S000087619,LifeX 2052 Longevity Income ETF,Stone Ridge Trust,,LFAK,2024,2024,1,,2087093,,fixed_income,Y,medium,LifeX treasury ladder
S000087620,LifeX 2053 Longevity Income ETF,Stone Ridge Trust,,LFAL,2024,2024,1,,1852071,,fixed_income,Y,medium,LifeX treasury ladder
S000087621,LifeX 2054 Longevity Income ETF,Stone Ridge Trust,,LFAN,2024,2024,1,,2058258,,fixed_income,Y,medium,LifeX treasury ladder
S000087622,LifeX 2055 Longevity Income ETF,Stone Ridge Trust,,LFAO,2024,2025,2,,3245739,,fixed_income,Y,medium,LifeX treasury ladder
S000087623,LifeX 2056 Longevity Income ETF,Stone Ridge Trust,,LFAQ,2024,2024,1,,1836786,,fixed_income,Y,medium,LifeX treasury ladder
S000087624,Congress Intermediate Bond ETF,Professionally Managed Portfolios,,CAFX,2024,2025,2,,268058838,,fixed_income,Y,high,intermediate bond
S000087661,Innovator U.S. Small Cap Managed Floor ETF,Innovator ETFs Trust,,RFLR,2024,2025,2,,17335755.1976164,,equity_options,Y,high,Innovator managed floor
S000087668,SPDR S&P Emerging Markets ex-China ETF,SPDR INDEX SHARES FUNDS,,XCNY,2024,2024,1,,5184384.67,,equity_longonly,Y,medium,SPDR EM ex-China stock portfolio; filed non-index
S000087669,Roundhill Russell 2000 0DTE Covered Call Strategy ETF,Roundhill ETF Trust,,RDTE,2024,2025,2,,153422754.658,,equity_options,Y,high,0DTE covered call
S000087670,State Street(R) US Equity Premium Income ETF,SSGA Active Trust,,SPIN,2025,2025,1,,56438996.72,,equity_options,Y,high,equity premium income
S000087697,AllianzIM 6 Month Buffer10 Allocation ETF,AIM ETF Products Trust,,SPBX,2025,2025,1,Y,27236734.03,,allocation_fof,Y,high,AllianzIM allocation; fof flag
S000087698,AllianzIM Buffer20 Allocation ETF,AIM ETF Products Trust,,SPBW,2025,2025,1,Y,30830525.75,,allocation_fof,Y,high,AllianzIM allocation; fof flag
S000087726,Select STOXX Europe Aerospace & Defense ETF,Spinnaker ETF Series,,EUAD,2025,2025,1,,456889174.28,,equity_longonly,Y,high,Europe aerospace/defense equity
S000087737,BNY Mellon Concentrated Growth ETF,BNY Mellon ETF Trust II,,BKCG,2025,2025,1,,125657493,,equity_longonly,Y,high,BNY concentrated growth
S000087738,BNY Mellon Dynamic Value ETF,BNY Mellon ETF Trust II,,BKDV,2025,2025,1,,259101110,,equity_longonly,Y,high,BNY dynamic value
S000087747,Zacks Focus Growth ETF,Zacks Trust,,GROZ,2025,2025,1,,24978637.15254848,,equity_longonly,Y,high,Zacks focus growth
S000087748,SPDR Galaxy Digital Asset Ecosystem ETF,SSGA Active Trust,,DECO,2024,2025,2,,9602053.49538461,,equity_longonly,Y,medium,"digital-asset ecosystem equities, thematic"
S000087749,SPDR Galaxy Transformative Tech Accelerators ETF,SSGA Active Trust,,TEKX,2024,2025,2,,3560631.75076923,,equity_longonly,Y,high,SPDR active thematic tech equity
S000087750,SPDR Galaxy Hedged Digital Asset Ecosystem ETF,SSGA Active Trust,,HECO,2024,2025,2,,93437912.39307692,,crypto_digital,Y,high,SPDR Galaxy hedged digital assets
S000087755,STKd 100% Bitcoin & 100% Gold ETF,Tidal Trust II,,BTGD,2025,2026,2,,70320372.14,,crypto_digital,Y,medium,stacked 100% BTC + 100% gold
S000087757,JANUS HENDERSON MID CAP GROWTH ALPHA ETF,Janus Detroit Street Trust,,JMID,2024,2025,2,,19688978.17,,equity_longonly,Y,high,mid cap growth
S000087771,T-Rex 2X Inverse MSTR Daily Target ETF,ETF Opportunities Trust,,MSTZ,2025,2025,1,,118004973.8,,leveraged_inverse,Y,high,T-Rex 2X inverse single stock
S000087772,T-Rex 2X Long MSTR Daily Target ETF,ETF Opportunities Trust,,MSTU,2025,2025,1,,1265416577.05,,leveraged_inverse,Y,high,T-Rex 2X long single stock
S000087776,VanEck AA-BB CLO ETF,VanEck ETF Trust,,CLOB,2024,2025,2,,112244310.06461538,,fixed_income,Y,high,CLO
S000087779,Fidelity Enhanced U.S. All-Cap Equity ETF,Fidelity Covington Trust,,FEAC,2025,2025,1,,4355055,,equity_longonly,N,medium,Fidelity Enhanced active equity
S000087780,Fidelity Enhanced Emerging Markets ETF,Fidelity Covington Trust,,FEMR,2025,2025,1,,10273200,,equity_longonly,N,medium,Fidelity Enhanced active equity
S000087781,Fidelity Fundamental Developed International ETF,Fidelity Covington Trust,,FFDI,2025,2025,1,,12940355,,equity_longonly,N,medium,Fidelity Fundamental active equity
S000087782,Fidelity Fundamental Global ex US ETF,Fidelity Covington Trust,,FFGX,2025,2025,1,,19966437,,equity_longonly,N,medium,Fidelity Fundamental active equity
S000087783,Fidelity Fundamental Emerging Markets ETF,Fidelity Covington Trust,,FFEM,2025,2025,1,,10903789,,equity_longonly,N,medium,Fidelity Fundamental active equity
S000087942,SPDR SSGA My2026 Corporate Bond ETF,SSGA Active Trust,,MYCF,2025,2025,1,,17638963.77833333,,fixed_income,Y,high,SPDR SSGA target-maturity corporate bond
S000087943,SPDR SSGA My2026 Municipal Bond ETF,SSGA Active Trust,,MYMF,2025,2025,1,,5084410.6975,,fixed_income,Y,high,SPDR SSGA target-maturity municipal bond
S000087944,SPDR SSGA My2027 Municipal Bond ETF,SSGA Active Trust,,MYMG,2025,2025,1,,5048587.0225,,fixed_income,Y,high,SPDR SSGA target-maturity municipal bond
S000087945,SPDR SSGA My2028 Municipal Bond ETF,SSGA Active Trust,,MYMH,2025,2025,1,,4916809.66333333,,fixed_income,Y,high,SPDR SSGA target-maturity municipal bond
S000087946,SPDR SSGA My2029 Municipal Bond ETF,SSGA Active Trust,,MYMI,2025,2025,1,,7254563.24833333,,fixed_income,Y,high,SPDR SSGA target-maturity municipal bond
S000087947,SPDR SSGA My2030 Municipal Bond ETF,SSGA Active Trust,,MYMJ,2025,2025,1,,7473461.12583333,,fixed_income,Y,high,SPDR SSGA target-maturity municipal bond
S000087948,SPDR SSGA My2027 Corporate Bond ETF,SSGA Active Trust,,MYCG,2025,2025,1,,12458966.85666666,,fixed_income,Y,high,SPDR SSGA target-maturity corporate bond
S000087949,SPDR SSGA My2028 Corporate Bond ETF,SSGA Active Trust,,MYCH,2025,2025,1,,15867640.74083333,,fixed_income,Y,high,SPDR SSGA target-maturity corporate bond
S000087950,SPDR SSGA My2029 Corporate Bond ETF,SSGA Active Trust,,MYCI,2025,2025,1,,15083896.5875,,fixed_income,Y,high,SPDR SSGA target-maturity corporate bond
S000087951,SPDR SSGA My2030 Corporate Bond ETF,SSGA Active Trust,,MYCJ,2025,2025,1,,12857221.51333333,,fixed_income,Y,high,SPDR SSGA target-maturity corporate bond
S000087952,SPDR SSGA My2031 Corporate Bond ETF,SSGA Active Trust,,MYCK,2025,2025,1,,5749047.67916666,,fixed_income,Y,high,SPDR SSGA target-maturity corporate bond
S000087953,SPDR SSGA My2032 Corporate Bond ETF,SSGA Active Trust,,MYCL,2025,2025,1,,5811086.105,,fixed_income,Y,high,SPDR SSGA target-maturity corporate bond
S000087954,SPDR SSGA My2033 Corporate Bond ETF,SSGA Active Trust,,MYCM,2025,2025,1,,5706481.985,,fixed_income,Y,high,SPDR SSGA target-maturity corporate bond
S000087955,SPDR SSGA My2034 Corporate Bond ETF,SSGA Active Trust,,MYCN,2025,2025,1,,6592718.5725,,fixed_income,Y,high,SPDR SSGA target-maturity corporate bond
S000088022,Harbor PanAgora Dynamic Large Cap Core ETF,Harbor ETF Trust,,INFO,2024,2025,2,,236576182.53,,equity_longonly,Y,high,quant large cap core
S000088027,Brookmont Catastrophic Bond ETF,ETF Opportunities Trust,,ILS,2025,2025,1,,13828015.14,,fixed_income,Y,medium,catastrophe bonds
S000088047,Calamos Laddered S&P 500 Structured Alt Protection ETF,Calamos ETF Trust,,CPSL,2025,2025,1,Y,49746164.61545454,,equity_options,Y,medium,"laddered structured protection, FoF Y"
S000088111,Astoria US Quality Growth Kings ETF,EA Series Trust,,GQQQQ,2025,2025,1,,142711901.22,,equity_longonly,Y,high,Astoria quality growth equities
S000088119,Morgan Stanley Pathway Large Cap Equity ETF,MORGAN STANLEY PATHWAY FUNDS,,MSLC,2025,2025,1,,2877222921.31,,equity_longonly,Y,high,Morgan Stanley Pathway large cap equity
S000088120,Morgan Stanley Pathway Small-Mid Cap Equity ETF,MORGAN STANLEY PATHWAY FUNDS,,MSSM,2025,2025,1,,573027404.19,,equity_longonly,Y,high,Morgan Stanley Pathway small-mid equity
S000088134,Cambria Tax Aware ETF,EA Series Trust,,TAX,2025,2025,1,Y,28917169.451,,allocation_fof,Y,medium,fof of Cambria ETFs; fof flag
S000088135,Cambria Endowment Style ETF,EA Series Trust,,ENDW,2025,2025,1,Y,113876610.01,,allocation_fof,Y,high,Cambria endowment multi-asset; FoF flag
S000088148,Innovator Equity Defined Protection ETF - 1 Yr November,Innovator ETFs Trust,,ZNOV,2024,2025,2,,46237031.8978904,,equity_options,Y,high,Innovator defined protection
S000088150,Innovator Equity Defined Protection ETF - 1 Yr December,Innovator ETFs Trust,,ZDEK,2025,2025,1,,130415347.579731,,equity_options,Y,high,Innovator defined protection
S000088152,Innovator Equity Defined Protection ETF - 1 Yr January,Innovator ETFs Trust,,ZJAN,2025,2025,1,,50960620.3033663,,equity_options,Y,high,Innovator defined protection
S000088154,Innovator Equity Defined Protection ETF - 1 Yr February,Innovator ETFs Trust,,ZFEB,2025,2025,1,,118974850.50679,,equity_options,Y,high,Innovator defined protection
S000088156,Innovator Equity Defined Protection ETF - 1 Yr March,Innovator ETFs Trust,,ZMAR,2025,2025,1,,100155027.322181,,equity_options,Y,high,Innovator defined protection
S000088158,Innovator Equity Defined Protection ETF - 1 Yr April,Innovator ETFs Trust,,ZAPR,2025,2025,1,,38116585.0594393,,equity_options,Y,high,Innovator defined protection
S000088160,Innovator Equity Defined Protection ETF - 1 Yr May,Innovator ETFs Trust,,ZMAY,2025,2025,1,,35520308.7740761,,equity_options,Y,high,Innovator defined protection
S000088162,Innovator Equity Defined Protection ETF - 1 Yr June,Innovator ETFs Trust,,ZJUN,2025,2025,1,,50472462.3688816,,equity_options,Y,high,Innovator defined protection
S000088173,Virtus KAR Mid-Cap ETF,Virtus ETF Trust II,,KMID,2025,2025,1,,18311468,,equity_longonly,Y,high,KAR mid cap equity
S000088187,Aptus Large Cap Upside ETF,ETF Series Solutions,,UPSD,2025,2025,1,,25610369.34,,equity_longonly,Y,medium,large-cap equity via total return swaps; looked up
S000088209,FT Vest U.S. Equity Max Buffer ETF - April,First Trust Exchange-Traded Fund VIII,,APXM,2025,2025,1,,4477147.87,,equity_options,Y,high,FT Vest max buffer
S000088210,FT Vest U.S. Equity Max Buffer ETF - December,First Trust Exchange-Traded Fund VIII,,DECM,2025,2025,1,,28973838.58,,equity_options,Y,high,FT Vest max buffer series
S000088211,FT Vest U.S. Equity Max Buffer ETF - February,First Trust Exchange-Traded Fund VIII,,FEBM,2025,2025,1,,34275285.63,,equity_options,Y,high,FT Vest; max buffer
S000088212,FT Vest U.S. Equity Max Buffer ETF - January,First Trust Exchange-Traded Fund VIII,,JANM,2025,2025,1,,22505780.33,,equity_options,Y,high,FT Vest max buffer
S000088213,FT Vest U.S. Equity Max Buffer ETF - May,First Trust Exchange-Traded Fund VIII,,MAYM,2025,2025,1,,8114351.87,,equity_options,Y,high,FT Vest max buffer
S000088214,FT Vest U.S. Equity Max Buffer ETF - November,First Trust Exchange-Traded Fund VIII,,NOVM,2025,2025,1,,18410962.21,,equity_options,Y,high,FT Vest max buffer
S000088215,FT Vest U.S. Equity Max Buffer ETF - October,First Trust Exchange-Traded Fund VIII,,OCTM,2025,2025,1,,25690560.25,,equity_options,Y,high,FT Vest max buffer
S000088240,Atlas America Fund,2023 ETF Series Trust,,USAF,2025,2025,1,,11810643,,allocation_fof,Y,high,ETF-of-ETFs treasuries + commodities; looked up
S000088287,GraniteShares 2x Long INTC Daily ETF,GraniteShares ETF Trust,,INTW,2025,2025,1,,18611125,,leveraged_inverse,Y,high,2x single stock daily
S000088289,GraniteShares 2x Long MU Daily ETF,GraniteShares ETF Trust,,MULL,2025,2025,1,,4141689,,leveraged_inverse,Y,high,GraniteShares 2x long single stock
S000088293,GraniteShares 2x Long QCOM Daily ETF,GraniteShares ETF Trust,,QCML,2025,2025,1,,1374952,,leveraged_inverse,Y,high,GraniteShares daily 2x long single-stock
S000088294,GraniteShares 2x Long SMCI Daily ETF,GraniteShares ETF Trust,,SMCL,2025,2025,1,,36683194,,leveraged_inverse,Y,high,2X single-stock daily
S000088295,GraniteShares 2x Long TSM Daily ETF,GraniteShares ETF Trust,,TSMU,2025,2025,1,,6983023,,leveraged_inverse,Y,high,2x long daily single stock
S000088316,GraniteShares 2x Long CRWD Daily ETF,GraniteShares ETF Trust,,CRWL,2025,2025,1,,15536010,,leveraged_inverse,Y,high,GraniteShares 2x daily
S000088317,GraniteShares 2x Long DELL Daily ETF,GraniteShares ETF Trust,,DLLL,2025,2025,1,,4356500,,leveraged_inverse,Y,high,GraniteShares 2x single stock daily
S000088329,Ned Davis Research 360 Dynamic Allocation ETF,Tidal Trust III,,NDAA,2025,2025,1,Y,2033994,,allocation_fof,Y,high,fof Y; dynamic allocation
S000088334,FT Vest U.S. Equity Quarterly Dynamic Buffer ETF,First Trust Exchange-Traded Fund VIII,,FHDG,2025,2025,1,,7377472.9,,equity_options,Y,high,FT Vest; dynamic buffer
S000088336,FT Vest U.S. Equity Quarterly 2.5 to 15 Buffer ETF,First Trust Exchange-Traded Fund VIII,,DHDG,2025,2025,1,,21078701.58,,equity_options,Y,high,FT Vest; buffer
S000088341,Cohen & Steers Real Estate Active ETF,Cohen & Steers ETF Trust,,CSRE,2025,2026,2,,120524425.54692307,,equity_longonly,Y,medium,REIT equity
S000088342,Cohen & Steers Natural Resources Active ETF,Cohen & Steers ETF Trust,,CSNR,2025,2026,2,,46714413.04384615,,equity_longonly,Y,medium,natural resource equities
S000088353,Simplify Currency Strategy ETF,Simplify Exchange Traded Funds,,FOXY,2025,2025,1,,11184139,,other,Y,high,Simplify; currency strategy
S000088354,Simplify Bond Bull ETF,Simplify Exchange Traded Funds,,RFIX,2025,2025,1,,109706765,,fixed_income,Y,medium,Simplify rate-option bond bull
S000088355,Simplify Gold Strategy PLUS Income ETF,Simplify Exchange Traded Funds,,YGLD,2025,2025,1,,17833543,,commodity_futures,Y,high,gold strategy with option income
S000088363,Unusual Whales Subversive Democratic Trading ETF,Tidal Trust I,,NANC,2025,2025,1,,214183285.8,,equity_longonly,Y,high,congressional-disclosure stock portfolio
S000088364,Unusual Whales Subversive Republican Trading ETF,Tidal Trust I,,GOP,2025,2025,1,,50099927.01,,equity_longonly,Y,high,congressional-trading equities
S000088373,AB International Buffer ETF,"AB Active ETFs, Inc.",,BUFI,2025,2025,1,,41092515.16583333,,equity_options,Y,high,AB buffer series
S000088374,AB Moderate Buffer ETF,"AB Active ETFs, Inc.",,BUFM,2025,2025,1,,158093915.25333333,,equity_options,Y,high,AB buffer series
S000088407,iShares LifePath Target Date 2070 ETF,iShares Trust,,ITDJ,2025,2025,1,Y,1903931.59,,allocation_fof,Y,high,"target date, fof=Y"
S000088408,iShares International Country Rotation Active ETF,BlackRock ETF Trust,,CORO,2025,2025,1,Y,6962791.75625,,allocation_fof,Y,medium,"country rotation via iShares ETFs, FoF Y"
S000088410,iShares High Yield Muni Active ETF,BlackRock ETF Trust II,,HIMU,2025,2025,1,,1914476488.87222222,,fixed_income,Y,high,iShares high yield muni
S000088426,Goldman Sachs U.S. Large Cap Buffer 1 ETF,Goldman Sachs ETF Trust,,GBXA,2025,2025,1,,5659159,,equity_options,Y,high,GS buffer
S000088427,Goldman Sachs U.S. Large Cap Buffer 2 ETF,Goldman Sachs ETF Trust,,GBXB,2025,2025,1,,5605863,,equity_options,Y,high,GS buffer
S000088428,Goldman Sachs U.S. Large Cap Buffer 3 ETF,Goldman Sachs ETF Trust,,GBXC,2025,2025,1,,7963682,,equity_options,Y,high,GS buffer
S000088451,Coastal Compass 100 ETF,EA Series Trust,,ROPE,2025,2025,1,,1970284.234,,equity_longonly,Y,low,100-stock name; not verified
S000088454,Brown Advisory Flexible Equity ETF,ADVISORS' INNER CIRCLE FUND III,,BAFE,2025,2025,1,,1145918841,,equity_longonly,Y,high,Brown Advisory equity
S000088455,FM Compounders Equity ETF,Northern Lights Fund Trust IV,,FMCE,2025,2026,2,,62381116.34008217,,equity_longonly,Y,medium,compounders equity
S000088476,Allspring Broad Market Core Bond ETF,ALLSPRING EXCHANGE-TRADED FUNDS TRUST,,AFIX,2025,2025,1,,152107203.45,,fixed_income,Y,high,core bond
S000088477,Allspring Core Plus ETF,ALLSPRING EXCHANGE-TRADED FUNDS TRUST,,APLU,2025,2025,1,,201874576.89333333,,fixed_income,Y,high,core plus bond
S000088478,Allspring Income Plus ETF,ALLSPRING EXCHANGE-TRADED FUNDS TRUST,,AINP,2025,2025,1,,189767218.36,,fixed_income,Y,high,multisector income
S000088479,Allspring LT Large Core ETF,ALLSPRING EXCHANGE-TRADED FUNDS TRUST,,ALRG,2025,2025,1,,8008387.24,,equity_longonly,Y,high,Allspring large core
S000088480,Allspring LT Large Growth ETF,ALLSPRING EXCHANGE-TRADED FUNDS TRUST,,AGRW,2025,2025,1,,96762956.26,,equity_longonly,Y,high,Allspring large growth
S000088481,Allspring Special Large Value ETF,ALLSPRING EXCHANGE-TRADED FUNDS TRUST,,ASLV,2025,2025,1,,163781744.494,,equity_longonly,Y,high,Allspring large value
S000088484,The Beehive ETF,Tidal Trust III,,BEEX,2024,2025,2,,170841353,,equity_longonly,Y,high,looked up: active large/mid cap US stocks
S000088547,GMO Beyond China ETF,2023 ETF Series Trust II,,BCHI,2025,2026,2,,8830405.416,,equity_longonly,Y,high,GMO EM ex-China equity
S000088548,GMO International Quality ETF,2023 ETF Series Trust II,,QLTI,2025,2026,2,,23216912.77,,equity_longonly,Y,high,GMO international quality equity
S000088549,GMO International Value ETF,2023 ETF Series Trust II,,GMOI,2025,2026,2,,84870908.37,,equity_longonly,Y,high,GMO international value
S000088550,GMO Systematic Investment Grade Credit ETF,2023 ETF Series Trust II,,INVG,2025,2026,2,,6380803.64,,fixed_income,Y,high,IG credit
S000088551,GMO U.S. Value ETF,2023 ETF Series Trust II,,GMOV,2025,2026,2,,37362682.94222222,,equity_longonly,Y,high,GMO US value
S000088603,abrdn Emerging Markets Dividend Active ETF,abrdn Funds,,AGEM,2025,2025,1,,77408471.02,,equity_longonly,Y,high,abrdn EM dividend
S000088604,abrdn Focused U.S. Small Cap Active ETF,abrdn Funds,,AFSC,2025,2025,1,,62685810.14222222,,equity_longonly,Y,high,abrdn small cap active
S000088615,VANGUARD CORE TAX-EXEMPT BOND ETF,VANGUARD MUNICIPAL BOND FUNDS,,VCRM,2025,2025,1,,268397779.4125,,fixed_income,Y,high,tax-exempt bond
S000088616,VANGUARD SHORT DURATION TAX-EXEMPT BOND ETF,VANGUARD MUNICIPAL BOND FUNDS,,VSDM,2025,2025,1,,123281329.63416666,,fixed_income,Y,high,short duration tax-exempt
S000088641,Principal International Equity ETF,Principal Exchange-Traded Funds,,PIEQ,2025,2025,1,,433016616.61,,equity_longonly,Y,high,international equity
S000088672,Indexperts Gorilla Aggressive Growth ETF,Spinnaker ETF Series,,RILA,2025,2025,1,,28241101.49,,equity_longonly,Y,low,aggressive growth equity name; not verified
S000088673,Indexperts Quality Earnings Focused ETF,Spinnaker ETF Series,,QIDX,2025,2025,1,,25876056.7,,equity_longonly,Y,medium,quality earnings stock selection
S000088674,Indexperts Yield Focused Fixed Income ETF,Spinnaker ETF Series,,YFFI,2025,2025,1,,16685875.72,,fixed_income,Y,high,yield focused fixed income
S000088737,Pacific NoS Global EM Equity Active ETF,2023 ETF Series Trust,,GEME,2025,2025,1,,42438613.9,,equity_longonly,Y,high,EM equity
S000088743,TCW Corporate Bond ETF,TCW ETF Trust,,IGCB,2025,2025,1,,17694393.43583333,,fixed_income,Y,high,corporate bond
S000088745,Tortoise Electrification Infrastructure ETF,Tortoise Capital Series Trust,,TPZ,2025,2025,1,,161743263,,equity_longonly,Y,medium,Tortoise electrification infrastructure equity
S000088749,Roundhill AMD WeeklyPay ETF,Roundhill ETF Trust,,AMDW,2025,2025,1,,36085632.528,,equity_options,Y,medium,Roundhill WeeklyPay option income
S000088750,Roundhill TSLA WeeklyPay ETF,Roundhill ETF Trust,,TSLW,2025,2025,1,,61395080.25,,equity_options,Y,medium,Roundhill WeeklyPay synthetic + weekly calls
S000088751,Roundhill GOOGL WeeklyPay ETF,Roundhill ETF Trust,,GOOW,2025,2025,1,,37835978.81,,equity_options,Y,medium,Roundhill WeeklyPay on GOOGL; synthetic + calls
S000088752,Roundhill AMZN WeeklyPay ETF,Roundhill ETF Trust,,AMZW,2025,2025,1,,24557583.39,,equity_options,Y,medium,Roundhill WeeklyPay option income
S000088753,Roundhill AAPL WeeklyPay ETF,Roundhill ETF Trust,,AAPW,2025,2025,1,,18732440.408,,equity_options,Y,medium,Roundhill WeeklyPay option income
S000088754,Roundhill COIN WeeklyPay ETF,Roundhill ETF Trust,,COIW,2025,2025,1,,43615427.63,,equity_options,Y,medium,Roundhill WeeklyPay: synthetic exposure + weekly calls
S000088755,Roundhill META WeeklyPay ETF,Roundhill ETF Trust,,METW,2025,2025,1,,25338510.97,,equity_options,Y,high,Roundhill WeeklyPay option income
S000088756,Roundhill MSFT WeeklyPay ETF,Roundhill ETF Trust,,MSFW,2025,2025,1,,21813289.27,,equity_options,Y,high,Roundhill WeeklyPay option income
S000088757,Roundhill PLTR WeeklyPay ETF,Roundhill ETF Trust,,PLTW,2025,2025,1,,118376501.4,,equity_options,Y,high,Roundhill WeeklyPay synthetic covered call
S000088758,Roundhill NVDA WeeklyPay ETF,Roundhill ETF Trust,,NVDW,2025,2025,1,,49947870.09,,equity_options,Y,high,Roundhill WeeklyPay synthetic covered call
S000088762,Janus Henderson Income ETF,Janus Detroit Street Trust,,JIII,2025,2025,1,,102924529.90538463,,fixed_income,Y,high,multi-sector income
S000088766,JPMorgan Flexible Income ETF,J.P. Morgan Exchange-Traded Fund Trust,,JFLI,2025,2025,1,,28502800.78,,fixed_income,Y,medium,multi-sector flexible income
S000088770,JPMorgan Active High Yield ETF,J.P. Morgan Exchange-Traded Fund Trust,,JPHY,2026,2026,1,,2086889882.76,,fixed_income,Y,high,high yield
S000088815,Nuveen AA-BBB CLO ETF,Nushares ETF Trust,,NCLO,2025,2025,1,,83381592.87,,fixed_income,Y,high,CLO
S000088835,Invesco Top QQQ ETF,Invesco Actively Managed Exchange-Traded Fund Trust,,QBIG,2025,2025,1,,30133288.42,,equity_longonly,Y,high,concentrated QQQ-universe equity
S000088867,Oakmark U.S. Large Cap ETF,Harris Oakmark ETF Trust,,OAKM,2025,2025,1,,374908944.103,,equity_longonly,Y,high,Oakmark large cap equity
S000088874,Capital Group U.S. Small and Mid Cap ETF,Capital Group Equity ETF Trust I,,CGMM,2025,2025,1,,127798385,,equity_longonly,Y,high,Capital Group equity
S000088878,MRBL Enhanced Equity ETF,EA Series Trust,,EDGE,2025,2025,1,,5304628.245,,equity_longonly,Y,low,MRBL enhanced equity; quant equity assumed
S000088880, REX Crypto Equity Premium Income ETF,ETF Opportunities Trust,,CEPI,2025,2025,1,,39528644,,equity_options,Y,medium,crypto-linked equities + call writing
S000088886,DoubleLine Multi-Sector Income ETF,DoubleLine ETF Trust,,DMX,2025,2025,1,,32018918.7,,fixed_income,Y,high,DoubleLine; multi-sector bonds
S000088898,SPDR SSGA IG Public & Private Credit ETF,SSGA Active Trust,,PRIV,2025,2025,1,,99790629.61666666,,fixed_income,Y,high,IG public and private credit
S000088915,BondBloxx Private Credit CLO ETF,BondBloxx ETF Trust,,PCMM,2025,2025,1,,109872042.1,,fixed_income,Y,high,private credit CLO
S000088918,Harbor Osmosis Emerging Markets Resource Efficient ETF,Harbor ETF Trust,,EFFE,2025,2025,1,,95880620.81,,equity_longonly,Y,high,Harbor Osmosis; EM equity
S000088919,Harbor Osmosis International Resource Efficient ETF,Harbor ETF Trust,,EFFI,2025,2025,1,,118705362.77,,equity_longonly,Y,high,Harbor Osmosis; intl equity
S000088938,NEOS Enhanced Income 20+ Year Treasury Bond ETF,NEOS ETF Trust,,TLTI,2025,2025,1,,1780654,,fixed_income,Y,medium,NEOS option income on treasury bonds (bond underlying)
S000088945,AAM SLC Low Duration Income ETF,ETF Series Solutions,,LODI,2025,2025,1,,57870425,,fixed_income,Y,high,low duration income
S000088946,Tema Electrification ETF,Tema ETF Trust,,VOLT,2026,2026,1,,156732350,,equity_longonly,Y,high,Tema thematic equity
S000088950,Virtus Seix AAA Private Credit CLO ETF,Virtus ETF Trust II,,PCLO,2025,2025,1,,17196036,,fixed_income,Y,high,AAA CLO
S000088953,Simplify China A Shares PLUS Income ETF,Simplify Exchange Traded Funds,,CAS,2025,2025,1,,9466866,,equity_options,Y,medium,Simplify PLUS Income = equity + option overlay
S000089015,Clough Hedged Equity ETF,Elevation Series Trust,,CBLS,2025,2025,1,,26222082,,equity_longshort,Y,high,Clough hedged equity
S000089016,Clough Select Equity ETF,Elevation Series Trust,,CBSE,2025,2025,1,,42499142,,equity_longonly,Y,medium,Clough select equity
S000089053,YieldMax Ultra Short Option Income Strategy ETF,Tidal Trust II,,SLTY,2025,2025,1,,12850104.645,,equity_options,Y,medium,YieldMax short-dated option income
S000089069,Infrastructure Capital Bond Income ETF,Series Portfolios Trust,,BNDS,2025,2025,1,,13997755,,fixed_income,Y,high,bond income
S000089070,Roundhill Weekly T-Bill ETF,Roundhill ETF Trust,,WEEK,2025,2025,1,,101762250.857,,fixed_income,Y,high,weekly T-bill
S000089074,2x Wheat ETF,VOLATILITY SHARES TRUST,,WHTX,2025,2026,2,,653099.338,01/2026,commodity_futures,Y,medium,2x daily wheat futures (commodity underlying)
S000089076,2x Corn ETF,VOLATILITY SHARES TRUST,,CORX,2025,2026,2,,932693.455,01/2026,leveraged_inverse,Y,high,2x daily commodity
S000089095,Efficient Market Portfolio Plus ETF,EA Series Trust,,EMPB,2025,2025,1,Y,10601674.047,,allocation_fof,Y,medium,FoF flag; portfolio-plus multi-asset
S000089133,LifeX Durable Income ETF,Stone Ridge Trust,,LFDR,2024,2025,2,,756813,,fixed_income,Y,high,Stone Ridge LifeX; TIPS/treasury income ladder
S000089141,iShares BBB-B CLO Active ETF,BlackRock ETF Trust II,,BCLO,2025,2025,1,,59705605.79285714,,fixed_income,Y,high,CLO
S000089152,John Hancock Core Bond ETF,John Hancock Exchange-Traded Fund Trust,,JHCR,2025,2026,2,,243987321,,fixed_income,Y,high,core bond
S000089153,John Hancock Core Plus Bond ETF,John Hancock Exchange-Traded Fund Trust,,JHCP,2025,2026,2,,61330519,,fixed_income,Y,high,core plus bond
S000089154,Goldman Sachs India Equity ETF,Goldman Sachs ETF Trust,,GIND,2025,2025,1,,7283540,,equity_longonly,Y,high,GS India equity
S000089168,Neuberger Berman Total Return Bond ETF,Neuberger Berman ETF Trust,,NBTR,2025,2025,1,,51124225.6590909,,fixed_income,Y,high,total return bond
S000089172,Neuberger Berman Growth ETF,Neuberger Berman ETF Trust,,NBGX,2025,2025,1,,10767213.84555555,,equity_longonly,Y,high,"Neuberger Berman active equity, growth"
S000089193,Bahl & Gaynor Small Cap Dividend ETF,ETF Series Solutions,,SCDV,2024,2025,2,,110976387.11,,equity_longonly,Y,high,small-cap dividend equity
S000089194,Bahl & Gaynor Dividend ETF,ETF Series Solutions,,BGDV,2024,2025,2,,669630704.78,,equity_longonly,Y,high,dividend stocks
S000089216,Parnassus Core Select ETF,Parnassus Funds II,,PRCS,2024,2025,2,,45631864.72,,equity_longonly,Y,high,Parnassus core equity
S000089217,Parnassus Value Select ETF,Parnassus Funds II,,PRVS,2024,2025,2,,7266531.56,,equity_longonly,Y,high,Parnassus value equity
S000089218,LSV Disciplined Value ETF,ADVISORS' INNER CIRCLE FUND,,LSVD,2025,2025,1,,83847478,,equity_longonly,Y,high,LSV value equity
S000089219,Thornburg Core Plus Bond ETF,Thornburg ETF Trust,,TPLS,2025,2025,1,,16212553.00857142,,fixed_income,Y,high,core plus bond
S000089220,Thornburg Multi Sector Bond ETF,Thornburg ETF Trust,,TMB,2025,2025,1,,45048359.66428571,,fixed_income,Y,high,multi-sector bond
S000089221,Thornburg International Equity ETF,Thornburg ETF Trust,,TXUE,2025,2025,1,,139253924.8875,,equity_longonly,Y,high,Thornburg international equity
S000089222,Thornburg International Growth ETF,Thornburg ETF Trust,,TXUG,2025,2025,1,,4837280.27625,,equity_longonly,Y,high,Thornburg international growth
S000089250,Teucrium 2x Daily Corn ETF,Listed Funds Trust,,CXRN,2024,2025,2,,1204591,,leveraged_inverse,Y,high,2x daily commodity
S000089252,Teucrium 2x Daily Wheat ETF,Listed Funds Trust,,WXET,2024,2025,2,,1056125,,commodity_futures,Y,medium,2x daily wheat futures (commodity underlying)
S000089262,Day Hagan Smart Buffer ETF,Strategy Shares,,DHSB,2025,2025,1,,25079296.74,,equity_options,Y,high,Day Hagan; buffer
S000089268,KraneShares 2x Long BABA Daily ETF,Krane Shares Trust,,KBAB,2025,2026,2,,3816867.78528766,,leveraged_inverse,Y,high,2x single stock daily
S000089269,KraneShares 2x Long BIDU Daily ETF,Krane Shares Trust,,KBDU,2026,2026,1,,1483935.59164179,,leveraged_inverse,Y,high,2x single stock daily
S000089270,KraneShares 2x Long JD Daily ETF,Krane Shares Trust,,KJD,2026,2026,1,,1859128.21,,leveraged_inverse,Y,high,2x single stock daily
S000089271,KraneShares 2x Long PDD Daily ETF,Krane Shares Trust,,KPDD,2025,2026,2,,10463356.65726027,,leveraged_inverse,Y,high,2x single stock daily
S000089293,PGIM S&P 500 Max Buffer ETF - January,PGIM Rock ETF Trust,,PMJA,2025,2025,1,,2405255,,equity_options,Y,high,PGIM max buffer
S000089294,PGIM S&P 500 Max Buffer ETF - October,PGIM Rock ETF Trust,,PMOC,2025,2025,1,,2756338,,equity_options,Y,high,PGIM max buffer
S000089295,PGIM S&P 500 Max Buffer ETF - November,PGIM Rock ETF Trust,,PMNV,2025,2025,1,,2000046,,equity_options,Y,high,PGIM max buffer
S000089297,PGIM Nasdaq-100 Buffer 12 ETF - January,PGIM Rock ETF Trust,,PQJA,2025,2025,1,,4255711,,equity_options,Y,high,PGIM Nasdaq-100 buffer
S000089298,PGIM Nasdaq-100 Buffer 12 ETF - April,PGIM Rock ETF Trust,,PQAP,2025,2025,1,,5150074,,equity_options,Y,high,PGIM Nasdaq-100 buffer
S000089299,PGIM Nasdaq-100 Buffer 12 ETF - July,PGIM Rock ETF Trust,,PQJL,2025,2025,1,,3193091,,equity_options,Y,high,PGIM Nasdaq-100 buffer
S000089300,PGIM Nasdaq-100 Buffer 12 ETF - October,PGIM Rock ETF Trust,,PQOC,2025,2025,1,,3365122,,equity_options,Y,high,PGIM Nasdaq-100 buffer
S000089301,PGIM Laddered Nasdaq-100 Buffer 12 ETF,PGIM Rock ETF Trust,,PBQQ,2025,2025,1,,9914466,,equity_options,Y,high,PGIM laddered Nasdaq-100 buffer
S000089302,PGIM S&P 500 Max Buffer ETF - February,PGIM Rock ETF Trust,,PMFB,2025,2025,1,,3507024,,equity_options,Y,high,PGIM max buffer
S000089303,PGIM S&P 500 Max Buffer ETF - March,PGIM Rock ETF Trust,,PMMR,2025,2025,1,,2453123,,equity_options,Y,high,PGIM max buffer
S000089304,PGIM S&P 500 Max Buffer ETF - April,PGIM Rock ETF Trust,,PMAP,2025,2025,1,,2495318,,equity_options,Y,high,PGIM max buffer
S000089305,PGIM S&P 500 Max Buffer ETF - May,PGIM Rock ETF Trust,,PMMY,2025,2025,1,,2562402,,equity_options,Y,high,PGIM max buffer
S000089306,PGIM S&P 500 Max Buffer ETF - June,PGIM Rock ETF Trust,,PMJN,2025,2025,1,,2852038,,equity_options,Y,high,PGIM max buffer
S000089307,PGIM S&P 500 Max Buffer ETF - July,PGIM Rock ETF Trust,,PMJL,2025,2025,1,,2287128,,equity_options,Y,high,PGIM max buffer
S000089308,PGIM S&P 500 Max Buffer ETF - August,PGIM Rock ETF Trust,,PMAU,2025,2025,1,,3556529,,equity_options,Y,high,PGIM max buffer
S000089309,PGIM S&P 500 Max Buffer ETF - September,PGIM Rock ETF Trust,,PMSE,2025,2025,1,,3194154,,equity_options,Y,high,PGIM max buffer
S000089318,The Opal International Dividend Income ETF,Elevation Series Trust,,IDVZ,2025,2025,1,,73483388,,equity_longonly,Y,medium,Opal intl dividend equity
S000089322,FT Vest U.S. Equity Quarterly Max Buffer ETF,First Trust Exchange-Traded Fund VIII,,SQMX,2025,2025,1,,2649020.37,,equity_options,Y,high,FT Vest max buffer
S000089352,Touchstone International Equity ETF,Touchstone ETF Trust,,TLCI,2025,2025,1,,57391060,,equity_longonly,Y,high,Touchstone international equity
S000089353,Touchstone Sands Capital Emerging Markets ex-China Growth ETF,Touchstone ETF Trust,,TEMX,2025,2025,1,,8057936,,equity_longonly,Y,high,Sands Capital EM growth equity
S000089354,Touchstone Sands Capital US Select Growth ETF,Touchstone ETF Trust,,TSEL,2025,2025,1,,65183491,,equity_longonly,Y,high,Sands Capital US growth equity
S000089355,Eventide US Market ETF,Strategy Shares,,EUSM,2025,2025,1,,30774573.08,,equity_longonly,Y,high,Eventide; US equity
S000089356,North Square RCIM Tax-Advantaged Preferred and Income Securities ETF,Exchange Place Advisors Trust,,,2025,2025,1,,10991215.17,,,,,
S000089361,Return Stacked Bonds & Merger Arbitrage ETF,Tidal Trust II,,RSBA,2025,2026,2,,21460022.78,,allocation_fof,Y,medium,return stacked bonds + merger arb
S000089370,Fidelity Municipal Bond Opportunities ETF,Fidelity Merrimack Street Trust,,FMUB,2026,2026,1,Y,112012688,,fixed_income,Y,medium,Fidelity muni bond despite FoF flag
S000089379,Fortuna Hedged Bitcoin ETF,Listed Funds Trust,,HBTC,2026,2026,1,,838369,,crypto_digital,Y,high,hedged bitcoin
S000089384,Obra Defensive High Yield ETF,Spinnaker ETF Series,,ODHY,2026,2026,1,,5069190.54,,fixed_income,Y,high,high yield credit
S000089411,U.S. Global Technology and Aerospace & Defense ETF,ETF Series Solutions,,WAR,2024,2025,2,,6388726,,equity_longonly,Y,high,tech + aerospace/defense equity
S000089419,Yields for You Income Strategy A ETF,Listed Funds Trust,,YFYA,2025,2025,1,Y,25803349,,allocation_fof,Y,high,looked up; fund-of-funds of bond/preferred/premium-income ETFs
S000089421,Relative Strength Managed Volatility Strategy ETF,Listed Funds Trust,,RSMV,2025,2025,1,Y,58786766,,allocation_fof,Y,medium,managed-vol ETF strategy; fof flag
S000089423,FIS Bright Portfolios Focused Equity ETF ,NEOS ETF Trust,,BRIF,2025,2025,1,,72608409,,equity_longonly,Y,high,focused equity
S000089433,Frontier Asset Absolute Return ETF,Advisors' Inner Circle Fund II,,FARX,2025,2025,1,,10911372,,allocation_fof,Y,medium,Frontier absolute return multi-asset
S000089434,Frontier Asset Core Bond ETF,Advisors' Inner Circle Fund II,,FCBD,2025,2025,1,,44984430,,fixed_income,Y,high,Frontier; core bond
S000089435,Frontier Asset Global Small Cap Equity ETF,Advisors' Inner Circle Fund II,,FGSM,2025,2025,1,,57982728,,equity_longonly,Y,medium,Frontier; global small cap equity
S000089436,Frontier Asset Opportunistic Credit ETF,Advisors' Inner Circle Fund II,,FOPC,2025,2025,1,,33883004,,fixed_income,Y,high,opportunistic credit
S000089437,Frontier Asset Total International Equity ETF,Advisors' Inner Circle Fund II,,FINT,2025,2025,1,,49152139,,equity_longonly,Y,high,Frontier; intl equity
S000089438,Frontier Asset U.S. Large Cap Equity ETF,Advisors' Inner Circle Fund II,,FLCE,2025,2025,1,,45388535,,equity_longonly,Y,high,Frontier; US large cap equity
S000089464,NEOS Real Estate High Income ETF,NEOS ETF Trust,,IYRI,2025,2025,1,,24982430,,equity_options,Y,medium,NEOS REIT equity + call overlay
S000089468,NestYield Dynamic Income ETF,Tidal Trust III,,EGGY,2025,2025,1,,31102635,,equity_options,Y,medium,looked up: NestYield options-based income
S000089469,NestYield Total Return Guard ETF,Tidal Trust III,,EGGS,2025,2025,1,,22155153,,equity_options,Y,medium,looked up: NestYield equities + OTM calls/spreads
S000089470,NestYield Visionary ETF,Tidal Trust III,,EGGQ,2025,2025,1,,32571668,,equity_options,Y,medium,looked up: NestYield options-based income on equities
S000089477,Matrix Advisors Value ETF,EA Series Trust,,MAVF,2025,2025,1,,69280685.242,,equity_longonly,Y,high,Matrix value equity
S000089479,TrueShares Seasonality Laddered Buffered ETF ,Elevation Series Trust,,ONEZ,2025,2025,1,Y,69549275,,allocation_fof,Y,medium,N-CEN fund_of_funds=Y; ladder of buffered ETFs
S000089480,Roundhill MEME Stock ETF,Roundhill ETF Trust,,MEME,2025,2025,1,,20380257.04,,equity_longonly,Y,high,Roundhill meme stock basket
S000089486,Genter Capital Dividend Income ETF,Spinnaker ETF Series,,GEND,2025,2025,1,,548492.52,,equity_longonly,Y,high,dividend income equities
S000089487,Genter Capital International Dividend ETF,Spinnaker ETF Series,,GENW,2025,2025,1,,504925.15,,equity_longonly,Y,high,international dividend equities
S000089552,iShares Large Cap Accelerated Outcome ETF,iShares Trust,,TWOX,2025,2025,1,Y,13137677.53,,equity_options,Y,high,accelerated defined outcome on large cap
S000089571,LifeX 2065 Longevity Income ETF,Stone Ridge Trust,,LFBE,2025,2025,1,,1468504,,fixed_income,Y,medium,LifeX treasury ladder
S000089573,LifeX 2065 Inflation-Protected Longevity Income ETF,Stone Ridge Trust,,LIBD,2025,2025,1,,2138716,,fixed_income,Y,high,Stone Ridge LifeX; TIPS/treasury income ladder
S000089575,LifeX 2035 Income Bucket ETF,Stone Ridge Trust,,LDDR,2025,2025,1,,197357734,,fixed_income,Y,medium,LifeX treasury ladder / income bucket
S000089579,Militia Long/Short Equity ETF,EA Series Trust,,ORR,2025,2025,1,,83343921.669,,equity_longshort,Y,high,name states long/short equity
S000089611,Nuveen High Yield Municipal Income ETF,Nushares ETF Trust,,NHYM,2026,2026,1,,91330923,,fixed_income,Y,high,high yield municipal
S000089612,Nuveen Municipal Income ETF,Nushares ETF Trust,,NUMI,2026,2026,1,,65157037,,fixed_income,Y,high,municipal income
S000089650,STMicroelectronics NV ADRhedged,Precidian ETFs Trust,,STHH,2025,2025,1,,510844,,equity_longonly,N,medium,Precidian ADRhedged single ADR
S000089657,ASML Holding NV ADRhedged(TM),Precidian ETFs Trust,,ASMH,2025,2025,1,,774095,,equity_longonly,N,medium,"Precidian ADRhedged, single ADR + FX hedge"
S000089658,Arm Holdings PLC ADRhedged(TM),Precidian ETFs Trust,,ARMH,2025,2025,1,,624721,,equity_longonly,N,medium,"Precidian ADRhedged, single ADR + FX hedge"
S000089699,Schwab Core Bond ETF,SCHWAB STRATEGIC TRUST,,SCCR,2025,2025,1,,515804354.53272727,,fixed_income,Y,high,core bond
S000089785,T. Rowe Price Capital Appreciation Premium Income ETF,"T. Rowe Price Exchange-Traded Funds, Inc.",,TCAL,2025,2025,1,,105451625,,equity_options,Y,high,TRP premium income overlay on equity
S000089786,T. Rowe Price Hedged Equity ETF,"T. Rowe Price Exchange-Traded Funds, Inc.",,THEQ,2025,2025,1,,20777870,,equity_longshort,Y,medium,hedged equity cue; TRP options collar overlay
S000089803,Defiance Daily Target 2X Long ORCL ETF,Tidal Trust II,,ORCX,2025,2025,1,,2198710.85,,leveraged_inverse,Y,high,Defiance daily 2X long single-stock
S000089804,Defiance Daily Target 2X Long SOFI ETF,Tidal Trust II,,SOFX,2025,2025,1,,10206897.28,,leveraged_inverse,Y,high,2X single-stock daily
S000089818,Horizon Expedition Plus ETF,Horizon Funds,,HBTA,2025,2025,1,,54751488.414,,allocation_fof,Y,low,"Horizon Expedition; allocation sleeve, no lookup available"
S000089819,Horizon Landmark ETF,Horizon Funds,,BENJ,2025,2025,1,,72424249.426,,equity_options,Y,medium,looked up: ultra-short treasuries + option strategies
S000089834,PEO AlphaQuest Thematic PE ETF,Tidal Trust III,,LQPE,2025,2025,1,,13244325.04,,equity_longonly,Y,medium,thematic listed-PE equity
S000089845,Sarmaya Thematic ETF,EA Series Trust,,LENS,2025,2025,1,Y,6357633.388,,allocation_fof,Y,medium,"thematic, fof=Y"
S000089870,Grayscale Bitcoin Miners ETF,Grayscale Funds Trust,,MNRS,2025,2025,1,,7880000,,equity_longonly,Y,high,"bitcoin MINER equities, not spot crypto"
S000089876,AdvisorShares HVAC and Industrials ETF,AdvisorShares Trust,,HVAC,2025,2025,1,,680963,,equity_longonly,Y,high,AdvisorShares; industrials equities
S000089905,Thrivent Core Plus Bond ETF,Thrivent ETF Trust,,TCPB,2025,2025,1,,191005193.01125,,fixed_income,Y,high,core plus bond
S000089906,Thrivent Ultra Short Bond ETF,Thrivent ETF Trust,,TUSB,2025,2025,1,,122749668.3425,,fixed_income,Y,high,ultra short bond
S000089916,REX COIN Growth & Income ETF,REX ETF Trust,,COII,2025,2025,1,,7819842.07,,equity_options,Y,medium,REX single-stock growth & income overlay
S000089917,REX MSTR Growth & Income ETF,REX ETF Trust,,MSII,2025,2025,1,,9596879.76,,equity_options,Y,high,REX single-stock growth & income (calls)
S000089918,REX NVDA Growth & Income ETF,REX ETF Trust,,NVII,2025,2025,1,,33829454.04,,equity_options,Y,medium,REX Growth & Income covered-call overlay
S000089919,REX TSLA Growth & Income ETF,REX ETF Trust,,TSII,2025,2025,1,,14704925.27,,equity_options,Y,high,REX covered-call single stock income
S000089945,FT Vest High Yield & Target Income ETF,First Trust Exchange-Traded Fund IV,,HYTI,2025,2025,1,,18607149.27,,fixed_income,Y,medium,HY bonds with target income option overlay
S000089947,FT Vest Investment Grade & Target Income ETF,First Trust Exchange-Traded Fund IV,,LQTI,2025,2025,1,,64771844.48,,fixed_income,Y,high,IG bonds with target income overlay; underlying is bonds
S000089949,FT Vest 20+ Year Treasury & Target Income ETF,First Trust Exchange-Traded Fund IV,,LTTI,2025,2025,1,,9596348.02,,fixed_income,Y,high,long treasuries with income overlay; underlying is bonds
S000089961,Grayscale Ethereum Covered Call ETF,Grayscale Funds Trust,,ETCO,2025,2025,1,,5702307,,crypto_digital,Y,high,covered call on ether = crypto underlying
S000089963,Janus Henderson Transformational Growth ETF,Janus Detroit Street Trust,,JXX,2025,2025,1,,21639561.52899999,,equity_longonly,Y,high,growth equity
S000089966,SPDR Bridgewater All Weather ETF,SSGA Active Trust,,ALLW,2025,2025,1,,301950141.0175,,allocation_fof,Y,medium,Bridgewater All Weather multi-asset
S000089990,U.S. Small Cap Equity Active ETF,Russell Investments Exchange Traded Funds,,RUSC,2025,2025,1,,26553895.368,,equity_longonly,Y,high,Russell active small cap
S000089991,International Developed Equity Active ETF,Russell Investments Exchange Traded Funds,,RINT,2025,2025,1,,67439542.846,,equity_longonly,Y,high,Russell active intl equity
S000089992,Global Equity Active ETF,Russell Investments Exchange Traded Funds,,RGLO,2025,2025,1,,151694633.864,,equity_longonly,Y,high,Russell active global equity
S000089993,Emerging Markets Equity Active ETF,Russell Investments Exchange Traded Funds,,REMG,2025,2025,1,,45668123.328,,equity_longonly,Y,high,Russell active EM equity
S000089994,Global Infrastructure Active ETF,Russell Investments Exchange Traded Funds,,RIFR,2025,2025,1,,15277872.724,,equity_longonly,Y,high,infrastructure equity
S000090013,Nomura Focused International Core ETF,Nomura ETF Trust,,EXUS,2026,2026,1,,31945910.19916665,,equity_longonly,Y,high,Nomura; intl equity
S000090015,Nomura National High-Yield Municipal Bond ETF,Nomura ETF Trust,,HTAX,2025,2026,2,,27665702.78,,fixed_income,Y,high,Nomura HY muni
S000090016,Nomura Tax-Free USA ETF,Nomura ETF Trust,,LTAX,2026,2026,1,,5312145.8475,,fixed_income,Y,high,tax-free municipal
S000090058,Calamos Bitcoin 80 Series Structured Alt Protection ETF - January,Calamos ETF Trust,,CBTJ,2025,2025,1,,38757108.2,,crypto_digital,Y,high,"bitcoin structured protection, crypto underlying"
S000090059,Calamos Bitcoin 80 Series Structured Alt Protection ETF - April,Calamos ETF Trust,,CBTA,2025,2025,1,,4011963.48,,crypto_digital,Y,high,"bitcoin structured protection, crypto underlying"
S000090060,Calamos Bitcoin 80 Series Structured Alt Protection ETF - July,Calamos ETF Trust,,CBTY,2025,2025,1,,5173954.17,,crypto_digital,Y,high,"bitcoin structured protection, crypto underlying"
S000090064,Calamos Bitcoin 90 Series Structured Alt Protection ETF - January,Calamos ETF Trust,,CBXJ,2025,2025,1,,25781190.87,,crypto_digital,Y,high,"bitcoin structured protection, crypto underlying"
S000090065,Calamos Bitcoin 90 Series Structured Alt Protection ETF - April,Calamos ETF Trust,,CBXA,2025,2025,1,,6600287.09,,crypto_digital,Y,high,"bitcoin structured protection, crypto underlying"
S000090066,Calamos Bitcoin 90 Series Structured Alt Protection ETF - July,Calamos ETF Trust,,CBXY,2025,2025,1,,5089782.57,,crypto_digital,Y,high,"bitcoin structured protection, crypto underlying"
S000090114,Calamos Bitcoin Structured Alt Protection ETF - January,Calamos ETF Trust,,CBOJ,2025,2025,1,,43166443.76,,crypto_digital,Y,high,"bitcoin structured protection, crypto underlying"
S000090115,Calamos Bitcoin Structured Alt Protection ETF - April,Calamos ETF Trust,,CBOA,2025,2025,1,,4870946.47,,crypto_digital,Y,high,"bitcoin structured protection, crypto underlying"
S000090116,Calamos Bitcoin Structured Alt Protection ETF - July,Calamos ETF Trust,,CBOY,2025,2025,1,,3787662.14,,crypto_digital,Y,high,"bitcoin structured protection, crypto underlying"
S000090149,Invesco SteelPath MLP & Energy Infrastructure ETF,Invesco Actively Managed Exchange-Traded Fund Trust,,PIPE,2025,2025,1,,30160793.8,,equity_longonly,Y,medium,MLP / energy infrastructure equity units
S000090181,Innovator Uncapped Bitcoin 20 Floor ETF - Quarterly,Innovator ETFs Trust,,QBF,2025,2025,1,,12366217.6352985,,crypto_digital,Y,high,bitcoin underlying with floor; crypto beats options cue
S000090189,FT Vest Bitcoin Strategy Floor15 ETF - April,First Trust Exchange-Traded Fund,,BFAP,2025,2025,1,,4952526.78,,crypto_digital,Y,high,bitcoin strategy with option floor
S000090211,JPMorgan Nasdaq Hedged Equity Laddered Overlay ETF,J.P. Morgan Exchange-Traded Fund Trust,,HEQQ,2025,2025,1,,27372516.26,,equity_options,Y,high,JPM laddered options overlay
S000090213,American Beacon Ionic Inflation Protection ETF,AMERICAN BEACON SELECT FUNDS,,CPII,2025,2026,2,,10565693.97,,fixed_income,Y,medium,inflation protection: TIPS + rate options
S000090290,Yoke Core ETF,EA Series Trust,,YOKE,2026,2026,1,,192984922.784,,equity_longonly,Y,high,looked up; tactical global equity; holds stocks only
S000090298,FT Confluence BDC & Specialty Finance Income ETF,First Trust Exchange-Traded Fund VIII,,FBDC,2025,2025,1,,54622188.33,,equity_longonly,Y,medium,BDC/specialty finance stocks
S000090387,One+One Nasdaq-100 and Bitcoin ETF,VOLATILITY SHARES TRUST,,OOQB,2025,2026,2,,1137124.111,,crypto_digital,Y,medium,Nasdaq-100 + bitcoin combination sleeve
S000090391,One+One S&P 500 and Bitcoin ETF,VOLATILITY SHARES TRUST,,OOSB,2025,2026,2,,904812.376,,crypto_digital,Y,medium,S&P 500 + bitcoin combination sleeve
S000090403,JPMorgan U.S. Research Enhanced Large Cap ETF,J.P. Morgan Exchange-Traded Fund Trust,,JUSA,2025,2025,1,,17068711.98,,equity_longonly,Y,high,research enhanced large cap
S000090417,JPMorgan Mortgage-Backed Securities ETF,J.P. Morgan Exchange-Traded Fund Trust,,JMTG,2026,2026,1,,6098997586.41,,fixed_income,Y,high,MBS
S000090419,JPMorgan International Hedged Equity Laddered Overlay ETF,J.P. Morgan Exchange-Traded Fund Trust,,HOLA,2025,2025,1,,209675257.22,,equity_options,Y,high,JPM laddered options overlay
S000090423,AllianzIM Buffer15 Uncapped Allocation ETF,AIM ETF Products Trust,,SPBU,2025,2025,1,Y,41086039.60999999,,allocation_fof,Y,high,AllianzIM allocation; fof flag
S000090441,FT Vest Bitcoin Strategy & Target Income ETF,First Trust Exchange-Traded Fund,,DFII,2025,2025,1,,10216754.06,,crypto_digital,Y,high,bitcoin strategy + target income
S000090448,iShares Managed Futures Active ETF,BlackRock ETF Trust,,ISMF,2025,2025,1,,18310388.175,,commodity_futures,Y,high,managed futures
S000090496,SMI 3Fourteen REAL Asset Allocation ETF,ETF Opportunities Trust,,RAA,2025,2025,1,Y,439625672,,allocation_fof,Y,high,N-CEN fund_of_funds=Y; real asset allocation
S000090503,DoubleLine Asset-Backed Securities ETF,DoubleLine ETF Trust,,DABS,2025,2025,1,,46814018.83,,fixed_income,Y,high,ABS
S000090516,First Trust Small Cap BuyWrite Income ETF,First Trust Exchange-Traded Fund VI,,FTKI,2025,2025,1,,946150.31,,equity_options,Y,high,BuyWrite
S000090520,BondBloxx IR+M Tax-Aware Intermediate Duration ETF,BondBloxx ETF Trust,,TXXI,2025,2025,1,,11379248.44999999,,fixed_income,Y,high,tax-aware bond
S000090524,RockCreek Global Equality ETF,EA Series Trust,,RCGE,2026,2026,1,,78093949.304,,equity_longonly,Y,medium,global equity strategy
S000090584,STKd 100% NVDA & 100% AMD ETF,Tidal Trust II,,LAYS,2025,2025,1,,3385007.081,,leveraged_inverse,Y,medium,stacked 100/100 single-stock leverage
S000090660,Intech S&P Large Cap Diversified Alpha ETF,Tidal Trust III,,LGDX,2026,2026,1,,99891055.04,,equity_longonly,Y,high,Intech quant large cap
S000090661,Intech S&P Small-Mid Cap Diversified Alpha ETF,Tidal Trust III,,SMDX,2026,2026,1,,82332542.93,,equity_longonly,Y,high,Intech diversified alpha equity
S000090663,MRP SynthEquity ETF,Tidal Trust III,,SNTH,2025,2025,1,,62729853.24,,equity_options,Y,high,looked up; SPX options plus treasuries synthetic equity
S000090665,MC Trio Equity Buffered ETF,EA Series Trust,,TRIO,2026,2026,1,,102105022.521,,equity_options,Y,high,buffered equity
S000090687,VistaShares Target 15 Berkshire Select Income ETF,Tidal Trust III,,OMAH,2025,2026,2,,422732385,,equity_options,Y,medium,VistaShares Target 15 = equity + option income overlay
S000090690,VistaShares Target 15 USA Quality Income ETF,Tidal Trust III,,QUSA,2025,2026,2,,15382069.62,,equity_options,Y,medium,VistaShares Target 15 = equity + option income overlay
S000090698,FT Vest Growth Strength & Target Income ETF,First Trust Exchange-Traded Fund IV,,FGSI,2025,2025,1,,2044721.22,,equity_options,Y,high,target income = call writing
S000090747,Amplius Aggressive Asset Allocation ETF,EA Series Trust,,AAAA,2026,2026,1,Y,230264586.311,,allocation_fof,Y,high,"asset allocation, fof=Y"
S000090755,Cambria Fixed Income Trend ETF,Cambria ETF Trust,,CFIT,2025,2025,1,,10038235,,fixed_income,Y,medium,"bond trend rotation, not futures"
S000090805,GraniteShares 2x Long MSTR Daily ETF,GraniteShares ETF Trust,,MSTP,2025,2025,1,,782313,,leveraged_inverse,Y,high,GraniteShares 2x long single stock
S000090826,Polen Floating Rate Income ETF,FundVantage Trust,,PCFI,2025,2025,1,,8998076,,fixed_income,Y,high,floating rate loans
S000090827,Polen High Income ETF,FundVantage Trust,,PCHI,2025,2025,1,,7633044,,fixed_income,Y,high,high income credit
S000090830,Defiance Leveraged Long Plus Income MSTR ETF,Tidal Trust II,,MST,2026,2026,1,,55255920.9940785,,leveraged_inverse,Y,medium,Defiance leveraged long single stock with income overlay
S000090856,Tema S&P 500 Historical Weight ETF Strategy,Tema ETF Trust,,DSPY,2026,2026,1,,434972041,,equity_longonly,Y,high,Tema; S&P 500 reweighted equity
S000090909,GraniteShares 2x Long VRT Daily ETF,GraniteShares ETF Trust,,VRTL,2025,2025,1,,4494686,,leveraged_inverse,Y,high,2x long daily single stock
S000090910,GraniteShares 2x Short MSTR Daily ETF,GraniteShares ETF Trust,,MSDD,2025,2025,1,,692345,,leveraged_inverse,Y,high,GraniteShares 2x short single stock
S000090911,GraniteShares 2x Long IONQ Daily ETF,GraniteShares ETF Trust,,IONL,2025,2025,1,,6026673,,leveraged_inverse,Y,high,2x single stock daily
S000090912,GraniteShares 2x Long MARA Daily ETF,GraniteShares ETF Trust,,MRAL,2025,2025,1,,17833170,,leveraged_inverse,Y,high,GraniteShares 2x long single stock
S000090913,GraniteShares 2x Long MRVL Daily ETF,GraniteShares ETF Trust,,MVLL,2025,2025,1,,10053956,,leveraged_inverse,Y,high,GraniteShares 2x long single stock
S000090916,GraniteShares 2x Long RDDT Daily ETF,GraniteShares ETF Trust,,RDTL,2025,2025,1,,12122519,,leveraged_inverse,Y,high,GraniteShares daily 2x long single-stock
S000090923,Sterling Capital Enhanced Core Bond ETF,Capitol Series Trust,,SCEC,2025,2025,1,,404038313.962789,,fixed_income,Y,high,enhanced core bond
S000090972,Invesco Managed Futures Strategy ETF,Invesco Actively Managed Exchange-Traded Fund Trust,,IMF,2025,2025,1,,285304851.11,,commodity_futures,Y,high,managed futures
S000090980,Grayscale Bitcoin Premium Income ETF,Grayscale Funds Trust,,BPI,2025,2025,1,,4622599,,crypto_digital,Y,high,Grayscale bitcoin option income
S000090982,Cambria Global EW ETF,EA Series Trust,,GEW,2025,2025,1,Y,153081265.017,,allocation_fof,Y,high,Cambria global EW; FoF
S000091052,Defiance Daily Target 2X Long HIMS ETF,Tidal Trust II,,HIMZ,2025,2025,1,,4638940.6,,leveraged_inverse,Y,high,daily 2x single-stock
S000091053,Defiance Daily Target 2X Long HOOD ETF,Tidal Trust II,,HOOX,2025,2025,1,,2378435.34,,leveraged_inverse,Y,high,daily 2x single-stock
S000091054,Defiance Daily Target 2X Long IONQ ETF,Tidal Trust II,,IONX,2025,2025,1,,14030726.66,,leveraged_inverse,Y,high,2x single stock daily
S000091058,Defiance Daily Target 2X Long RGTI ETF,Tidal Trust II,,RGTX,2025,2025,1,,1777555.19,,leveraged_inverse,Y,high,2X single-stock daily
S000091059,Defiance Daily Target 2X Long RKLB ETF,Tidal Trust II,,RKLX,2025,2025,1,,3101861.27,,leveraged_inverse,Y,high,2X single-stock daily
S000091062,WisdomTree High Income Laddered Municipal Fund,WisdomTree Trust,,WTMY,2025,2025,1,,2805307,,fixed_income,Y,high,laddered municipal
S000091065,WisdomTree Core Laddered Municipal Fund,WisdomTree Trust,,WTMU,2025,2025,1,,3511341,,fixed_income,Y,high,laddered municipal
S000091075,Bitwise COIN Option Income Strategy ETF,Bitwise Funds Trust,,ICOI,2025,2025,1,,18060933,,equity_options,Y,medium,option income on COIN stock (equity underlier)
S000091076,Bitwise MARA Option Income Strategy ETF,Bitwise Funds Trust,,IMRA,2025,2025,1,,4731023,,equity_options,Y,high,single-stock MARA option income
S000091077,Bitwise MSTR Option Income Strategy ETF,Bitwise Funds Trust,,IMST,2025,2025,1,,43755295,,equity_options,Y,high,single-stock MSTR option income
S000091091,Westwood LBRTY Global Equity ETF,Ultimus Managers Trust,,,2025,2025,1,,2643096.48,,,,,
S000091101,KraneShares 2x Long MELI Daily ETF,Krane Shares Trust,,KMLI,2026,2026,1,,3310010.08312155,,leveraged_inverse,Y,high,2x single stock daily
S000091103,REX Bitcoin Corporate Treasury Convertible Bond ETF,ETF Opportunities Trust,,BMAX,2025,2025,1,,10254945,,fixed_income,Y,medium,convertible bonds of bitcoin-treasury issuers
S000091118,2x Solana,VOLATILITY SHARES TRUST,,SOLT,2026,2026,1,,252189026.448,,crypto_digital,Y,high,2x leveraged Solana
S000091119,Solana ETF,VOLATILITY SHARES TRUST,,SOLZ,2026,2026,1,,100308891.451,,crypto_digital,Y,high,Solana futures
S000091218,Leverage Shares 2X Long AAL Daily ETF ,Themes ETF Trust,,AALG,2025,2025,1,,856296,,leveraged_inverse,Y,high,2X Long daily single stock
S000091219,Leverage Shares 2X Long HOOD Daily ETF ,Themes ETF Trust,,HOOG,2025,2025,1,,39003707,,leveraged_inverse,Y,high,2x single-stock daily
S000091225,Leverage Shares 2X Long PANW Daily ETF ,Themes ETF Trust,,PANG,2025,2025,1,,2556992,,leveraged_inverse,Y,high,Leverage Shares daily 2X long single-stock
S000091226,Leverage Shares 2X Long PLTR Daily ETF ,Themes ETF Trust,,PLTG,2025,2025,1,,11691085,,leveraged_inverse,Y,high,Leverage Shares daily 2X long single-stock
S000091227,Leverage Shares 2X Long PYPL Daily ETF ,Themes ETF Trust,,PYPG,2025,2025,1,,5658735,,leveraged_inverse,Y,high,Leverage Shares daily 2X long single-stock
S000091230,Leverage Shares 2X Long RTX Daily ETF ,Themes ETF Trust,,RTXG,2025,2025,1,,982278,,leveraged_inverse,Y,high,2X single-stock daily
S000091231,Leverage Shares 2X Long XYZ Daily ETF ,Themes ETF Trust,,XYZG,2025,2025,1,,2016541,,leveraged_inverse,Y,high,2x long daily single stock
S000091233,Leverage Shares 2X Long ADBE Daily ETF ,Themes ETF Trust,,ADBG,2025,2025,1,,7676721,,leveraged_inverse,Y,high,2X Long daily single stock
S000091235,Leverage Shares 2X Long AVGO Daily ETF ,Themes ETF Trust,,AVGG,2025,2025,1,,5700298,,leveraged_inverse,Y,high,2X Long daily single stock
S000091238,Leverage Shares 2X Long CRM Daily ETF ,Themes ETF Trust,,CRMG,2025,2025,1,,7953977,,leveraged_inverse,Y,high,Leverage Shares 2X daily
S000091242,Argent Focused Small Cap ETF,EA Series Trust,,ALIL,2025,2025,1,,8381529.07,,equity_longonly,Y,high,Argent small cap stocks
S000091243,Argent Large Cap ETF,EA Series Trust,,ABIG,2025,2025,1,,17434671.33,,equity_longonly,Y,high,Argent large cap stocks
S000091298,Opportunistic Trader ETF,ETF Opportunities Trust,,WZRD,2025,2025,1,,18193017.48,,equity_options,Y,medium,tactical large-cap equity + active options; looked up
S000091359,Hotchkis and Wiley SMID Cap Diversified Value Fund,HOTCHKIS & WILEY FUNDS /DE/,,HWSM,2025,2025,1,,1672841.82,,equity_longonly,N,medium,"open-end mutual fund, not an ETF; SMID value"
S000091386,Principal Capital Appreciation Select ETF,Principal Exchange-Traded Funds,,LCAP,2025,2025,1,,16224780.475,,equity_longonly,Y,high,capital appreciation equity
S000091408,VANGUARD SHORT DURATION BOND ETF,VANGUARD MALVERN FUNDS,,VSDB,2025,2025,1,,57415537.24,,fixed_income,Y,high,short duration bond
S000091436,Tuttle Capital Bitcoin 0DTE Covered Call ETF,ETF Opportunities Trust,,BITK,2025,2025,1,,4652178,,crypto_digital,Y,high,bitcoin 0DTE covered call
S000091439,Tuttle Capital MSTR 0DTE Covered Call ETF,ETF Opportunities Trust,,MSTK,2025,2025,1,,450890,,equity_options,Y,high,0DTE covered call on single stock
S000091457,NEOS S&P 500(R) Hedged Equity Income ETF,NEOS ETF Trust,,SPYH,2025,2025,1,,1156949,,equity_options,Y,high,NEOS hedged equity income options
S000091478,RJ Eagle Municipal Income ETF,Carillon Series Trust,,RJMI,2025,2025,1,,9457474,,fixed_income,Y,high,municipal
S000091479,RJ Eagle Vertical Income ETF,Carillon Series Trust,,RJVI,2025,2025,1,,5301317,,fixed_income,Y,high,looked up; capital-structure bonds preferreds and stock
S000091480,RJ Eagle GCM Dividend Select Income ETF,Carillon Series Trust,,RJDI,2025,2025,1,,15906391,,equity_longonly,Y,medium,dividend equity income
S000091503,Defiance Daily Target 2X Short SMCI ETF,Tidal Trust II,,SMCZ,2025,2025,1,,1866038.8,,leveraged_inverse,Y,high,2X short single stock daily
S000091510,Onchain Economy ETF,VanEck Funds,,NODE,2025,2025,1,,31151166.31375,,equity_longonly,Y,medium,VanEck onchain-economy EQUITIES (some crypto ETP sleeve)
S000091512,Lazard Emerging Markets Opportunities ETF,Lazard Active ETF Trust,,EMKT,2025,2025,1,,122510812.46333333,,equity_longonly,Y,high,Lazard; EM equity
S000091513,Lazard Equity Megatrends ETF,Lazard Active ETF Trust,,THMZ,2025,2025,1,,38968793.49444444,,equity_longonly,Y,high,Lazard thematic equity
S000091514,Lazard International Dynamic Equity ETF,Lazard Active ETF Trust,,IEQ,2025,2025,1,,346943945.59375,,equity_longonly,Y,medium,Lazard active intl equity
S000091515,Lazard Japanese Equity ETF,Lazard Active ETF Trust,,JPY,2025,2025,1,,51109430.37444444,,equity_longonly,Y,high,Japan equity
S000091516,Lazard Next Gen Technologies ETF,Lazard Active ETF Trust,,TEKY,2025,2025,1,,44418902.41111111,,equity_longonly,Y,high,Lazard active tech equity
S000091610,REX-Osprey DOGE ETF,ETF Opportunities Trust,,,2026,2026,1,,23262287,,,,,
S000091611,REX-Osprey ETH + Staking ETF,ETF Opportunities Trust,,,2026,2026,1,,2798890,,,,,
S000091612,REX-Osprey SOL + Staking ETF,ETF Opportunities Trust,,,2026,2026,1,,215875456,,,,,
S000091614,REX-Osprey XRP ETF,ETF Opportunities Trust,,,2026,2026,1,,90817867,,,,,
S000091618,Simplify Barrier Income ETF,Simplify Exchange Traded Funds,,SBAR,2025,2025,1,,24194371,,equity_options,Y,medium,barrier income options
S000091619,Simplify Target 15 Distribution ETF,Simplify Exchange Traded Funds,,XV,2025,2025,1,,30117940,,equity_options,Y,high,looked up; option spread writing + treasuries
S000091625,Teucrium 2x Long Daily XRP ETF,Listed Funds Trust,,XXRP,2025,2025,1,,247953510,,leveraged_inverse,Y,high,2x long daily; crypto underlying
S000091658,Harbor Emerging Markets Select ETF,Harbor ETF Trust,,EMES,2025,2025,1,,8818988.15333333,,equity_longonly,Y,high,Harbor; EM equity
S000091659,Harbor Emerging Markets Equity ETF,Harbor ETF Trust,,EPEM,2025,2025,1,,5587816.346,,equity_longonly,Y,high,Harbor; EM equity
S000091660,Harbor International Equity ETF,Harbor ETF Trust,,EPIN,2025,2025,1,,5658647.736,,equity_longonly,Y,high,Harbor; intl equity
S000091661,Harbor Mid Cap Core ETF,Harbor ETF Trust,,EPMB,2025,2025,1,,3812974.14666666,,equity_longonly,Y,high,Harbor; mid cap core
S000091662,Harbor Mid Cap Value ETF,Harbor ETF Trust,,EPMV,2025,2025,1,,3831562.90166666,,equity_longonly,Y,high,Harbor; mid cap value
S000091663,Harbor SMID Cap Core ETF,Harbor ETF Trust,,EPSB,2025,2025,1,,3298960.03,,equity_longonly,Y,high,Harbor; SMID core
S000091664,Harbor SMID Cap Value ETF,Harbor ETF Trust,,EPSV,2025,2025,1,,3992494.32166666,,equity_longonly,Y,high,Harbor; SMID value
S000091665,Harbor Transformative Technologies ETF,Harbor ETF Trust,,TEC,2025,2025,1,,5031827.20857142,,equity_longonly,Y,high,Harbor thematic tech equity
S000091689,Grayscale Bitcoin Adopters ETF,Grayscale Funds Trust,,BCOR,2025,2025,1,,3845598,,equity_longonly,Y,medium,equities of bitcoin-treasury companies
S000091693,Roundhill Magnificent Seven Covered Call ETF,Roundhill ETF Trust,,MAGY,2025,2025,1,,83199179.186,,equity_options,Y,high,covered call
S000091765,Global X Bitcoin Covered Call ETF,Global X Funds,,BCCC,2025,2025,1,,6646959.87,,crypto_digital,Y,high,bitcoin covered call
S000091769,Invesco Comstock Contrarian Equity ETF,Invesco Actively Managed Exchange-Traded Fund Trust,,CSTK,2025,2025,1,,104604280.15,,equity_longonly,Y,medium,Invesco Comstock value; proxy-basket series retired
S000091770,Invesco International Growth Focus ETF,Invesco Actively Managed Exchange-Traded Fund Trust,,MTRA,2025,2025,1,,75998262.22,,equity_longonly,Y,medium,"Invesco international growth; 2025 launch, transparent"
S000091771,Invesco QQQ Hedged Advantage ETF,Invesco Actively Managed Exchange-Traded Fund Trust,,QQHG,2025,2025,1,,11257918.79,,equity_options,Y,high,QQQ hedged advantage option overlay
S000091806,VanEck Technology TruSector ETF,VanEck ETF Trust,,TRUT,2025,2025,1,Y,7164523.165,,equity_longonly,Y,medium,holds XLK ~33% + tech stocks; looked up
S000091808,VanEck Consumer Discretionary TruSector ETF,VanEck ETF Trust,,TRUD,2025,2025,1,Y,2332702.445,,equity_longonly,Y,medium,sector equity + sector ETF sleeve (FoF flag); family looked up
S000091819,Astoria Dynamic Core US Fixed Income ETF,EA Series Trust,,AGGA,2025,2025,1,Y,23315627.89,,fixed_income,Y,high,"fixed income, fof=Y"
S000091848,Simplify Kayne Anderson Energy and Infrastructure Credit ETF,Simplify Exchange Traded Funds,,KNRG,2025,2025,1,,6094932,,fixed_income,Y,high,energy infrastructure credit
S000091859,Simplify Piper Sandler US Small-Cap PLUS Income ETF,Simplify Exchange Traded Funds,,LITL,2025,2025,1,,3078246,,equity_options,Y,medium,Simplify PLUS Income = equity + option income overlay
S000091891,Tradr 2X Long ACHR Daily ETF,INVESTMENT MANAGERS SERIES TRUST II,,ARCX,2026,2026,1,,16353121,,leveraged_inverse,Y,high,Tradr 2X Long daily
S000091892,Tradr 2X Long UPST Daily ETF,INVESTMENT MANAGERS SERIES TRUST II,,UPSX,2026,2026,1,,40866605,,leveraged_inverse,Y,high,2x long daily single stock
S000091893,Tradr 2X Long ALAB Daily ETF,INVESTMENT MANAGERS SERIES TRUST II,,LABX,2026,2026,1,,35785046,,leveraged_inverse,Y,high,2x single stock daily
S000091894,Tradr 2X Long APP Daily ETF,INVESTMENT MANAGERS SERIES TRUST II,,APPX,2026,2026,1,,80599481,,leveraged_inverse,Y,high,Tradr 2X Long daily
S000091895,Tradr 2X Long MDB Daily ETF,INVESTMENT MANAGERS SERIES TRUST II,,MDBX,2026,2026,1,,3149213,,leveraged_inverse,Y,high,Tradr 2X long single stock
S000091896,Tradr 2X Long QBTS Daily ETF,INVESTMENT MANAGERS SERIES TRUST II,,QBTX,2026,2026,1,,62016357,,leveraged_inverse,Y,high,Tradr daily 2X long single-stock
S000091897,Tradr 2X Long QUBT Daily ETF,INVESTMENT MANAGERS SERIES TRUST II,,QUBX,2026,2026,1,,29181582,,leveraged_inverse,Y,high,Tradr daily 2X long single-stock
S000091898,Tradr 2X Long RGTI Daily ETF,INVESTMENT MANAGERS SERIES TRUST II,,RGTU,2026,2026,1,,9121239,,leveraged_inverse,Y,high,2X single-stock daily
S000091899,Tradr 2X Long TEM Daily ETF,INVESTMENT MANAGERS SERIES TRUST II,,TEMT,2026,2026,1,,46905309,,leveraged_inverse,Y,high,Tradr 2X long daily single stock
S000091930,Return Stacked U.S. Stocks & Gold/Bitcoin ETF,Tidal Trust II,,RSSX,2026,2026,1,,25240056.8931837,,allocation_fof,Y,medium,return stacked stocks + gold/bitcoin
S000092021,T. Rowe Price Financials ETF,"T. Rowe Price Exchange-Traded Funds, Inc.",,TFNS,2025,2025,1,,10812595,,equity_longonly,Y,high,TRP sector equity 2025 launch
S000092022,T. Rowe Price Global Equity ETF,"T. Rowe Price Exchange-Traded Funds, Inc.",,TGLB,2025,2025,1,,12224526,,equity_longonly,Y,high,TRP global equity 2025 launch
S000092023,T. Rowe Price Health Care ETF,"T. Rowe Price Exchange-Traded Funds, Inc.",,TMED,2025,2025,1,,13001046,,equity_longonly,Y,high,TRP sector equity 2025
S000092024,T. Rowe Price International Equity Research ETF,"T. Rowe Price Exchange-Traded Funds, Inc.",,TIER,2025,2025,1,,11763745,,equity_longonly,Y,high,TRP international equity research 2025
S000092025,T. Rowe Price Natural Resources ETF,"T. Rowe Price Exchange-Traded Funds, Inc.",,TURF,2025,2025,1,,12299921,,equity_longonly,Y,high,TRP natural resources equity
S000092049,TrueShares Structured Outcome (April) ETF,Elevation Series Trust,,APRZ,2025,2025,1,,18493745,,equity_options,Y,high,TrueShares structured outcome
S000092050,TrueShares Structured Outcome (November) ETF,Elevation Series Trust,,NOVZ,2025,2025,1,,22610802,,equity_options,Y,high,TrueShares structured outcome
S000092051,TrueShares Structured Outcome (October) ETF,Elevation Series Trust,,OCTZ,2025,2025,1,,24636564,,equity_options,Y,high,TrueShares structured outcome (Elevation trust)
S000092052,TrueShares Structured Outcome (September) ETF,Elevation Series Trust,,SEPZ,2025,2025,1,,77067942,,equity_options,Y,high,structured outcome
S000092053,TrueShares Structured Outcome (August) ETF,Elevation Series Trust,,AUGZ,2025,2025,1,,26251765,,equity_options,Y,high,TrueShares structured outcome
S000092054,TrueShares Structured Outcome (December) ETF,Elevation Series Trust,,DECZ,2025,2025,1,,57686059,,equity_options,Y,high,TrueShares structured outcome
S000092055,TrueShares Structured Outcome (February) ETF,Elevation Series Trust,,FEBZ,2025,2025,1,,9901101,,equity_options,Y,high,TrueShares; structured outcome
S000092056,TrueShares Structured Outcome (January) ETF,Elevation Series Trust,,JANZ,2025,2025,1,,36378056,,equity_options,Y,high,TrueShares structured outcome
S000092057,TrueShares Structured Outcome (July) ETF,Elevation Series Trust,,JULZ,2025,2025,1,,34281470,,equity_options,Y,high,TrueShares structured outcome
S000092058,TrueShares Structured Outcome (June) ETF,Elevation Series Trust,,JUNZ,2025,2025,1,,9383337,,equity_options,Y,high,TrueShares structured outcome
S000092059,TrueShares Structured Outcome (March) ETF,Elevation Series Trust,,MARZ,2025,2025,1,,17872669,,equity_options,Y,high,TrueShares structured outcome
S000092060,TrueShares Structured Outcome (May) ETF,Elevation Series Trust,,MAYZ,2025,2025,1,,11602770,,equity_options,Y,high,TrueShares structured outcome
S000092068,Brown Advisory Sustainable Growth ETF,ADVISORS' INNER CIRCLE FUND III,,BASG,2025,2025,1,,508966216,,equity_longonly,Y,high,Brown Advisory equity
S000092069,Brown Advisory Sustainable Value ETF,ADVISORS' INNER CIRCLE FUND III,,BASV,2025,2025,1,,155072543,,equity_longonly,Y,high,Brown Advisory equity
S000092074,Tortoise Global Water Fund,Tortoise Capital Series Trust,,TBLU,2025,2025,1,,54772569,,equity_longonly,Y,high,water thematic equity
S000092075,Tortoise North American Pipeline Fund,Tortoise Capital Series Trust,,TPYP,2025,2025,1,,703280251,,equity_longonly,Y,high,pipeline/midstream equities
S000092079,Rainwater Equity ETF,EA Series Trust,,RW,2026,2026,1,,17701321.761,,equity_longonly,Y,high,active equity
S000092090,Tortoise Energy Fund,Tortoise Capital Series Trust,,TNGY,2025,2025,1,,535883139,,equity_longonly,Y,high,Tortoise energy equity
S000092100,JPMorgan Flexible Debt ETF,J.P. Morgan Exchange-Traded Fund Trust,,JFLX,2026,2026,1,,1191862288.46,,fixed_income,Y,high,flexible debt
S000092105,Horizon Kinetics Japan Owner Operator ETF  ,Listed Funds Trust,,JAPN,2025,2025,1,,16210703,,equity_longonly,Y,high,owner-operator equity
S000092118,RiverNorth Enhanced Pre-Merger SPAC ETF,Elevation Series Trust,,SPCZ,2025,2025,1,,5209680,,equity_longonly,Y,low,enhanced pre-merger SPAC
S000092119,RiverNorth Patriot ETF,Elevation Series Trust,,FLDZ,2025,2025,1,,3982133,,equity_longonly,Y,medium,RiverNorth Patriot; US equity
S000092120,Polen Dividend Income ETF,Elevation Series Trust,,DIVZ,2025,2025,1,,174678551,,equity_longonly,Y,medium,Polen; dividend income equity
S000092121,TrueShares Active Yield ETF,Elevation Series Trust,,ERNZ,2025,2025,1,,138783888,,equity_longonly,Y,low,"looked up: same fund, Elevation series"
S000092122,TrueShares Eagle Global Renewable Energy Income ETF,Elevation Series Trust,,RNWZ,2025,2025,1,,2454310,,equity_longonly,Y,medium,renewable-energy equity income
S000092123,"TrueShares Technology, AI & Deep Learning ETF",Elevation Series Trust,,LRNZ,2025,2025,1,,33381788,,equity_longonly,Y,high,TrueShares tech/AI equity
S000092140,Fidelity Managed Futures ETF,Fidelity Greenwood Street Trust,,FFUT,2026,2026,1,,132614181,,commodity_futures,Y,medium,Fidelity managed futures
S000092183,Suncoast Select Growth ETF,EA Series Trust,,SEMG,2026,2026,1,,40906803.898,,equity_longonly,Y,high,select growth equity
S000092321,Roundhill HOOD WeeklyPay ETF,Roundhill ETF Trust,,HOOW,2025,2025,1,,173891650.4,,equity_options,Y,medium,Roundhill WeeklyPay on HOOD; synthetic + calls
S000092324,Roundhill MSTR WeeklyPay ETF,Roundhill ETF Trust,,MSTW,2025,2025,1,,75810586.582,,equity_options,Y,high,Roundhill WeeklyPay option income
S000092325,Roundhill NFLX WeeklyPay ETF,Roundhill ETF Trust,,NFLW,2025,2025,1,,19757288.51,,equity_options,Y,high,Roundhill WeeklyPay option income
S000092330,Roundhill UBER WeeklyPay ETF,Roundhill ETF Trust,,UBEW,2025,2025,1,,14554086.205,,equity_options,Y,medium,Roundhill WeeklyPay synthetic + weekly calls
S000092331,Roundhill ARM  WeeklyPay ETF,Roundhill ETF Trust,,ARMW,2025,2025,1,,14800427.21,,equity_options,Y,medium,Roundhill WeeklyPay option income
S000092333,Roundhill UNH WeeklyPay ETF,Roundhill ETF Trust,,UNHW,2025,2025,1,,8118080.701,,equity_options,Y,medium,Roundhill WeeklyPay synthetic + weekly calls
S000092334,Roundhill AVGO WeeklyPay ETF,Roundhill ETF Trust,,AVGW,2025,2025,1,,36508303.55,,equity_options,Y,medium,Roundhill WeeklyPay option income
S000092335,Roundhill BABA WeeklyPay ETF,Roundhill ETF Trust,,BABW,2025,2025,1,,14491252.338,,equity_options,Y,medium,Roundhill WeeklyPay option income
S000092336,Roundhill BRKB WeeklyPay ETF,Roundhill ETF Trust,,BRKW,2025,2025,1,,21136238.39,,equity_options,Y,medium,Roundhill WeeklyPay: synthetic exposure + weekly calls
S000092337,Roundhill COST  WeeklyPay ETF,Roundhill ETF Trust,,COSW,2025,2025,1,,14502552.733,,equity_options,Y,medium,Roundhill WeeklyPay: synthetic exposure + weekly calls
S000092345,Vontobel International Equity Active ETF,Advisors' Inner Circle Fund II,,VNIE,2025,2025,1,,9097702.66999999,,equity_longonly,Y,high,Vontobel international equity
S000092348,Innovator Equity Managed 100 Buffer ETF,Innovator ETFs Trust,,BFRZ,2025,2025,1,,35566743.494593,,equity_options,Y,high,Innovator managed buffer
S000092377,iShares Global Government Bond USD Hedged Active ETF,BlackRock ETF Trust II,,GGOV,2025,2025,1,,41995333.168,,fixed_income,Y,high,global government bonds
S000092389,NEOS Gold High Income ETF,NEOS ETF Trust,,IAUI,2025,2025,1,,108268582,,commodity_futures,Y,medium,NEOS gold with option income; not an equity book
S000092394,Hedgeye Capital Allocation ETF,ETF Opportunities Trust,,HECA,2025,2025,1,Y,29563347,,allocation_fof,Y,high,Hedgeye capital allocation; FoF
S000092395,Hedgeye Quality Growth ETF,ETF Opportunities Trust,,HGRO,2025,2025,1,,24494063,,equity_longonly,Y,high,Hedgeye quality growth equities
S000092397,Shelton Equity Premium Income ETF,SCM Trust,,SEPI,2025,2025,1,,39464786.43,,equity_options,Y,high,equity premium income
S000092481,Alpha Brands Consumption Leaders ETF,Tidal Trust III,,LOGO,2025,2025,1,,23505706.08,,equity_longonly,Y,high,consumer brands equity
S000092483,JPMorgan Equity and Options Total Return ETF,J.P. Morgan Exchange-Traded Fund Trust,,JOYT,2025,2025,1,,37600364.89,,equity_options,Y,high,equity + options total return
S000092493,Goldman Sachs Core Bond ETF,Goldman Sachs ETF Trust,,GBND,2025,2025,1,,20077695,,fixed_income,Y,high,GS core bond
S000092494,Goldman Sachs Corporate Bond ETF,Goldman Sachs ETF Trust,,GIGL,2025,2025,1,,11310718,,fixed_income,Y,high,GS corporate bond
S000092513,WisdomTree Inflation Plus Fund,WisdomTree Trust,,WTIP,2025,2025,1,,1517025,,commodity_futures,Y,low,inflation strategy; TIPS + commodity exposure
S000092516,XRP ETF,VOLATILITY SHARES TRUST,,XRPI,2026,2026,1,,129999941.297,,crypto_digital,Y,high,XRP fund
S000092517,2x XRP ETF,VOLATILITY SHARES TRUST,,XRPT,2026,2026,1,,96205376.376,,leveraged_inverse,Y,high,2x daily; crypto underlying
S000092684,OTG Latin America ETF,ETF Opportunities Trust,,OTGL,2026,2026,1,,23090702,,equity_longonly,Y,high,Latin America equity
S000092698,Capital Group High Yield Bond ETF,Capital Group Fixed Income ETF Trust,,CGHY,2025,2025,1,,51597189.66,,fixed_income,Y,high,high yield
S000092941,Global X Treasury Bond Enhanced Income ETF,Global X Funds,,TLTX,2025,2025,1,,2437831.12,,fixed_income,Y,medium,option-enhanced treasury bond income
S000092942,Global X Investment Grade Corporate Bond ETF,Global X Funds,,GXIG,2025,2025,1,,169724892.31999999,,fixed_income,Y,high,Global X IG corporate
S000092962,AB Emerging Markets Opportunities ETF,"AB Active ETFs, Inc.",,EMOP,2025,2025,1,,18330821.87166666,,equity_longonly,Y,high,AB; EM equity
S000093098,VANGUARD MULTI-SECTOR INCOME BOND ETF,VANGUARD MALVERN FUNDS,,VGMS,2025,2025,1,,87396436.96,,fixed_income,Y,high,multi-sector bond
S000093139,Bitwise GME Option Income Strategy ETF,Bitwise Funds Trust,,IGME,2025,2025,1,,2023069,,equity_options,Y,high,single-stock GME option income
S000093157,Nicholas Crypto Income ETF,Tidal Trust II,,BLOX,2025,2025,1,,55622256.272,,crypto_digital,Y,high,crypto income
S000093162,John Hancock Disciplined Value Select ETF,John Hancock Exchange-Traded Fund Trust,,JDVL,2026,2026,1,,122024493,,equity_longonly,Y,high,JH disciplined value equity
S000093180,AllianzIM U.S. Equity Buffer15 ETF,AIM ETF Products Trust,,QBSF,2025,2025,1,,9587448.93,,equity_options,Y,high,AllianzIM buffer
S000093181,AllianzIM U.S. Equity Buffer100 Protection ETF,AIM ETF Products Trust,,AIOO,2025,2025,1,,17124342.91,,equity_options,Y,high,AllianzIM buffer
S000093199,TCW Core Plus Bond ETF,TCW ETF Trust,,FIXT,2025,2025,1,,306974824.72,,fixed_income,Y,high,TCW; core plus bond
S000093212,GQG US Equity ETF,Advisors' Inner Circle Fund III,,GQGU,2026,2026,1,,335374857.43000001,,equity_longonly,Y,high,GQG US equity
S000093217,Crossmark Large Cap Growth ETF,Crossmark ETF Trust,,CLCG,2025,2025,1,,9803165.12,,equity_longonly,Y,high,Crossmark large growth
S000093218,Crossmark Large Cap Value ETF,Crossmark ETF Trust,,CLCV,2025,2025,1,,3881297.16,,equity_longonly,Y,high,Crossmark large value
S000093228,FT Vest Laddered Enhance & Moderate Buffer ETF,First Trust Exchange-Traded Fund VIII,,BUFX,2025,2025,1,Y,2812541.07,,equity_options,Y,medium,laddered buffer ETF-of-ETFs
S000093273,FT Vest Bitcoin Strategy Floor15 ETF - July,First Trust Exchange-Traded Fund,,BFJL,2025,2025,1,,2456282.46,,crypto_digital,Y,high,bitcoin strategy with option floor
S000093283,Horizon Core Bond ETF,Horizon Funds,,BNDY,2025,2025,1,,142876877.49,,fixed_income,Y,high,core bond
S000093284,Horizon Core Equity ETF,Horizon Funds,,STOX,2025,2025,1,,48949437.366,,equity_longonly,Y,high,core equity
S000093285,Horizon Digital Frontier ETF,Horizon Funds,,YNOT,2025,2025,1,,47804395.575,,equity_longonly,Y,high,looked up; digital-innovation equities (NVDA/TSLA) not crypto
S000093286,Horizon Dividend Income ETF,Horizon Funds,,DIVN,2025,2025,1,,92419424.485,,equity_longonly,Y,medium,"dividend income equity, no options language"
S000093287,Horizon Flexible Income ETF,Horizon Funds,,FLXN,2025,2025,1,,26051797.26,,fixed_income,Y,low,Horizon; 'Income' no options language; no lookup available
S000093288,Horizon Managed Risk ETF,Horizon Funds,,SFTY,2025,2025,1,,248039151.191,,equity_longonly,Y,medium,looked up; direct large caps de-risking to short FI plus tactical options
S000093289,Horizon Nasdaq-100 Defined Risk ETF,Horizon Funds,,QGRD,2025,2025,1,,63208409.767,,equity_options,Y,high,defined risk options overlay
S000093291,TrueShares ConVex Protect ETF ,Elevation Series Trust,,PVEX,2025,2025,1,,1647468,,equity_options,Y,medium,TrueShares convexity/protection options overlay
S000093320,VictoryShares Pioneer Asset-Based Income ETF,Victory Portfolios II,,ABI,2025,2025,1,,2500513.06,,fixed_income,Y,medium,asset-based/securitized income
S000093321,Innovator Equity Dual Directional 15 Buffer ETF - July,Innovator ETFs Trust,,DDFL,2025,2025,1,,74295089.161626,,equity_options,Y,high,Innovator dual directional buffer
S000093322,Innovator Equity Dual Directional 10 Buffer ETF - July,Innovator ETFs Trust,,DDTL,2025,2025,1,,92862475.4054472,,equity_options,Y,high,Innovator dual directional buffer
S000093323,Innovator Equity Dual Directional 10 Buffer ETF - September,Innovator ETFs Trust,,DDTS,2025,2025,1,,17590365.5176667,,equity_options,Y,high,Innovator dual directional buffer
S000093324,Innovator Equity Dual Directional 15 Buffer ETF - September,Innovator ETFs Trust,,DDFS,2025,2025,1,,45743167.2375,,equity_options,Y,high,Innovator dual directional buffer
S000093377,Roundhill Humanoid Robotics ETF,Roundhill ETF Trust,,HUMN,2025,2025,1,,21521210.08,,equity_longonly,Y,high,Roundhill thematic equity
S000093386,Tema International Defense ETF,Tema ETF Trust,,ARMY,2026,2026,1,,2448271,,equity_longonly,Y,high,defense thematic equity
S000093387,Tema International Durable Quality ETF,Tema ETF Trust,,ITOL,2026,2026,1,,3868671,,equity_longonly,Y,high,Tema thematic equity
S000093393,Calamos Autocallable Income ETF,Calamos ETF Trust,,CAIE,2025,2025,1,,34693344.56,,equity_options,Y,medium,autocallable structures on equity indices
S000093415,Innovator Index Autocallable Income Strategy ETF,Innovator ETFs Trust,,ACII,2025,2025,1,,2866394.93027027,,equity_options,Y,high,"autocallable income, options"
S000093416,Innovator Equity Autocallable Income Strategy ETF,Innovator ETFs Trust,,ACEI,2025,2025,1,,2525594.6872973,,equity_options,Y,high,"autocallable income, options"
S000093461,SEI DBi Multi-Strategy Alternative ETF,SEI Exchange Traded Funds,,QALT,2025,2026,2,,187012753.24000001,,commodity_futures,Y,medium,DBi hedge-fund replication via futures
S000093502,Northern Trust 2045 Tax-Exempt Distributing Ladder ETF,Northern Funds,,MUNC,2025,2025,1,,10220165.546,,fixed_income,Y,high,Northern Trust tax-exempt bond ladder
S000093503,Northern Trust 2055 Tax-Exempt Distributing Ladder ETF,Northern Funds,,MUND,2025,2025,1,,9426907.522,,fixed_income,Y,high,Northern Trust tax-exempt bond ladder
S000093506,Northern Trust 2030 Inflation-Linked Distributing Ladder ETF,Northern Funds,,TIPA,2025,2025,1,,3813279.736,,fixed_income,Y,high,TIPS ladder
S000093507,Northern Trust 2035 Inflation-Linked Distributing Ladder ETF,Northern Funds,,TIPB,2025,2025,1,,2818350.034,,fixed_income,Y,high,TIPS ladder
S000093508,Northern Trust 2045 Inflation-Linked Distributing Ladder ETF,Northern Funds,,TIPC,2025,2025,1,,2437779.934,,fixed_income,Y,high,TIPS ladder
S000093509,Northern Trust 2055 Inflation-Linked Distributing Ladder ETF,Northern Funds,,TIPD,2025,2025,1,,2447520.268,,fixed_income,Y,high,TIPS ladder
S000093510,Northern Trust 2030 Tax-Exempt Distributing Ladder ETF,Northern Funds,,MUNA,2025,2025,1,,5203249.406,,fixed_income,Y,high,Northern Trust tax-exempt bond ladder
S000093511,Northern Trust 2035 Tax-Exempt Distributing Ladder ETF,Northern Funds,,MUNB,2025,2025,1,,5045397.528,,fixed_income,Y,high,Northern Trust tax-exempt bond ladder
S000093515,Allspring SMID Core ETF,ALLSPRING EXCHANGE-TRADED FUNDS TRUST,,ASCE,2025,2025,1,,16595951.49,,equity_longonly,Y,high,Allspring SMID core
S000093523,VANGUARD GOVERNMENT SECURITIES ACTIVE ETF,VANGUARD MALVERN FUNDS,,VGVT,2025,2025,1,,15689479.06,,fixed_income,Y,high,government securities
S000093529,Neuberger Berman Emerging Markets Debt Hard Currency ETF,Neuberger Berman ETF Trust,,NEMD,2025,2025,1,,104931660.53666666,,fixed_income,Y,high,EM debt hard currency
S000093577,Invesco Global Equity Net Zero ETF,Invesco Actively Managed Exchange-Traded Fund Trust,,IQSZ,2025,2025,1,,140554107.84,,equity_longonly,Y,high,global equity ESG
S000093583,abrdn International Small Cap Active ETF,abrdn Funds,,ASCI,2025,2025,1,,89636913.12,,equity_longonly,Y,high,abrdn intl small cap
S000093585,AAM Todd International Intrinsic Value ETF,ETF Series Solutions,,TIIV,2025,2025,1,,20721569,,equity_longonly,Y,high,international value equity
S000093615,RiverNorth Active Income ETF,Elevation Series Trust,,CEFZ,2025,2025,1,,35823904,,fixed_income,Y,low,"RiverNorth credit/CEF income, type uncertain"
S000093653,Harbor Alpha Layering ETF,Harbor ETF Trust,,HOLD,2025,2025,1,,3956335.79333333,,allocation_fof,Y,low,Harbor alpha layering; beta + alternative overlay
S000093664,JANUS HENDERSON ASSET - BACKED SECURITIES ETF,Janus Detroit Street Trust,,JABS,2025,2025,1,,111045325.858,,fixed_income,Y,high,ABS
S000093681,Invesco Core Fixed Income ETF,Invesco Actively Managed Exchange-Traded Fund Trust,,GTOC,2025,2025,1,,55316890.04,,fixed_income,Y,high,Invesco core fixed income
S000093682,Invesco Intermediate Municipal ETF,Invesco Actively Managed Exchange-Traded Fund Trust,,INTM,2025,2025,1,,27591714.61,,fixed_income,Y,high,municipal
S000093685,Zacks Quality International ETF,Zacks Trust,,QUIZ,2025,2025,1,,21669261.34605768,,equity_longonly,Y,high,Zacks quality international equity
S000093687,Tortoise AI Infrastructure ETF,Tortoise Capital Series Trust,,TCAI,2025,2025,1,,27230297,,equity_longonly,Y,high,Tortoise thematic AI infrastructure equity
S000093731,Tradr 2X Long ASTS Daily ETF,INVESTMENT MANAGERS SERIES TRUST II,,ASTX,2026,2026,1,,150361145,,leveraged_inverse,Y,high,Tradr 2X Long daily
S000093732,Tradr 2X Long SMR Daily ETF,INVESTMENT MANAGERS SERIES TRUST II,,SMU,2026,2026,1,,92046607,,leveraged_inverse,Y,high,2X single-stock daily
S000093733,Tradr 2X Long CEG Daily ETF,INVESTMENT MANAGERS SERIES TRUST II,,CEGX,2026,2026,1,,6164983,,leveraged_inverse,Y,high,Tradr 2X daily
S000093735,Tradr 2X Long CRWV Daily ETF,INVESTMENT MANAGERS SERIES TRUST II,,CWVX,2026,2026,1,,146610659,,leveraged_inverse,Y,high,Tradr 2X daily
S000093736,Tradr 2X Long DDOG Daily ETF,INVESTMENT MANAGERS SERIES TRUST II,,DOGD,2026,2026,1,,2069062,,leveraged_inverse,Y,high,Tradr 2X single stock daily
S000093737,Tradr 2X Long GEV Daily ETF,INVESTMENT MANAGERS SERIES TRUST II,,GEVX,2026,2026,1,,20132870,,leveraged_inverse,Y,high,Tradr 2x single-stock daily
S000093739,Tradr 2X Long LRCX Daily ETF,INVESTMENT MANAGERS SERIES TRUST II,,LRCU,2026,2026,1,,10496385,,leveraged_inverse,Y,high,Tradr 2X long single stock
S000093823,Leverage Shares 2x Long BBAI Daily ETF,Themes ETF Trust,,BAIG,2025,2025,1,,13512711,,leveraged_inverse,Y,high,2x Long daily single stock
S000093824,Leverage Shares 2x Long COST Daily ETF ,Themes ETF Trust,,COTG,2025,2025,1,,5950225,,leveraged_inverse,Y,high,Leverage Shares 2x daily
S000093825,Leverage Shares 2x Long FUTU Daily ETF  ,Themes ETF Trust,,FUTG,2025,2025,1,,896415,,leveraged_inverse,Y,high,2x single-stock daily
S000093831,State Street(R) Communication Services Select Sector SPDR(R) Premium Income ETF,SELECT SECTOR SPDR TRUST,,XLCI,2025,2025,1,,1478359.28666666,,equity_options,Y,high,Select Sector SPDR premium income
S000093832,State Street(R) Technology Select Sector SPDR(R) Premium Income ETF,SELECT SECTOR SPDR TRUST,,XLKI,2025,2025,1,,2282583.95833333,,equity_options,Y,high,Select Sector SPDR premium income
S000093833,State Street(R) Utilities Select Sector SPDR(R) Premium Income ETF,SELECT SECTOR SPDR TRUST,,XLUI,2025,2025,1,,2867550.82666666,,equity_options,Y,high,Select Sector SPDR premium income
S000093834,State Street(R) Consumer Discretionary Select Sector SPDR(R) Premium Income ETF,SELECT SECTOR SPDR TRUST,,XLYI,2025,2025,1,,1217903.50833333,,equity_options,Y,high,Select Sector SPDR premium income
S000093835,State Street(R) Consumer Staples Select Sector SPDR(R) Premium Income ETF,SELECT SECTOR SPDR TRUST,,XLSI,2025,2025,1,,1210151.59333333,,equity_options,Y,high,Select Sector SPDR premium income
S000093836,State Street(R) Energy Select Sector SPDR(R) Premium Income ETF,SELECT SECTOR SPDR TRUST,,XLEI,2025,2025,1,,2381510.58333333,,equity_options,Y,high,Select Sector SPDR premium income
S000093837,State Street(R) Financial Select Sector SPDR(R) Premium Income ETF,SELECT SECTOR SPDR TRUST,,XLFI,2025,2025,1,,1451254.98666666,,equity_options,Y,high,Select Sector SPDR premium income
S000093838,State Street(R) Health Care Select Sector SPDR(R) Premium Income ETF,SELECT SECTOR SPDR TRUST,,XLVI,2025,2025,1,,3675916.55,,equity_options,Y,high,Select Sector SPDR premium income
S000093839,State Street(R) Industrial Select Sector SPDR(R) Premium Income ETF,SELECT SECTOR SPDR TRUST,,XLII,2025,2025,1,,1034790.95333333,,equity_options,Y,high,Select Sector SPDR premium income
S000093840,State Street(R) Materials Select Sector SPDR(R) Premium Income ETF,SELECT SECTOR SPDR TRUST,,XLBI,2025,2025,1,,1859411.96333333,,equity_options,Y,high,Select Sector SPDR premium income
S000093841,State Street(R) Real Estate Select Sector SPDR(R) Premium Income ETF,SELECT SECTOR SPDR TRUST,,XLRI,2025,2025,1,,1392343.37166666,,equity_options,Y,high,Select Sector SPDR premium income
S000093876,T-REX 2X Long GLXY Daily Target ETF,ETF Opportunities Trust,,GLXU,2025,2025,1,,17502328,,leveraged_inverse,Y,high,T-REX 2x single-stock daily
S000093878,T-REX 2X Long KTOS Daily Target ETF,ETF Opportunities Trust,,KTUP,2025,2025,1,,3877956,,leveraged_inverse,Y,high,2x single stock daily
S000093883,T-REX 2X LONG AFRM DAILY TARGET ETF,ETF Opportunities Trust,,AFRU,2025,2025,1,,1983568,,leveraged_inverse,Y,high,T-REX 2X daily
S000093886,T-REX 2X Long TTD Daily Target ETF,ETF Opportunities Trust,,TTDU,2025,2025,1,,5954345,,leveraged_inverse,Y,high,2x long daily single stock
S000093888,T-REX 2X Long UPXI Daily Target ETF,ETF Opportunities Trust,,PXIU,2025,2025,1,,2492389,,leveraged_inverse,Y,high,T-Rex daily 2X long single-stock
S000093892,T-REX 2X LONG AXON DAILY TARGET ETF,ETF Opportunities Trust,,AXUP,2025,2025,1,,1615760,,leveraged_inverse,Y,high,T-REX 2X daily
S000093894,T-REX 2X LONG BKNG DAILY TARGET ETF,ETF Opportunities Trust,,BKNU,2025,2025,1,,1045054,,leveraged_inverse,Y,high,T-REX 2X daily
S000093924,PGIM Corporate Bond 0-5 Year ETF,PGIM ETF Trust,,PCS,2025,2025,1,,2273275,,fixed_income,Y,high,corporate bonds
S000093925,PGIM Corporate Bond 5-10 Year ETF,PGIM ETF Trust,,PCI,2025,2025,1,,83774979,,fixed_income,Y,high,corporate bonds
S000093926,PGIM Corporate Bond 10+ Year ETF,PGIM ETF Trust,,PCL,2025,2025,1,,85919401,,fixed_income,Y,high,corporate bonds
S000093934,AB International Growth ETF,"AB Active ETFs, Inc.",,IGGY,2025,2025,1,,4442106.11333333,,equity_longonly,Y,medium,AB active intl growth equity
S000093944,AB California Intermediate Municipal ETF,"AB Active ETFs, Inc.",,CAM,2025,2025,1,,1099771191.55,,fixed_income,Y,high,muni
S000093945,AB Core Bond ETF,"AB Active ETFs, Inc.",,CORB,2025,2025,1,,876573830.9,,fixed_income,Y,high,core bond
S000093946,AB New York Intermediate Municipal ETF,"AB Active ETFs, Inc.",,NYM,2025,2025,1,,1292939551.82,,fixed_income,Y,high,municipal bonds
S000094298,Bitwise Ethereum Option Income Strategy ETF,Bitwise Funds Trust,,IETH,2025,2025,1,,559413,,crypto_digital,Y,high,ETH option income; crypto underlying
S000094312,Lazard Listed Infrastructure ETF,Lazard Active ETF Trust,,GLIF,2025,2025,1,,17198293.09666666,,equity_longonly,Y,high,Lazard; infrastructure equities
S000094313,Lazard US Systematic Small Cap Equity ETF,Lazard Active ETF Trust,,SYZ,2025,2025,1,,54184426.63,,equity_longonly,Y,high,systematic small cap equity
S000094320,John Hancock Global Senior Loan ETF,John Hancock Exchange-Traded Fund Trust,,JHLN,2026,2026,1,,199333089,,fixed_income,Y,high,senior loans
S000094325,abrdn Ultra Short Municipal Income Active ETF,abrdn Funds,,AMUN,2025,2025,1,,29754975.8,,fixed_income,Y,high,ultra short muni
S000094326,Diamond Hill Large Cap Concentrated ETF,Diamond Hill Funds,,DHLX,2025,2025,1,,38979616.91,,equity_longonly,Y,high,Diamond Hill; concentrated large cap
S000094328,Franklin Multisector Income ETF,Franklin Templeton ETF Trust,,MULT,2026,2026,1,,15171682.17,,fixed_income,Y,high,multisector income
S000094390,State Street Short Duration IG Public & Private Credit ETF,SSGA Active Trust,,PRSD,2025,2025,1,,25074641.7,,fixed_income,Y,high,short duration IG public/private credit
S000094502,Golden Eagle Dynamic Hypergrowth ETF,ETF Opportunities Trust,,HYP,2025,2025,1,,6909969.633,,equity_longonly,Y,high,hypergrowth equities
S000094553,Franklin New York Municipal Income ETF,Putnam ETF Trust,,FTNY,2025,2025,1,,708798244.44,,fixed_income,Y,high,NY muni
S000094554,Franklin Short-Term Municipal Income ETF,Putnam ETF Trust,,FTMS,2025,2025,1,,166875132.58,,fixed_income,Y,high,muni
S000094567,JANUS HENDERSON GLOBAL ARTIFICIAL INTELLIGENCE ETF,Janus Detroit Street Trust,,JHAI,2025,2025,1,,9609058.40249999,,equity_longonly,Y,high,AI thematic equity
S000094624,Federated Hermes Enhanced Income ETF,Federated Hermes ETF Trust,,PAYR,2025,2025,1,,3933945.0825,,equity_options,Y,medium,looked up; dividend stocks + covered calls
S000094625,Federated Hermes MDT Market Neutral ETF,Federated Hermes ETF Trust,,MKTN,2025,2025,1,,11050122.425,,equity_longshort,Y,high,market neutral
S000094633,Equable Shares Hedged Equity ETF,Series Portfolios Trust,,HEDG,2025,2025,1,,250209335,,equity_longshort,Y,low,cue: 'Hedged Equity'; may instead be options-hedged
S000094663,Prospera Income ETF,Thrive Series Trust,,THRV,2025,2025,1,Y,1808607,,allocation_fof,Y,low,N-CEN fund_of_funds=Y; income allocation
S000094702,SMART Earnings Growth 30 ETF,Tidal Trust I,,SGRT,2025,2025,1,,14849925.88,,equity_longonly,Y,medium,earnings-growth stock selection
S000094703,SMART Trend 25 ETF,Tidal Trust I,,STRN,2025,2025,1,,8887264.14,,equity_longonly,Y,medium,SMART stock selection sibling of SGRT
S000094754,iShares Emerging Markets Bond Active ETF,BlackRock ETF Trust II,,BREM,2025,2025,1,,35545009.79,,fixed_income,Y,high,iShares EM bond
S000094755,VanEck Emerging Markets Bond ETF,VanEck Funds,,EMBX,2025,2025,1,,70626181.31,,fixed_income,Y,high,VanEck; EM bond
S000094780,GMO Domestic Resilience ETF,GMO ETF Trust,,DRES,2026,2026,1,,30993273.35,,equity_longonly,Y,high,GMO; thematic equity
S000094781,GMO Dynamic Allocation ETF,GMO ETF Trust,,GMOD,2026,2026,1,,19928325.292,,allocation_fof,Y,high,GMO dynamic allocation
S000094783,GMO Ultra-Short Income ETF,GMO ETF Trust,,GMOC,2026,2026,1,,7762229.04,,fixed_income,Y,high,GMO ultra-short
S000094786,Bitwise CRCL Option Income Strategy ETF,Bitwise Funds Trust,,ICRC,2025,2025,1,,399763,,equity_options,Y,medium,option income on CRCL stock (equity underlier)
S000094807,Angel Oak Total Return ETF,Angel Oak Funds Trust,,TRBF,2026,2026,1,,17814802,,fixed_income,Y,high,Angel Oak total return bond
S000094824,MFS Active Mid Cap ETF,MFS Active Exchange Traded Funds Trust,,MMID,2026,2026,1,,29831817.94666666,,equity_longonly,Y,high,MFS active mid cap
S000094832,Franklin Dividend Growth ETF,Franklin Templeton ETF Trust,,FRIZ,2026,2026,1,,5089416.33,,equity_longonly,Y,high,Franklin; dividend growth
S000094887,NEOS MSCI EAFE High Income ETF,NEOS ETF Trust,,NIHI,2025,2025,1,Y,18807202,,equity_options,Y,high,NEOS high income = call overlay on EAFE equity; fof flag noted
S000094971,Roundhill WeeklyPay Universe ETF,Roundhill ETF Trust,,WPAY,2025,2025,1,,335224586.347,,equity_options,Y,medium,Roundhill WeeklyPay universe; synthetic + weekly calls
S000095051,Tradr 2X Long APLD Daily ETF,INVESTMENT MANAGERS SERIES TRUST II,,APLZ,2026,2026,1,,42901425,,leveraged_inverse,Y,high,Tradr 2X Long daily
S000095053,Tradr 2X Long IBM Daily ETF,INVESTMENT MANAGERS SERIES TRUST II,,IBX,2026,2026,1,,355697,,leveraged_inverse,Y,high,Tradr 2x single-stock daily
S000095054,Tradr 2X Long JOBY Daily ETF,INVESTMENT MANAGERS SERIES TRUST II,,JOBX,2026,2026,1,,27111509,,leveraged_inverse,Y,high,2x single stock daily
S000095056,Tradr 2X Long NBIS Daily ETF,INVESTMENT MANAGERS SERIES TRUST II,,NEBX,2026,2026,1,,137355007,,leveraged_inverse,Y,high,Tradr 2X long single stock
S000095057,Tradr 2X Long NVTS Daily ETF,INVESTMENT MANAGERS SERIES TRUST II,,NVTX,2026,2026,1,,14776877,,leveraged_inverse,Y,high,Tradr daily 2X long single-stock
S000095059,Tradr 2X Long PONY Daily ETF,INVESTMENT MANAGERS SERIES TRUST II,,PONX,2026,2026,1,,5132873,,leveraged_inverse,Y,high,Tradr daily 2X long single-stock
S000095061,Tradr 2X Long U Daily ETF,INVESTMENT MANAGERS SERIES TRUST II,,UNX,2026,2026,1,,2254775,,leveraged_inverse,Y,high,2x long daily single stock
S000095063,Tradr 2X Long VOYG Daily ETF,INVESTMENT MANAGERS SERIES TRUST II,,VOYX,2026,2026,1,,1120412,,leveraged_inverse,Y,high,2x long daily single stock
S000095066,Tradr 2X Long CLSK Daily ETF,INVESTMENT MANAGERS SERIES TRUST II,,CLSX,2026,2026,1,,28441375,,leveraged_inverse,Y,high,Tradr 2X daily
S000095067,Tradr 2X Long CORZ Daily ETF,INVESTMENT MANAGERS SERIES TRUST II,,COZX,2026,2026,1,,5246641,,leveraged_inverse,Y,high,Tradr 2X daily
S000095068,Tradr 2X Long CRDO Daily ETF,INVESTMENT MANAGERS SERIES TRUST II,,CRDU,2026,2026,1,,24142682,,leveraged_inverse,Y,high,Tradr 2X daily
S000095070,Tradr 2X Long ENPH Daily ETF,INVESTMENT MANAGERS SERIES TRUST II,,ENPX,2026,2026,1,,3333832,,leveraged_inverse,Y,high,Tradr 2X single stock daily
S000095116,AMG GW&K Muni Income ETF,AMG ETF Trust,,MUNX,2025,2025,1,,6420591.96,,fixed_income,Y,high,GW&K muni income
S000095158,IDX Alternative FIAT ETF,ETF Opportunities Trust,,GLDB,2025,2025,1,Y,6623371,,allocation_fof,Y,medium,"IDX; gold + bitcoin exposure, FoF flag"
S000095284,VANGUARD HIGH-YIELD ACTIVE ETF,VANGUARD FIXED INCOME SECURITIES FUNDS,,VGHY,2026,2026,1,,114996568.606,,fixed_income,Y,high,high yield bond
S000095309,Columbia Core Bond ETF,Columbia ETF Trust I,,CRUX,2026,2026,1,,1293970531.12,,fixed_income,Y,high,core bond
S000095310,Columbia Large Cap Growth ETF,Columbia ETF Trust I,,REGS,2026,2026,1,,193523403.01,,equity_longonly,Y,high,Columbia active equity
S000095312,Columbia Research Enhanced Mid Cap ETF,Columbia ETF Trust I,,REMC,2026,2026,1,,4591543.37,,equity_longonly,Y,high,Columbia research enhanced
S000095313,Columbia Research Enhanced Small Cap ETF,Columbia ETF Trust I,,RESM,2026,2026,1,,4645249.85,,equity_longonly,Y,high,Columbia research enhanced
S000095320,LifeX 2028 Income Bucket ETF,Stone Ridge Trust,,LIFT,2025,2025,1,,1474012,,fixed_income,Y,high,Stone Ridge LifeX; TIPS/treasury income ladder
S000095321,LifeX 2030 Income Bucket ETF,Stone Ridge Trust,,BCKT,2025,2025,1,,1382921,,fixed_income,Y,medium,LifeX treasury income ladder
S000095379,Gabelli High Income ETF,Gabelli ETFs Trust,,GBHI,2025,2025,1,,6037397,,fixed_income,Y,low,Gabelli 'High Income'; no options language; no lookup available
S000095464,T-REX 2X INVERSE CRCL DAILY TARGET ETF,ETF Opportunities Trust,,CRCD,2025,2025,1,,3616625,,leveraged_inverse,Y,high,T-REX 2X inverse daily
S000095471,T-REX 2X INVERSE CRWV DAILY TARGET ETF,ETF Opportunities Trust,,CORD,2025,2025,1,,4205185,,leveraged_inverse,Y,high,T-REX 2X inverse daily
S000095473,T-REX 2X LONG BMNR DAILY TARGET ETF,ETF Opportunities Trust,,BMNU,2025,2025,1,,395978802,,leveraged_inverse,Y,high,T-REX 2X daily
S000095580,Templeton International Insights ETF,Franklin Templeton ETF Trust,,TINS,2026,2026,1,,5285087.87,,equity_longonly,Y,high,Templeton international equity
S000095581,Putnam International Stock ETF,Franklin Templeton ETF Trust,,PGRI,2026,2026,1,,5037449.38,,equity_longonly,Y,high,international stock
S000095582,Innovator Equity Dual Directional 10 Buffer ETF - October,Innovator ETFs Trust,,DDTO,2025,2025,1,,29746302.3396774,,equity_options,Y,high,Innovator dual directional buffer
S000095583,Innovator Equity Dual Directional 10 Buffer ETF - November,Innovator ETFs Trust,,DDTN,2025,2025,1,,0,,equity_options,Y,high,Innovator dual directional buffer
S000095591,Innovator Equity Dual Directional 15 Buffer ETF - October,Innovator ETFs Trust,,DDFO,2025,2025,1,,82289525.8425807,,equity_options,Y,high,Innovator dual directional buffer
S000095592,Innovator Equity Dual Directional 15 Buffer ETF - November,Innovator ETFs Trust,,DDFN,2025,2025,1,,0,,equity_options,Y,high,Innovator dual directional buffer
S000095614,FT Vest Bitcoin Strategy Floor15 ETF - October,First Trust Exchange-Traded Fund,,BFOC,2025,2025,1,,4665216.32,,crypto_digital,Y,high,bitcoin strategy with option floor
S000095645,MFS Blended Research Core Equity ETF,MFS Active Exchange Traded Funds Trust,,BRCE,2026,2026,1,,27850237.128,,equity_longonly,Y,high,MFS blended research equity
S000095646,MFS Blended Research International Equity ETF,MFS Active Exchange Traded Funds Trust,,BRIE,2026,2026,1,,68898827.996,,equity_longonly,Y,high,MFS blended research equity
S000095649,State Street(R) SPDR(R) S&P(R) Leveraged Loan ETF,SPDR SERIES TRUST,,LVLN,2025,2025,1,,50103362.03,,fixed_income,Y,high,"leveraged LOANS, not a leveraged fund"
S000095754,REX CRWV Growth & Income ETF,REX ETF Trust,,CWII,2025,2025,1,,635099.96,,equity_options,Y,medium,REX single-stock growth & income overlay
S000095758,REX HOOD Growth & Income ETF,REX ETF Trust,,HOII,2025,2025,1,,966600.95,,equity_options,Y,medium,REX growth & income; call writing on single stock
S000095763,REX LLY Growth & Income ETF,REX ETF Trust,,LLII,2025,2025,1,,1633543.55,,equity_options,Y,high,REX single-stock growth & income (calls)
S000095770,REX PLTR Growth & Income ETF,REX ETF Trust,,PLTI,2025,2025,1,,1305251.36,,equity_options,Y,medium,REX Growth & Income covered-call overlay
S000095780,REX WMT Growth & Income ETF,REX ETF Trust,,WMTI,2025,2025,1,,1156139.85,,equity_options,Y,high,REX covered-call single stock income
S000095795,Founders 100 ETF,Founder Funds Trust,,FFF,2025,2025,1,Y,857176.2,,allocation_fof,Y,low,FoF flag Y; 'Founders 100' name suggests equity
S000095835,AAM Crescent CLO ETF,ETF Series Solutions,,CLOC,2025,2025,1,,45147648,,fixed_income,Y,high,CLO
S000095884,T. Rowe Price Active Core U.S. Equity ETF,"T. Rowe Price Exchange-Traded Funds, Inc.",,TACU,2025,2025,1,,10292575,,equity_longonly,Y,medium,T. Rowe active equity; TRP converted to fully transparent in 2023
S000095886,T. Rowe Price High Income Municipal ETF,"T. Rowe Price Exchange-Traded Funds, Inc.",,THYM,2026,2026,1,,22629616,,fixed_income,Y,high,municipal
S000095888,T. Rowe Price Long Municipal Income ETF,"T. Rowe Price Exchange-Traded Funds, Inc.",,TMNL,2026,2026,1,,21588051,,fixed_income,Y,high,municipal
S000095890,T. Rowe Price Short Municipal Income ETF,"T. Rowe Price Exchange-Traded Funds, Inc.",,TMNS,2026,2026,1,,21349650,,fixed_income,Y,high,municipal
S000096083,Voya Core Bond ETF,Tidal Trust IV,,VCOB,2026,2026,1,,107858807.04,,fixed_income,Y,high,core bond
S000096084,Voya Multi-Sector Income ETF,Tidal Trust IV,,VMSB,2026,2026,1,,109618925.76,,fixed_income,Y,high,multi-sector income
S000096085,Voya Ultra Short Income ETF,Tidal Trust IV,,VUSI,2026,2026,1,,111396548.7,,fixed_income,Y,high,ultra short income
S000096102,REX IncomeMax Option Strategy ETF ,REX ETF Trust,,ULTI,2025,2025,1,,7367981.89,,equity_options,Y,high,US equities + option income + T-bills; looked up
S000096159,Roundhill Treasury Bond WeeklyPay ETF,Roundhill ETF Trust,,TSYW,2025,2025,1,,3518169.847,,fixed_income,Y,medium,WeeklyPay on treasury bonds (bond underlying)
S000096164,Roundhill Gold Miners WeeklyPay ETF,Roundhill ETF Trust,,GDXW,2025,2025,1,,11094288.762,,equity_options,Y,low,Roundhill WeeklyPay; ~1.2x synthetic + weekly calls
S000096165,Roundhill Gold WeeklyPay ETF,Roundhill ETF Trust,,GLDW,2025,2025,1,,7295672.82,,commodity_futures,Y,low,"Roundhill WeeklyPay on gold, not an equity book"
S000096184,NEOS Ethereum High Income ETF,NEOS ETF Trust,,NEHI,2025,2025,1,,5804005,,crypto_digital,Y,high,ether income strategy
S000096186,Leverage Shares 2X Long BMNR Daily ETF ,Themes ETF Trust,,BMNG,2025,2025,1,,369493,,leveraged_inverse,Y,high,2X Long daily single stock
S000096190,Leverage Shares 2X Long MP Daily ETF  ,Themes ETF Trust,,MPG,2025,2025,1,,328362,,leveraged_inverse,Y,high,Leverage Shares 2X long single stock
S000096191,Leverage Shares 2X Long NBIS Daily ETF ,Themes ETF Trust,,NBIG,2025,2025,1,,500887,,leveraged_inverse,Y,high,Leverage Shares 2X long single stock
S000096298,Leverage Shares 2X Long BLSH Daily ETF ,Themes ETF Trust,,BLSG,2025,2025,1,,360037,,leveraged_inverse,Y,high,2X Long daily single stock
S000096300,Keeley Dividend ETF,Gabelli ETFs Trust,,KDVD,2025,2025,1,,6222884,,equity_longonly,Y,high,dividend equity
S000096309,AQE Core ETF,ETF Opportunities Trust,,AQEC,2025,2025,1,,603165462,,equity_longonly,Y,high,looked up: active global large-cap stock portfolio
S000096481,Baron First Principles ETF,Baron ETF Trust,,RONB,2025,2025,1,,67119395.02,,equity_longonly,Y,high,Baron active equity
S000096482,Baron Global Durable Advantage ETF,Baron ETF Trust,,BCGD,2025,2025,1,,3288280.39,,equity_longonly,Y,high,Baron global equity
S000096483,Baron SMID Cap ETF,Baron ETF Trust,,BCSM,2025,2025,1,,15904805.64,,equity_longonly,Y,high,Baron SMID equity
S000096484,Baron Financials ETF,Baron ETF Trust,,BCFN,2025,2025,1,,56613314.85,,equity_longonly,Y,high,Baron sector equity
S000096485,Baron Technology ETF,Baron ETF Trust,,BCTK,2025,2025,1,,148643347.06,,equity_longonly,Y,high,Baron technology equity
S000096555,21Shares 2x Long Dogecoin ETF,Listed Funds Trust,,TXXD,2025,2025,1,,1019054,,crypto_digital,Y,high,2x leveraged crypto (Dogecoin)
S000096556,21Shares 2x Long Sui ETF,Listed Funds Trust,,TXXS,2025,2025,1,,832257,,crypto_digital,Y,high,2x leveraged crypto (Sui)
S000096907,iShares Nasdaq Premium Income Active ETF,BlackRock ETF Trust,,BALQ,2025,2025,1,,10938243.13,,equity_options,Y,high,"premium income, covered calls"
S000096946,DoubleLine Securitized Credit ETF,DoubleLine ETF Trust,,DSCO,2026,2026,1,,168468531.76,,fixed_income,Y,high,DoubleLine; securitized credit
S000097065,PeakShares RMR Prime Equity ETF,Northern Lights Fund Trust II,,PRMR,2026,2026,1,,48941363.43768294,,equity_longonly,Y,medium,prime equity strategy
S000097228,Applied Finance IVS International Large ETF ,ETF Opportunities Trust,,IVSI,2025,2025,1,,4469990,,equity_longonly,Y,high,Applied Finance intl equity
S000097230,Applied Finance IVS US SMID ETF,ETF Opportunities Trust,,IVSS,2025,2025,1,,5668554.81,,equity_longonly,Y,high,Applied Finance SMID equity
S000097279,Franklin Small Cap Enhanced ETF,Franklin Templeton ETF Trust,,FSML,2026,2026,1,,78153435.05,,equity_longonly,Y,medium,Franklin quant small cap
S000097287,NEOS MLP & Energy Infrastructure High Income ETF,NEOS ETF Trust,,MLPI,2025,2025,1,,5354460,,equity_options,Y,medium,NEOS high income = call overlay on MLP/energy equities
S000097366,Cohen & Steers Short Duration Preferred and Income Active ETF,Cohen & Steers ETF Trust,,CSSD,2026,2026,1,,24509771.2225,,fixed_income,Y,high,short duration preferreds
S000097367,Cohen & Steers Infrastructure Opportunities Active ETF,Cohen & Steers ETF Trust,,CSIO,2026,2026,1,,22092627.015,,equity_longonly,Y,medium,infrastructure equities
S000097582,Columbia Corporate Bond ETF,Columbia ETF Trust I,,CCRP,2026,2026,1,,9973570.78,,fixed_income,Y,high,corporate bond
S000097583,Columbia Core Plus Bond ETF,Columbia ETF Trust I,,CRXP,2026,2026,1,,10045711.86,,fixed_income,Y,high,core plus bond
S000097584,Columbia AAA CLO ETF,Columbia ETF Trust I,,AAAC,2026,2026,1,,10041084.81,,fixed_income,Y,high,AAA CLO
S000097595,NEOS Long/Short Equity Income ETF,NEOS ETF Trust,,NLSI,2025,2025,1,,3029205,,equity_longshort,Y,medium,NEOS long/short equity with income overlay
S000097905,Kensington Credit Opportunities ETF,Managed Portfolio Series,,KAMO,2025,2025,1,,52147093,,fixed_income,Y,high,credit
S000097909,Guinness Atkinson International Dividend Builder ETF,GUINNESS ATKINSON FUNDS,,GAID,2025,2025,1,,377947,,equity_longonly,Y,high,dividend equities
S000097910,Guinness Atkinson US Dividend Builder ETF,GUINNESS ATKINSON FUNDS,,GAUD,2025,2025,1,,250181,,equity_longonly,Y,high,dividend equities
S000097935,Guinness Atkinson Real Assets Income ETF,GUINNESS ATKINSON FUNDS,,GARA,2025,2025,1,,378186,,other,Y,low,real assets income; asset mix unclear
S000098522,Templeton Emerging Markets Debt ETF,Franklin Templeton ETF Trust,,TEMD,2026,2026,1,,50152846.84,,fixed_income,Y,high,EM debt
S000098706,Nomura Transformational Technologies ETF,Nomura ETF Trust,,FRWD,2026,2026,1,,42288398.105,,equity_longonly,Y,high,Nomura; tech equities
S000099690,Gabelli Opportunities in Live and Sports ETF,Gabelli ETFs Trust,,GOLS,2025,2025,1,,10673273,,equity_longonly,Y,high,Gabelli thematic equities
